대지위치,시군구코드,법정동코드,대지구분코드,번,지,관리건축물대장PK,대장구분코드,대장구분코드명,대장종류코드,대장종류코드명,신구대장구분코드,신구대장구분코드명,도로명대지위치,건물명,특수지명,블록,로트,외필지수,새주소도로코드,새주소법정동코드,새주소지상지하코드,새주소본번,새주소부번,대지면적(㎡),건축면적(㎡),건폐율(%),연면적(㎡),용적률산정연면적(㎡),용적률(%),주용도코드,주용도코드명,기타용도,세대수(세대),가구수(가구),주건축물수,부속건축물수,부속건축물면적(㎡),총주차수,옥내기계식대수(대),옥내기계식면적(㎡),옥외기계식대수(대),옥외기계식면적(㎡),옥내자주식대수(대),옥내자주식면적(㎡),옥외자주식대수(대),옥외자주식면적(㎡),허가일,착공일,사용승인일,허가번호년,허가번호기관코드,허가번호기관코드명,허가번호구분코드,허가번호구분코드명,호수(호),에너지효율등급,에너지절감률,EPI점수,친환경건축물등급,친환경건축물인증점수,지능형건축물등급,지능형건축물인증점수,생성일자
경기도 수원시 장안구 파장동 16번지,41111,12900,0,0016,0000,1000000000000005500521,1,일반,1,총괄표제부,1,신대장,경기도 수원시 장안구 경수대로1220번길 30-97 (파장동),파장정수장,,,,0,411114322017,12901,,30,97,0,0,0,0,0,0,03000,제1종근린생활시설,정수장,0,0,6,0,0,0,0,0,0,0,0,0,0,0,,,,,,,,,0,,0,0,,0,,0,20250410
경기도 수원시 장안구 파장동 23-5번지,41111,12900,0,0023,0005,1000000000000000739369,1,일반,1,총괄표제부,1,신대장,경기도 수원시 장안구 경수대로1220번길 46 (파장동),북부버스차고지,,,,1,411114322017,12901,0,46,,10178,549.45,5.4,2034.5,725.75,7.13,20000,자동차관련시설,자동차관련시설,0,0,2,2,147.65,148,0,0,0,0,49,1123.56,99,2323.2,,,,,,,,,0,,0,0,,0,,0,20221207
경기도 수원시 장안구 파장동 43-1번지,41111,12900,0,0043,0001,10841100477071,1,일반,1,총괄표제부,1,신대장,경기도 수원시 장안구 경수대로 1246 (파장동),수안 주유소,,,,0,411112012008,12901,0,1246,,3516,686.74,19.53,880.98,880.98,25.06,19000,위험물저장및처리시설,주유소,0,0,3,0,0,3,0,0,0,0,0,0,3,37.5,20210512,20210817,20211203,2021,3750028,건축과,1101,1101,0,,0,0,,0,,0,20220909
경기도 수원시 장안구 파장동 43-13번지,41111,12900,0,0043,0013,1084154,1,일반,1,총괄표제부,0,구대장,경기도 수원시 장안구 경수대로 1238 (파장동),수안LPG충전소,,,,0,411112012008,12901,0,1238,,1008,189.05,18.75,247.67,247.67,24.57,04000,제2종근린생활시설,"위험물저장 및 처리시설(액화석유가스충전소), 근린생활시설",0,0,3,0,0,1,0,0,0,0,0,0,1,11.5,,,,,,,,,0,,0,0,,0,,0,20220909
경기도 수원시 장안구 파장동 85번지,41111,12900,0,0085,0000,10841381,1,일반,1,총괄표제부,1,신대장,경기도 수원시 장안구 경수대로1220번길 23 (파장동),(주)크라운제과,,,,1,411114322017,12901,0,23,,5839,2252.43,38.58,3939.53,3939.53,67.46,03000,제1종근린생활시설,"제1종근린생활시설,2종근린생활시설/창고시설",0,0,4,0,0,23,0,0,0,0,0,0,23,264.5,19990710,,20000125,,,,,,0,,0,0,,0,,0,20220909
경기도 수원시 장안구 파장동 90-1번지,41111,12900,0,0090,0001,10841100219039,1,일반,1,총괄표제부,1,신대장,경기도 수원시 장안구 경수대로1220번길 24 (파장동),,,,,0,411114322017,12901,0,24,,350,120.94,34.55,193.13,193.13,55.18,04000,제2종근린생활시설,제조업소,0,0,2,0,0,0,0,0,0,0,0,0,0,0,,,,,,,,,0,,0,0,,0,,0,20250416
경기도 수원시 장안구 파장동 102-3번지,41111,12900,0,0102,0003,10841100173945,1,일반,1,총괄표제부,1,신대장,경기도 수원시 장안구 경수대로1220번길 30-26 (파장동),,,,,0,411114322017,12901,0,30,26,1444,282.87,19.59,359.97,359.97,24.93,19000,위험물저장및처리시설,위험물저장및처리시설,0,0,2,0,0,4,0,0,0,0,0,0,4,46,19990814,20000526,20000824,,3750028,건축과,1102,1102,0,,0,0,,0,,0,20220909
경기도 수원시 장안구 파장동 126번지,41111,12900,0,0126,0000,10841387,1,일반,1,총괄표제부,1,신대장,경기도 수원시 장안구 경수대로 1196-12 (파장동),,,,,2,411112012008,12901,0,1196,12,2316,334.22,14.43,526.67,526.67,22.74,20000,자동차관련시설,자동차관련시설,0,0,2,0,0,5,0,0,0,0,0,0,5,57.5,,,,,,,,,0,,0,0,,0,,0,20220909
경기도 수원시 장안구 파장동 127-1번지,41111,12900,0,0127,0001,10841413,1,일반,1,총괄표제부,1,신대장,경기도 수원시 장안구 경수대로 1184 (파장동),,,,,0,411112012008,12901,0,1184,,3160,292.15,9.25,292.15,292.15,9.25,19000,위험물저장및처리시설,위험물저장및처리시설,0,0,2,0,0,5,0,0,0,0,0,0,5,62.5,20031024,20040212,20050408,2003,3750028,건축과,1101,1101,0,,0,0,,0,,0,20220909
경기도 수원시 장안구 파장동 130번지,41111,12900,0,0130,0000,1084156,1,일반,1,총괄표제부,0,구대장,경기도 수원시 장안구 경수대로 1196 (파장동),,,,,0,411112012008,12901,0,1196,,415,70.52,16.99,101.68,101.68,24.5,19000,위험물저장및처리시설,위험물저장및 처리시설,0,0,3,2,31.16,0,0,0,0,0,0,0,0,0,,,,,,,,,0,,0,0,,0,,0,20220909
경기도 수원시 장안구 파장동 181번지,41111,12900,0,0181,0000,10841407,1,일반,1,총괄표제부,1,신대장,경기도 수원시 장안구 경수대로 1150 (파장동),,,,,0,411112012008,12901,0,1150,,68972,2336.45,3.39,5211.53,3306.12,4.79,10000,교육연구시설,교육연구및복지시설,0,0,5,0,0,272,0,0,0,0,0,0,272,0,19820331,,19831110,1982,3750028,건축과,5100,5100,0,,0,0,,0,,0,20220909
경기도 수원시 장안구 파장동 184번지,41111,12900,0,0184,0000,10841100217900,1,일반,1,총괄표제부,1,신대장,경기도 수원시 장안구 경수대로 1150 (파장동),경기도인재개발원,,,,6,411112012008,12901,0,1150,,40836,7030.99,17.2,23124.1,21552.36,52.77,10000,교육연구시설,교육연구 및 복지시설,0,0,8,0,0,0,0,0,0,0,0,0,0,0,19760817,,19800723,,,,,,0,,0,0,,0,,0,20240903
경기도 수원시 장안구 파장동 190번지,41111,12900,0,0190,0000,10841100353780,1,일반,1,총괄표제부,1,신대장,,국세공무원교육원,,,,9,,,0,,,0,2131.13,0,6399.52,6091.05,0,10000,교육연구시설,교육연구및복지시설,0,0,2,0,0,0,0,0,0,0,0,0,0,0,19820616,,19830808,,,,,,0,,0,0,,0,,0,20220909
경기도 수원시 장안구 파장동 199번지,41111,12900,0,0199,0000,1084166,2,집합,1,총괄표제부,1,신대장,경기도 수원시 장안구 수일로 26 (파장동),궁전아파트,,,,2,411113174007,12901,0,26,,0,1378.14,0,7941.84,6629.1,0,02000,공동주택,공동주택(아파트),130,0,3,1,14,0,0,0,0,0,0,0,0,0,,,,,,,,,0,,0,0,,0,,0,20220909
경기도 수원시 장안구 파장동 207번지,41111,12900,0,0207,0000,1084167,2,집합,1,총괄표제부,1,신대장,,이화빌라,,,,0,,,0,,,465,276.54,59.47,1130.51,998.18,214.66,02000,공동주택,다세대주택,16,0,2,0,0,7,0,0,0,0,4,116.88,3,34.5,,,,,,,,,0,,0,0,,0,,0,20220909
경기도 수원시 장안구 파장동 208-4번지,41111,12900,0,0208,0004,1084168,2,집합,1,총괄표제부,1,신대장,경기도 수원시 장안구 수일로16번길 1 (파장동),한성빌라,,,,0,411114322184,12901,0,1,,381,198.94,52.22,795.76,596.82,156.65,02000,공동주택,공동주택(다세대주택),16,16,2,0,0,4,0,0,0,0,0,0,4,46,,,,,,,,,0,,0,0,,0,,0,20220909
경기도 수원시 장안구 파장동 211-1번지,41111,12900,0,0211,0001,1084169,2,집합,1,총괄표제부,1,신대장,경기도 수원시 장안구 경수대로1090번길 26 (파장동),동산빌라,,,,0,411114322014,12901,0,26,,467.24,207.49,44.41,780.34,632.35,135.34,02000,공동주택,공동주택,15,0,2,0,0,1,0,0,0,0,0,0,1,11.5,,,,,,,,,0,,0,0,,0,,0,20220909
경기도 수원시 장안구 파장동 212-5번지,41111,12900,0,0212,0005,1084170,2,집합,1,총괄표제부,1,신대장,경기도 수원시 장안구 경수대로 1102 (파장동),,,,,0,411112012008,12901,0,1102,,0,1704.66,0,19395.35,18223.68,0,02000,공동주택,공동주택(아파트),220,0,2,0,0,0,0,0,0,0,0,0,0,0,,,,,,,,,0,,0,0,,0,,0,20220909
경기도 수원시 장안구 파장동 212-6번지,41111,12900,0,0212,0006,10841100452051,2,집합,1,총괄표제부,1,신대장,,대명파크빌,,,,0,,,0,,,722,416.41,57.67,1318.7,1318.7,182.65,02000,공동주택,단지형다세대주택,23,0,2,0,0,24,0,0,0,0,0,0,24,290.18,20200109,20200210,20200821,2020,3750028,건축과,1101,1101,0,,0,0,,0,,0,20220909
경기도 수원시 장안구 파장동 212-17번지,41111,12900,0,0212,0017,1084171,2,집합,1,총괄표제부,1,신대장,,동방빌라,,,,0,,,0,,,0,263.52,0,1263.69,1003.77,0,02000,공동주택,공동주택(다세대주택),19,0,2,0,0,0,0,0,0,0,0,0,0,0,,,,,,,,,0,,0,0,,0,,0,20220909
경기도 수원시 장안구 파장동 281번지,41111,12900,0,0281,0000,1084172,2,집합,1,총괄표제부,1,신대장,경기도 수원시 장안구 파장천로 57 (파장동),익주아파트,,,,0,411113174019,12901,0,57,0,2811,796.127,28.32,9940.7,7836.31,278.77,02000,공동주택,"공동주택, 생활편익시설",81,0,2,0,0,84,0,0,0,0,56,1882.915,28,322,,,,,,,,,0,,0,0,,0,,0,20220909
경기도 수원시 장안구 파장동 317번지,41111,12900,0,0317,0000,1000000000000000394010,1,일반,1,총괄표제부,1,신대장,,기쁜소식수원교회,,,,0,,,0,,,5867.5,1481.8,19.46,4736.01,3993.16,68.06,06000,종교시설,교회,0,0,2,0,0,52,0,0,0,0,0,0,52,638.8,20210916,20211013,20221026,2021,3740282,건축과,1102,1102,0,,0,0,,0,,0,20221031
경기도 수원시 장안구 파장동 322-5번지,41111,12900,0,0322,0005,1084149,1,일반,1,총괄표제부,1,신대장,경기도 수원시 장안구 파장천로 109 (파장동),,,,,1,411113174019,12901,0,109,,1561,223.92,14.34,310.8,310.8,19.91,04000,제2종근린생활시설,제2종근린생활시설,0,0,2,0,0,3,0,0,0,0,0,0,3,36,20050621,20050906,20070201,2005,3750028,건축과,1101,1101,0,,0,0,,0,,0,20220909
경기도 수원시 장안구 파장동 384-1번지,41111,12900,0,0384,0001,1084173,2,집합,1,총괄표제부,1,신대장,,거송하이츠빌라,,,,0,,,0,,,718.32,342.72,47.71,1310.04,1034.28,143.99,02000,공동주택,공동주택(다세대주택),19,0,2,0,0,9,0,0,0,0,0,0,9,103.5,,,,,,,,,0,,0,0,,0,,0,20220909
경기도 수원시 장안구 파장동 386-1번지,41111,12900,0,0386,0001,1084174,2,집합,1,총괄표제부,1,신대장,경기도 수원시 장안구 파장천로58번길 23 (파장동),청수연립,,,,0,411114322395,12901,0,23,0,0,778.15,0,1771.96,1556.3,0,02000,공동주택,공동주택(연립주택),26,0,4,0,0,0,0,0,0,0,0,0,0,0,,,,,,,,,0,,0,0,,0,,0,20220909
경기도 수원시 장안구 파장동 399-2번지,41111,12900,0,0399,0002,1084175,2,집합,1,총괄표제부,1,신대장,경기도 수원시 장안구 수일로 74-1 (파장동),오룡스카이빌라,,,,0,411113174007,12901,0,74,1,0,206.88,0,1025.85,818.97,0,02000,공동주택,공동주택(다세대주택),19,0,2,0,0,0,0,0,0,0,0,0,0,0,,,,,,,,,0,,0,0,,0,,0,20220909
경기도 수원시 장안구 파장동 409-1번지,41111,12900,0,0409,0001,1084176,2,집합,1,총괄표제부,1,신대장,경기도 수원시 장안구 수일로 88 (파장동),장원빌라,,,,0,411113174007,12901,0,88,,773,333.48,43.14,1310.49,1104.3,142.85,02000,공동주택,공동주택(다세대주택),19,0,2,0,0,9,0,0,0,0,0,0,9,103.5,,,,,,,,,0,,0,0,,0,,0,20220909
경기도 수원시 장안구 파장동 414번지,41111,12900,0,0414,0000,1084177,2,집합,1,총괄표제부,1,신대장,경기도 수원시 장안구 수일로 93 (파장동),기준주택,,,,0,411113174007,12901,0,93,,693,245.45,35.42,820.27,714.92,103.16,02000,공동주택,공동주택(다세대주택),11,0,2,0,0,7,0,0,0,0,0,0,7,80.5,,,,,,,,,0,,0,0,,0,,0,20220909
경기도 수원시 장안구 파장동 414-6번지,41111,12900,0,0414,0006,1084178,2,집합,1,총괄표제부,1,신대장,경기도 수원시 장안구 수일로 96 (파장동),기준빌라,,,,0,411113174007,12901,0,96,,655,252.24,38.51,1178.88,942.72,143.93,02000,공동주택,공동주택(다세대주택),19,0,2,0,0,8,0,0,0,0,0,0,8,11.5,,,,,,,,,0,,0,0,,0,,0,20220909
경기도 수원시 장안구 파장동 414-11번지,41111,12900,0,0414,0011,1084179,2,집합,1,총괄표제부,1,신대장,경기도 수원시 장안구 수일로 98 (파장동),기준빌라,,,,0,411113174007,12901,0,98,,567,250.18,44.12,1179.36,942.72,166.26,02000,공동주택,공동주택(다세대주택),19,0,2,0,0,8,0,0,0,0,0,0,8,92,,,,,,,,,0,,0,0,,0,,0,20220909
경기도 수원시 장안구 파장동 470번지,41111,12900,0,0470,0000,10841388,2,집합,1,총괄표제부,0,구대장,경기도 수원시 장안구 파장천로44번길 33 (파장동),화남아파트,,,,0,411114322393,12901,0,33,,0,1520.38,0,17007.64,14792,0,02000,공동주택,"공동주택(아파트), 근린생활시설",203,0,2,1,72.76,0,0,0,0,0,0,0,0,0,,,,,,,,,0,,0,0,,0,,0,20220909
경기도 수원시 장안구 파장동 495-49번지,41111,12900,0,0495,0049,1084158,1,일반,1,총괄표제부,0,구대장,경기도 수원시 장안구 만석로159번길 40 (파장동),,,,,0,411114322086,12901,0,40,,129,76.63,59.4,133.79,133.79,103.71,03000,제1종근린생활시설,"단독주택, 근린생활시설",0,1,2,0,0,0,0,0,0,0,0,0,0,0,,,,,,,,,0,,0,0,,0,,0,20220909
경기도 수원시 장안구 파장동 555-24번지,41111,12900,0,0555,0024,1084114,1,일반,1,총괄표제부,1,신대장,경기도 수원시 장안구 이목로74번길 17 (파장동),,,,,0,411114322236,12901,0,17,,2214.9,834.34,37.67,923.07,923.07,41.68,03000,제1종근린생활시설,소매점,0,0,3,0,0,20,0,0,0,0,0,0,20,235,20070323,20070406,20070711,2007,3750028,건축과,1101,1101,0,,0,0,,0,,0,20250418
경기도 수원시 장안구 파장동 558-16번지,41111,12900,0,0558,0016,1084184,2,집합,1,총괄표제부,1,신대장,경기도 수원시 장안구 파장로100번길 34 (파장동),목화빌라,,,,0,411114322371,12901,0,34,,494,220.57,44.65,888.12,671.64,135.96,02000,공동주택,공동주택(다세대주택),16,0,2,0,0,6,0,0,0,0,0,0,6,69,,,,,,,,,0,,0,0,,0,,0,20220909
경기도 수원시 장안구 파장동 560번지,41111,12900,0,0560,0000,1084185,2,집합,1,총괄표제부,1,신대장,경기도 수원시 장안구 파장로110번길 12-5 (파장동),노송아파트,,,,1,411114322372,12901,0,12,5,0,1510.56,0,9040.32,7552.8,0,02000,공동주택,공동주택(아파트),140,0,2,1,21,0,0,0,0,0,0,0,0,0,,,,,,,,,0,,0,0,,0,,0,20220909
경기도 수원시 장안구 파장동 569-3번지,41111,12900,0,0569,0003,1084186,2,집합,1,총괄표제부,1,신대장,경기도 수원시 장안구 파장로110번길 17 (파장동),화남아파트,,,,2,411114322372,12901,0,17,0,0,1262.32,0,8797.12,7573.92,0,02000,공동주택,공동주택(아파트),120,0,2,1,54,0,0,0,0,0,0,0,0,0,,,,,,,,,0,,0,0,,0,,0,20220909
경기도 수원시 장안구 파장동 571-13번지,41111,12900,0,0571,0013,1084187,2,집합,1,총괄표제부,1,신대장,,영남빌라,,,,0,,,0,,,0,201.8,0,781.76,588.44,0,02000,공동주택,공동주택(다세대주택),16,0,2,0,0,0,0,0,0,0,0,0,0,0,,,,,,,,,0,,0,0,,0,,0,20220909
경기도 수원시 장안구 파장동 571-14번지,41111,12900,0,0571,0014,1084188,2,집합,1,총괄표제부,1,신대장,경기도 수원시 장안구 파장로110번길 12-8 (파장동),한신빌라,,,,0,411114322372,12901,0,12,8,383.4,205.76,53.67,798.88,594.2,154.98,02000,공동주택,공동주택(다세대주택),16,0,2,0,0,0,0,0,0,0,0,0,0,0,,,,,,,,,0,,0,0,,0,,0,20220909
경기도 수원시 장안구 파장동 571-15번지,41111,12900,0,0571,0015,1084189,2,집합,1,총괄표제부,1,신대장,경기도 수원시 장안구 파장로100번길 13-11 (파장동),"궁전빌라,동방빌라",,,,0,411114322371,12901,0,13,11,383.5,212.24,55.34,829.12,616.88,160.86,02000,공동주택,공동주택(다세대주택),16,0,2,0,0,0,0,0,0,0,0,0,0,0,,,,,,,,,0,,0,0,,0,,0,20220909
경기도 수원시 장안구 파장동 571-16번지,41111,12900,0,0571,0016,1084190,2,집합,1,총괄표제부,1,신대장,경기도 수원시 장안구 파장로100번길 13-7 (파장동),동방빌라,,,,0,411114322371,12901,0,13,7,0,211.28,0,845.12,633.84,0,02000,공동주택,공동주택(다세대주택),16,0,2,0,0,0,0,0,0,0,0,0,0,0,,,,,,,,,0,,0,0,,0,,0,20220909
경기도 수원시 장안구 파장동 571-17번지,41111,12900,0,0571,0017,10841390,2,집합,1,총괄표제부,1,신대장,경기도 수원시 장안구 파장로100번길 13-3 (파장동),궁전맨션,,,,0,411114322371,12901,0,13,3,0,233.95,0,1053.58,830.52,0,02000,공동주택,공동주택(다세대주택),18,0,2,0,0,0,0,0,0,0,0,0,0,0,,,,,,,,,0,,0,0,,0,,0,20220909
경기도 수원시 장안구 파장동 572-41번지,41111,12900,0,0572,0041,1084159,1,일반,1,총괄표제부,0,구대장,경기도 수원시 장안구 파장로88번길 2 (파장동),,,,,0,411114322384,12901,0,2,0,210.2,199.99,95.14,300.81,277.01,131.78,01000,단독주택,"단독주택, 근린생활시설",0,3,3,1,0.99,0,0,0,0,0,0,0,0,0,,,,,,,,,0,,0,0,,0,,0,20220909
경기도 수원시 장안구 파장동 574번지,41111,12900,0,0574,0000,1084160,1,일반,1,총괄표제부,1,신대장,경기도 수원시 장안구 경수대로1081번길 32-9 (파장동),파장초등학교,,,,1,411114322013,12901,0,32,9,21499.1,5143.72,23.93,13469.54,13212.36,61.46,10000,교육연구시설,교육연구시설(초등학교),0,0,5,1,9,67,0,0,0,0,0,0,67,0,,,,,,,,,0,,0,0,,0,,0,20251013
경기도 수원시 장안구 파장동 576-2번지,41111,12900,0,0576,0002,1084161,1,일반,1,총괄표제부,0,구대장,경기도 수원시 장안구 경수대로 1075 (파장동),,,,,0,411112012008,12901,0,1075,,582,231,39.69,296.4,296.4,50.93,20000,자동차관련시설,"자동차관련시설, 제2종근린생활시설",0,0,2,0,0,0,0,0,0,0,0,0,0,0,,,,,,,,,0,,0,0,,0,,0,20220909
경기도 수원시 장안구 파장동 579-27번지,41111,12900,0,0579,0027,1084162,1,일반,1,총괄표제부,1,신대장,경기도 수원시 장안구 파장로76번길 23 (파장동),,,,,0,411114322381,12901,0,23,,306.6,199.81,65.17,467.13,434.73,141.79,04000,제2종근린생활시설,"제2종근린생활시설, 단독주택",0,4,2,0,0,2,0,0,0,0,0,0,2,23,,,,,,,,,0,,0,0,,0,,0,20220909
경기도 수원시 장안구 파장동 582-3번지,41111,12900,0,0582,0003,108417,2,집합,1,총괄표제부,1,신대장,경기도 수원시 장안구 파장천로11번길 9 (파장동),미다스아파트,,,,0,411114322387,12901,0,9,0,549.7,325.33,59.18,1952.26,1952.26,355.15,02000,공동주택,"공동주택,아파트,근린생활시설",19,0,1,0,0,22,0,0,0,0,0,0,22,258,20060929,20061010,20070502,2006,3740058,건축과,1101,1101,0,,0,0,,0,,0,20220909
경기도 수원시 장안구 파장동 585-4번지,41111,12900,0,0585,0004,10841100199225,1,일반,1,총괄표제부,1,신대장,,경진셀프주유소,,,,0,,,0,,,1490.6,326.9,21.93,696.67,696.67,46.74,19000,위험물저장및처리시설,"위험물저장및처리시설,근린생활시설",0,0,3,0,0,4,0,0,0,0,4,46,0,0,20080227,20080303,20080714,2008,3750028,건축과,1101,1101,0,,0,0,,0,,0,20220909
경기도 수원시 장안구 파장동 589-10번지,41111,12900,0,0589,0010,10841100338802,1,일반,1,총괄표제부,1,신대장,,,,,,1,,,0,0,0,314.9,188.22,59.77,648,476.1,151.19,01000,단독주택,다가구주택(12가구),0,12,2,0,0,3,0,0,0,0,3,66.78,0,0,19940224,19940314,19950210,,,,,,0,,0,0,,0,,0,20220909
경기도 수원시 장안구 파장동 589-16번지,41111,12900,0,0589,0016,1084191,2,집합,1,총괄표제부,1,신대장,경기도 수원시 장안구 파장천로 10 (파장동),새한빌라,,,,0,411113174019,12901,0,10,,360.7,177.13,49.11,555.27,492.63,136.58,03000,제1종근린생활시설,"제1종근린생활시설,공동주택,단독주택",6,0,2,0,0,0,0,0,0,0,0,0,0,0,,,,,,,,,0,,0,0,,0,,0,20220909
경기도 수원시 장안구 파장동 591-10번지,41111,12900,0,0591,0010,1084192,2,집합,1,총괄표제부,1,신대장,경기도 수원시 장안구 파장로 50 (파장동),소망빌라,,,,0,411113174015,12901,0,50,,464.3,172.32,37.11,658.56,493.92,106.38,02000,공동주택,공동주택(다세대주택),16,0,2,0,0,0,0,0,0,0,0,0,0,0,,,,,,,,,0,,0,0,,0,,0,20220909
경기도 수원시 장안구 파장동 594-11번지,41111,12900,0,0594,0011,10841100199248,1,일반,1,총괄표제부,1,신대장,경기도 수원시 장안구 경수대로 1051 (파장동),,,,,1,411112012008,12901,0,1051,0,727.3,346.2,47.6,590.37,590.37,81.17,01000,단독주택,단독주택(3가구) 외 2,0,3,2,0,0,6,0,0,0,0,0,0,6,69.5,20070525,20070531,20070822,2007,3750028,건축과,1101,1101,0,,0,0,,0,,0,20220909
경기도 수원시 장안구 파장동 595-3번지,41111,12900,0,0595,0003,1084196,1,일반,1,총괄표제부,1,신대장,경기도 수원시 장안구 경수대로 1033 (파장동),,,,,0,411112012008,12901,0,1033,,815.3,359.55,44.1,883.35,719.1,88.2,04000,제2종근린생활시설,근린생활시설,0,0,2,0,0,4,0,0,0,0,0,0,4,46,19840704,,19841119,,,,,,0,,0,0,,0,,0,20220909
경기도 수원시 장안구 파장동 596번지,41111,12900,0,0596,0000,1084163,1,일반,1,총괄표제부,0,구대장,경기도 수원시 장안구 경수대로1043번길 15 (파장동),,,,,1,411114322008,12901,0,15,,522.7,298.2,57.05,319.65,298.2,57.05,04000,제2종근린생활시설,제2종근린생활시설,0,0,2,0,0,2,0,0,0,0,0,0,2,23,,,,,,,,,0,,0,0,,0,,0,20220909
경기도 수원시 장안구 파장동 596-2번지,41111,12900,0,0596,0002,1084193,2,집합,1,총괄표제부,1,신대장,경기도 수원시 장안구 파장천로30번길 56 (파장동),녹원빌라,,,,0,411114322392,12901,0,56,,346.8,166.84,48.11,654.72,491.04,141.59,02000,공동주택,공동주택(다세대주택),16,0,2,0,0,0,0,0,0,0,0,0,4,0,,,,,,,,,0,,0,0,,0,,0,20220909
경기도 수원시 장안구 파장동 596-10번지,41111,12900,0,0596,0010,1084194,2,집합,1,총괄표제부,1,신대장,경기도 수원시 장안구 파장천로26번길 59 (파장동),녹원빌라,,,,0,411114322391,12901,0,59,,292.3,141.78,48.5,495.86,358.04,122.49,02000,공동주택,공동주택(다세대주택),11,0,2,0,0,0,0,0,0,0,0,0,0,0,,,,,,,,,0,,0,0,,0,,0,20220909
경기도 수원시 장안구 파장동 596-13번지,41111,12900,0,0596,0013,1084153,1,일반,1,총괄표제부,1,신대장,경기도 수원시 장안구 파장천로26번길 49 (파장동),,,,,1,411114322391,12901,0,49,,311.8,153.78,49.32,240.54,219.84,70.51,11000,노유자시설,노유자시설,0,0,2,0,0,1,0,0,0,0,0,0,1,11.5,19840817,19840911,19841213,,,,,,0,,0,0,,0,,0,20220909
경기도 수원시 장안구 파장동 600번지,41111,12900,0,0600,0000,1084197,1,일반,1,총괄표제부,1,신대장,경기도 수원시 장안구 파장로34번길 10 (파장동),,,,,0,411114322375,12901,0,10,,320.2,180.81,56.47,300.06,300.06,93.71,01000,단독주택,,0,6,2,0,0,2,0,0,0,0,0,0,2,23,19850704,,19861230,,,,,,0,,0,0,,0,,0,20220909
경기도 수원시 장안구 파장동 606-3번지,41111,12900,0,0606,0003,10841100348760,1,일반,1,총괄표제부,1,신대장,,,,,,0,,,0,,,415.8,187.87,45.18,273.68,273.68,65.82,04000,제2종근린생활시설,"제2종근린생활시설, 자동차관련시설",0,0,2,0,0,0,0,0,0,0,0,0,0,0,,,,,,,,,0,,0,0,,0,,0,20220909
경기도 수원시 장안구 파장동 606-5번지,41111,12900,0,0606,0005,10841374,1,일반,1,총괄표제부,1,신대장,경기도 수원시 장안구 경수대로1019번길 8 (파장동),,,,,0,411114322004,12901,0,8,0,535.4,250.42,46.77,715.12,586.87,109.61,01000,단독주택,"단독주택,제1종.제2종근린생활시설,창고",0,4,2,0,0,2,0,0,0,0,0,0,0,0,,,,,,,,,0,,0,0,,0,,0,20220909
경기도 수원시 장안구 파장동 622번지,41111,12900,0,0622,0000,1084195,2,집합,1,총괄표제부,1,신대장,경기도 수원시 장안구 파장천로44번길 87 (파장동),,,,,2,411114322393,12901,0,87,,0,3661.62,0,21412.23,18094.17,0,02000,공동주택,"공동주택(아파트), 근린생활시설",225,0,7,0,0,0,0,0,0,0,0,0,0,0,,,,,,,,,0,,0,0,,0,,0,20220909
경기도 수원시 장안구 파장동 632번지,41111,12900,0,0632,0000,10841426,2,집합,1,총괄표제부,1,신대장,경기도 수원시 장안구 경수대로 1110-15 (파장동),북수원아이파크,,,,0,411112012008,12901,0,1110,15,7033.4,1333.61,18.96,17825.223,15281.41,217.27,02000,공동주택,공동주택(아파트),143,0,3,5,2469.443,147,0,0,0,0,80,2275.807,67,775.5,20030722,20031130,20050822,2003,,,2101,2101,0,,0,0,,0,,0,20220909
경기도 수원시 장안구 파장동 635번지,41111,12900,0,0635,0000,1000000000000003294525,2,집합,1,총괄표제부,1,신대장,경기도 수원시 장안구 경수대로1044번길 20 (파장동),북수원 하우스토리,,,,0,411114322009,12901,0,20,,5399.9,1439.293,26.65,16491.815,13022.611,241.16,02000,공동주택,공동주택(아파트),135,0,2,3,3635.012,131,0,0,0,0,114,3340.527,17,228.25,20160205,20171113,20230908,,,,,,0,,0,0,,0,,0,20240229
경기도 수원시 장안구 파장동 640번지,41111,12900,0,0640,0000,1000000000000002465631,2,집합,1,총괄표제부,1,신대장,경기도 수원시 장안구 경수대로 1110-39 (파장동),포레나 북수원,,,,0,411112012008,12901,0,1110,39,57956,6593.0975,11.38,171836.04,110561.6969,190.77,02000,공동주택,공동주택(아파트),1063,0,12,8,61961.6181,1510,0,0,0,0,1477,0,3,0,20201008,20201221,20230927,2020,,,2101,2101,6,1+,116.8,65.24,4,0,,0,20251217
경기도 수원시 장안구 파장동 643번지,41111,12900,0,0643,0000,1000000000000002795076,1,일반,1,총괄표제부,1,신대장,경기도 수원시 장안구 경수대로 1110-41 (파장동),제 233호 어린이공원 및 제 197호 지하주차장,,,,0,411112012008,12901,0,1110,41,3617,131.18,3.63,6397.62,120.3,3.33,20000,자동차관련시설,"자동차관련시설(주차장),근린생활시설(공중화장실)",0,0,3,0,0,188,0,0,0,0,178,0,0,0,20220711,20220902,20231214,2022,3740282,건축과,1101,1101,0,,0,0,,0,,0,20231215
경기도 수원시 장안구 파장동 644번지,41111,12900,0,0644,0000,10841100208800,1,일반,1,총괄표제부,1,신대장,경기도 수원시 장안구 경수대로 1110-17 (파장동),중부지방국세청,,,,0,411112012008,12901,0,1110,17,41785.3,5713.86,13.67,37874.09,25862.85,61.89,14000,업무시설,"업무시설, 교육연구시설, 노유자시설",0,0,5,0,0,232,0,0,0,0,191,0,22,0,,,,,,,,,0,,0,0,,0,,0,20250901
경기도 수원시 장안구 정자동 1-2번지,41111,13000,0,0001,0002,10841100220759,1,일반,1,총괄표제부,1,신대장,경기도 수원시 장안구 송정로 108 (정자동),,,,,0,411113174006,13001,0,108,,343.8,141.16,41.06,342.19,342.19,99.53,03000,제1종근린생활시설,제1종근린생활시설,0,0,2,0,0,0,0,0,0,0,0,0,0,0,,,,,,,,,0,,0,0,,0,,0,20220909
경기도 수원시 장안구 정자동 6-42번지,41111,13000,0,0006,0042,10841140,1,일반,1,총괄표제부,0,구대장,경기도 수원시 장안구 수성로339번길 18 (정자동),,,,,0,411114322155,13001,0,18,,209.1,124.82,59.69,124.82,124.82,59.69,04000,제2종근린생활시설,제2종근린생활시설,0,1,2,0,0,0,0,0,0,0,0,0,0,0,,,,,,,,,0,,0,0,,0,,0,20230119
경기도 수원시 장안구 정자동 7-12번지,41111,13000,0,0007,0012,10841100272148,1,일반,1,총괄표제부,1,신대장,,꿈을키우는집,,,,0,,,0,,,2079.2,939.4,45.18,2479.05,1937.48,93.18,11000,노유자시설,"노유자시설(아동복지시설,보육원)",0,0,4,0,0,13,0,0,0,0,0,0,13,0,,,,,3750028,건축과,1102,1102,0,,0,0,,0,,0,20220909
경기도 수원시 장안구 정자동 8-19번지,41111,13000,0,0008,0019,1000000000000003331698,2,집합,1,총괄표제부,1,신대장,,더포레스트,,,,0,,,,,,2807.9,1351.572,48.13,15113.7598,10606.7558,377.75,02000,공동주택,아파트,128,0,2,1,4507.004,162,0,0,0,0,125,4179.142,37,0,20201222,20210616,20240223,2020,,,2101,2101,0,,0,0,,0,,0,20240305
경기도 수원시 장안구 정자동 24-1번지,41111,13000,0,0024,0001,10841100174853,2,집합,1,총괄표제부,1,신대장,경기도 수원시 장안구 정자천로188번길 21 (정자동),정자 케이티 이-편한세상,,,,0,411114322320,13001,0,21,0,18778.9,3738.45,19.91,57046.74,43190.59,230,02000,공동주택,공동주택,288,0,5,9,13991.74,504,0,0,0,0,446,12986.53,58,680.5,20050325,20050831,20080128,2005,3740058,건축과,2101,2101,0,,0,0,,0,,0,20220909
경기도 수원시 장안구 정자동 27-1번지,41111,13000,0,0027,0001,10841152,2,집합,1,총괄표제부,1,신대장,경기도 수원시 장안구 송정로24번길 1 (정자동),동방맨션,,,,0,411114322133,13001,0,1,,365.6,192.45,52.64,942.7,754.16,206.28,02000,공동주택,다세대주택,15,0,2,0,0,7,0,0,0,0,0,0,7,80.5,19910125,19910316,19910814,,,,,,0,,0,0,,0,,0,20220909
경기도 수원시 장안구 정자동 27-3번지,41111,13000,0,0027,0003,1000000000000006428181,1,일반,1,총괄표제부,1,신대장,경기도 수원시 장안구 송정로 28 (정자동),,,,,1,411113174006,13001,,28,,423.3,213.53,50.44,270.52,270.52,63.91,04000,제2종근린생활시설,제2종근린생활시설,0,0,2,0,0,2,0,0,0,0,0,0,2,0,,,,,,,,,0,,0,0,,0,,0,20250903
경기도 수원시 장안구 정자동 30-1번지,41111,13000,0,0030,0001,10841153,2,집합,1,총괄표제부,0,구대장,경기도 수원시 장안구 정자천로188번길 71-21 (정자동),현대아파트,,,,1,411114322320,13001,0,71,21,10462.2,2398.92,22.93,22974.97,20729.11,198.13,02000,공동주택,공동주택,227,0,3,3,889.7,96,0,0,0,0,0,0,96,0,19890104,,19891214,,,,,,0,,0,0,,0,,0,20220909
경기도 수원시 장안구 정자동 32-17번지,41111,13000,0,0032,0017,10841100260615,2,집합,1,총괄표제부,1,신대장,,,,,,0,,,0,,,0,0,0,0,0,0,,,,0,0,0,0,0,0,0,0,0,0,0,0,0,0,,,,,,,,,0,,0,0,,0,,0,20220909
경기도 수원시 장안구 정자동 35-43번지,41111,13000,0,0035,0043,10841141,1,일반,1,총괄표제부,1,신대장,경기도 수원시 장안구 송정로60번길 10-4 (정자동),,,,,0,411114322138,13001,0,10,4,295.6,170.34,57.63,245.69,245.69,83.12,01000,단독주택,"단독주택, 제1,2종근린생활시설",0,2,2,1,4.48,0,0,0,0,0,0,0,0,0,,,,,,,,,0,,0,0,,0,,0,20220909
경기도 수원시 장안구 정자동 36-23번지,41111,13000,0,0036,0023,10841100199294,2,집합,1,총괄표제부,1,신대장,경기도 수원시 장안구 송정로 82 (정자동),송학아파트,,,,1,411113174006,13001,0,82,0,2592.1,1227.08,47.34,6641.98,6035.19,232.83,02000,공동주택,"공동주택(아파트),근린생활시설",138,0,4,0,0,0,0,0,0,0,0,0,0,0,19820118,,19821021,,,,,,0,,0,0,,0,,0,20220909
경기도 수원시 장안구 정자동 36-39번지,41111,13000,0,0036,0039,10841100302719,2,집합,1,총괄표제부,1,신대장,,대경시실리,,,,0,,,0,,,715,334.06,46.72,1118.42,1118.42,156.42,02000,공동주택,공동주택(다세대주택),15,0,2,0,0,15,0,0,0,0,15,173.2,0,0,20131206,20131212,20140530,2013,3750028,건축과,1101,1101,0,,0,0,,0,,0,20220909
경기도 수원시 장안구 정자동 36-47번지,41111,13000,0,0036,0047,10841100302687,2,집합,1,총괄표제부,1,신대장,,대경시실리,,,,0,,,0,,,570,324.72,56.97,1092.66,1092.66,191.69,02000,공동주택,공동주택(다세대주택),15,0,2,0,0,15,0,0,0,0,15,173.2,0,0,20131206,20131212,20140530,2013,3750028,건축과,1101,1101,0,,0,0,,0,,0,20220909
경기도 수원시 장안구 정자동 37-31번지,41111,13000,0,0037,0031,10841154,2,집합,1,총괄표제부,1,신대장,경기도 수원시 장안구 영화로97번길 20 (정자동),덕성빌라,,,,0,411114322217,13001,0,20,,0,199.2,0,796.8,597.6,0,02000,공동주택,다세대주택,16,0,2,0,0,0,0,0,0,0,0,0,0,0,,,,,,,,,0,,0,0,,0,,0,20220909
경기도 수원시 장안구 정자동 45-8번지,41111,13000,0,0045,0008,10841155,2,집합,1,총괄표제부,1,신대장,경기도 수원시 장안구 수성로275번길 43 (정자동),대성아파트,,,,0,411114322146,13001,0,43,,1431.5,423.12,29.56,2255.58,2025.33,141.48,02000,공동주택,"아파트, 판매시설",40,0,2,0,0,6,0,0,0,0,0,0,6,90,,,,,,,,,0,,0,0,,0,,0,20220909
경기도 수원시 장안구 정자동 45-46번지,41111,13000,0,0045,0046,10841156,2,집합,1,총괄표제부,1,신대장,경기도 수원시 장안구 수성로261번길 46-7 (정자동),명동연립,,,,0,411114322144,13001,0,46,7,0,371.28,0,840.96,742.56,0,02000,공동주택,연립주택,16,0,2,0,0,0,0,0,0,0,0,0,0,0,,,,,,,,,0,,0,0,,0,,0,20220909
경기도 수원시 장안구 정자동 50-23번지,41111,13000,0,0050,0023,1084116,1,일반,1,총괄표제부,1,신대장,경기도 수원시 장안구 수성로303번길 66 (정자동),,,,,0,411114322150,13001,0,66,0,263,156.63,59.56,220.53,220.53,83.85,01000,단독주택,단독주택 외1,0,1,2,0,0,2,0,0,0,0,2,37.23,0,0,20070209,20070215,20070706,2007,3750028,건축과,1101,1101,0,,0,0,,0,,0,20220909
경기도 수원시 장안구 정자동 60-9번지,41111,13000,0,0060,0009,10841100314627,2,집합,1,총괄표제부,1,신대장,,,,,,0,,,0,,,612.5,359.14,58.64,1199.6,1199.6,195.85,02000,공동주택,단지형다세대주택,20,0,2,0,0,19,0,0,0,0,13,156,6,69,20140413,20140418,20141223,2014,3750028,건축과,1101,1101,0,,0,0,,0,,0,20220909
경기도 수원시 장안구 정자동 68-26번지,41111,13000,0,0068,0026,10841157,2,집합,1,총괄표제부,1,신대장,경기도 수원시 장안구 송정로76번길 60 (정자동),동일빌라,,,,0,411114322139,13001,0,60,,332.9,165.44,49.7,496.32,330.88,99.39,02000,공동주택,다세대주택,9,0,2,0,0,0,0,0,0,0,0,0,0,0,,,,,,,,,0,,0,0,,0,,0,20220909
경기도 수원시 장안구 정자동 69-45번지,41111,13000,0,0069,0045,10841414,2,집합,1,총괄표제부,1,신대장,경기도 수원시 장안구 영화로71번길 24 (정자동),수원정자금강에스쁘아아파트,,,,1,411114322211,13001,0,24,,6036.4,1659.912,27.5,20087.523,15845.935,262.51,02000,공동주택,공동주택(아파트),164,0,3,1,4241.588,168,0,0,0,0,113,1299.5,55,632.5,20021216,20030521,20050429,2002,3750028,건축과,2101,2101,0,,0,0,,0,,0,20220909
경기도 수원시 장안구 정자동 70-46번지,41111,13000,0,0070,0046,1084115,1,일반,1,총괄표제부,1,신대장,경기도 수원시 장안구 장안로76번길 33 (정자동),,,,,0,411114322286,13001,0,33,,1077.8,664.23,61.63,1559.72,1449.8,134.51,03000,제1종근린생활시설,단독주택 외 2,0,0,2,0,0,0,0,0,0,0,0,0,0,0,,,,,,,,,0,,0,0,,0,,0,20220909
경기도 수원시 장안구 정자동 73-33번지,41111,13000,0,0073,0033,10841197,2,집합,1,총괄표제부,1,신대장,경기도 수원시 장안구 수성로275번길 31 (정자동),유일빌라,,,,0,411114322146,13001,0,31,,304.6,259.92,56.89,631.76,458.48,150.52,02000,공동주택,다세대주택,14,0,2,0,0,0,0,0,0,0,0,0,0,0,,,,,,,,,0,,0,0,,0,,0,20220909
경기도 수원시 장안구 정자동 82-4번지,41111,13000,0,0082,0004,10841100435913,1,일반,1,총괄표제부,1,신대장,경기도 수원시 장안구 수성로327번길 22 (정자동),,,,,0,411114322153,13001,0,22,,421.5,210.3,49.89,608.19,458.49,108.78,01000,단독주택,"단독주택, 노유자시설, 제1종근린생활시설",0,0,2,0,0,3,0,0,0,0,0,0,3,0,19810417,,19810806,,,,,,0,,0,0,,0,,0,20250417
경기도 수원시 장안구 정자동 297-2번지,41111,13000,0,0297,0002,1084126,2,집합,1,총괄표제부,1,신대장,경기도 수원시 장안구 만석로159번길 31 (정자동),경남아너스빌,,,,0,411114322086,13002,0,31,0,16181,4285.638,26.49,54938.594,45011.77,278.18,02000,공동주택,공동주택(아파트),422,0,5,7,10122.817,445,0,0,0,0,293,9503.979,152,1748,20030513,20040622,20060426,2003,,,2101,2101,0,,0,0,,0,,0,20220909
경기도 수원시 장안구 정자동 303번지,41111,13000,0,0303,0000,10841199,2,집합,1,총괄표제부,0,구대장,경기도 수원시 장안구 장안로 200 (정자동),동신아파트,,,,0,411113176011,13002,0,200,,0,1321.51,0,20530.36,19234.09,0,02000,공동주택,아파트,180,0,2,2,138.5,0,0,0,0,0,0,0,0,0,,,,,,,,,0,,0,0,,0,,0,20220909
경기도 수원시 장안구 정자동 304번지,41111,13000,0,0304,0000,10841200,2,집합,1,총괄표제부,0,구대장,경기도 수원시 장안구 장안로 199 (정자동),동신아파트,,,,0,411113176011,13002,0,199,,0,985.52,0,15195.2,14240.72,0,02000,공동주택,아파트,150,0,2,3,129.68,0,0,0,0,0,0,0,0,0,,,,,,,,,0,,0,0,,0,,0,20220909
경기도 수원시 장안구 정자동 313-1번지,41111,13000,0,0313,0001,10841201,2,집합,1,총괄표제부,0,구대장,경기도 수원시 장안구 장안로 211 (정자동),동신아파트,,,,0,411113176011,13002,0,211,,0,9501.54,0,130511.49,121999.2,0,02000,공동주택,"아파트, 생활편익시설,의료시설, 근생",1542,0,13,6,1918.51,0,0,0,0,0,0,0,0,0,,,,,,,,,0,,0,0,,0,,0,20220909
경기도 수원시 장안구 정자동 361번지,41111,13000,0,0361,0000,10841100341560,2,집합,1,총괄표제부,1,신대장,,삼성아트빌,,,,0,,,0,,,662,392.91,59.35,1318.61,1318.61,199.19,02000,공동주택,도시형생활주택단지형다세대(22세대),22,0,2,0,0,21,0,0,0,0,18,203.4,3,34.5,20141212,20150702,20160211,2014,3750028,건축과,1101,1101,0,,0,0,,0,,0,20220909
경기도 수원시 장안구 정자동 378번지,41111,13000,0,0378,0000,10841202,2,집합,1,총괄표제부,0,구대장,경기도 수원시 장안구 대평로162번길 50 (정자동),삼성미도아파트,,,,2,411114322068,13001,0,50,,7592,1762.713,20.54,29025.35,22780.74,300.06,02000,공동주택,"아파트, 생활편익시설",259,0,2,2,263.173,248,0,0,0,0,164,4499.97,84,966,,,,,,,,,0,,0,0,,0,,0,20250721
경기도 수원시 장안구 정자동 395번지,41111,13000,0,0395,0000,10841203,2,집합,1,총괄표제부,1,신대장,경기도 수원시 장안구 장안로 232 (정자동),동신아파트,,,,2,411113176011,13002,0,232,0,0,9451.02,0,123762.26,115319.53,0,02000,공동주택,"아파트, 근린생활시설,판매시설",1548,0,12,0,0,0,0,0,0,0,0,0,0,0,19860404,,19870530,,,,,,0,,0,0,,0,,0,20220909
경기도 수원시 장안구 정자동 395-3번지,41111,13000,0,0395,0003,10841204,2,집합,1,총괄표제부,0,구대장,경기도 수원시 장안구 장안로 211 (정자동),동신아파트,,,,0,411113176011,13002,0,211,,0,1986.57,0,29806.61,28607.29,0,02000,공동주택,아파트,450,0,3,5,771.03,0,0,0,0,0,0,0,0,0,19860404,,19880530,,,,,,0,,0,0,,0,,0,20220909
경기도 수원시 장안구 정자동 423-1번지,41111,13000,0,0423,0001,108416,2,집합,1,총괄표제부,1,신대장,경기도 수원시 장안구 파장로 53 (정자동),정자 벽산블루밍,,,,0,411113174015,13002,0,53,,24551.9,5464.99,22.26,71407.39,56255.78,229.13,02000,공동주택,공동주택,481,0,15,11,14964.08,558,0,0,0,0,401,13863.71,157,1909,20041222,20050512,20070412,2004,,,2101,2101,0,,0,0,,0,,0,20220909
경기도 수원시 장안구 정자동 429-43번지,41111,13000,0,0429,0043,108419,1,일반,1,총괄표제부,1,신대장,경기도 수원시 장안구 정자로 164 (정자동),,,,,1,411113174011,13002,0,164,,1387,794.35,57.27,3616.95,2732.27,196.99,14000,업무시설,제2종근린생활시설 외 2,0,0,3,0,0,22,8,92,0,0,6,69,8,92,19901026,,19910919,1991,3750028,건축과,1101,1101,0,,0,0,,0,,0,20220909
경기도 수원시 장안구 정자동 432번지,41111,13000,0,0432,0000,108414,1,일반,1,총괄표제부,1,신대장,경기도 수원시 장안구 파장로 71 (정자동),,,,,0,411113174015,13002,0,71,,184,128.41,69.79,455.41,346.2,188.15,04000,제2종근린생활시설,제2종근린생활시설 외 2,0,0,2,0,0,1,0,0,0,0,0,0,1,11.5,19850502,,19850823,,,,,,0,,0,0,,0,,0,20220909
경기도 수원시 장안구 정자동 528-12번지,41111,13000,0,0528,0012,1084112,1,일반,1,총괄표제부,0,구대장,경기도 수원시 장안구 장안로 270-3 (정자동),,,,,0,411113176011,13002,0,270,3,238,208.65,87.67,535.33,535.33,224.93,04000,제2종근린생활시설,제2종근린생활시설 외 1,0,0,2,0,0,2,0,0,0,0,0,0,2,23,,,,,,,,,0,,0,0,,0,,0,20220909
경기도 수원시 장안구 정자동 572-2번지,41111,13000,0,0572,0002,1000000000000001027854,1,일반,1,총괄표제부,1,신대장,,정자동 572-2 단독주택,,,,0,,,,,,501,211.56,42.23,395.1,283.56,56.6,01000,단독주택,단독주택,0,1,2,0,0,2,0,0,0,0,0,0,2,25,20211014,20211125,20230103,2022,3750028,건축과,1102,1102,0,,0,0,,0,,0,20230105
경기도 수원시 장안구 정자동 633번지,41111,13000,0,0633,0000,1084111,1,일반,1,총괄표제부,1,신대장,경기도 수원시 장안구 장안로 309-9 (정자동),SKC(주),,,,3,411113176011,13002,0,309,9,138970.8,75628.02,54.42,176541.28,146170.21,105.18,17000,공장,공장,0,0,32,0,0,636,0,0,0,0,0,0,631,7178.1,19771207,,19780807,,,,,,0,,0,0,,0,,0,20220909
경기도 수원시 장안구 정자동 792번지,41111,13000,0,0792,0000,10841100174094,1,일반,1,총괄표제부,1,신대장,,,,,,0,,,0,,,3272,81.76,2.5,81.76,81.76,2.5,04000,제2종근린생활시설,제2종근린생활시설,0,0,2,1,2,0,0,0,0,0,0,0,0,0,19910103,19910131,19910212,,,,,,0,,0,0,,0,,0,20220909
경기도 수원시 장안구 정자동 869-1번지,41111,13000,0,0869,0001,10841436,1,일반,1,총괄표제부,1,신대장,경기도 수원시 장안구 만석로 65 (정자동),,,,,0,411113174003,13001,0,65,,51089.5,1586.2,3.1,4596.47,3948.97,7.73,10000,교육연구시설,교육연구및복지시설,0,0,2,0,0,25,0,0,0,0,0,0,25,297.5,20000809,20000830,20001213,2000,3750028,건축과,5100,5100,0,,0,0,,0,,0,20220909
경기도 수원시 장안구 정자동 870-1번지,41111,13000,0,0870,0001,10841394,2,집합,1,총괄표제부,1,신대장,경기도 수원시 장안구 만석로68번길 10 (정자동),백설마을 현대.코오롱아파트,,,,0,411114322093,13001,0,10,0,23118.2,4629,20.02,55876.184,53127.314,229.81,02000,공동주택,"공동주택(아파트), 상가(생활편익시설)",693,0,9,7,15242.02,701,0,0,0,0,498,0,203,0,,,,,,,,,0,,0,0,,0,,0,20220909
경기도 수원시 장안구 정자동 871-3번지,41111,13000,0,0871,0003,10841211,2,집합,1,총괄표제부,0,구대장,경기도 수원시 장안구 대평로89번길 10 (정자동),백설마을 주공아파트,,,,0,411114322072,13001,0,10,0,11469.7,2063.9,17.99,30564.631,24005.232,209.29,02000,공동주택,"공동주택(아파트), 상가(생활편익시설)",341,0,4,3,5628.71,341,0,0,0,0,189,4872.7,152,1793,,,,,,,,,0,,0,0,,0,,0,20220909
경기도 수원시 장안구 정자동 871-4번지,41111,13000,0,0871,0004,10841212,2,집합,1,총괄표제부,0,구대장,경기도 수원시 장안구 대평로89번길 32 (정자동),백설 에듀빌,,,,0,411114322072,13001,0,32,,16193.9,2583.6,15.95,41854.888,36280.087,224.04,02000,공동주택,"공동주택(아파트), 생활편익시설",348,0,4,3,4141.22,348,0,0,0,0,150,3555.1,198,2297,,,,,,,,,0,,0,0,,0,,0,20220909
경기도 수원시 장안구 정자동 872-1번지,41111,13000,0,0872,0001,10841213,2,집합,1,총괄표제부,1,신대장,경기도 수원시 장안구 정자천로189번길 47 (정자동),연꽃마을 풍림아파트,,,,0,411114322321,13001,0,47,0,43996,8212.35,18.67,110991.31,104904.43,238.44,02000,공동주택,공동주택,792,0,10,14,26648.16,1309,0,0,0,0,886,0,423,0,,,19991102,,,,,,0,,0,0,,0,,0,20220909
경기도 수원시 장안구 정자동 873번지,41111,13000,0,0873,0000,10841100173794,1,일반,1,총괄표제부,1,신대장,경기도 수원시 장안구 장안로 191 (정자동),정자초등학교,,,,2,411113176011,13002,0,191,0,11316.8,2838.99,25.086508,9938.75,9859.1,87.11915,10000,교육연구시설,교육연구시설,0,0,5,0,0,0,0,0,0,0,0,0,0,0,,,,,,,,,0,,0,0,,0,,0,20230706
경기도 수원시 장안구 정자동 873-3번지,41111,13000,0,0873,0003,10841214,2,집합,1,총괄표제부,1,신대장,경기도 수원시 장안구 정자천로189번길 40 (정자동),연꽃마을 벽산아파트,,,,0,411114322321,13001,0,40,,17540.3,3109.54,17.72,49765.76,40331.7,229.94,02000,공동주택,"공동주택(아파트), 근린생활시설",392,0,7,6,9385.32,421,0,0,0,0,226,8585.92,195,0,,,,,,,,,0,,0,0,,0,,0,20220909
경기도 수원시 장안구 정자동 873-4번지,41111,13000,0,0873,0004,10841149,1,일반,1,총괄표제부,0,구대장,경기도 수원시 장안구 정자천로 199 (정자동),수원장안경찰서,,,,0,411113176026,13001,0,199,0,13173.8,3192.13,24.23,11094.7,8669.99,65.81,14000,업무시설,공공업무시설,0,0,2,4,338.56,97,0,0,0,0,0,0,97,1115,,,,,,,,,0,,0,0,,0,,0,20250717
경기도 수원시 장안구 정자동 879-1번지,41111,13000,0,0879,0001,10841100175746,2,집합,1,총괄표제부,1,신대장,경기도 수원시 장안구 정자천로133번길 26 (정자동),"백설마을 성지,동양고속 아파트",,,,0,411114322317,13001,0,26,,31545,5750.247,18.23,96795.897,75393.305,239,02000,공동주택,공동주택(아파트) / 상가(생활편익시설),576,0,7,5,17521.071,958,0,0,0,0,602,14113.536,356,0,19961122,19961217,19991020,,,,,,0,,0,0,,0,,0,20220909
경기도 수원시 장안구 정자동 880-2번지,41111,13000,0,0880,0002,10841216,2,집합,1,총괄표제부,1,신대장,경기도 수원시 장안구 정자천로133번길 21 (정자동),백설마을 효성아파트,,,,0,411114322317,13001,0,21,,11000,1577.658,14.342,31214.32,25272.65,229.751,02000,공동주택,공동주택(아파트),262,0,3,2,4768.73,263,0,0,0,0,149,4473.53,114,1311,,,,,,,,,0,,0,0,,0,,0,20220909
경기도 수원시 장안구 정자동 880-3번지,41111,13000,0,0880,0003,10841217,2,집합,1,총괄표제부,1,신대장,경기도 수원시 장안구 천천로22번길 34 (정자동),백설마을 삼환 나우빌 아파트,,,,0,411114322367,13001,0,34,,26300,4808.54,18.28,78034.93,60276.27,229.18,02000,공동주택,"공동주택(아파트), 상가(생활편익시설)",772,0,9,8,15004.88,778,0,0,0,0,470,0,308,0,,,,,,,,,0,,0,0,,0,,0,20220909
경기도 수원시 장안구 정자동 881-4번지,41111,13000,0,0881,0004,10841218,2,집합,1,총괄표제부,1,신대장,경기도 수원시 장안구 덕영대로639번길 63 (정자동),꽃뫼노을마을한마루아파트,,,,0,411114328483,13001,0,63,,9476.3,1708.02,18.02,27769.97,20933.84,220.91,02000,공동주택,공동주택(아파트),291,0,4,2,226.8,298,0,0,0,0,189,6447.34,109,1253.5,,,,,,,,,0,,0,0,,0,,0,20220909
경기도 수원시 장안구 정자동 882-5번지,41111,13000,0,0882,0005,10841219,2,집합,1,총괄표제부,1,신대장,경기도 수원시 장안구 대평로51번길 56 (정자동),화서역파크뷰,,,,0,411114322070,13001,0,56,0,18056,3543.264,19.62,52258.893,41270.533,228.57,02000,공동주택,"공동주택, 생활편익시설, 의료시설",530,0,6,6,9174.573,554,0,0,0,0,304,7592.97,250,2875,,,,,,,,,0,,0,0,,0,,0,20220909
경기도 수원시 장안구 정자동 883-6번지,41111,13000,0,0883,0006,10841220,2,집합,1,총괄표제부,0,구대장,경기도 수원시 장안구 대평로51번길 22 (정자동),꽃뫼노을마을 신안아파트,,,,0,411114322070,13001,0,22,,15121,2932.92,19.4,36626.44,34692.56,229.43,02000,공동주택,"공동주택(아파트), 생활편익시설",370,0,5,6,5772.35,371,0,0,0,0,196,0,175,0,,,19991001,,,,,,0,,0,0,,0,,0,20220909
경기도 수원시 장안구 정자동 884-4번지,41111,13000,0,0884,0004,1084132,2,집합,1,총괄표제부,1,신대장,경기도 수원시 장안구 정자천로188번길 28 (정자동),두견마을 3차 벽산아파트,,,,0,411114322320,13001,0,28,0,21370.5,4012.46,18.77,51264.49,49027.13,229.41,02000,공동주택,"공동주택(아파트), 상가(생활편익시설,제2종근린생활시설)",389,0,6,11,15151.36,595,0,0,0,0,415,13976.58,180,2070,,,,,,,,,0,,0,0,,0,,0,20220909
경기도 수원시 장안구 정자동 884-7번지,41111,13000,0,0884,0007,1000000000000004768507,1,일반,1,총괄표제부,1,신대장,경기도 수원시 장안구 대평로52번길 21 (정자동),명인초등학교,,,,0,411114322071,13001,0,21,0,11002.8,3067.29,27.88,11252.68,10758.58,97.78,10000,교육연구시설,교육연구시설(학교-초등학교),0,0,2,2,0,56,0,0,0,0,0,0,0,0,,,,,,,,,0,,0,0,,0,,0,20241204
경기도 수원시 장안구 정자동 886-1번지,41111,13000,0,0886,0001,10841158,2,집합,1,총괄표제부,1,신대장,경기도 수원시 장안구 정자천로188번길 64 (정자동),화서역 현대벽산,,,,0,411114322320,13001,0,64,0,26301.575,5039.35,19.16,79744.55,60224.99,228.98,02000,공동주택,"공동주택(아파트), 상가(생활편익시설)",792,0,9,10,16268.91,799,0,0,0,0,542,0,257,0,,,19990803,,,,,,0,,0,0,,0,,0,20220909
경기도 수원시 장안구 정자동 886-9번지,41111,13000,0,0886,0009,10841100325497,1,일반,1,총괄표제부,1,신대장,,경기도 의료원,,,,0,,,0,0,0,14189.9,4359.37,30.72,15523.91,11456.62,80.73,09000,의료시설,"의료시설,업무시설,제1종근생",0,0,2,1,100.64,124,0,0,0,0,0,0,124,0,,,,,,,,,0,,0,0,,0,,0,20241101
경기도 수원시 장안구 정자동 887-1번지,41111,13000,0,0887,0001,10841100175796,2,집합,1,총괄표제부,1,신대장,경기도 수원시 장안구 수성로245번길 21 (정자동),화서역 우방 센트럴파크,,,,0,411114322142,13001,0,21,,43585.8,8195.17,18.8,138308.19,100157.67,229.79,02000,공동주택,공동주택(아파트) 외 2,1335,0,16,12,32598.02,1305,0,0,0,0,1078,0,227,0,19961130,19970108,19990827,,,,,,0,,0,0,,0,,0,20230117
경기도 수원시 장안구 정자동 888-2번지,41111,13000,0,0888,0002,10841221,2,집합,1,총괄표제부,1,신대장,경기도 수원시 장안구 대평로39번길 8 (정자동),꽃뫼노을마을 대동아파트,,,,0,411114322069,13001,0,8,0,9739.2,1869.67,19.19,29391.01,22369.74,229.69,02000,공동주택,"공동주택, 근린생활시설",292,0,4,5,5950.75,295,0,0,0,0,193,5391,102,1171,19961126,19961212,20000726,,,,,,0,,0,0,,0,,0,20220909
경기도 수원시 장안구 정자동 900-1번지,41111,13000,0,0900,0001,10841377,2,집합,1,총괄표제부,1,신대장,경기도 수원시 장안구 덕영대로639번길 70 (정자동),,,,,0,411114328483,13001,0,70,0,6184.2,1227.7,19.85,17851.33,14258.34,230.56,02000,공동주택,"공동주택(아파트), 생활편익시설(상가)",188,0,4,5,2672.27,190,0,0,0,0,86,2208.54,104,1226,19961122,19961217,19990816,1996,3750028,건축과,1101,1101,0,,0,0,,0,,0,20220909
경기도 수원시 장안구 정자동 913번지,41111,13000,0,0913,0000,10841222,2,집합,1,총괄표제부,0,구대장,경기도 수원시 장안구 천천로74번길 35 (정자동),북수원 리버파크,,,,0,411114322370,13001,0,35,0,31066.6,4686.347,15.08,66053.805,65553.104,211.01,02000,공동주택,"공동주택(아파트), 근린생활시설",805,0,9,7,11371.877,809,0,0,0,0,403,10333.956,406,4729,,,,,,,,,0,,0,0,,0,,0,20220909
경기도 수원시 장안구 정자동 914번지,41111,13000,0,0914,0000,10841223,2,집합,1,총괄표제부,0,구대장,경기도 수원시 장안구 천천로74번길 92 (정자동),대월마을대림진흥아파트,,,,0,411114322370,13001,0,92,,26877.6,3612.252,13.44,60088.3418,57499.0514,213.93,02000,공동주택,"공동주택, 근린생활시설",534,0,7,8,11671.4015,682,0,0,0,0,391,71447.736634,291,3346.5,,,,,,,,,0,,0,0,,0,,0,20220909
경기도 수원시 장안구 정자동 918번지,41111,13000,0,0918,0000,10841224,2,집합,1,총괄표제부,1,신대장,경기도 수원시 장안구 만석로20번길 25 (정자동),청솔마을 SK한화아파트,,,,0,411114322090,13001,0,25,,34057.7,4225.5839,12.41,91114.5988,74981.6372,220.16,02000,공동주택,공동주택,520,0,7,12,13178.61,894,0,0,0,0,536,12056.745,358,4117,,,,,,,,,0,,0,0,,0,,0,20220909
경기도 수원시 장안구 정자동 919번지,41111,13000,0,0919,0000,10841225,2,집합,1,총괄표제부,1,신대장,경기도 수원시 장안구 만석로20번길 28 (정자동),청솔마을 한라 아파트,,,,0,411114322090,13001,0,28,,32199.1,5812.067,18.05,70256.681,70256.681,218.19,02000,공동주택,"공동주택(아파트), 상가(근린생활시설)",845,0,10,10,18113.076,857,0,0,0,0,608,11164.58,249,0,,,,,,,,,0,,0,0,,0,,0,20220909
경기도 수원시 장안구 정자동 922번지,41111,13000,0,0922,0000,10841226,2,집합,1,총괄표제부,1,신대장,경기도 수원시 장안구 천천로21번길 33 (정자동),화서역 위너스 파크,,,,0,411114322366,13001,0,33,,29476,4676.93,15.87,70022.031,63604.538,215.78,02000,공동주택,"공동주택(아파트), 상가(근린생활시설)",583,0,8,6,6717.461,646,0,0,0,0,236,5717.605,410,5360.07,,,,,,,,,0,,0,0,,0,,0,20240109
경기도 수원시 장안구 정자동 923번지,41111,13000,0,0923,0000,10841100466353,1,일반,1,총괄표제부,1,신대장,경기도 수원시 장안구 천천로21번길 11 (정자동),효천초등학교,,,,0,411114322366,13001,0,11,,12311.9,2753.82,22.37,8626.84,7996.84,64.95,10000,교육연구시설,교육연구 시설 및 복지시설,0,0,2,2,60.28,32,0,0,0,0,0,0,32,368,20001005,20001009,20020125,,,,,,0,,0,0,,0,,0,20230926
경기도 수원시 장안구 정자동 937번지,41111,13000,0,0937,0000,10841151,1,일반,1,총괄표제부,1,신대장,,동남보건대학교,,,,9,,,,,,66169.6,13230.08,19.99,81481.74,65765.64,99.39,10000,교육연구시설,대학교,0,0,15,14,0,358,0,0,0,0,158,0,277,0,19711204,,19730704,,,,,,0,,0,0,,0,,0,20251125
경기도 수원시 장안구 정자동 945번지,41111,13000,0,0945,0000,10841100277087,2,집합,1,총괄표제부,1,신대장,,수원 SK SKY VIEW,,,,0,,,0,0,0,184421.3,23371.234,12.67,595218.63,420774.53,228.16,02000,공동주택,아파트,3498,0,30,11,174512.5,4820,0,0,0,0,4820,0,0,0,20100512,20100601,20130527,2010,3740147,주택정책과,2101,2101,72,2,37.31,0,2,72.12,,0,20220909
경기도 수원시 장안구 정자동 947번지,41111,13000,0,0947,0000,10841100286386,1,일반,1,총괄표제부,1,신대장,,수원 SK 아트리움,,,,1,,,0,0,0,39000,5622.6,14.42,14997.84,8528.19,21.87,05000,문화및집회시설,"문화및집회시설, 노유자시설, 근린생활시설",0,0,2,0,0,270,0,0,0,0,150,4692.84,120,0,20120130,20120409,20131025,2012,3740194,주택건축과,1101,1101,0,,0,0,,0,,0,20220909
경기도 수원시 장안구 정자동 950번지,41111,13000,0,0950,0000,10841100470311,2,집합,1,총괄표제부,1,신대장,경기도 수원시 장안구 대평로 27 (정자동),화서역 파크 푸르지오,,,,0,411113176005,13001,0,27,,61714,17061.06,27.645364,444235.3188,308172.8622,499.35648,02000,공동주택,"공동주택(아파트),업무시설(오피스텔),근린생활시설,판매시설",2355,0,16,11,118671.5503,3496,0,0,0,0,3470,117392.617,5,0,20180226,20180424,20210823,2018,3740373,공동주택관리과,2101,2101,538,,0,0,,0,,0,20250325
경기도 수원시 장안구 정자동 961번지,41111,13000,0,0961,0000,1000000000000002464306,2,집합,1,총괄표제부,1,신대장,경기도 수원시 장안구 수성로157번길 60 (정자동),화서역 푸르지오 브리시엘,,,,0,411114328193,13001,0,60,0,31069,20540.4768,66.112449,223431.3717,155261.7751,499.73212,02000,공동주택,"공동주택(아파트),업무시설(오피스텔),판매시설",665,0,6,8,73943.1525,1507,0,0,0,0,1507,59718.9853,0,0,20191118,20200515,20230926,2019,3740403,공동주택과,2101,2101,515,1+,0,0,3,0,,0,20240119
경기도 수원시 장안구 정자동 964번지,41111,13000,0,0964,0000,1000000000000007172972,2,집합,1,총괄표제부,1,신대장,경기도 수원시 장안구 장안로 271 (정자동),북수원자이 렉스비아,,,,1,411113176011,13002,0,271,0,103833,15569.33,14.99,372760.86,237326.28,228.57,02000,공동주택,공동주택(아파트),2607,0,24,12,134737.24,3796,0,0,0,0,3721,124659.16,0,0,20150522,20210226,20260303,,,,,,54,1+,93.9,0,4,53.98,,0,20260327
경기도 수원시 장안구 이목동 20번지,41111,13100,0,0020,0000,1084137,1,일반,1,총괄표제부,1,신대장,경기도 수원시 장안구 장안로458번길 174 (이목동),,,,,0,411114322277,13101,0,174,,2007,205.11,10.22,205.11,205.11,10.22,06000,종교시설,종교시설,0,0,3,0,0,4,0,0,0,0,0,0,4,46,20060317,20060324,20061208,2006,3750028,건축과,1101,1101,0,,0,0,,0,,0,20220909
경기도 수원시 장안구 이목동 23-8번지,41111,13100,0,0023,0008,1084151,1,일반,1,총괄표제부,1,신대장,경기도 수원시 장안구 장안로458번길 138 (이목동),천주교마리아의아들수도회,,,,2,411114322277,13101,0,138,0,3669,730.64,19.913872,4097.83,2770.13,75.500953,06000,종교시설,종교시설,0,0,3,0,0,28,0,0,0,0,0,0,28,232,20021231,20030324,20031204,,,,,,0,,0,0,,0,,0,20220909
경기도 수원시 장안구 이목동 37-1번지,41111,13100,0,0037,0001,10841406,1,일반,1,총괄표제부,1,신대장,경기도 수원시 장안구 장안로458번길 120 (이목동),(주)이루다,,,,0,411114322277,13101,0,120,0,3089,617.23,19.98,2291.79,2291.79,74.19,10000,교육연구시설,교육연구및복지시설,0,0,3,0,0,16,16,184,0,0,0,0,0,0,20040621,20040625,20041218,2004,3750028,건축과,1101,1101,0,,0,0,,0,,0,20220909
경기도 수원시 장안구 이목동 105-7번지,41111,13100,0,0105,0007,10841100174495,1,일반,1,총괄표제부,1,신대장,경기도 수원시 장안구 장안로496번길 93-1 (이목동),,,,,0,411114322279,13101,0,93,1,1254,242.47,19.34,337,337,26.87,01000,단독주택,"단독주택, 자동차관련시설",0,0,2,0,0,8,0,0,0,0,0,0,8,0,20050512,20050519,20050922,2005,3750028,건축과,1101,1101,0,,0,0,,0,,0,20220909
경기도 수원시 장안구 이목동 130번지,41111,13100,0,0130,0000,10841100214373,1,일반,1,총괄표제부,1,신대장,경기도 수원시 장안구 장안로 517 (이목동),서광학원,,,,4,411113176011,13103,0,517,0,6404,1109.28,17.32,6518.95,6403.03,99.98,10000,교육연구시설,"교실,기숙사",0,0,2,1,11.75,33,0,0,0,0,0,0,33,379.5,,,,,,,,,0,,0,0,,0,,0,20220909
경기도 수원시 장안구 이목동 165번지,41111,13100,0,0165,0000,1084119,1,일반,1,총괄표제부,1,신대장,경기도 수원시 장안구 장안로 475-12 (이목동),,,,,0,411113176011,13103,0,475,12,3721,626.91,16.85,626.91,134.49,3.61,04000,제2종근린생활시설,제2종근린생활시설,0,0,2,0,0,5,0,0,0,0,0,0,5,57.5,19861203,,19861223,,,,,,0,,0,0,,0,,0,20220909
경기도 수원시 장안구 이목동 167-2번지,41111,13100,0,0167,0002,10841100227312,1,일반,1,총괄표제부,1,신대장,,,,,,0,,,0,0,0,3139,606.25,19.31,606.25,606.25,19.31,03000,제1종근린생활시설,제1종근린생활시설(소매점),0,0,2,0,0,4,0,0,0,0,0,0,4,46,20100413,20100719,20110405,2010,3750028,건축과,1101,1101,0,,0,0,,0,,0,20220909
경기도 수원시 장안구 이목동 167-3번지,41111,13100,0,0167,0003,10841379,1,일반,1,총괄표제부,1,신대장,경기도 수원시 장안구 장안로 475-13 (이목동),,,,,0,411113176011,13103,0,475,13,2310,460.9,19.95,460.9,460.9,19.95,04000,제2종근린생활시설,제2종근린생활시설,0,0,2,0,0,0,0,0,0,0,0,0,3,36,20030919,20031002,20031127,2003,3750028,건축과,1101,1101,0,,0,0,,0,,0,20220909
경기도 수원시 장안구 이목동 198-15번지,41111,13100,0,0198,0015,10841100208543,1,일반,1,총괄표제부,1,신대장,경기도 수원시 장안구 장안로 452 (이목동),,,,,0,411113176011,13103,0,452,,697,103.5,14.85,103.5,103.5,14.85,19000,위험물저장및처리시설,위험물 저장 및 처리시설,0,0,2,0,0,1,0,0,0,0,0,0,1,11.5,20020116,20020122,20020325,2002,,,,,0,,0,0,,0,,0,20220909
경기도 수원시 장안구 이목동 240번지,41111,13100,0,0240,0000,10841405,1,일반,1,총괄표제부,1,신대장,경기도 수원시 장안구 장안로 426-1 (이목동),동원동우ㆍ동우여자고등학교,,,,10,411113176011,13103,0,426,1,26205,5430.99,20.73,23207.13,21510.33,82.08,10000,교육연구시설,교육연구및복지시설,0,0,5,1,26,95,0,0,0,0,0,0,95,1092.5,198508,,19880125,,,,,,0,,0,0,,0,,0,20220909
경기도 수원시 장안구 이목동 241번지,41111,13100,0,0241,0000,1084120,1,일반,1,총괄표제부,1,신대장,경기도 수원시 장안구 장안로 426 (이목동),이목중학교,,,,1,411113176011,13103,0,426,,11990,2314.33,19.3,9252.45,9166.92,76.45,10000,교육연구시설,교육연구시설(중학교),0,0,7,0,0,43,0,0,0,0,0,0,43,494.5,,,,,,,,,0,,0,0,,0,,0,20220909
경기도 수원시 장안구 이목동 242-7번지,41111,13100,0,0242,0007,10841100482192,1,일반,1,총괄표제부,1,신대장,,이목동 242-7 단독주택 (지숙영),,,,0,,,0,,,517,103.32,19.98,346.14,198.83,38.46,01000,단독주택,,0,1,2,0,0,2,0,0,0,0,2,147.31,0,0,20210811,20210908,20220412,2021,3750028,건축과,1101,1101,0,,0,0,,0,,0,20220909
경기도 수원시 장안구 이목동 243-5번지,41111,13100,0,0243,0005,10841100423132,1,일반,1,총괄표제부,1,신대장,,(주) 현대석유 수원 서광주유소,,,,0,,,0,,,2175,583,26.81,924.72,893.22,41.07,19000,위험물저장및처리시설,"주유소,자동차관련시설 외",0,0,2,0,0,6,0,0,0,0,0,0,6,69,20180418,20180518,20190130,2018,3750028,건축과,1101,1101,0,,0,0,,0,,0,20220909
경기도 수원시 장안구 이목동 243-20번지,41111,13100,0,0243,0020,10841100305588,1,일반,1,총괄표제부,1,신대장,,,,,,0,,,0,0,0,200,39.09,19.55,39.09,39.09,19.55,04000,제2종근린생활시설,근린생활시설,0,0,2,0,0,0,0,0,0,0,0,0,0,0,20130821,20130826,20140702,2013,3750028,건축과,1201,1201,0,,0,0,,0,,0,20220909
경기도 수원시 장안구 이목동 256-3번지,41111,13100,0,0256,0003,1000000000000007177113,1,일반,1,총괄표제부,1,신대장,,이목동 256-3  자동차관련시설,,,,1,,,,,,5945,786,13.22,786,786,13.22,20000,자동차관련시설,정비공장,0,0,3,0,0,4,0,0,0,0,4,50,0,0,20080616,20080617,20260325,2008,3750028,건축과,1101,1101,0,,0,0,,0,,0,20260330
경기도 수원시 장안구 이목동 259번지,41111,13100,0,0259,0000,10841100224600,1,일반,1,총괄표제부,1,신대장,경기도 수원시 장안구 서부로 2359 (이목동),이목동 259 위험물저장 처리시설,,,,0,411113012005,13101,0,2359,,1429,284.11,19.88,495.99,360.39,25.22,19000,위험물저장및처리시설,위험물 저장 처리시설,0,0,2,0,0,2,0,0,0,0,0,0,3,34.5,19950626,19960426,19970619,,,,,,0,,0,0,,0,,0,20220909
경기도 수원시 장안구 이목동 260-7번지,41111,13100,0,0260,0007,10841395,1,일반,1,총괄표제부,1,신대장,경기도 수원시 장안구 장안로 415 (이목동),,,,,0,411113176011,13103,0,415,,742,288,38.81,414,414,55.8,04000,제2종근린생활시설,"제2종근린생활시설,제1종근린생활시설",0,0,2,0,0,3,0,0,0,0,0,0,3,34.5,20040213,20040714,20040916,2004,3750028,건축과,1101,1101,0,,0,0,,0,,0,20220909
경기도 수원시 장안구 이목동 334-1번지,41111,13100,0,0334,0001,10841425,1,일반,1,총괄표제부,1,신대장,경기도 수원시 장안구 이목로5번길 20 (이목동),,,,,0,411114322234,13101,0,20,,8778,3472.41,39.56,6900.33,6409.18,73.01,17000,공장,공장 외 2,0,0,4,0,0,30,0,0,0,0,0,0,30,345,19860610,,19900207,,,,,,0,,0,0,,0,,0,20220909
경기도 수원시 장안구 이목동 371-4번지,41111,13100,0,0371,0004,1084118,1,일반,1,총괄표제부,,,경기도 수원시 장안구 천천로210번길 17-12 (이목동),,,,,0,411114322365,13101,0,17,12,579,193.58,33.43,205.12,193.58,33.43,04000,제2종근린생활시설,단독주택 외 1,0,1,2,0,0,0,0,0,0,0,0,0,0,0,19730310,,19730503,,,,,,0,,0,0,,0,,0,20220909
경기도 수원시 장안구 이목동 374-2번지,41111,13100,0,0374,0002,1084121,1,일반,1,총괄표제부,1,신대장,경기도 수원시 장안구 천천로210번길 21-13 (이목동),,,,,0,411114322365,13101,0,21,13,446,112.78,25.29,112.78,112.78,25.29,01000,단독주택,단독주택,0,2,2,0,0,2,0,0,0,0,0,0,2,23,,,,,,,,,0,,0,0,,0,,0,20220909
경기도 수원시 장안구 이목동 380-2번지,41111,13100,0,0380,0002,10841100345180,1,일반,1,총괄표제부,1,신대장,,,,,,9,,,,,,40776,16121.15,39.54,24777.44,23479.84,57.58,17000,공장,,0,0,15,0,0,0,0,0,0,0,0,0,0,0,,,,,,,,,0,,0,0,,0,,0,20230630
경기도 수원시 장안구 이목동 519-5번지,41111,13100,0,0519,0005,10841102,1,일반,1,총괄표제부,0,구대장,,,,,,0,,,0,,,0,0,0,113.19,0,0,01000,단독주택,단독주택,0,0,2,0,0,0,0,0,0,0,0,0,0,0,,,,,,,,,0,,0,0,,0,,0,20220909
경기도 수원시 장안구 이목동 711번지,41111,13100,0,0711,0000,10841104,1,일반,1,총괄표제부,0,구대장,경기도 수원시 장안구 장안로386번길 35 (이목동),,,,,0,411114322269,13101,0,35,,4049,805.81,19.9,1268.98,805.98,19.91,04000,제2종근린생활시설,제2종근린생활시설,0,0,3,0,0,5,0,0,0,0,0,0,5,57.5,,,,,,,,,0,,0,0,,0,,0,20220909
경기도 수원시 장안구 이목동 837번지,41111,13100,0,0837,0000,10841105,1,일반,1,총괄표제부,0,구대장,경기도 수원시 장안구 장안로346번길 47-24 (이목동),,,,,1,411114322265,13102,0,47,24,2496,612.76,24.55,1906.3,1906.3,76.37,18000,창고시설,"창고시설, 제2종근린생활시설",0,0,2,0,0,17,0,0,0,0,17,195.5,0,0,,,,,,,,,0,,0,0,,0,,0,20220909
경기도 수원시 장안구 이목동 863번지,41111,13100,0,0863,0000,10841106,1,일반,1,총괄표제부,0,구대장,경기도 수원시 장안구 장안로346번길 4 (이목동),북수원자동차매매장,,,,1,411114322265,13102,0,4,,8849,1258.95,14.23,2213.81,2213.81,25.02,20000,자동차관련시설,"자동차관련시설, 제2종근린생활시설",0,0,3,2,297,12,0,0,0,0,0,0,12,138,,,,,,,,,0,,0,0,,0,,0,20220909
경기도 수원시 장안구 이목동 873번지,41111,13100,0,0873,0000,1000000000000006908526,1,일반,1,총괄표제부,1,신대장,경기도 수원시 장안구 이목로 67-1 (이목동),,,,,1,411113174010,13103,0,67,1,2684,316.04,11.78,403.18,403.18,15.02,20000,자동차관련시설,,0,0,2,0,0,2,0,0,0,0,0,0,2,25,20250826,,20260105,2025,3750028,건축과,1202,1202,0,,0,0,,0,,0,20260107
경기도 수원시 장안구 이목동 916번지,41111,13100,0,0916,0000,10841100253378,2,집합,1,총괄표제부,1,신대장,,수원장안힐스테이트,,,,0,,,0,,,51527.1,9926.904,19.27,152779.905,110628.539,214.7,02000,공동주택,아파트,927,0,16,11,41261.576,1225,0,0,0,0,1225,37289.478,0,0,20091020,20091207,20120228,2009,3740147,주택정책과,2101,2101,0,,0,0,,0,,0,20220909
경기도 수원시 장안구 이목동 917번지,41111,13100,0,0917,0000,10841100273896,2,집합,1,총괄표제부,1,신대장,,수원 장안 STX KAN 2단지,,,,0,,,0,,,11017.9,1670.437,15.16,32437.306,22335.642,202.72,02000,공동주택,아파트,213,0,3,7,10115.949,226,0,0,0,0,226,8892.643,0,0,20100506,20100909,20130228,2010,3740147,주택정책과,2101,2101,0,,0,0,,0,,0,20251218
경기도 수원시 장안구 이목동 918번지,41111,13100,0,0918,0000,10841100273127,2,집합,1,총괄표제부,1,신대장,,수원 장안 STX KAN 1단지,,,,0,,,0,0,0,39193.3,6408.716,16.35,131366.246,88532.302,225.89,02000,공동주택,아파트,734,0,11,14,42168.202,1034,0,0,0,0,1034,37669.181,0,0,20100506,20100909,20130228,2010,3740147,주택정책과,2101,2101,0,,0,0,,0,,0,20220909
경기도 수원시 장안구 율전동 104-4번지,41111,13200,0,0104,0004,1000000000000005224596,2,집합,1,총괄표제부,1,신대장,,미건센트로,,,,0,,,,,,2041,981.64,48.1,4048.28,4048.28,198.35,02000,공동주택,공동주택(도시형생활주택단지형연립주택)48세대,48,0,2,0,0,48,0,0,0,0,48,585.8,0,0,20240123,20240312,20250219,2024,3740282,건축과,1101,1101,0,,0,0,,0,,0,20250522
경기도 수원시 장안구 율전동 109번지,41111,13200,0,0109,0000,10841116,2,집합,1,총괄표제부,1,신대장,경기도 수원시 장안구 상률로46번길 17-7 (율전동),장안아파트,,,,0,411114322095,13201,0,17,7,4632,1902.89,41.08,9725.16,9181.2,198.21,02000,공동주택,아파트,155,0,2,0,0,24,0,0,0,0,0,0,24,360,,,,,,,,,0,,0,0,,0,,0,20220909
경기도 수원시 장안구 율전동 111-14번지,41111,13200,0,0111,0014,10841100322857,2,집합,1,총괄표제부,1,신대장,,인정베스트빌,,,,0,,,0,,,984,410.33,41.7,1522.8,1522.8,154.76,02000,공동주택,공동주택(도시형생활주택 단지형다세대)외1,24,0,2,0,0,25,0,0,0,0,14,162.2,11,122.2,20141015,20150413,20150601,2014,3750028,건축과,1101,1101,0,,0,0,,0,,0,20220909
경기도 수원시 장안구 율전동 111-15번지,41111,13200,0,0111,0015,10841100324631,2,집합,1,총괄표제부,1,신대장,,인정베스트빌,,,,0,,,0,0,0,984,426.46,43.34,1530.11,1530.11,155.5,02000,공동주택,"공동주택(단지형다세대),제2종근린생활시설(사무소)",24,0,2,0,0,25,0,0,0,0,14,161.7,11,122.2,20141015,20141027,20150709,2014,3750028,건축과,1101,1101,1,,0,0,,0,,0,20220909
경기도 수원시 장안구 율전동 114-3번지,41111,13200,0,0114,0003,10841108,1,일반,1,총괄표제부,0,구대장,경기도 수원시 장안구 서부로 2201 (율전동),북수원주유소,,,,0,411113012005,13202,0,2201,,2038,467.15,22.92,600.38,600.38,29.46,19000,위험물저장및처리시설,"위험물저장 및 처리시설, 근린생활시설, 자동차관련시설",0,0,2,0,0,4,0,0,0,0,0,0,4,46,,,,,,,,,0,,0,0,,0,,0,20220909
경기도 수원시 장안구 율전동 142-5번지,41111,13200,0,0142,0005,10841117,2,집합,1,총괄표제부,1,신대장,경기도 수원시 장안구 덕영대로417번길 77 (율전동),장미아파트,,,,0,411114322077,13201,0,77,0,4766,1428.53,29.97,7772.66,6668.66,139.92,02000,공동주택,공동주택,155,0,4,1,15.5,0,0,0,0,0,0,0,0,300,,,,,,,,,0,,0,0,,0,,0,20220909
경기도 수원시 장안구 율전동 142-22번지,41111,13200,0,0142,0022,1084124,1,일반,1,총괄표제부,1,신대장,경기도 수원시 장안구 덕영대로417번길 98 (율전동),상률초등학교,,,,1,411114322077,13201,0,98,,14841.6,2444.9,16.47,9278.05,8561.2,57.68,10000,교육연구시설,교육연구시설,0,0,2,1,4.56,52,0,0,0,0,0,0,52,598,19980217,19980217,20001031,,,,,,0,,0,0,,0,,0,20220909
경기도 수원시 장안구 율전동 147-2번지,41111,13200,0,0147,0002,10841100483111,2,집합,1,총괄표제부,1,신대장,,가야빌리지,,,,0,,,0,0,0,678,381.75,56.31,1319.02,1319.02,194.55,02000,공동주택,다세대주택,16,0,2,0,0,16,0,0,0,0,0,0,16,200,20210513,20210730,20220517,2021,3750028,건축과,1101,1101,0,,0,0,,0,,0,20220909
경기도 수원시 장안구 율전동 150-3번지,41111,13200,0,0150,0003,10841118,2,집합,1,총괄표제부,1,신대장,,새광명연립,,,,0,,,0,,,0,480.07,0,1123.41,908.8,0,02000,공동주택,"연립주택, 근린생활시설",17,0,3,0,0,0,0,0,0,0,0,0,0,0,,,,,,,,,0,,0,0,,0,,0,20220909
경기도 수원시 장안구 율전동 161-9번지,41111,13200,0,0161,0009,10841119,2,집합,1,총괄표제부,0,구대장,경기도 수원시 장안구 덕영대로417번길 15 (율전동),반석아파트,,,,0,411114322077,13201,0,15,,0,930.12,0,5510.58,4650.6,0,02000,공동주택,아파트,70,0,2,1,16.12,0,0,0,0,0,0,0,0,0,,,,,,,,,0,,0,0,,0,,0,20220909
경기도 수원시 장안구 율전동 161-47번지,41111,13200,0,0161,0047,10841100394930,2,집합,1,총괄표제부,1,신대장,,,,,,0,,,0,0,0,0,0,0,0,0,0,,,,0,0,0,0,0,0,0,0,0,0,0,0,0,0,,,,,,,,,0,,0,0,,0,,0,20220909
경기도 수원시 장안구 율전동 163-2번지,41111,13200,0,0163,0002,10841120,2,집합,1,총괄표제부,0,구대장,경기도 수원시 장안구 덕영대로417번길 59 (율전동),장미아파트,,,,0,411114322077,13201,0,59,0,0,1027.87,0,6139.67,5139.35,0,02000,공동주택,아파트,95,0,4,0,0,0,0,0,0,0,0,0,0,0,,,,,,,,,0,,0,0,,0,,0,20220909
경기도 수원시 장안구 율전동 173-14번지,41111,13200,0,0173,0014,10841100217339,2,집합,1,총괄표제부,1,신대장,,율전동 173-14 공동주택,,,,2,,,0,,,1049,402.83,38.4,1500.35,1299.12,123.84,02000,공동주택,공동주택,16,0,2,0,0,16,0,0,0,0,7,183.47,9,103.5,20080912,20080929,20100308,2008,3750028,건축과,1101,1101,0,,0,0,,0,,0,20220909
경기도 수원시 장안구 율전동 194-3번지,41111,13200,0,0194,0003,10841109,1,일반,1,총괄표제부,0,구대장,경기도 수원시 장안구 덕영대로425번길 3 (율전동),,,,,0,411114322078,13201,0,3,,437,173.03,39.59,173.03,173.03,39.59,04000,제2종근린생활시설,"제2종근린생활시설,단독주택",0,1,2,0,0,0,0,0,0,0,0,0,0,0,,,,,,,,,0,,0,0,,0,,0,20220909
경기도 수원시 장안구 율전동 218-13번지,41111,13200,0,0218,0013,10841100403530,1,일반,1,총괄표제부,1,신대장,,,,,,0,,,0,0,0,259,146.15,56.43,398.42,290.95,112.34,01000,단독주택,단독주택,0,6,2,1,3.07,2,0,0,0,0,0,0,0,0,,,,,,,,,0,,0,0,,0,,0,20220909
경기도 수원시 장안구 율전동 276-3번지,41111,13200,0,0276,0003,10841121,2,집합,1,총괄표제부,1,신대장,경기도 수원시 장안구 화산로203번길 24 (율전동),천록아파트,,,,3,411114322423,13201,0,24,0,0,2526.49,0,13925.5,12632.45,0,02000,공동주택,아파트,230,0,8,3,305.65,86,0,0,0,0,0,0,86,0,,,,,,,,,0,,0,0,,0,,0,20220909
경기도 수원시 장안구 율전동 290-1번지,41111,13200,0,0290,0001,10841100449824,1,일반,1,총괄표제부,1,신대장,,율전동 290-1 제2종근린생활시설 (임창임),,,,0,,,0,,,511,299.52,58.614,299.52,299.52,58.614,04000,제2종근린생활시설,일반음식점및휴게음식점,0,0,2,0,0,2,0,0,0,0,0,0,2,23,20190221,20200210,20200609,2019,3750028,건축과,1101,1101,0,,0,0,,0,,0,20220909
경기도 수원시 장안구 율전동 290-14번지,41111,13200,0,0290,0014,10841100176626,2,집합,1,총괄표제부,1,신대장,경기도 수원시 장안구 서부로2126번길 18 (율전동),,,,,1,411114322099,13201,0,18,,1691,918.34,54.31,2262.02,1814.34,107.29,02000,공동주택,연립주택,32,0,4,0,0,0,0,0,0,0,0,0,0,0,19800125,,19800711,,,,,,0,,0,0,,0,,0,20220909
경기도 수원시 장안구 율전동 303번지,41111,13200,0,0303,0000,10841122,2,집합,1,총괄표제부,0,구대장,경기도 수원시 장안구 화산로 243 (율전동),힐타운,,,,0,411113176019,13201,0,243,,0,497.06,0,1738.73,1491.18,0,02000,공동주택,연립주택,30,0,2,0,0,0,0,0,0,0,0,0,0,0,,,,,,,,,0,,0,0,,0,,0,20220909
경기도 수원시 장안구 율전동 308-6번지,41111,13200,0,0308,0006,1084136,1,일반,1,총괄표제부,1,신대장,경기도 수원시 장안구 율전로 113 (율전동),율전초등학교,,,,0,411113175039,13201,0,113,0,11890,2835.65,23.85,8711.68,8657.68,72.81,10000,교육연구시설,교육연구시설(초등학교),0,0,4,0,0,49,0,0,0,0,0,0,49,612.5,,,,,,,,,0,,0,0,,0,,0,20240105
경기도 수원시 장안구 율전동 319번지,41111,13200,0,0319,0000,1084110,2,집합,1,총괄표제부,0,구대장,경기도 수원시 장안구 화산로 263 (율전동),신일아파트,,,,3,411113176019,13201,0,263,,27024,6392.7762,23.66,84150.479,79605.957,294.58,02000,공동주택,공동주택,824,0,8,10,19593.6188,831,0,0,0,0,646,1825.7,185,2127.5,19950504,19950515,19971203,,,,,,0,,0,0,,0,,0,20220909
경기도 수원시 장안구 율전동 322번지,41111,13200,0,0322,0000,10841123,2,집합,1,총괄표제부,1,신대장,경기도 수원시 장안구 율전로101번길 40 (율전동),늘푸른벽산APT,,,,2,411114322226,13201,0,40,,4395,1126.06,25.62,18664.3,13147.89,299,02000,공동주택,공동주택(아파트),183,0,1,2,185.1,182,0,0,0,0,134,5516.41,48,552,,,,,,,,,0,,0,0,,0,,0,20220909
경기도 수원시 장안구 율전동 334-13번지,41111,13200,0,0334,0013,10841124,2,집합,1,총괄표제부,1,신대장,경기도 수원시 장안구 화산로285번길 12 (율전동),화남아파트,,,,0,411114322427,13201,0,12,0,6169,1288.76,20.89,19007.77,18126.16,293.83,02000,공동주택,"공동주택(아파트), 생활편익시설",200,0,2,0,0,205,0,0,0,0,126,3942,79,911,,,,,,,,,0,,0,0,,0,,0,20220909
경기도 수원시 장안구 율전동 356-3번지,41111,13200,0,0356,0003,10841100259877,1,일반,1,총괄표제부,1,신대장,,,,,,1,,,0,0,0,609,175.87,28.88,175.87,175.87,28.88,04000,제2종근린생활시설,"근린생활시설,단독주택",0,2,2,0,0,2,0,0,0,0,0,0,2,23,,,,2011,3750028,건축과,1202,1202,0,,0,0,,0,,0,20220909
경기도 수원시 장안구 율전동 356-6번지,41111,13200,0,0356,0006,108415,1,일반,1,총괄표제부,1,신대장,경기도 수원시 장안구 화산로285번길 27 (율전동),,,,,1,411114322427,13201,0,27,,551,329.49,59.8,1136.41,1056.31,191.71,04000,제2종근린생활시설,제2종근린생활시설 외 2,0,0,2,0,0,7,0,0,0,0,0,0,7,80.5,19910408,,19910919,,,,,,0,,0,0,,0,,0,20220909
경기도 수원시 장안구 율전동 375-2번지,41111,13200,0,0375,0002,10841430,2,집합,1,총괄표제부,1,신대장,경기도 수원시 장안구 율전로 73 (율전동),율전 이안 아파트,,,,0,411113175039,13201,0,73,,17623.9,4036.0963,22.9,51932.1418,42643.5478,241.96,02000,공동주택,공동주택(아파트),383,0,9,4,8218.1306,389,0,0,0,0,208,2392,181,2141.5,20030122,20030312,20051010,2003,,,2101,2101,0,,0,0,,0,,0,20220909
경기도 수원시 장안구 율전동 382번지,41111,13200,0,0382,0000,10841100203296,1,일반,1,총괄표제부,1,신대장,,,,,,0,,,0,0,0,487,372.99,52.38,755.79,755.59,155.15,03000,제1종근린생활시설,"근린생활시설,다가구주택",0,2,2,0,0,5,0,0,0,0,0,0,5,57.5,,,,,,,,,0,,0,0,,0,,0,20220909
경기도 수원시 장안구 율전동 408-9번지,41111,13200,0,0408,0009,10841125,2,집합,1,총괄표제부,1,신대장,경기도 수원시 장안구 서부로2105번길 23 (율전동),청도아파트,,,,0,411114322096,13201,0,23,,2782,915.66,32.91,5289.12,4393.86,157.94,02000,공동주택,"아파트, 판매시설",85,0,4,0,0,13,0,0,0,0,0,0,13,149.5,,,,,,,,,0,,0,0,,0,,0,20220909
경기도 수원시 장안구 율전동 411번지,41111,13200,0,0411,0000,10841126,2,집합,1,총괄표제부,1,신대장,경기도 수원시 장안구 율전로64번길 41-3 (율전동),금강빌라,,,,0,411114325399,13201,0,41,3,829,407.36,49.14,1290.32,1290.32,155.65,02000,공동주택,공동주택(다세대주택),16,0,2,0,0,13,0,0,0,0,0,0,13,162.5,,,,,,,,,0,,0,0,,0,,0,20220909
경기도 수원시 장안구 율전동 412-3번지,41111,13200,0,0412,0003,10841100342480,2,집합,1,총괄표제부,1,신대장,,,,,,0,,,0,,,0,0,0,0,0,0,,,,0,0,0,0,0,0,0,0,0,0,0,0,0,0,,,,,,,,,0,,0,0,,0,,0,20220909
경기도 수원시 장안구 율전동 419번지,41111,13200,0,0419,0000,10841127,2,집합,1,총괄표제부,1,신대장,,삼성아파트,,,,0,,,0,0,0,44132,6518.653,14.77,72795.523,71661.523,162.38,02000,공동주택,"아파트, 생활편익시설, 유치원",700,0,11,12,12178.888,867,0,0,0,0,386,11051.3,481,5282,,,,,,,,,0,,0,0,,0,,0,20221104
경기도 수원시 장안구 율전동 433-66번지,41111,13200,0,0433,0066,10841111,1,일반,1,총괄표제부,0,구대장,경기도 수원시 장안구 서부로2106번길 17 (율전동),,,,,0,411114322097,13201,0,17,,0,98.01,0,227.3,184.26,0,03000,제1종근린생활시설,"제1종근린생활시설, 단독주택",0,2,2,0,0,0,0,0,0,0,0,0,0,0,19790907,,19800128,,,,,,0,,0,0,,0,,0,20220909
경기도 수원시 장안구 율전동 433-68번지,41111,13200,0,0433,0068,10841112,1,일반,1,총괄표제부,0,구대장,경기도 수원시 장안구 서부로2106번길 10 (율전동),,,,,0,411114322097,13201,0,10,,0,461.96,0,1319.66,1025.64,0,04000,제2종근린생활시설,근린생활시설,0,1,2,0,0,0,0,0,0,0,0,0,0,0,19820323,,19820817,,,,,,0,,0,0,,0,,0,20230223
경기도 수원시 장안구 율전동 468번지,41111,13200,0,0468,0000,10841100174580,2,집합,1,총괄표제부,1,신대장,경기도 수원시 장안구 서부로 2065 (율전동),삼성아파트,,,,0,411113012005,13202,0,2065,,22176,3336.55,15.05,45484.08,37845.02,170.7,02000,공동주택,"아파트, 생활편익시설",364,0,7,6,8313,485,0,0,0,0,261,7639.06,224,2656,19960601,19960625,19980828,,,,,,0,,0,0,,0,,0,20220909
경기도 수원시 장안구 율전동 485번지,41111,13200,0,0485,0000,10841113,1,일반,1,총괄표제부,0,구대장,,,,,,0,,,0,,,0,81,0,81,81,0,01000,단독주택,단독주택,0,2,2,0,0,0,0,0,0,0,0,0,0,0,,,,,,,,,0,,0,0,,0,,0,20220909
경기도 수원시 장안구 율전동 495번지,41111,13200,0,0495,0000,10841100423389,1,일반,1,총괄표제부,1,신대장,경기도 수원시 장안구 서부로 2149 (율전동),성균관대역 역사,,,,5,411113012005,13202,0,2149,,9400,3367.54,35.82,9838.63,6557.95,69.77,08000,운수시설,"철도시설,판매시설",0,0,3,0,0,0,0,0,0,0,58,2699,0,0,,,,,,,,,0,,0,0,,0,,0,20220909
경기도 수원시 장안구 율전동 543번지,41111,13200,0,0543,0000,10841415,2,집합,1,총괄표제부,1,신대장,경기도 수원시 장안구 덕영대로407번길 63-27 (율전동),벽산블루밍아파트,,,,0,411114322076,13201,0,63,27,14491.5,2180.627,15.05,39474.615,33829.742,233.45,02000,공동주택,공동주택(아파트),318,0,4,6,5276.017,319,0,0,0,0,158,4632.562,161,1901.5,20020502,20020827,20050429,2002,3750028,건축과,2101,2101,0,,0,0,,0,,0,20220909
경기도 수원시 장안구 율전동 545번지,41111,13200,0,0545,0000,10841429,2,집합,1,총괄표제부,1,신대장,경기도 수원시 장안구 상률로12번길 28 (율전동),밤꽃마을주공아파트,,,,0,411114322094,13201,0,28,,18585.2,1945.206,10.47,31825.036,27626.721,148.65,02000,공동주택,공동주택(아파트),389,0,5,6,4283.251,394,0,0,0,0,160,3862.871,234,2731,19991230,20021118,20050908,1999,3750004,지적과,2101,2101,0,,0,0,,0,,0,20220909
경기도 수원시 장안구 율전동 546번지,41111,13200,0,0546,0000,10841431,2,집합,1,총괄표제부,1,신대장,경기도 수원시 장안구 상률로 32 (율전동),밤꽃마을뜨란채,,,,0,411113174004,13201,0,32,,50550.6,8063.807,15.95,124642.744,112261.753,222.08,02000,공동주택,공동주택(아파트),1078,0,14,14,12544.221,1087,0,0,0,0,476,11156.831,611,7191.5,19991230,20011031,20050913,1999,3750004,지적과,2101,2101,0,,0,0,,0,,0,20220909
경기도 수원시 장안구 율전동 560번지,41111,13200,0,0560,0000,10841100226063,2,집합,1,총괄표제부,1,신대장,경기도 수원시 장안구 덕영대로407번길 83 (율전동),서희스타힐스3단지,,,,1,411114322076,13201,0,83,0,6539.2,1583.0013,24.21,22153.8004,16157.5778,247.09,02000,공동주택,공동주택(아파트),180,0,3,4,5564.683,197,0,0,0,0,170,5254.7841,27,0,20050115,20081215,20101224,,,,,,12,,0,0,,0,,0,20220909
경기도 수원시 장안구 율전동 561번지,41111,13200,0,0561,0000,10841100247074,2,집합,1,총괄표제부,1,신대장,,성균관대역 서희스타힐스아파트 1단지,,,,0,,,0,,,6578,1593.4728,24.22,17463.4965,13103.5005,199.2,02000,공동주택,아파트,113,0,3,7,4205.7718,121,0,0,0,0,121,3769.6384,0,0,20070921,20071128,20111215,2007,3740058,건축과,2101,2101,0,,0,0,,0,,0,20260212
경기도 수원시 장안구 율전동 562번지,41111,13200,0,0562,0000,10841100247205,2,집합,1,총괄표제부,1,신대장,,성균관대역 서희스타힐스아파트 2단지,,,,0,,,0,,,4412,1253.6154,28.41,10953.8816,8164.0036,185.04,02000,공동주택,아파트,72,0,3,6,2714.287,77,0,0,0,0,76,2437.6147,1,52.1611,20080429,20071128,20111215,2007,3740058,건축과,2101,2101,0,,0,0,,0,,0,20220909
경기도 수원시 장안구 율전동 600번지,41111,13200,0,0600,0000,10841100388268,2,집합,1,총괄표제부,1,신대장,,성균관대역 동문 디 이스트,,,,0,,,0,0,0,33472,5928.2716,17.71,108648.7063,73234.0561,218.79,02000,공동주택,공동주택(아파트),699,0,8,6,34983.5245,837,0,0,0,0,830,31952.8907,7,0,20070921,20150319,20171207,2007,3740058,건축과,2101,2101,26,,0,0,,0,,0,20220909
경기도 수원시 장안구 천천동 30-1번지,41111,13300,0,0030,0001,1084133,1,일반,1,총괄표제부,1,신대장,경기도 수원시 장안구 상률로 106 (천천동),경기체육고등학교,,,,3,411113174004,13302,0,106,0,44010.8,9105.33,20.69,24258.72,21030.65,47.79,10000,교육연구시설,교육연구시설,0,0,6,4,304.78,81,0,0,0,0,0,0,81,931.5,,,,,,,,,0,,0,0,,0,,0,20220909
경기도 수원시 장안구 천천동 333번지,41111,13300,0,0333,0000,10841100203393,2,집합,1,총괄표제부,1,신대장,경기도 수원시 장안구 화산로 85 (천천동),화서역푸르지오더에듀포레,,,,0,411113176019,13302,0,85,0,130771,18612.526,14.23,451414.898,320982.463,245.45,02000,공동주택,아파트,2571,0,33,17,132104.208,4018,0,0,0,0,4012,0,6,0,20050403,20060327,20090116,2005,3740058,건축과,2101,2101,0,,0,68.2,,0,,0,20220909
경기도 수원시 장안구 천천동 363-2번지,41111,13300,0,0363,0002,10841422,1,일반,1,총괄표제부,1,신대장,경기도 수원시 장안구 일월로 72 (천천동),,,,,1,411113175040,13301,0,72,,534.3,72.25,13.52,72.25,72.25,13.52,20000,자동차관련시설,"자동차관련시설,세차장",0,0,2,0,0,0,0,0,0,0,0,0,0,0,,,,,,,,,0,,0,0,,0,,0,20220909
경기도 수원시 장안구 천천동 387-11번지,41111,13300,0,0387,0011,10841100253354,2,집합,1,총괄표제부,1,신대장,,,,,,0,,,0,,,0,0,0,0,0,0,,,,0,0,0,0,0,0,0,0,0,0,0,0,0,0,,,,,,,,,0,,0,0,,0,,0,20220909
경기도 수원시 장안구 천천동 430번지,41111,13300,0,0430,0000,10841100453031,1,일반,1,총괄표제부,1,신대장,경기도 수원시 장안구 일월로 61 (천천동),수원일월수목원,,,,72,411113175040,13301,0,61,,101500,4850.44,4.78,6348.41,4857.44,4.79,05000,문화및집회시설,문화및집회시설,0,0,2,2,388.56,134,0,0,0,0,0,0,134,0,20200917,20201109,20221205,,,,,,0,,0,0,,0,,0,20250917
경기도 수원시 장안구 천천동 482번지,41111,13300,0,0482,0000,10841134,2,집합,1,총괄표제부,1,신대장,경기도 수원시 장안구 정자로41번길 12 (천천동),비단마을 신명아파트,,,,0,411114322313,13301,0,12,,23394.2,4015.98,17.17,66502.015,51410.055,219.76,02000,공동주택,"공동주택(아파트), 근린생활시설",594,0,8,6,12183.04,612,0,0,0,0,378,11266,234,2691,,,,,,,,,37,,0,0,,0,,0,20220909
경기도 수원시 장안구 천천동 483번지,41111,13300,0,0483,0000,1000000000000002833275,1,일반,1,총괄표제부,1,신대장,경기도 수원시 장안구 천천로 126 (천천동),한국법무보호복지공단,,,,0,411113174014,13302,,126,,2362.2,472.05,19.98,1287.99,1153.35,48.83,32000,교정시설,교정시설,0,0,2,0,0,11,0,0,0,0,0,0,11,0,,,19980312,,,,,,0,,0,0,,0,,0,20231220
경기도 수원시 장안구 천천동 510번지,41111,13300,0,0510,0000,10841100476191,1,일반,1,총괄표제부,1,신대장,경기도 수원시 장안구 정자로42번길 61 (천천동),천천중학교,,,,0,411114322314,13301,0,61,0,12986.9,2927.02,22.53825,10716.39,10716.39,82.51692,10000,교육연구시설,중학교,0,0,2,2,89.92,54,0,0,0,0,0,0,54,621,20010411,20010425,20030212,,,,,,0,,0,0,,0,,0,20220909
경기도 수원시 장안구 천천동 511번지,41111,13300,0,0511,0000,10841135,2,집합,1,총괄표제부,1,신대장,경기도 수원시 장안구 정자로42번길 52 (천천동),비단마을 베스트타운,,,,0,411114322314,13301,0,52,0,51978.3,8326.7756,16.02,110777.9032,110777.9032,213.12,02000,공동주택,"공동주택(아파트), 생활편익시설",1032,0,13,11,38388.7699,1313,0,0,0,0,1100,36700.1899,213,0,,,,,,,,,0,,0,0,,0,,0,20220909
경기도 수원시 장안구 천천동 514번지,41111,13300,0,0514,0000,10841136,2,집합,1,총괄표제부,1,신대장,경기도 수원시 장안구 덕영대로535번길 67 (천천동),비단마을 영풍마드레빌,,,,0,411114322083,13301,0,67,,13861.2,3065.8238,22.11,32683.7322,30307.049,218.65,02000,공동주택,공동주택(아파트),212,0,4,4,6708.6928,376,0,0,0,0,226,6140.0758,150,0,,,,,,,,,0,,0,0,,0,,0,20220909
경기도 수원시 장안구 천천동 515번지,41111,13300,0,0515,0000,10841386,1,일반,1,총괄표제부,1,신대장,경기도 수원시 장안구 천천로 106 (천천동),주식회사현대북수원서비스,,,,0,411113174014,13302,0,106,,3600.4,1636.52,45.45,3774.59,3774.59,104.83,20000,자동차관련시설,정비공장,0,0,4,0,0,19,0,0,0,0,0,0,19,223.5,20020708,20021016,20021227,,,,,,0,,0,0,,0,,0,20220909
경기도 수원시 장안구 천천동 521번지,41111,13300,0,0521,0000,10841133,1,일반,1,총괄표제부,0,구대장,경기도 수원시 장안구 덕영대로 557 (천천동),,,,,0,411113012001,13303,0,557,,1410,474.99,33.69,652.02,652.02,46.24,19000,위험물저장및처리시설,"위험물저장 및 처리시설, 자동차관련시설, 근린생활시설",0,0,2,0,0,4,0,0,0,0,0,0,4,46,20000620,20000804,20001207,,,,,,0,,0,0,,0,,0,20220909
경기도 수원시 장안구 천천동 531번지,41111,13300,0,0531,0000,10841137,2,집합,1,총괄표제부,0,구대장,경기도 수원시 장안구 만석로 29 (천천동),비단마을현대성우.우방아파트,,,,0,411113174003,13302,0,29,0,34097.3,5716.232,16.76,78094.86,74495.304,220.06,02000,공동주택,"공동주택, 근린생활시설",501,0,7,11,15513.051,901,0,0,0,0,529,13142.524,372,4278,,,,,,,,,0,,0,0,,0,,0,20220909
경기도 수원시 장안구 천천동 544번지,41111,13300,0,0544,0000,10841138,2,집합,1,총괄표제부,0,구대장,경기도 수원시 장안구 화산로187번길 19 (천천동),천천 삼성래미안,,,,0,411114322422,13302,0,19,0,35682,5808.2,16.28,88627,88405.39,247.76,02000,공동주택,"공동주택(아파트), 근린생활시설",876,0,13,14,20344.848,909,0,0,0,0,640,19298.7,269,3233.5,,,,,,,,,0,,0,0,,0,,0,20220909
경기도 수원시 장안구 천천동 549-15번지,41111,13300,0,0549,0015,10841100240614,1,일반,1,총괄표제부,1,신대장,,,,,,0,,,0,,,1217.5,149.68,12.29,149.68,149.68,12.29,20000,자동차관련시설,"자동차관련시설,제1종근린생활시설",0,0,3,0,0,8,0,0,0,0,8,110,0,0,20110830,20110927,20111125,2011,3750028,건축과,1101,1101,0,,0,0,,0,,0,20220909
경기도 수원시 장안구 천천동 555번지,41111,13300,0,0555,0000,10841100210169,1,일반,1,총괄표제부,1,신대장,경기도 수원시 장안구 서부로2198번길 22 (천천동),영생고등학교,,,,0,411114322107,13301,0,22,0,21614,4399.98,20.04,13143.07,12879.07,59.32,10000,교육연구시설,교육연구시설,0,0,6,0,0,58,0,0,0,0,0,0,58,586.5,,,,,,,,,0,,0,0,,0,,0,20230905
경기도 수원시 장안구 천천동 559번지,41111,13300,0,0559,0000,10841114,1,일반,1,총괄표제부,0,구대장,경기도 수원시 장안구 서부로2178번길 12 (천천동),,,,,0,411114322104,13301,0,12,,471.04,191.61,40.68,191.61,191.61,40.68,20000,자동차관련시설,자동차관련시설,0,0,2,0,0,9,0,0,0,0,4,136.06,5,57.5,,,,,,,,,0,,0,0,,0,,0,20220909
경기도 수원시 장안구 천천동 563번지,41111,13300,0,0563,0000,10841129,2,집합,1,총괄표제부,1,신대장,경기도 수원시 장안구 하률로30번길 22 (천천동),"신안,한일아파트",,,,0,411114322416,13301,0,22,,27360.5,5199.05,19,75447.76,62159.8,227.19,02000,공동주택,"공동주택(아파트), 생활편익시설",456,0,7,5,11579.7,738,0,0,0,0,382,4393,356,4094,,,,,,,,,0,,0,0,,0,,0,20220909
경기도 수원시 장안구 천천동 565번지,41111,13300,0,0565,0000,10841130,2,집합,1,총괄표제부,1,신대장,경기도 수원시 장안구 하률로46번길 22 (천천동),삼호진덕아파트,,,,0,411114322417,13301,0,22,,26742.1,5931.759,22.18,78521.647,58721.427,219.58,02000,공동주택,"공동주택(아파트), 생활편익시설",789,0,14,7,16231.957,810,0,0,0,0,496,15060.6,314,3611,,,,,,,,,0,,0,0,,0,,0,20220909
경기도 수원시 장안구 천천동 566번지,41111,13300,0,0566,0000,10841131,2,집합,1,총괄표제부,1,신대장,경기도 수원시 장안구 하률로46번길 17 (천천동),현대아파트,,,,0,411114322417,13301,0,17,,19642,4178.032,22.97,45815.43,45815.43,219.13,02000,공동주택,"공동주택, 생활편익시설",605,0,8,5,13784.21,604,0,0,0,0,436,12930.07,168,1932,,,,,,,,,0,,0,0,,0,,0,20220909
경기도 수원시 장안구 천천동 569번지,41111,13300,0,0569,0000,10841132,2,집합,1,총괄표제부,1,신대장,경기도 수원시 장안구 정자로19번길 18 (천천동),천천일성아파트,,,,0,411114322302,13301,0,18,,18659,3802.774,20.38,47229.74,40255.61,215.74,02000,공동주택,"공동주택(아파트), 생활편익시설",401,0,5,5,4454.2,406,0,0,0,0,154,0,252,0,19950428,19950519,19970930,,,,,,0,,0,0,,0,,0,20241209
경기도 수원시 장안구 천천동 570번지,41111,13300,0,0570,0000,1000000000000005598228,1,일반,1,총괄표제부,1,신대장,경기도 수원시 장안구 정자로19번길 13 (천천동),천일초등학교,,,,0,411114322302,13301,0,13,0,11402.9,2687.6,23.57,9717,9375.87,82.22,10000,교육연구시설,초등학교,0,0,2,0,0,52,0,0,0,0,0,0,0,0,,,,,,,,,0,,0,0,,0,,0,20250429
경기도 수원시 장안구 천천동 575-5번지,41111,13300,0,0575,0005,1000000000000006746177,1,일반,1,총괄표제부,1,신대장,경기도 수원시 장안구 서부로 2166 (천천동),,,,,0,411113012005,13303,0,2166,,4692.9,1857.81,39.59,6663.92,4701.71,100.18,14000,업무시설,업무시설(공공업무시설),0,0,2,0,0,0,0,0,0,0,0,0,0,0,,,,,,,,,0,,0,0,,0,,0,20251124
경기도 수원시 장안구 천천동 585번지,41111,13300,0,0585,0000,10841100259580,1,일반,1,총괄표제부,1,신대장,,성균관대학교 자연과학캠퍼스,,,,8,,,0,0,0,492752,93666.04,19.01,422814.97,352597.82,71.56,10000,교육연구시설,교육연구시설,0,0,39,1,3003.94,2030,0,0,0,0,525,0,1446,0,,,,,,,,,0,,0,0,,0,,0,20251031
경기도 수원시 장안구 영화동 15-5번지,41111,13400,0,0015,0005,10841100395129,1,일반,1,총괄표제부,1,신대장,경기도 수원시 장안구 조원로 8 (영화동),경기남부보훈지청,,,,0,411113174012,13401,0,8,,9597,928.38,9.67,2712.86,2563.16,26.71,14000,업무시설,공공업무시설,0,0,2,0,0,73,0,0,0,0,0,0,70,0,,,,,,,,,0,,0,0,,0,,0,20220909
경기도 수원시 장안구 영화동 31번지,41111,13400,0,0031,0000,10841190,2,집합,1,총괄표제부,0,구대장,경기도 수원시 장안구 광교산로 36 (영화동),삼원아파트,,,,0,411113174001,13401,0,36,,0,776.04,0,5124.08,4656.24,0,02000,공동주택,아파트,60,0,2,1,4.8,0,0,0,0,0,0,0,0,0,19850920,,19860420,,,,,,0,,0,0,,0,,0,20220909
경기도 수원시 장안구 영화동 33-1번지,41111,13400,0,0033,0001,10841159,1,일반,1,총괄표제부,1,신대장,,,,,,1,,,0,0,0,6151,1523.04,24.76,3328.17,2797.99,45.49,11000,노유자시설,"교육연구및복지시설, 근린생활시설,노유자시설",0,0,3,1,60.18,17,0,0,0,0,0,0,17,200.5,,,,,,,,,0,,0,0,,0,,0,20220909
경기도 수원시 장안구 영화동 37-4번지,41111,13400,0,0037,0004,10841160,1,일반,1,총괄표제부,0,구대장,,,,,,0,,,0,0,0,440,69.88,15.881818,69.88,69.88,15.881818,03000,제1종근린생활시설,근린생활시설,0,0,2,0,0,0,0,0,0,0,0,0,0,0,,,,,,,,,0,,0,0,,0,,0,20220909
경기도 수원시 장안구 영화동 37-31번지,41111,13400,0,0037,0031,10841191,2,집합,1,총괄표제부,1,신대장,경기도 수원시 장안구 수원천로 461 (영화동),입지빌라,,,,0,411113175035,13401,0,461,,423,180.14,42.58,682.46,554.19,131.01,02000,공동주택,"다세대주택, 근린생활시설",10,0,2,0,0,7,0,0,0,0,0,0,7,80.5,,,,,,,,,0,,0,0,,0,,0,20220909
경기도 수원시 장안구 영화동 37-36번지,41111,13400,0,0037,0036,10841100338260,1,일반,1,총괄표제부,1,신대장,,,,,,0,,,0,,,332,163.3,49.19,360.8,312.2,94.04,01000,단독주택,"단독주택, 근린생활시설(사무소)",0,4,2,0,0,1,0,0,0,0,0,0,1,0,20150729,20150810,20151210,2015,3750028,건축과,1102,1102,0,,0,0,,0,,0,20220909
경기도 수원시 장안구 영화동 37-113번지,41111,13400,0,0037,0113,10841161,1,일반,1,총괄표제부,1,신대장,경기도 수원시 장안구 경수대로 771 (영화동),영화동상가,,,,0,411112012008,13403,0,771,,722,292.68,40.54,1048.06,837,115.93,04000,제2종근린생활시설,"근린생활시설, 위험물저장및 처리시설",0,0,2,0,0,0,0,0,0,0,0,0,7,80.5,19900912,,19911011,,,,,,0,,0,0,,0,,0,20220909
경기도 수원시 장안구 영화동 45번지,41111,13400,0,0045,0000,10841162,1,일반,1,총괄표제부,1,신대장,경기도 수원시 장안구 광교산로 13 (영화동),수원농생명과학고,,,,19,411113174001,13401,0,13,,75864,12265.08,16.17,24788.4,23563.89,31.06,10000,교육연구시설,교육연구시설,0,0,23,0,0,89,0,0,0,0,0,0,89,3204,,,,,,,,,0,,0,0,,0,,0,20250206
경기도 수원시 장안구 영화동 55번지,41111,13400,0,0055,0000,10841100196945,1,일반,1,총괄표제부,1,신대장,경기도 수원시 장안구 광교산로 37 (영화동),수원북중학교,,,,8,411113174001,13401,0,37,,34260,4546.9,13.27,11931.85,11931.85,34.83,10000,교육연구시설,중학교,0,0,11,0,0,43,0,0,0,0,0,0,43,540.5,,,,,,,,,0,,0,0,,0,,0,20250721
경기도 수원시 장안구 영화동 66-3번지,41111,13400,0,0066,0003,10841100314542,1,일반,1,총괄표제부,1,신대장,,베트맨주유소,,,,0,,,0,,,2204,619.05,28.09,730.67,702.46,31.87,19000,위험물저장및처리시설,주유소,0,0,2,0,0,4,0,0,0,0,0,0,4,46,20140805,20140822,20141211,2014,3750028,건축과,1102,1102,0,,0,0,,0,,0,20250911
경기도 수원시 장안구 영화동 98-2번지,41111,13400,0,0098,0002,10841100418496,2,집합,1,총괄표제부,1,신대장,경기도 수원시 장안구 수성로402번길 31 (영화동),드라곤빌,,,,0,411114322165,13401,0,31,,1120,599.89,53.56,1976.79,1976.79,176.5,02000,공동주택,도시형생활주택-단지형다세대주택,31,0,3,0,0,31,0,0,0,0,18,207.7,13,141.4,20180214,20180220,20181115,2018,3750028,건축과,1101,1101,0,,0,0,,0,,0,20220909
경기도 수원시 장안구 영화동 116번지,41111,13400,0,0116,0000,10841164,1,일반,1,총괄표제부,0,구대장,,,,,,0,,,0,,,0,102.98,0,102.98,102.98,0,01000,단독주택,단독주택,0,2,2,0,0,0,0,0,0,0,0,0,0,0,,,,,,,,,0,,0,0,,0,,0,20220909
경기도 수원시 장안구 영화동 117-21번지,41111,13400,0,0117,0021,10841100277008,1,일반,1,총괄표제부,1,신대장,,기독교대한감리회영화교회,,,,1,,,0,,,1984,986.34,49.71,3981.58,3190.97,160.84,06000,종교시설,종교시설,0,0,2,0,0,20,0,0,0,0,20,230,0,0,,20121015,,,3750028,건축과,1102,1102,0,,0,0,,0,,0,20220909
경기도 수원시 장안구 영화동 119-1번지,41111,13400,0,0119,0001,10841192,2,집합,1,총괄표제부,1,신대장,경기도 수원시 장안구 팔달로316번길 21 (영화동),부강주택,,,,0,411114322411,13401,0,21,,472,167.86,35.56,658.32,493.74,104.61,02000,공동주택,다세대주택,16,0,2,0,0,0,0,0,0,0,0,0,0,0,,,,,,,,,0,,0,0,,0,,0,20220909
경기도 수원시 장안구 영화동 124-25번지,41111,13400,0,0124,0025,10841417,1,일반,1,총괄표제부,1,신대장,,,,,,0,,,0,,,0,81.98,0,81.98,81.98,0,01000,단독주택,,0,2,2,0,0,0,0,0,0,0,0,0,0,0,,,,,,,,,0,,0,0,,0,,0,20220909
경기도 수원시 장안구 영화동 125-35번지,41111,13400,0,0125,0035,10841100481511,1,일반,1,총괄표제부,1,신대장,경기도 수원시 장안구 수원천로407번길 28-19 (영화동),하우스 듀오,,,,0,411114322170,13401,0,28,19,148.62,73.27,49.3,179.1,145.18,97.69,01000,단독주택,다가구주택,0,2,2,0,0,2,0,0,0,0,2,33.92,0,0,20210629,20210906,20220316,2021,3750028,건축과,1101,1101,0,,0,0,,0,,0,20220909
경기도 수원시 장안구 영화동 127-39번지,41111,13400,0,0127,0039,10841168,1,일반,1,총괄표제부,0,구대장,경기도 수원시 장안구 팔달로 298 (영화동),,,,,0,411113176014,13401,0,298,,278,203.89,73.34,892.25,667.35,240.05,04000,제2종근린생활시설,"근린생활시설, 단독주택",0,2,2,0,0,0,0,0,0,0,0,0,0,0,,,,,,,,,0,,0,0,,0,,0,20220909
경기도 수원시 장안구 영화동 146번지,41111,13400,0,0146,0000,10841171,1,일반,1,총괄표제부,0,구대장,,,,,,0,,,0,,,0,133.92,0,133.92,133.92,0,01000,단독주택,"단독주택, 근린생활시설",0,3,5,0,0,0,0,0,0,0,0,0,0,0,,,,,,,,,0,,0,0,,0,,0,20220909
경기도 수원시 장안구 영화동 152번지,41111,13400,0,0152,0000,10841100410449,2,집합,1,총괄표제부,1,신대장,,퀸즈하임,,,,0,,,0,,,752,427.4,56.84,1363.36,1363.36,181.29,02000,공동주택,"공동주택, 제2종근린생활시설",24,0,2,0,0,24,0,0,0,0,0,0,24,272.4,20170907,20170918,20180723,2017,3750028,건축과,1101,1101,0,,0,0,,0,,0,20220909
경기도 수원시 장안구 영화동 168-2번지,41111,13400,0,0168,0002,10841100410957,2,집합,1,총괄표제부,1,신대장,,현대빌라,,,,0,,,0,,,854,418.32,48.98,1372.15,1372.15,160.67,02000,공동주택,"도시형생활주택(단지형다세대 24세대),제1종근린생활시설(소매점)",24,0,2,0,0,24,0,0,0,0,0,0,24,271.6,20171208,20171219,20180731,2017,3750028,건축과,1101,1101,1,,0,0,,0,,0,20220909
경기도 수원시 장안구 영화동 168-40번지,41111,13400,0,0168,0040,10841100410929,2,집합,1,총괄표제부,1,신대장,,현대빌라,,,,0,,,0,,,950,427.22,44.97,1379.97,1379.97,145.26,02000,공동주택,"도시형생활주택(단지형다세대),제1종근린생활시설(소매점)",24,0,2,0,0,25,0,0,0,0,0,0,25,287.5,20171208,20171219,20180731,2017,3750028,건축과,1101,1101,1,,0,0,,0,,0,20220909
경기도 수원시 장안구 영화동 184-1번지,41111,13400,0,0184,0001,10841410,1,일반,1,총괄표제부,1,신대장,경기도 수원시 장안구 정조로934번길 52-8 (영화동),,,,,0,411114322333,13401,0,52,8,575,344.86,59.98,728.79,620.8,107.97,04000,제2종근린생활시설,"제2종근린생활시설,다가구주택,제1종근린생활시설",0,1,2,0,0,0,0,0,0,0,0,0,0,0,,,,,,,,,0,,0,0,,0,,0,20220909
경기도 수원시 장안구 영화동 185-3번지,41111,13400,0,0185,0003,10841193,2,집합,1,총괄표제부,1,신대장,경기도 수원시 장안구 정조로934번길 52-5 (영화동),거북빌라,,,,0,411114322333,13401,0,52,5,0,201.96,0,651.38,600.48,0,02000,공동주택,다세대주택,12,0,2,0,0,0,0,0,0,0,0,0,0,0,,,,,,,,,0,,0,0,,0,,0,20220909
경기도 수원시 장안구 영화동 253번지,41111,13400,0,0253,0000,10841194,2,집합,1,총괄표제부,1,신대장,경기도 수원시 장안구 수성로370번길 17-11 (영화동),정훈빌라,,,,1,411114322161,13401,0,17,11,536,255.05,47.58,980.64,980.64,182.96,02000,공동주택,공동주택(다세대주택),12,0,2,0,0,8,0,0,0,0,2,62.14,6,69,,,,,,,,,0,,0,0,,0,,0,20220909
경기도 수원시 장안구 영화동 263-7번지,41111,13400,0,0263,0007,10841173,1,일반,1,총괄표제부,1,신대장,,,,,,0,,,0,,,816,306.67,37.58,541.65,435.07,53.32,01000,단독주택,"단독주택, 제2종근린생활시설, 자동차관련시설",0,1,2,2,37,0,0,0,0,0,0,0,0,0,,,,,,,,,0,,0,0,,0,,0,20220909
경기도 수원시 장안구 영화동 273-3번지,41111,13400,0,0273,0003,10841100346160,2,집합,1,총괄표제부,1,신대장,,,,,,0,,,0,,,657.9,458.52,69.69,1886.96,1886.96,286.82,02000,공동주택,다세대주택,16,0,2,0,0,22,0,0,0,0,22,253,0,0,20150727,20150824,20160617,2015,3740282,건축과,1101,1101,0,,0,0,,0,,0,20220909
경기도 수원시 장안구 영화동 279-1번지,41111,13400,0,0279,0001,10841174,1,일반,1,총괄표제부,0,구대장,경기도 수원시 장안구 팔달로279번길 13 (영화동),,,,,0,411114322405,13401,0,13,0,235.7,129.82,55.08,129.82,129.82,55.08,01000,단독주택,"단독주택, 제2종근린생활시설",0,1,2,0,0,0,0,0,0,0,0,0,0,0,,,,,,,,,0,,0,0,,0,,0,20220909
경기도 수원시 장안구 영화동 292-8번지,41111,13400,0,0292,0008,10841175,1,일반,1,총괄표제부,0,구대장,경기도 수원시 장안구 수성로382번길 38-6 (영화동),,,,,0,411114322163,13401,0,38,6,208,68.43,32.9,68.43,68.43,32.9,01000,단독주택,단독주택,0,2,2,0,0,0,0,0,0,0,0,0,0,0,,,,,,,,,0,,0,0,,0,,0,20220909
경기도 수원시 장안구 영화동 292-33번지,41111,13400,0,0292,0033,10841100478591,1,일반,1,총괄표제부,1,신대장,경기도 수원시 장안구 수성로382번길 38-2 (영화동),영화동 292-33 단독주택 (홍순일),,,,0,411114322163,13401,0,38,2,167,94.23,56.43,152.62,152.62,91.39,01000,단독주택,"단독주택, 제1종근린생활시설",1,0,2,0,0,0,0,0,0,0,0,0,0,0,20200807,,20220207,2020,3750028,건축과,1202,1202,0,,0,0,,0,,0,20220909
경기도 수원시 장안구 영화동 300-4번지,41111,13400,0,0300,0004,1000000000000003479724,1,일반,1,총괄표제부,1,신대장,경기도 수원시 장안구 수성로364번길 24 (영화동),,,,,0,411114322160,13401,0,24,,479,229.74,47.96,229.74,229.74,47.96,03000,제1종근린생활시설,"제1종근린생활시설(소매점),자동차관련시설(세차장)",0,0,2,0,0,4,0,0,0,0,0,0,2,25,,,,,,,,,2,,0,0,,0,,0,20240403
경기도 수원시 장안구 영화동 311-14번지,41111,13400,0,0311,0014,1000000000000001843662,1,일반,1,총괄표제부,1,신대장,,가동,,,,0,,,,,,1267.6,599.82,47.32,2720.27,2228.66,175.82,04000,제2종근린생활시설,"근린생활시설, 숙박시설, 위락시설,판매시설",0,0,2,0,0,15,0,0,0,0,0,0,15,172.5,20181206,20190228,20230406,2018,3740282,건축과,1107,1107,0,,0,0,,0,,0,20250325
경기도 수원시 장안구 영화동 326-5번지,41111,13400,0,0326,0005,10841439,1,일반,1,총괄표제부,1,신대장,경기도 수원시 장안구 팔달로259번길 16 (영화동),,,,,0,411114322403,13401,0,16,,580,228.91,39.47,834.16,629.73,108.57,15000,숙박시설,"숙박시설,위락시설,제2종근린생활시설,판매시설",0,0,2,0,0,5,0,0,0,0,0,0,5,57.5,19780429,,19781104,1978,3750028,건축과,1101,1101,0,,0,0,,0,,0,20220909
경기도 수원시 장안구 영화동 332-8번지,41111,13400,0,0332,0008,10841176,1,일반,1,총괄표제부,0,구대장,경기도 수원시 장안구 정조로921번길 25 (영화동),,,,,0,411114322330,13401,0,25,,519,233.46,44.98,502.74,402.12,77.48,03000,제1종근린생활시설,"근린생활시설, 단독주택",0,1,2,0,0,0,0,0,0,0,0,0,0,0,,,,,,,,,0,,0,0,,0,,0,20220909
경기도 수원시 장안구 영화동 339-1번지,41111,13400,0,0339,0001,10841195,2,집합,1,총괄표제부,0,구대장,경기도 수원시 장안구 팔달로247번길 42 (영화동),동양연립,,,,0,411114322402,13401,0,42,,0,664.13,0,1561.52,1328.26,0,02000,공동주택,연립주택,24,0,2,0,0,0,0,0,0,0,0,0,0,0,,,,,,,,,0,,0,0,,0,,0,20220909
경기도 수원시 장안구 영화동 340-5번지,41111,13400,0,0340,0005,10841178,1,일반,1,총괄표제부,0,구대장,경기도 수원시 장안구 정조로933번길 24-5 (영화동),,,,,0,411114322332,13401,0,24,5,165.3,68.47,41.42,108.17,108.17,65.44,01000,단독주택,단독주택,0,2,2,0,0,0,0,0,0,0,0,0,0,0,,,,,,,,,0,,0,0,,0,,0,20220909
경기도 수원시 장안구 영화동 340-9번지,41111,13400,0,0340,0009,1084122,1,일반,1,총괄표제부,1,신대장,,,,,,0,,,0,,,0,286.22,0,644.98,544.18,0,03000,제1종근린생활시설,단독주택 외 2,0,1,3,0,0,0,0,0,0,0,0,0,0,0,19700630,,19721101,,,,,,0,,0,0,,0,,0,20220909
경기도 수원시 장안구 영화동 341-5번지,41111,13400,0,0341,0005,10841179,1,일반,1,총괄표제부,0,구대장,경기도 수원시 장안구 수성로340번길 49-2 (영화동),,,,,0,411114322156,13401,0,49,2,198.7,115.74,58.25,165.06,154.25,77.63,01000,단독주택,"단독주택, 제1종근린생활시설",0,1,2,0,0,0,0,0,0,0,0,0,0,0,,,,,,,,,0,,0,0,,0,,0,20220909
경기도 수원시 장안구 영화동 342-4번지,41111,13400,0,0342,0004,10841100324491,2,집합,1,총괄표제부,1,신대장,,,,,,1,,,0,,,703.1,368.88,52.47,1134.47,1134.47,161.35,02000,공동주택,공동주택(도시형생활주택-단지형다세대),15,0,2,0,0,15,0,0,0,0,15,173.2,0,0,20140804,20140821,20150706,2014,3750028,건축과,1101,1101,0,,0,0,,0,,0,20220909
경기도 수원시 장안구 영화동 342-12번지,41111,13400,0,0342,0012,10841180,1,일반,1,총괄표제부,0,구대장,경기도 수원시 장안구 수성로340번길 49-5 (영화동),,,,,0,411114322156,13401,0,49,5,329.5,197.08,59.81,477.22,458.11,139.03,01000,단독주택,단독주택,0,12,2,0,0,4,0,0,0,0,0,0,4,47,,,,,,,,,0,,0,0,,0,,0,20220909
경기도 수원시 장안구 영화동 345-3번지,41111,13400,0,0345,0003,10841100357965,1,일반,1,총괄표제부,1,신대장,,,,,,0,,,0,0,0,331.2,125.85,37.998188,125.85,125.85,37.998188,01000,단독주택,단독주택 및 제1종근생(소매점),0,1,2,0,0,0,0,0,0,0,0,0,0,0,19731121,,19740511,,,,,,1,,0,0,,0,,0,20220909
경기도 수원시 장안구 영화동 362-4번지,41111,13400,0,0362,0004,10841182,1,일반,1,총괄표제부,0,구대장,경기도 수원시 장안구 영화로14번길 24 (영화동),,,,,0,411114322204,13401,0,24,0,498.5,255.2,51.19,680.8,680.8,136.57,01000,단독주택,"단독주택(19가구), 제2종근린생활시설",0,19,2,0,0,6,0,0,0,0,0,0,6,69,,,,,,,,,0,,0,0,,0,,0,20220909
경기도 수원시 장안구 영화동 376-11번지,41111,13400,0,0376,0011,10841183,1,일반,1,총괄표제부,0,구대장,경기도 수원시 장안구 장안로7번길 19 (영화동),,,,,0,411114322287,13401,0,19,,218,215.39,98.8,316.05,238.52,109.41,01000,단독주택,"단독주택, 제1종근린생활시설",0,0,5,0,0,0,0,0,0,0,0,0,0,0,,,,,,,,,0,,0,0,,0,,0,20220909
경기도 수원시 장안구 영화동 387-10번지,41111,13400,0,0387,0010,10841184,1,일반,1,총괄표제부,0,구대장,경기도 수원시 장안구 영화로 57 (영화동),,,,,0,411113174009,13402,0,57,0,400.9,132.82,33.13,230.47,212.09,52.9,01000,단독주택,"단독주택, 제1종근린생활시설",0,3,2,0,0,0,0,0,0,0,0,0,0,0,,,,,,,,,0,,0,0,,0,,0,20220909
경기도 수원시 장안구 영화동 391-7번지,41111,13400,0,0391,0007,10841196,2,집합,1,총괄표제부,1,신대장,경기도 수원시 장안구 장안로64번길 34 (영화동),영광빌라,,,,0,411114322284,13401,0,34,,399.8,173.88,43.49,659.04,494.28,123.63,02000,공동주택,다세대주택,16,0,2,0,0,0,0,0,0,0,0,0,0,0,,,,,,,,,0,,0,0,,0,,0,20220909
경기도 수원시 장안구 영화동 391-32번지,41111,13400,0,0391,0032,10841227,2,집합,1,총괄표제부,1,신대장,경기도 수원시 장안구 장안로54번길 21-13 (영화동),영화빌라,,,,0,411114322281,13401,0,21,13,382.3,183.15,47.91,895.95,716.76,187.49,02000,공동주택,공동주택(다세대주택),15,0,2,0,0,6,0,0,0,0,0,0,6,79.35,,,,,,,,,0,,0,0,,0,,0,20220909
경기도 수원시 장안구 영화동 391-46번지,41111,13400,0,0391,0046,10841228,2,집합,1,총괄표제부,1,신대장,경기도 수원시 장안구 장안로64번길 36 (영화동),영광연립,,,,0,411114322284,13401,0,36,,378.6,173.88,45.93,659.04,494.28,130.55,02000,공동주택,공동주택(다세대주택),16,0,2,0,0,0,0,0,0,0,0,0,0,0,,,,,,,,,0,,0,0,,0,,0,20220909
경기도 수원시 장안구 영화동 391-47번지,41111,13400,0,0391,0047,10841229,2,집합,1,총괄표제부,1,신대장,경기도 수원시 장안구 장안로64번길 38 (영화동),영광다세대,,,,0,411114322284,13401,0,38,,308.5,170.01,55.11,655.08,491.31,159.26,02000,공동주택,공동주택(다세대주택),16,0,2,0,0,0,0,0,0,0,0,0,0,0,,,,,,,,,0,,0,0,,0,,0,20220909
경기도 수원시 장안구 영화동 394-3번지,41111,13400,0,0394,0003,10841185,1,일반,1,총괄표제부,0,구대장,경기도 수원시 장안구 수성로 280 (영화동),,,,,0,411113175034,13402,0,280,,284.4,174.9,61.5,451.34,451.34,158.7,04000,제2종근린생활시설,"근린생활시설, 단독주택",0,0,2,0,0,0,0,0,0,0,0,0,0,0,,,,,,,,,0,,0,0,,0,,0,20220909
경기도 수원시 장안구 영화동 395-3번지,41111,13400,0,0395,0003,10841100470192,2,집합,1,총괄표제부,1,신대장,경기도 수원시 장안구 장안로63번길 3 (영화동),Y.H 베스티아 Ⅱ,,,,0,411114322283,13401,0,3,0,602.5,344.55,57.19,1204.82,1204.82,199.97,02000,공동주택,도시형생활주택(다세대주택),16,0,2,0,0,16,0,0,0,0,16,310.47,0,0,20210120,20210205,20210817,2021,3750028,건축과,1101,1101,0,,0,0,,0,,0,20220909
경기도 수원시 장안구 영화동 405-3번지,41111,13400,0,0405,0003,10841230,2,집합,1,총괄표제부,0,구대장,경기도 수원시 장안구 장안로54번길 28-4 (영화동),수정아파트,,,,0,411114322281,13401,0,28,4,0,933.12,0,5553.36,4665.6,0,02000,공동주택,아파트,60,0,2,2,16.2,0,0,0,0,0,0,0,0,0,,,,,,,,,0,,0,0,,0,,0,20220909
경기도 수원시 장안구 영화동 409-10번지,41111,13400,0,0409,0010,10841231,2,집합,1,총괄표제부,1,신대장,,명륜빌라,,,,0,,,0,,,462,204.4,44.24,897.24,794.56,171.98,02000,공동주택,다세대주택,18,0,2,0,0,6,0,0,0,0,0,0,6,75.9,,,,,,,,,0,,0,0,,0,,0,20220909
경기도 수원시 장안구 영화동 416-2번지,41111,13400,0,0416,0002,10841232,2,집합,1,총괄표제부,1,신대장,,삼원주택,,,,0,,,0,,,0,531.7,0,1595.1,1595.1,0,02000,공동주택,연립주택,18,0,3,0,0,0,0,0,0,0,0,0,0,0,,,,,,,,,0,,0,0,,0,,0,20220909
경기도 수원시 장안구 영화동 416-12번지,41111,13400,0,0416,0012,10841233,2,집합,1,총괄표제부,1,신대장,경기도 수원시 장안구 영화로 33 (영화동),은행빌라,,,,0,411113174009,13402,0,33,0,288.8,168.56,58.37,659.12,502.08,173.85,02000,공동주택,공동주택(다세대주택),16,0,2,0,0,0,0,0,0,0,0,0,0,0,,,,,,,,,0,,0,0,,0,,0,20220909
경기도 수원시 장안구 영화동 416-14번지,41111,13400,0,0416,0014,10841234,2,집합,1,총괄표제부,1,신대장,경기도 수원시 장안구 영화로 31 (영화동),은행빌라,,,,0,411113174009,13402,0,31,0,326.2,164.8,50.52,659.2,494.4,151.56,02000,공동주택,공동주택(다세대주택),16,0,2,0,0,0,0,0,0,0,0,0,0,0,,,,,,,,,0,,0,0,,0,,0,20220909
경기도 수원시 장안구 영화동 419-16번지,41111,13400,0,0419,0016,10841100260454,1,일반,1,총괄표제부,1,신대장,,,,,,0,,,0,,,812.1,484.2,59.62,510,510,62.8,03000,제1종근린생활시설,제1종근생(소매점)/제2종근생(사무소외1),0,0,2,0,0,3,0,0,0,0,3,34.5,0,0,20040426,20040506,20040617,,,,,,0,,0,0,,0,,0,20220909
경기도 수원시 장안구 영화동 422-31번지,41111,13400,0,0422,0031,10841186,1,일반,1,총괄표제부,0,구대장,경기도 수원시 장안구 장안로 33 (영화동),,,,,0,411113176011,13405,0,33,0,188.4,106.65,56.61,106.65,106.65,56.61,01000,단독주택,"단독주택,제1종근린생활시설",0,1,2,1,8.79,0,0,0,0,0,0,0,0,0,,,,,,,,,0,,0,0,,0,,0,20220909
경기도 수원시 장안구 영화동 426-3번지,41111,13400,0,0426,0003,10841100322277,2,집합,1,총괄표제부,1,신대장,,해가든다원,,,,0,,,0,,,733.9,371.85,50.67,1119.01,1119.01,152.47,02000,공동주택,"도시형생활주택-단지형다세대, 제1종근생(소매점)",17,0,2,0,0,17,0,0,0,0,0,0,17,196.2,20141016,20141024,20150507,2014,3750028,건축과,1101,1101,0,,0,0,,0,,0,20220909
경기도 수원시 장안구 영화동 427-2번지,41111,13400,0,0427,0002,10841100300827,2,집합,1,총괄표제부,1,신대장,,주민맨션,,,,0,,,0,,,490.6,256.16,52.21,824.15,824.15,167.99,02000,공동주택,다세대주택 도시형생활주택(11세대),11,0,2,0,0,11,0,0,0,0,0,0,11,131.5,20130903,20130926,20140331,2013,3750028,건축과,1101,1101,0,,0,0,,0,,0,20220909
경기도 수원시 장안구 영화동 430-1번지,41111,13400,0,0430,0001,10841235,2,집합,1,총괄표제부,0,구대장,경기도 수원시 장안구 영화로 19 (영화동),경원아파트,,,,0,411113174009,13402,0,19,,0,1038.38,0,5350.38,5191.9,0,02000,공동주택,아파트,90,0,3,1,7.54,0,0,0,0,0,0,0,0,0,19820616,,19821203,,,,,,0,,0,0,,0,,0,20220909
경기도 수원시 장안구 영화동 431-1번지,41111,13400,0,0431,0001,10841400,1,일반,1,총괄표제부,1,신대장,경기도 수원시 장안구 영화로26번길 8 (영화동),,,,,0,411114322206,13401,0,8,,246.3,147.36,59.83,639.84,516.72,209.79,03000,제1종근린생활시설,"근린생활시설, 단독주택, 교육연구및복지시설",0,1,2,0,0,0,0,0,0,0,0,0,0,0,19850402,,19850718,,,,,,0,,0,0,,0,,0,20220909
경기도 수원시 장안구 영화동 435-6번지,41111,13400,0,0435,0006,10841188,1,일반,1,총괄표제부,1,신대장,경기도 수원시 장안구 팔달로 241 (영화동),,,,,0,411113176014,13401,0,241,,654.1,194.32,29.71,194.32,194.32,29.71,03000,제1종근린생활시설,제1종근린생활시설,0,0,2,0,0,0,0,0,0,0,0,0,0,0,,,,,,,,,0,,0,0,,0,,0,20220909
경기도 수원시 장안구 영화동 443-3번지,41111,13400,0,0443,0003,10841189,1,일반,1,총괄표제부,1,신대장,경기도 수원시 장안구 팔달로 205 (영화동),,,,,0,411113176014,13401,0,205,,2183.4,1024.97,46.94,2830.52,2228.67,102.07,14000,업무시설,"업무시설,제2종근린생활시설",0,0,2,0,0,30,0,0,0,0,0,0,30,345,,,,,,,,,0,,0,0,,0,,0,20220909
경기도 수원시 장안구 영화동 445-1번지,41111,13400,0,0445,0001,10841100389248,2,집합,1,총괄표제부,1,신대장,,대명하이빌,,,,0,,,0,0,0,952.4,478.08,50.2,4546.48,3809.44,399.98,14000,업무시설,"업무시설(오피스텔), 다세대주택, 근린생활시설",16,0,2,0,0,41,0,0,0,0,33,372.75,8,92,20161004,20170206,20171219,2016,3740282,건축과,1101,1101,0,,0,0,,0,,0,20220909
경기도 수원시 장안구 영화동 448-15번지,41111,13400,0,0448,0015,1084140,1,일반,1,총괄표제부,1,신대장,,,,,,0,,,0,,,508.8,283.23,55.67,599.1,511.78,100.59,04000,제2종근린생활시설,제1종근린생활시설 외 2,0,1,2,1,1.29,0,0,0,0,0,0,0,0,0,19780307,,19781026,,,,,,0,,0,0,,0,,0,20220909
경기도 수원시 장안구 영화동 450-14번지,41111,13400,0,0450,0014,10841100439151,2,집합,1,총괄표제부,1,신대장,,YH베스티아,,,,0,,,0,0,0,980.9,574.36,58.55,1957.38,1957.38,199.55,02000,공동주택,도시형생활주택 (단지형다세대주택),30,0,3,0,0,30,0,0,0,0,25,0,5,0,20181026,20181101,20191014,2018,3750028,건축과,1101,1101,0,,0,0,,0,,0,20220909
경기도 수원시 장안구 송죽동 8-1번지,41111,13500,0,0008,0001,1000000000000005449506,1,일반,1,총괄표제부,1,신대장,경기도 수원시 장안구 수일로123번길 138 (송죽동),송죽동 8-1  파인스골프연습장,,,,4,411114322183,13501,0,138,0,8200,1269.69,15.48,4649.01,2437.3,29.72,13000,운동시설,제2종근린생활시설,0,0,2,0,0,90,0,0,0,0,24,1086.14,66,759,,,,,,,,,0,,0,0,,0,,0,20250401
경기도 수원시 장안구 송죽동 52-1번지,41111,13500,0,0052,0001,10841283,2,집합,1,총괄표제부,1,신대장,경기도 수원시 장안구 수일로107번길 44 (송죽동),동호빌라,,,,0,411114322179,13501,0,44,0,694,295.68,42.61,1134.36,1002.78,144.49,02000,공동주택,다세대주택,19,0,2,0,0,0,0,0,0,0,0,0,12,138,19960328,19960401,19961106,,,,,,0,,0,0,,0,,0,20220909
경기도 수원시 장안구 송죽동 52-15번지,41111,13500,0,0052,0015,10841100208899,1,일반,1,총괄표제부,1,신대장,경기도 수원시 장안구 수일로117번길 39 (송죽동),대한예수교장로회 새 능력 교회,,,,0,411114322181,13501,0,39,,3427,645.99,18.85,1775.34,1332.54,38.88,06000,종교시설,종교시설,0,0,2,0,0,19,0,0,0,0,0,0,19,237.5,,,,,,,,,0,,0,0,,0,,0,20220909
경기도 수원시 장안구 송죽동 60번지,41111,13500,0,0060,0000,10841270,1,일반,1,총괄표제부,1,신대장,경기도 수원시 장안구 수일로123번길 20 (송죽동),(주)대우건설기술연구소,,,,0,411114322183,13501,0,20,,29916,4944.82,16.53,20944.31,12561.18,41.99,10000,교육연구시설,교육연구및복지시설,0,0,9,0,0,99,0,0,0,0,0,0,99,1306.4,,,,,,,,,0,,0,0,,0,,0,20250731
경기도 수원시 장안구 송죽동 64번지,41111,13500,0,0064,0000,10841284,2,집합,1,총괄표제부,1,신대장,경기도 수원시 장안구 수일로123번길 1 (송죽동),부강주택,,,,0,411114322183,13501,0,1,,653,314.38,48.14,1264.39,1008.49,154.44,02000,공동주택,"다세대주택, 근린생활시설",18,0,2,0,0,8,0,0,0,0,3,62.46,5,57.5,19930715,19930817,19931215,,,,,,0,,0,0,,0,,0,20220909
경기도 수원시 장안구 송죽동 65번지,41111,13500,0,0065,0000,10841285,2,집합,1,총괄표제부,0,구대장,경기도 수원시 장안구 만석로 250-9 (송죽동),영광아파트,,,,0,411113174003,13503,0,250,9,3807,1564.17,41.09,17245.653,13080.4,343.59,02000,공동주택,"아파트(공동), 생활편익시설",139,0,2,5,2837.352,111,0,0,0,0,96,2909.37,15,172.5,19930413,19930501,19950517,,,,,,0,,0,0,,0,,0,20231120
경기도 수원시 장안구 송죽동 67-7번지,41111,13500,0,0067,0007,10841286,2,집합,1,총괄표제부,1,신대장,,진산빌라,,,,0,,,0,,,615,270.75,44.02,1278.19,1156.75,166.6,02000,공동주택,다세대주택,19,0,2,0,0,9,0,0,0,0,0,0,9,103.5,19931016,19940202,19941025,,,,,,0,,0,0,,0,,0,20220909
경기도 수원시 장안구 송죽동 68-23번지,41111,13500,0,0068,0023,10841100227251,1,일반,1,총괄표제부,1,신대장,경기도 수원시 장안구 수일로 135 (송죽동),경기과학고등학교,,,,7,411113174007,13502,0,135,0,36908,7663.01,20.76,32556.45,24128.01,65.37,10000,교육연구시설,교육연구시설,0,0,14,0,0,0,0,0,0,0,102,3315.53,96,1176.5,,,,,,,,,0,,0,0,,0,,0,20220909
경기도 수원시 장안구 송죽동 77-1번지,41111,13500,0,0077,0001,10841271,1,일반,1,총괄표제부,1,신대장,경기도 수원시 장안구 경수대로976번길 32 (송죽동),,,,,0,411114322040,13501,0,32,,366,217.76,59.5,288.52,288.52,78.83,03000,제1종근린생활시설,제1종근린생활시설,0,0,2,1,3.24,1,0,0,0,0,0,0,1,11.5,,,,,,,,,0,,0,0,,0,,0,20220909
경기도 수원시 장안구 송죽동 79번지,41111,13500,0,0079,0000,10841272,1,일반,1,총괄표제부,1,신대장,경기도 수원시 장안구 경수대로976번길 36 (송죽동),,,,,0,411114322040,13501,0,36,0,338,196.66,58.18,285.06,285.06,84.34,04000,제2종근린생활시설,"제1,2종근린생활시설, 단독주택",0,0,2,0,0,0,0,0,0,0,0,0,1,11.5,,,,,,,,,0,,0,0,,0,,0,20220909
경기도 수원시 장안구 송죽동 92-7번지,41111,13500,0,0092,0007,10841376,1,일반,1,총괄표제부,1,신대장,경기도 수원시 장안구 수일로107번길 28 (송죽동),,,,,0,411114322179,13501,0,28,,604,197.8,32.75,197.8,197.8,32.75,04000,제2종근린생활시설,"제1종근린생활시설,자동차관련시설",0,0,2,0,0,1,0,0,0,0,2,38.4,1,11.5,19961227,19970122,19970127,,,,,,0,,0,0,,0,,0,20220909
경기도 수원시 장안구 송죽동 102-1번지,41111,13500,0,0102,0001,10841100336017,2,집합,1,총괄표제부,1,신대장,,해피하우스,,,,1,,,0,,,843,405.52,48.1,1315.477,1315.477,156.05,02000,공동주택,도시형생활주택(단지형다세대),24,0,2,0,0,23,0,0,0,0,23,364.55,0,0,20150116,20150123,20151015,2015,3750028,건축과,1101,1101,0,,0,0,,0,,0,20220909
경기도 수원시 장안구 송죽동 102-3번지,41111,13500,0,0102,0003,10841100336057,2,집합,1,총괄표제부,1,신대장,,송죽동 102-1 B필지,,,,1,,,0,,,860,408.21,47.47,1318.84,1318.84,153.35,02000,공동주택,도시형생활주택(단지형다세대),24,0,2,0,0,23,0,0,0,0,23,373.09,0,0,20150116,20150319,20151015,2015,3750028,건축과,1101,1101,0,,0,0,,0,,0,20220909
경기도 수원시 장안구 송죽동 125-2번지,41111,13500,0,0125,0002,1084145,1,일반,1,총괄표제부,1,신대장,경기도 수원시 장안구 수일로118번길 18 (송죽동),,,,,0,411114322182,13501,0,18,0,227,119.77,52.76,119.77,119.77,52.76,01000,단독주택,단독주택 외 1,0,1,2,0,0,1,0,0,0,0,0,0,1,11.5,20020115,20020116,20020314,,,,,,0,,0,0,,0,,0,20220909
경기도 수원시 장안구 송죽동 188-1번지,41111,13500,0,0188,0001,10841287,2,집합,1,총괄표제부,1,신대장,경기도 수원시 장안구 만석로 226 (송죽동),신성빌라,,,,0,411113174003,13503,0,226,,462,209.8,45.41,991.71,830.88,179.84,02000,공동주택,다세대주택,19,0,2,0,0,0,0,0,0,0,0,0,14,161,19910309,19910410,19920229,,,,,,0,,0,0,,0,,0,20220909
경기도 수원시 장안구 송죽동 200-1번지,41111,13500,0,0200,0001,10841288,2,집합,1,총괄표제부,0,구대장,경기도 수원시 장안구 경수대로976번길 31 (송죽동),원타운,,,,0,411114322040,13501,0,31,,0,199.71,0,944.55,791.55,0,02000,공동주택,공동주택(다세대주택),18,0,2,0,0,0,0,0,0,0,0,0,0,0,,,,,,,,,0,,0,0,,0,,0,20220909
경기도 수원시 장안구 송죽동 200-10번지,41111,13500,0,0200,0010,10841437,1,일반,1,총괄표제부,1,신대장,경기도 수원시 장안구 경수대로976번길 19 (송죽동),,,,,1,411114322040,13501,0,19,,2013,1003.12,49.83,1418.57,1418.57,70.47,03000,제1종근린생활시설,"제1,2종근린생활시설",0,0,2,0,0,11,0,0,0,0,0,0,11,131.5,19990327,19990402,20000422,1999,3750028,건축과,1101,1101,0,,0,0,,0,,0,20220909
경기도 수원시 장안구 송죽동 202-1번지,41111,13500,0,0202,0001,10841100391334,1,일반,1,총괄표제부,1,신대장,,SK-LPG충전소,,,,0,,,0,0,0,2074,560.7,27.03,713.31,656.04,31.63,19000,위험물저장및처리시설,위험물저장및처리시설(LPG충전소),0,0,2,0,0,4,0,0,0,0,0,0,4,46,,,,,,,,,0,,0,0,,0,,0,20220909
경기도 수원시 장안구 송죽동 272-27번지,41111,13500,0,0272,0027,10841289,2,집합,1,총괄표제부,0,구대장,경기도 수원시 장안구 파장로21번길 11-18 (송죽동),송죽빌라,,,,0,411114322373,13502,0,11,18,0,164.6,0,658.4,493.8,0,02000,공동주택,공동주택,16,0,2,0,0,0,0,0,0,0,0,0,0,0,,,,,,,,,0,,0,0,,0,,0,20220909
경기도 수원시 장안구 송죽동 352-1번지,41111,13500,0,0352,0001,10841290,2,집합,1,총괄표제부,0,구대장,경기도 수원시 장안구 정조로1051번길 4 (송죽동),송도연립,,,,0,411114322323,13501,0,4,,0,533.42,0,1313.12,1066.84,0,02000,공동주택,연립주택,20,0,2,0,0,0,0,0,0,0,0,0,0,0,19780909,,19790315,,,,,,0,,0,0,,0,,0,20220909
경기도 수원시 장안구 송죽동 376번지,41111,13500,0,0376,0000,10841276,1,일반,1,총괄표제부,1,신대장,경기도 수원시 장안구 송정로21번길 42 (송죽동),송원중학교,,,,12,411114322132,13501,0,42,0,17085,3454.77,20.22,9835.45,9396.74,55,10000,교육연구시설,교육연구시설,0,0,5,1,2,28,0,0,0,0,28,322,0,0,,,,,,,,,0,,0,0,,0,,0,20240705
경기도 수원시 장안구 송죽동 377-2번지,41111,13500,0,0377,0002,10841277,1,일반,1,총괄표제부,1,신대장,경기도 수원시 장안구 정조로 1049 (송죽동),,,,,0,411113012006,13503,0,1049,0,508.1,146.23,28.77,157.18,149.61,29.44,01000,단독주택,단독주택,0,2,2,1,1.5,0,0,0,0,0,0,0,0,0,,,,,,,,,0,,0,0,,0,,0,20220909
경기도 수원시 장안구 송죽동 377-4번지,41111,13500,0,0377,0004,10841278,1,일반,1,총괄표제부,1,신대장,,,,,,0,,,0,,,303,178.38,58.87,396.74,396.74,130.94,01000,단독주택,"단독주택,제2종근린생활시설",0,3,2,0,0,2,0,0,0,0,0,0,2,23,,,,,,,,,0,,0,0,,0,,0,20220909
경기도 수원시 장안구 송죽동 379-2번지,41111,13500,0,0379,0002,10841291,2,집합,1,총괄표제부,0,구대장,경기도 수원시 장안구 정조로1041번길 7 (송죽동),송원연립,,,,0,411114322322,13501,0,7,,0,331.18,0,1103.56,993.54,0,02000,공동주택,연립주택,18,0,2,0,0,0,0,0,0,0,0,0,0,0,,,,,,,,,0,,0,0,,0,,0,20220909
경기도 수원시 장안구 송죽동 379-10번지,41111,13500,0,0379,0010,10841411,1,일반,1,총괄표제부,1,신대장,,,,,,0,,,0,0,0,899.2,388.27,43.18,408.77,408.77,45.46,04000,제2종근린생활시설,"제2종근린생활시설,제조업소",0,0,2,0,0,2,0,0,0,0,0,0,2,23,20011016,20021022,20050224,2001,3750002,생활민원과,1102,1102,0,,0,0,,0,,0,20220909
경기도 수원시 장안구 송죽동 385-7번지,41111,13500,0,0385,0007,10841293,2,집합,1,총괄표제부,1,신대장,경기도 수원시 장안구 정조로1041번길 29 (송죽동),영진빌라,,,,0,411114322322,13501,0,29,,512.4,170.44,33.26,575.82,411.3,80.27,02000,공동주택,다세대주택,14,0,2,0,0,0,0,0,0,0,0,0,0,0,,,,,,,,,0,,0,0,,0,,0,20220909
경기도 수원시 장안구 송죽동 386-4번지,41111,13500,0,0386,0004,10841279,1,일반,1,총괄표제부,1,신대장,경기도 수원시 장안구 정조로1051번길 37-3 (송죽동),,,,,0,411114322323,13501,0,37,3,614.9,262.5,42.69,262.5,262.5,42.69,03000,제1종근린생활시설,"제1종근린생활시설, 창고시설",0,0,2,0,0,0,0,0,0,0,0,0,0,0,,,,,,,,,0,,0,0,,0,,0,20220909
경기도 수원시 장안구 송죽동 391-1번지,41111,13500,0,0391,0001,10841294,2,집합,1,총괄표제부,1,신대장,경기도 수원시 장안구 송정로47번길 42 (송죽동),송죽연립,,,,0,411114322136,13501,0,42,,935.6,526.86,56.31,1137.49,1026.62,109.73,02000,공동주택,연립주택,16,0,2,1,13.55,0,0,0,0,0,0,0,0,0,,,,,,,,,0,,0,0,,0,,0,20220909
경기도 수원시 장안구 송죽동 392-1번지,41111,13500,0,0392,0001,10841295,2,집합,1,총괄표제부,0,구대장,,진주맨션,,,,0,,,0,0,0,0,197.6,0,938.6,790.4,0,02000,공동주택,다세대주택,19,0,2,0,0,0,0,0,0,0,0,0,0,0,,,,,,,,,0,,0,0,,0,,0,20220909
경기도 수원시 장안구 송죽동 392-3번지,41111,13500,0,0392,0003,10841296,2,집합,1,총괄표제부,1,신대장,,동산빌라,,,,0,,,0,0,0,367.2,185.52,50.52,742.08,556.56,151.57,02000,공동주택,다세대주택,16,0,2,0,0,0,0,0,0,0,0,0,0,0,,,,,,,,,0,,0,0,,0,,0,20220909
경기도 수원시 장안구 송죽동 392-27번지,41111,13500,0,0392,0027,10841297,2,집합,1,총괄표제부,0,구대장,경기도 수원시 장안구 송정로59번길 23-7 (송죽동),동산빌라,,,,0,411114322137,13501,0,23,7,0,185.52,0,742.08,556.56,0,02000,공동주택,다세대주택,16,0,2,0,0,0,0,0,0,0,0,0,0,0,19900829,,19910720,,,,,,0,,0,0,,0,,0,20220909
경기도 수원시 장안구 송죽동 392-28번지,41111,13500,0,0392,0028,10841298,2,집합,1,총괄표제부,0,구대장,경기도 수원시 장안구 송정로47번길 32 (송죽동),진주맨션,,,,0,411114322136,13501,0,32,,0,181.92,0,707.16,533.88,0,02000,공동주택,다세대주택,16,0,2,0,0,0,0,0,0,0,0,0,0,0,,,,,,,,,0,,0,0,,0,,0,20220909
경기도 수원시 장안구 송죽동 393-14번지,41111,13500,0,0393,0014,10841100425031,2,집합,1,총괄표제부,1,신대장,,푸른솔,,,,0,,,0,0,0,514.2,308.08,59.91,1075.57,1075.57,209.17,02000,공동주택,도시형생활주택(단지형다세대),16,0,2,0,0,16,0,0,0,0,0,0,16,0,20180808,20180821,20190318,2018,3750028,건축과,1101,1101,0,,0,0,,0,,0,20220909
경기도 수원시 장안구 송죽동 393-22번지,41111,13500,0,0393,0022,10841100424992,2,집합,1,총괄표제부,1,신대장,,한그루,,,,0,,,0,,,560.8,322.34,57.47,1138.54,1138.54,203.02,02000,공동주택,도시형생활주택(단지형다세대),16,0,2,0,0,16,0,0,0,0,0,0,16,0,20180808,20180821,20190318,2018,3750028,건축과,1101,1101,0,,0,0,,0,,0,20220909
경기도 수원시 장안구 송죽동 393-26번지,41111,13500,0,0393,0026,10841100425012,2,집합,1,총괄표제부,1,신대장,,푸른솔,,,,0,,,0,0,0,561,322.34,57.45,1138.54,1138.54,202.94,02000,공동주택,도시형생활주택(단지형다세대),16,0,2,0,0,16,0,0,0,0,0,0,16,0,20180808,20180821,20190318,2018,3750028,건축과,1101,1101,0,,0,0,,0,,0,20220909
경기도 수원시 장안구 송죽동 393-27번지,41111,13500,0,0393,0027,10841100424973,2,집합,1,총괄표제부,1,신대장,,한그루,,,,0,,,0,,,508.1,302.33,59.5,1159.11,1159.11,228.12,02000,공동주택,도시형생활주택(단지형다세대),16,0,2,0,0,16,0,0,0,0,0,0,16,0,20180808,20180821,20190318,2018,3750028,건축과,1101,1101,0,,0,0,,0,,0,20220909
경기도 수원시 장안구 송죽동 395-9번지,41111,13500,0,0395,0009,10841389,1,일반,1,총괄표제부,1,신대장,경기도 수원시 장안구 송정로 75 (송죽동),,,,,2,411113174006,13502,0,75,,3008.8,750.84,24.95,838.2,838.2,27.86,20000,자동차관련시설,"단독주택,자동차관련시설",0,0,2,0,0,5,0,0,0,0,0,0,5,57.5,,,,2004,3750028,건축과,1102,1102,0,,0,0,,0,,0,20220909
경기도 수원시 장안구 송죽동 397-1번지,41111,13500,0,0397,0001,10841100469346,2,집합,1,총괄표제부,1,신대장,,행복주택1,,,,0,,,0,0,0,602.2,329.27,54.68,1303.14,1303.14,216.4,02000,공동주택,단지형다세대주택,16,0,2,0,0,16,0,0,0,0,16,198.7,0,0,20201021,20201110,20210719,2020,3750028,건축과,1101,1101,0,,0,0,,0,,0,20220909
경기도 수원시 장안구 송죽동 397-2번지,41111,13500,0,0397,0002,10841100469331,2,집합,1,총괄표제부,1,신대장,,행복주택2,,,,0,,,0,,,529,285.2,53.91,1038.385,1038.385,196.29,02000,공동주택,단지형다세대주택,12,0,2,0,0,12,0,0,0,0,12,147.65,0,0,20201021,20201110,20210719,2020,3750028,건축과,1101,1101,0,,0,0,,0,,0,20220909
경기도 수원시 장안구 송죽동 397-3번지,41111,13500,0,0397,0003,10841100467624,2,집합,1,총괄표제부,1,신대장,,바른지음,,,,0,,,0,,,650.4,382.12,58.75,1302.41,1302.41,200.25,02000,공동주택,단지형다세대주택,20,0,2,0,0,20,0,0,0,0,20,243.4,0,0,20201028,20201111,20210616,2020,3750028,건축과,1101,1101,0,,0,0,,0,,0,20220909
경기도 수원시 장안구 송죽동 401-4번지,41111,13500,0,0401,0004,10841299,2,집합,1,총괄표제부,1,신대장,,상우빌라,,,,0,,,0,,,0,231.64,0,926.56,844.24,0,02000,공동주택,다세대주택,19,19,3,0,0,0,0,0,0,0,0,0,0,0,,,,,,,,,0,,0,0,,0,,0,20220909
경기도 수원시 장안구 송죽동 401-8번지,41111,13500,0,0401,0008,10841300,2,집합,1,총괄표제부,0,구대장,경기도 수원시 장안구 송정로47번길 11 (송죽동),상우빌라,,,,0,411114322136,13501,0,11,,0,220.47,0,1075.19,855.05,0,02000,공동주택,다세대주택,12,0,2,0,0,0,0,0,0,0,0,0,0,0,,,,,,,,,0,,0,0,,0,,0,20220909
경기도 수원시 장안구 송죽동 404번지,41111,13500,0,0404,0000,10841100196918,1,일반,1,총괄표제부,1,신대장,경기도 수원시 장안구 송정로 41 (송죽동),송정초등학교,,,,2,411113174006,13502,0,41,0,12178,2609.36,21.43,8176.07,8117.93,66.66,10000,교육연구시설,초등학교,0,0,6,1,5,0,0,0,0,0,0,0,0,0,,,,,,,,,0,,0,0,,0,,0,20240522
경기도 수원시 장안구 송죽동 409-2번지,41111,13500,0,0409,0002,1000000000000002215481,1,일반,1,총괄표제부,1,신대장,경기도 수원시 장안구 송정로 19 (송죽동),수원시미술전시관,,,,5,411113174006,13502,,19,,355800,820.62,0.23,1409.22,1409.22,0.4,05000,문화및집회시설,,0,0,2,0,0,0,0,0,0,0,0,0,0,0,20221212,20230510,20230801,2022,3750028,건축과,1107,1107,0,,0,0,,0,,0,20230807
경기도 수원시 장안구 송죽동 443-5번지,41111,13500,0,0443,0005,10841335,2,집합,1,총괄표제부,1,신대장,경기도 수원시 장안구 파장천로12번길 96 (송죽동),금성주택,,,,0,411114322388,13502,0,96,,366.8,166.2,45.31,567.73,410.88,112.02,02000,공동주택,다세대주택,14,14,2,0,0,0,0,0,0,0,0,0,0,0,,,,,,,,,0,,0,0,,0,,0,20220909
경기도 수원시 장안구 송죽동 443-9번지,41111,13500,0,0443,0009,10841399,2,집합,1,총괄표제부,0,구대장,경기도 수원시 장안구 파장천로12번길 110 (송죽동),부강주택,,,,0,411114322388,13502,0,110,,0,164.48,0,657.92,493.44,0,02000,공동주택,다세대주택,16,0,2,0,0,0,0,0,0,0,0,0,0,0,19900727,,19901219,,,,,,0,,0,0,,0,,0,20220909
경기도 수원시 장안구 송죽동 444-5번지,41111,13500,0,0444,0005,10841100211153,2,집합,1,총괄표제부,1,신대장,경기도 수원시 장안구 파장로6번길 20 (송죽동),송죽동희성연인아파트,,,,0,411114322380,13501,0,20,,4075.3,881.449,21.63,12955.63,10007.44,245.56,02000,공동주택,공동주택(아파트),99,0,2,2,2954.192,100,0,0,0,0,71,0,29,0,20050516,20070528,20090623,,,,,,0,,0,0,,0,,0,20220909
경기도 수원시 장안구 송죽동 445-8번지,41111,13500,0,0445,0008,10841336,2,집합,1,총괄표제부,0,구대장,경기도 수원시 장안구 경수대로1007번길 9 (송죽동),삼호빌라,,,,0,411114322002,13501,0,9,,0,168.52,0,658.24,493.68,0,02000,공동주택,다세대주택,16,16,2,0,0,0,0,0,0,0,0,0,0,0,,,,,,,,,0,,0,0,,0,,0,20220909
경기도 수원시 장안구 송죽동 445-11번지,41111,13500,0,0445,0011,10841337,2,집합,1,총괄표제부,1,신대장,경기도 수원시 장안구 경수대로1007번길 11 (송죽동),삼호빌라,,,,0,411114322002,13501,0,11,,0,168.52,0,658.24,493.68,0,02000,공동주택,다세대주택,16,16,2,0,0,0,0,0,0,0,0,0,0,0,,,,,,,,,0,,0,0,,0,,0,20220909
경기도 수원시 장안구 송죽동 445-13번지,41111,13500,0,0445,0013,10841338,2,집합,1,총괄표제부,0,구대장,경기도 수원시 장안구 경수대로1007번길 13 (송죽동),삼호빌라,,,,0,411114322002,13501,0,13,,0,156.02,0,624.08,468.06,0,02000,공동주택,다세대주택,16,0,2,0,0,0,0,0,0,0,0,0,0,0,,,,,,,,,0,,0,0,,0,,0,20220909
경기도 수원시 장안구 송죽동 450-13번지,41111,13500,0,0450,0013,10841100443754,2,집합,1,총괄표제부,1,신대장,,JD펠리시티,,,,0,,,0,,,607,334.86,55.17,1286.45,1274.3,209.93,02000,공동주택,"도시형생활주택-단지형다세대,제1,2종근린생활시설",14,0,2,0,0,16,0,0,0,0,0,0,16,184.7,20180807,20180824,20200117,2018,3750028,건축과,1101,1101,3,,0,0,,0,,0,20220909
경기도 수원시 장안구 송죽동 450-31번지,41111,13500,0,0450,0031,10841100441092,2,집합,1,총괄표제부,1,신대장,,JD펠리시티,,,,0,,,0,0,0,930.5,435.82,46.84,1605.29,1592.6,171.16,02000,공동주택,"도시형생활주택-단지형다세대,제1,2종근린생활시설",24,0,2,0,0,26,0,0,0,0,0,0,26,295.4,20180806,20180827,20191119,2018,3750028,건축과,1101,1101,0,,0,0,,0,,0,20220909
경기도 수원시 장안구 송죽동 458-1번지,41111,13500,0,0458,0001,1000000000000002847550,2,집합,1,총괄표제부,1,신대장,경기도 수원시 장안구 정조로1088번길 18-12 (송죽동),레이크시티,,,,0,411114322327,13501,0,18,12,885.3,528.84,59.74,2624.96,1938.99,219.02,02000,공동주택,"공동주택(공동주택(다세대주택), 제1, 2종근린생활시설)",24,0,2,0,0,29,0,0,0,0,13,655.97,16,0,20220426,20221101,20231219,2022,3740282,건축과,1101,1101,12,,0,0,,0,,0,20231222
경기도 수원시 장안구 송죽동 459-19번지,41111,13500,0,0459,0019,10841339,2,집합,1,총괄표제부,1,신대장,경기도 수원시 장안구 만석로210번길 70 (송죽동),현성타운,,,,0,411114322091,13501,0,70,,331.8,188.68,56.87,735.64,546.96,164.85,02000,공동주택,다세대주택,16,0,2,0,0,0,0,0,0,0,0,0,0,0,,,,,,,,,0,,0,0,,0,,0,20220909
경기도 수원시 장안구 송죽동 459-20번지,41111,13500,0,0459,0020,10841340,2,집합,1,총괄표제부,1,신대장,경기도 수원시 장안구 만석로210번길 72 (송죽동),하나타운,,,,0,411114322091,13501,0,72,,350.6,187.6,53.51,723,535.4,152.71,02000,공동주택,다세대주택,16,16,2,0,0,0,0,0,0,0,0,0,0,0,,,,,,,,,0,,0,0,,0,,0,20220909
경기도 수원시 장안구 송죽동 459-28번지,41111,13500,0,0459,0028,10841341,2,집합,1,총괄표제부,0,구대장,경기도 수원시 장안구 만석로210번길 74 (송죽동),금오타운,,,,0,411114322091,13501,0,74,0,0,187.6,0,723,535.4,0,02000,공동주택,다세대주택,16,0,2,0,0,0,0,0,0,0,0,0,0,0,19900530,,19901112,,,,,,0,,0,0,,0,,0,20220909
경기도 수원시 장안구 송죽동 459-31번지,41111,13500,0,0459,0031,10841342,2,집합,1,총괄표제부,0,구대장,경기도 수원시 장안구 만석로210번길 80 (송죽동),동일빌라,,,,0,411114322091,13501,0,80,,713,318.02,44.6,1246.83,1029.84,146.67,02000,공동주택,다세대주택(18),18,18,2,0,0,0,0,0,0,0,1,15.93,12,138,19941119,19941125,19950612,,,,,,0,,0,0,,0,,0,20220909
경기도 수원시 장안구 송죽동 460번지,41111,13500,0,0460,0000,10841343,2,집합,1,총괄표제부,1,신대장,,,,,,0,,,0,,,494.1,282.68,57.21,999.78,999.78,202.34,02000,공동주택,공동주택,14,14,2,0,0,10,0,0,0,0,6,130.94,4,46,,,,,,,,,0,,0,0,,0,,0,20220909
경기도 수원시 장안구 송죽동 460-11번지,41111,13500,0,0460,0011,10841344,2,집합,1,총괄표제부,1,신대장,경기도 수원시 장안구 정조로1060번길 21-20 (송죽동),소망빌라,,,,0,411114322325,13501,0,21,20,479.7,223.4,46.57,646.48,434.2,90.51,02000,공동주택,다세대주택,12,12,2,0,0,0,0,0,0,0,0,0,0,0,,,,,,,,,0,,0,0,,0,,0,20220909
경기도 수원시 장안구 송죽동 462번지,41111,13500,0,0462,0000,10841345,2,집합,1,총괄표제부,1,신대장,경기도 수원시 장안구 정조로1060번길 5 (송죽동),동진맨션아파트,,,,0,411114322325,13501,0,5,,6224.2,2230.03,35.83,20050.28,18616.89,299.1,02000,공동주택,아파트,180,180,3,0,0,81,0,0,0,0,0,0,81,1113.75,,,,,,,,,0,,0,0,,0,,0,20241223
경기도 수원시 장안구 송죽동 496번지,41111,13500,0,0496,0000,1084152,1,일반,1,총괄표제부,1,신대장,경기도 수원시 장안구 경수대로973번길 13-4 (송죽동),,,,,0,411114322039,13501,0,13,4,275.8,165.34,59.95,796.7,641.36,232.55,04000,제2종근린생활시설,제2종근린생활시설 외 1,0,0,2,0,0,4,0,0,0,0,0,0,4,46,19940419,19940531,19941031,,,,,,0,,0,0,,0,,0,20220909
경기도 수원시 장안구 송죽동 498-2번지,41111,13500,0,0498,0002,10841346,2,집합,1,총괄표제부,1,신대장,,근영빌라,,,,0,,,0,,,0,204.91,0,892.64,819.64,0,02000,공동주택,다세대주택,17,0,2,0,0,0,0,0,0,0,0,0,0,0,19900906,,19910614,,,,,,0,,0,0,,0,,0,20220909
경기도 수원시 장안구 송죽동 498-3번지,41111,13500,0,0498,0003,10841347,2,집합,1,총괄표제부,1,신대장,경기도 수원시 장안구 경수대로939번길 12-6 (송죽동),대성아파트,,,,0,411114322037,13501,0,12,6,3696.7,1005.56,27.2,5426.4,4933.8,133.46,02000,공동주택,아파트,80,80,4,1,17.12,23,0,0,0,0,0,0,23,316.25,,,,,,,,,0,,0,0,,0,,0,20220909
경기도 수원시 장안구 송죽동 500-33번지,41111,13500,0,0500,0033,10841100320581,2,집합,1,총괄표제부,1,신대장,,갤러리하우스,,,,0,,,0,,,947.8,419.54,44.26,1819.0686,1414.8686,149.28,02000,공동주택,원룸형도시형생활주택(다세대형),48,0,2,0,0,21,0,0,0,0,9,264.59,12,129.4,20120131,20140806,20150325,2012,3740194,주택건축과,2101,2101,0,,0,0,,0,,0,20220909
경기도 수원시 장안구 송죽동 502번지,41111,13500,0,0502,0000,10841100476192,1,일반,1,총괄표제부,1,신대장,경기도 수원시 장안구 송원로41번길 34 (송죽동),송죽초등학교,,,,0,411114322114,13501,0,34,0,10987.8,2947.71,26.83,8633.58,8566.08,77.96,10000,교육연구시설,초등학교,0,0,2,4,171.5,0,0,0,0,0,0,0,0,0,19860716,,19920321,,,,,,0,,0,0,,0,,0,20230127
경기도 수원시 장안구 송죽동 506번지,41111,13500,0,0506,0000,10841434,1,일반,1,총괄표제부,1,신대장,경기도 수원시 장안구 경수대로927번길 3 (송죽동),,,,,0,411114322036,13501,0,3,0,578.9,353.77,61.11,1122.96,1022.84,176.69,04000,제2종근린생활시설,"제1,2종근린생활시설,단독주택",0,1,2,0,0,4,0,0,0,0,1,35.64,3,34.5,19880418,19880427,19881117,,,,,,0,,0,0,,0,,0,20220909
경기도 수원시 장안구 송죽동 513번지,41111,13500,0,0513,0000,10841435,2,집합,1,총괄표제부,1,신대장,경기도 수원시 장안구 경수대로994번길 46 (송죽동),희훈루체팰리스아파트,,,,0,411114322042,13501,0,46,,8343.9,1860.254,22.29,23987.511,19156.838,229.59,02000,공동주택,공동주택,176,0,4,4,4956.487,176,0,0,0,0,110,4245.447,66,0,20030902,20031230,20051207,2003,,,2101,2101,0,,0,0,,0,,0,20220909
경기도 수원시 장안구 송죽동 514번지,41111,13500,0,0514,0000,10841438,2,집합,1,총괄표제부,1,신대장,경기도 수원시 장안구 송정로 83 (송죽동),수원로얄팰리스,,,,0,411113174006,13502,0,83,,15688.2,12912.64,82.31,90703.17,67656.62,431.26,02000,공동주택,공동주택 외 4,614,0,8,1,23046.55,765,0,0,0,0,765,24808.55,0,0,20030514,20030514,20060127,2003,3750028,건축과,1101,1101,0,,0,0,,0,,0,20220909
경기도 수원시 장안구 송죽동 517번지,41111,13500,0,0517,0000,10841100367496,2,집합,1,총괄표제부,1,신대장,,수원 아너스빌 위즈,,,,0,,,0,0,0,17646,5261.457,29.82,146928,98306.379,557.1,02000,공동주택,"공동주택(아파트),판매시설(상점)",798,0,4,3,37567.414,1191,0,0,0,0,1191,38290.051,0,0,20090406,20130916,20170418,2009,3740147,주택정책과,2101,2101,140,,0,76.6,,0,,0,20220909
경기도 수원시 장안구 조원동 21번지,41111,13600,0,0021,0000,10841100347639,1,일반,1,총괄표제부,1,신대장,,수일고등학교,,,,0,,,0,,,16116,3265.9,20.26,13856.71,13207.15,81.95,10000,교육연구시설,교육연구시설(고등학교),0,0,3,1,49.56,69,0,0,0,0,0,0,69,793.5,,,,,,,,,0,,0,0,,0,,0,20220909
경기도 수원시 장안구 조원동 122-4번지,41111,13600,0,0122,0004,10841237,1,일반,1,총괄표제부,1,신대장,경기도 수원시 장안구 수일로191번길 84 (조원동),성지원,,,,0,411114322186,13601,0,84,,5133,1542.81,30.06,4616.88,3539.08,68.95,11000,노유자시설,교육연구및복지시설,0,0,2,2,60.36,5,0,0,0,0,0,0,5,72,,,,,,,,,0,,0,0,,0,,0,20250512
경기도 수원시 장안구 조원동 123-1번지,41111,13600,0,0123,0001,1084150,1,일반,1,총괄표제부,1,신대장,경기도 수원시 장안구 수일로191번길 59 (조원동),,,,,0,411114322186,13601,0,59,0,901,178.57,19.82,312.25,312.25,34.66,20000,자동차관련시설,자동차관련시설,0,0,2,0,0,2,0,0,0,0,0,0,2,23,20061221,20061228,20070216,2006,3750028,건축과,1101,1101,0,,0,0,,0,,0,20220909
경기도 수원시 장안구 조원동 130-2번지,41111,13600,0,0130,0002,1084131,1,일반,1,총괄표제부,1,신대장,경기도 수원시 장안구 수일로179번길 46 (조원동),조원솔대성당,,,,0,411114322185,13601,0,46,,4374,777.16,17.77,3204.84,1856.68,42.45,06000,종교시설,종교시설(성당),0,0,2,0,0,30,0,0,0,0,2,38.35,28,325,20021209,20030523,20061026,2002,,,1101,1101,0,,0,0,,0,,0,20220909
경기도 수원시 장안구 조원동 131번지,41111,13600,0,0131,0000,10841238,1,일반,1,총괄표제부,1,신대장,경기도 수원시 장안구 수일로191번길 41 (조원동),,,,,0,411114322186,13601,0,41,,989,196.11,19.83,196.11,196.11,19.83,04000,제2종근린생활시설,제2종근린생활시설,0,0,3,0,0,1,0,0,0,0,0,0,1,11.5,,,,,,,,,0,,0,0,,0,,0,20220909
경기도 수원시 장안구 조원동 351-3번지,41111,13600,0,0351,0003,1084129,1,일반,1,총괄표제부,1,신대장,경기도 수원시 장안구 수일로 269 (조원동),평안교회,,,,0,411113174007,13603,0,269,,4239,846.72,19.97,3703.26,2660.11,62.75,06000,종교시설,"종교시설, 노유자시설,근린생활시설",0,0,2,0,0,34,0,0,0,0,0,0,34,400,20010817,20010918,20020708,2001,3750028,건축과,1101,1101,0,,0,0,,0,,0,20220909
경기도 수원시 장안구 조원동 443번지,41111,13600,0,0443,0000,10841240,1,일반,1,총괄표제부,1,신대장,경기도 수원시 장안구 금당로69번길 32 (조원동),,,,,0,411114322060,13601,0,32,0,490,90.76,18.52,140.04,140.04,28.58,01000,단독주택,단독주택,0,1,1,0,0,2,0,0,0,0,0,0,2,23,,,,,,,,,0,,0,0,,0,,0,20241127
경기도 수원시 장안구 조원동 456-101번지,41111,13600,0,0456,0101,10841100284402,2,집합,1,총괄표제부,1,신대장,,해피타운하우스,,,,1,,,0,,,778,390.23,50.16,1317.92,1317.92,169.4,02000,공동주택,공동주택(20세대),20,0,2,0,0,20,0,0,0,0,14,157.4,6,69,20130313,20130401,20130911,2013,3750028,건축과,1101,1101,0,,0,0,,0,,0,20220909
경기도 수원시 장안구 조원동 456-102번지,41111,13600,0,0456,0102,10841100298047,2,집합,1,총괄표제부,1,신대장,,,,,,1,,,0,,,814,398.16,48.91,1934.97,1317.16,161.81,02000,공동주택,단지형다세대주택(20세대),20,0,2,0,0,20,0,0,0,0,20,226.2,0,0,20130703,20130805,20140228,2013,3750028,건축과,1101,1101,0,,0,0,,0,,0,20220909
경기도 수원시 장안구 조원동 456-103번지,41111,13600,0,0456,0103,10841100325377,2,집합,1,총괄표제부,1,신대장,,,,,,0,,,0,0,0,970,580.03,59.8,2678.52,1937.32,199.72,02000,공동주택,공동주택(도시형생활주택),24,0,3,0,0,24,0,0,0,0,24,272.4,0,0,20140627,20140707,20150727,2014,3740258,건축과,1101,1101,0,,0,0,,0,,0,20220909
경기도 수원시 장안구 조원동 459-3번지,41111,13600,0,0459,0003,10841100463531,2,집합,1,총괄표제부,1,신대장,,조원 베스티아∥,,,,0,,,0,0,0,1300,670.55,51.58,2514.47,2514.47,193.42,02000,공동주택,도시형-단지형연립주택,32,0,2,0,0,32,0,0,0,0,0,0,32,699.75,20191217,20200302,20210216,2019,3750028,건축과,1101,1101,0,,0,0,,0,,0,20220909
경기도 수원시 장안구 조원동 459-11번지,41111,13600,0,0459,0011,10841254,2,집합,1,총괄표제부,1,신대장,경기도 수원시 장안구 금당로 86-9 (조원동),장안아파트,,,,0,411113174002,13601,0,86,9,3283,1045.62,31.85,6052.86,5111.1,155.68,02000,공동주택,아파트,90,0,2,1,23.4,25,0,0,0,0,0,0,25,287.5,,,,,,,,,0,,0,0,,0,,0,20220909
경기도 수원시 장안구 조원동 467-41번지,41111,13600,0,0467,0041,10841241,1,일반,1,총괄표제부,1,신대장,경기도 수원시 장안구 금당로 101 (조원동),,,,,0,411113174002,13601,0,101,,456,259.43,56.89,998.86,518.86,113.79,11000,노유자시설,"교육연구및복지시설, 근린생활시설",0,0,2,0,0,8,0,0,0,0,8,341.81,0,0,,,,,,,,,0,,0,0,,0,,0,20220909
경기도 수원시 장안구 조원동 476-1번지,41111,13600,0,0476,0001,10841255,2,집합,1,총괄표제부,1,신대장,경기도 수원시 장안구 수일로336번길 9 (조원동),수원보훈복지타운,,,,0,411114322189,13601,0,9,0,19743,4027.01,20.4,28702.66,25662.36,129.98,02000,공동주택,"공동주택(아파트), 생활편익시설, 일반목욕장, 주민운동시설",452,0,8,3,2502.54,242,0,0,0,0,67,2461.46,175,2012.5,,,,,,,,,0,,0,0,,0,,0,20220909
경기도 수원시 장안구 조원동 495번지,41111,13600,0,0495,0000,10841100218079,1,일반,1,총괄표제부,1,신대장,경기도 수원시 장안구 조원로 18 (조원동),경기도 교육청,,,,2,411113174012,13602,0,18,0,29882,8906.4,29.81,29756.49,23318.8,78.04,14000,업무시설,"업무시설, 노유자시설, 편익시설",0,0,8,0,0,381,0,0,0,0,381,5715,0,0,,,,,,,,,0,,0,62.8,,0,,0,20251127
경기도 수원시 장안구 조원동 510번지,41111,13600,0,0510,0000,10841256,2,집합,1,총괄표제부,1,신대장,경기도 수원시 장안구 조원로 16 (조원동),벽산아파트,,,,1,411113174012,13602,0,16,0,33226,7191.54,21.64,70830.74,64104.92,192.94,02000,공동주택,"아파트, 근린생활시설, 유치원",741,0,13,3,1047.8,0,0,0,0,0,0,0,0,0,,,,,,,,,0,,0,0,,0,,0,20220909
경기도 수원시 장안구 조원동 519-13번지,41111,13600,0,0519,0013,10841100464131,2,집합,1,총괄표제부,1,신대장,,핸즈빌 3차,,,,0,,,0,0,0,719,324.48,45.129346,1319.38,1319.38,183.50208,02000,공동주택,도시형생활주택,16,0,2,0,0,16,0,0,0,0,16,0,0,0,20200608,20200727,20210310,2020,3750028,건축과,1101,1101,0,,0,0,,0,,0,20220909
경기도 수원시 장안구 조원동 536-2번지,41111,13600,0,0536,0002,10841244,1,일반,1,총괄표제부,1,신대장,경기도 수원시 장안구 수성로 421 (조원동),경기도교육청특수교육원,,,,0,411113175034,13603,0,421,,7661,2881.6,37.61,5539.86,4166.17,54.38,10000,교육연구시설,교육연구시설 및 복지시설,0,0,2,1,20,76,0,0,0,0,30,345,46,539,,,,,,,,,0,,0,0,,0,,0,20220909
경기도 수원시 장안구 조원동 556번지,41111,13600,0,0556,0000,1084148,1,일반,1,총괄표제부,1,신대장,경기도 수원시 장안구 경수대로 838 (조원동),영화초등학교,,,,6,411112012008,13605,0,838,0,18278,3549.71,19.42,8706.65,8706.65,47.63,10000,교육연구시설,교육연구시설,0,0,7,2,102,45,0,0,0,0,0,0,45,517.5,,,,,,,,,0,,0,0,,0,,0,20230224
경기도 수원시 장안구 조원동 638-26번지,41111,13600,0,0638,0026,10841245,1,일반,1,총괄표제부,1,신대장,경기도 수원시 장안구 수성로381번길 4-15 (조원동),,,,,0,411114322162,13601,0,4,15,0,48.3,0,48.3,48.3,0,01000,단독주택,단독주택,0,2,2,0,0,0,0,0,0,0,0,0,0,0,,,,,,,,,0,,0,0,,0,,0,20220909
경기도 수원시 장안구 조원동 638-42번지,41111,13600,0,0638,0042,10841100363226,1,일반,1,총괄표제부,1,신대장,,,,,,0,,,0,0,0,152,78.821,51.86,78.821,78.821,51.86,01000,단독주택,단독주택,0,1,2,0,0,0,0,0,0,0,0,0,0,0,,,,,,,,,0,,0,0,,0,,0,20220909
경기도 수원시 장안구 조원동 642-2번지,41111,13600,0,0642,0002,10841248,1,일반,1,총괄표제부,1,신대장,경기도 수원시 장안구 수성로 379 (조원동),,,,,0,411113175034,13603,0,379,,109,78.56,72.07,78.56,78.56,72.07,04000,제2종근린생활시설,"제1종근린생활시설, 단독주택",0,1,2,0,0,0,0,0,0,0,0,0,0,0,,,,,,,,,0,,0,0,,0,,0,20220909
경기도 수원시 장안구 조원동 644-11번지,41111,13600,0,0644,0011,10841100441231,2,집합,1,총괄표제부,1,신대장,,JW 베스티아,,,,0,,,0,0,0,682,363.37,53.28,1186.8,1186.8,174.02,02000,공동주택,다세대주택  도시형생활주택-단지형다세대주택,18,0,2,0,0,18,0,0,0,0,14,162.6,4,46,20190403,20190411,20191125,2019,3750028,건축과,1101,1101,0,,0,0,,0,,0,20220909
경기도 수원시 장안구 조원동 664-3번지,41111,13600,0,0664,0003,10841100419831,2,집합,1,총괄표제부,1,신대장,,뜨레모아,,,,0,,,0,,,763.7,418.58,54.8095,1248.63,1248.63,163.4974,02000,공동주택,다세대주택,18,0,2,0,0,18,0,0,0,0,18,352.56,0,0,20180620,20180713,20181206,2018,3750028,건축과,1101,1101,0,,0,0,,0,,0,20220909
경기도 수원시 장안구 조원동 664-7번지,41111,13600,0,0664,0007,10841100421033,2,집합,1,총괄표제부,1,신대장,,뜨레모아,,,,0,,,0,,,759.2,418.58,55.1344,1248.63,1248.63,164.4665,02000,공동주택,공동주택(단지형다세대주택),18,0,2,0,0,18,0,0,0,0,18,352.56,0,0,20180806,20180823,20190109,2018,3750028,건축과,1101,1101,0,,0,0,,0,,0,20220909
경기도 수원시 장안구 조원동 668-4번지,41111,13600,0,0668,0004,10841257,2,집합,1,총괄표제부,0,구대장,경기도 수원시 장안구 정조로978번길 15 (조원동),성신아파트,,,,0,411114322338,13601,0,15,,0,999.69,0,6395.31,5548.14,0,02000,공동주택,공동주택(아파트),66,0,3,1,30.51,0,0,0,0,0,0,0,0,0,,,,,,,,,0,,0,0,,0,,0,20220909
경기도 수원시 장안구 조원동 675-6번지,41111,13600,0,0675,0006,1084147,1,일반,1,총괄표제부,1,신대장,경기도 수원시 장안구 정조로978번길 5 (조원동),천주교조원동성당,,,,0,411114322338,13601,0,5,,2837.4,1427.78,50.32,2713.99,1679.09,59.18,06000,종교시설,종교시설,0,0,2,3,76.89,21,0,0,0,0,0,0,21,0,19760626,,19770812,,,,,,0,,0,0,,0,,0,20220909
경기도 수원시 장안구 조원동 677-1번지,41111,13600,0,0677,0001,1084142,1,일반,1,총괄표제부,1,신대장,경기도 수원시 장안구 수성로363번길 2 (조원동),수성중학교,,,,5,411114322159,13601,0,2,,22660.4,3111.94,13.73,9229.93,9229.93,40.73,10000,교육연구시설,교육연구시설,0,0,4,0,0,0,0,0,0,0,0,0,0,0,,,,,,,,,0,,0,0,,0,,0,20260113
경기도 수원시 장안구 조원동 730-3번지,41111,13600,0,0730,0003,10841258,2,집합,1,총괄표제부,1,신대장,경기도 수원시 장안구 조원로112번길 26 (조원동),경원주택,,,,0,411114322341,13601,0,26,,690.6,259.44,37.57,1275.47,1016.43,147.18,02000,공동주택,다세대주택,19,0,2,0,0,9,0,0,0,0,0,0,9,112.7,19930625,19930630,19940713,,,,,,0,,0,0,,0,,0,20220909
경기도 수원시 장안구 조원동 732-23번지,41111,13600,0,0732,0023,10841259,2,집합,1,총괄표제부,1,신대장,경기도 수원시 장안구 금당로38번길 29 (조원동),삼정빌라트,,,,0,411114322057,13601,0,29,,810.3,342.34,42.25,1254.44,1051.52,129.77,02000,공동주택,다세대주택,19,0,2,0,0,9,0,0,0,0,0,0,9,103.5,19930909,19930920,19940604,,,,,,0,,0,0,,0,,0,20220909
경기도 수원시 장안구 조원동 733-12번지,41111,13600,0,0733,0012,108412,1,일반,1,총괄표제부,1,신대장,경기도 수원시 장안구 조원로 92 (조원동),,,,,0,411113174012,13602,0,92,0,254.9,111.63,43.79,304.43,221.01,86.7,01000,단독주택,단독주택 외 2,0,1,2,0,0,0,0,0,0,0,0,0,0,0,19890504,,19891101,,,,,,0,,0,0,,0,,0,20220909
경기도 수원시 장안구 조원동 734-6번지,41111,13600,0,0734,0006,10841260,2,집합,1,총괄표제부,1,신대장,경기도 수원시 장안구 조원로74번길 9-21 (조원동),도시빌라,,,,0,411114322350,13601,0,9,21,470.2,181.92,38.69,655.68,491.76,104.59,02000,공동주택,다세대주택,16,0,2,0,0,0,0,0,0,0,0,0,0,0,,,,,,,,,0,,0,0,,0,,0,20220909
경기도 수원시 장안구 조원동 740-2번지,41111,13600,0,0740,0002,10841250,1,일반,1,총괄표제부,1,신대장,,,,,,0,,,0,,,320.1,296.24,92.55,861.06,665.82,208,04000,제2종근린생활시설,"제1,2종근린생활시설, 단독주택",0,6,2,1,2,0,0,0,0,0,0,0,0,0,,,,,,,,,0,,0,0,,0,,0,20220909
경기도 수원시 장안구 조원동 740-5번지,41111,13600,0,0740,0005,1084117,1,일반,1,총괄표제부,1,신대장,경기도 수원시 장안구 송정로 189 (조원동),,,,,0,411113174006,13603,0,189,,321.4,187.1,58.21,687.84,550.3,171.22,04000,제2종근린생활시설,제2종근린생활시설 외 2,0,2,2,0,0,0,0,0,0,0,0,0,0,0,19900315,,19900725,,,,,,0,,0,0,,0,,0,20220909
경기도 수원시 장안구 조원동 741-1번지,41111,13600,0,0741,0001,10841261,2,집합,1,총괄표제부,1,신대장,경기도 수원시 장안구 송정로187번길 26 (조원동),정일빌라,,,,0,411114322129,13601,0,26,,755.5,296.76,39.28,1315.05,1108.54,146.73,02000,공동주택,다세대주택,19,0,2,0,0,9,0,0,0,0,0,0,9,103.5,,,,,,,,,0,,0,0,,0,,0,20220909
경기도 수원시 장안구 조원동 741-7번지,41111,13600,0,0741,0007,10841262,2,집합,1,총괄표제부,1,신대장,경기도 수원시 장안구 송정로187번길 12 (조원동),경원빌라,,,,0,411114322129,13601,0,12,,474.1,188.02,39.66,598.78,504.06,106.32,02000,공동주택,다세대주택,14,0,2,0,0,0,0,0,0,0,0,0,0,0,,,,,,,,,0,,0,0,,0,,0,20220909
경기도 수원시 장안구 조원동 742-23번지,41111,13600,0,0742,0023,1000000000000001434605,2,집합,1,총괄표제부,1,신대장,경기도 수원시 장안구 조원로89번길 13 (조원동),,,,,0,411114322351,13601,0,13,,0,899.1,0,990.3,899.1,0,07000,판매시설,판매및영업시설,1,0,7,0,0,0,0,0,0,0,0,0,0,0,19850216,,19850525,1985,,,,,50,,0,0,,0,,0,20230313
경기도 수원시 장안구 조원동 746-4번지,41111,13600,0,0746,0004,10841100281967,1,일반,1,총괄표제부,1,신대장,,,,,,0,,,0,,,253.4,144.29,56.94,390.41,363.49,143.45,01000,단독주택,"단독주택,제1,2종근린생활시설",0,0,2,0,0,0,0,0,0,0,0,0,0,0,,,,,,,,,0,,0,0,,0,,0,20220909
경기도 수원시 장안구 조원동 756-1번지,41111,13600,0,0756,0001,10841100203033,1,일반,1,총괄표제부,1,신대장,경기도 수원시 장안구 송정로187번길 83 (조원동),시립보훈회관(어린이집),,,,6,411114322129,13601,0,83,,2265.1,1095.46,48.36,3112.35,2617.8,115.57,10000,교육연구시설,"교육연구시설, 노유자시설",0,0,2,0,0,19,0,0,0,0,18,589.72,1,16.5,,,,,,,,,0,,0,0,,0,,0,20220909
경기도 수원시 장안구 조원동 763-11번지,41111,13600,0,0763,0011,10841100369601,1,일반,1,총괄표제부,1,신대장,,,,,,0,,,0,,,784.8,391.28,49.86,654.56,654.56,83.04,,,,0,0,2,0,0,5,0,0,0,0,0,0,5,57.5,,,,,,,,,0,,0,0,,0,,0,20220909
경기도 수원시 장안구 조원동 767-20번지,41111,13600,0,0767,0020,10841263,2,집합,1,총괄표제부,1,신대장,,한남빌라,,,,0,,,0,,,762.8,324.72,42.57,974.16,649.44,85.14,02000,공동주택,다세대주택,18,0,3,0,0,0,0,0,0,0,0,0,0,0,,,,,,,,,0,,0,0,,0,,0,20220909
경기도 수원시 장안구 조원동 770-15번지,41111,13600,0,0770,0015,10841100256448,2,집합,1,총괄표제부,1,신대장,,,,,,0,,,0,,,0,0,0,0,0,0,,,,0,0,0,0,0,0,0,0,0,0,0,0,0,0,,,,,,,,,0,,0,0,,0,,0,20220909
경기도 수원시 장안구 조원동 770-17번지,41111,13600,0,0770,0017,10841100256975,2,집합,1,총괄표제부,1,신대장,,,,,,0,,,0,,,0,0,0,0,0,0,,,,0,0,0,0,0,0,0,0,0,0,0,0,0,0,,,,,,,,,0,,0,0,,0,,0,20220909
경기도 수원시 장안구 조원동 771-3번지,41111,13600,0,0771,0003,10841100424031,2,집합,1,총괄표제부,1,신대장,,,,,,0,,,0,,,505.9,270.38,53.45,902.85,902.85,178.46,02000,공동주택,도시형생활주택/단지형다세대,12,0,2,0,0,12,0,0,0,0,0,0,12,0,20171019,20171227,20190306,2017,3750028,건축과,1101,1101,0,,0,0,,0,,0,20220909
경기도 수원시 장안구 조원동 773번지,41111,13600,0,0773,0000,10841264,2,집합,1,총괄표제부,1,신대장,경기도 수원시 장안구 송정로168번길 12 (조원동),써니하우스,,,,0,411114322124,13601,0,12,,687.6,432,62.83,1217.48,1522.02,221.35,02000,공동주택,공동주택(다세대주택),19,0,2,0,0,13,0,0,0,0,0,0,13,149.5,,,,,,,,,0,,0,0,,0,,0,20220909
경기도 수원시 장안구 조원동 773-15번지,41111,13600,0,0773,0015,10841265,2,집합,1,총괄표제부,1,신대장,경기도 수원시 장안구 경수대로844번길 9-16 (조원동),써니하우스,,,,0,411114322029,13601,0,9,16,769.4,568.96,73.95,1186.12,1006.72,130.84,02000,공동주택,공동주택(다세대주택),19,0,2,0,0,12,0,0,0,0,0,0,12,139,,,,,,,,,0,,0,0,,0,,0,20220909
경기도 수원시 장안구 조원동 774-2번지,41111,13600,0,0774,0002,10841251,1,일반,1,총괄표제부,1,신대장,,,,,,0,,,0,,,453.4,236.72,52.21,651.75,536.14,118.25,04000,제2종근린생활시설,"제1,2종근린생활시설, 단독주택",0,1,2,1,7.99,0,0,0,0,0,0,0,0,0,,,,,,,,,0,,0,0,,0,,0,20220909
경기도 수원시 장안구 조원동 775번지,41111,13600,0,0775,0000,10841252,1,일반,1,총괄표제부,1,신대장,경기도 수원시 장안구 경수대로 893 (조원동),수원종합운동장,,,,3,411112012008,13605,0,893,0,186789.6,36061.34,19.31,67847.28,67847.28,36.32,05000,문화및집회시설,"운동시설, 문화및집회시설, 근린생활시설",0,0,6,3,219.62,1318,0,0,0,0,0,0,1318,0,,,,,,,,,0,,0,0,,0,,0,20220909
경기도 수원시 장안구 조원동 780-4번지,41111,13600,0,0780,0004,10841100199946,2,집합,1,총괄표제부,1,신대장,경기도 수원시 장안구 경수대로853번길 5 (조원동),삼승그린빌,,,,0,411114322031,13601,0,5,,706.1,379.27,53.71,1317.74,1317.74,186.62,02000,공동주택,공동주택,16,0,2,0,0,16,0,0,0,0,0,0,16,189,20080313,20080422,20080904,2008,3750028,건축과,1101,1101,0,,0,0,,0,,0,20220909
경기도 수원시 장안구 조원동 780-10번지,41111,13600,0,0780,0010,10841100338940,2,집합,1,총괄표제부,1,신대장,,뉴환희빌,,,,2,,,0,,,545.9,326.64,59.83,1155.94,1155.94,211.75,02000,공동주택,"도시형생활주택(단지형다세대),제2종근린생활시설",16,0,2,0,0,15,0,0,0,0,11,131.5,4,41.7,20150609,20150619,20151223,2015,3750028,건축과,1101,1101,1,,0,0,,0,,0,20220909
경기도 수원시 장안구 조원동 781-9번지,41111,13600,0,0781,0009,10841253,1,일반,1,총괄표제부,1,신대장,경기도 수원시 장안구 경수대로847번길 34 (조원동),,,,,0,411114322030,13601,0,34,0,183.4,149.26,81.38,261.6,234.76,128,01000,단독주택,단독주택,0,2,2,0,0,0,0,0,0,0,0,0,0,0,,,,,,,,,0,,0,0,,0,,0,20220909
경기도 수원시 장안구 조원동 781-21번지,41111,13600,0,0781,0021,10841266,2,집합,1,총괄표제부,0,구대장,경기도 수원시 장안구 경수대로847번길 28 (조원동),정은빌라,,,,0,411114322030,13601,0,28,,0,193.44,0,773.76,580.32,0,02000,공동주택,다세대주택,16,0,2,0,0,0,0,0,0,0,0,0,0,0,,,,,,,,,0,,0,0,,0,,0,20220909
경기도 수원시 장안구 조원동 855번지,41111,13600,0,0855,0000,10841267,2,집합,1,총괄표제부,1,신대장,경기도 수원시 장안구 금당로39번길 33 (조원동),주공뉴타운,,,,1,411114322058,13601,0,33,,36800,5841.734,15.87,94264.244,90560.713,246.09,02000,공동주택,공동주택(아파트),768,0,10,9,11887.931,799,0,0,0,0,422,10797.597,377,4620,,,,,,,,,0,,0,0,,0,,0,20230126
경기도 수원시 장안구 조원동 861번지,41111,13600,0,0861,0000,10841268,2,집합,1,총괄표제부,1,신대장,경기도 수원시 장안구 금당로39번길 34 (조원동),주공뉴타운,,,,1,411114322058,13601,0,34,,64790,10174.736,15.7,145755.76,138886.088,214.36,02000,공동주택,공동주택,1586,0,18,17,27709.683,1608,0,0,0,0,980,25987.317,628,7541,,,,,,,,,0,,0,0,,0,,0,20220909
경기도 수원시 장안구 조원동 881번지,41111,13600,0,0881,0000,10841269,2,집합,1,총괄표제부,0,구대장,경기도 수원시 장안구 경수대로976번길 22 (조원동),수원 한일타운,,,,4,411114322040,13602,0,22,0,196161.1,34596.918,17.64,575802.63,550316.89,280.54,02000,공동주택,"공동주택(아파트), 생활편익시설",5350,0,62,156,168017.384,6514,0,0,0,0,5035,14220.73,1479,0,,,,,,,,,0,,0,0,,0,,0,20220909
경기도 수원시 장안구 조원동 882번지,41111,13600,0,0882,0000,1000000000000004438645,1,일반,1,총괄표제부,1,신대장,경기도 수원시 장안구 수일로 150 (조원동),한일초등학교,,,,0,411113174007,13603,0,150,0,12000.1,2812.59,23.44,9958.74,9278.34,77.32,10000,교육연구시설,교육연구시설(초등학교),0,0,2,2,58.5,50,0,0,0,0,0,0,50,0,,,,,,,,,0,,0,0,,0,,0,20241015
경기도 수원시 장안구 조원동 910번지,41111,13600,0,0910,0000,10841100218541,2,집합,1,총괄표제부,1,신대장,경기도 수원시 장안구 송원로 131-28 (조원동),수원광교산스위첸,,,,0,411113174005,13602,0,131,28,15024.6,2685.8947,17.88,45718.5105,33045.1076,219.94,02000,공동주택,공동주택(아파트),218,0,4,5,12724.4979,382,0,0,0,0,382,11806.4268,0,0,20071019,20071123,20100604,2007,3740000,수원시,2101,2101,0,,0,0,,0,,0,20220909
경기도 수원시 장안구 조원동 912번지,41111,13600,0,0912,0000,10841100220140,2,집합,1,총괄표제부,1,신대장,경기도 수원시 장안구 수일로 205 (조원동),광교산임광그대가,,,,0,411113174007,13603,0,205,,28370.1,4844.6234,17.08,89077.5569,62409.4419,219.98,02000,공동주택,공동주택(아파트),482,0,8,6,26449.2277,811,0,0,0,0,811,25050.0072,0,0,20071015,20071120,20100629,2007,3740058,건축과,2101,2101,0,,0,0,,0,,0,20220909
경기도 수원시 장안구 조원동 915번지,41111,13600,0,0915,0000,10841432,1,일반,1,총괄표제부,1,신대장,,,,,,0,,,0,,,4535,704.19,15.53,1232.06,1184.06,26.11,14000,업무시설,"업무시설,교육연구및복지시설",0,0,2,0,0,19,0,0,0,0,0,0,19,228.5,19900523,,19901224,,,,,,0,,0,0,,0,,0,20220909
경기도 수원시 장안구 조원동 925번지,41111,13600,0,0925,0000,1000000000000001361646,2,집합,1,총괄표제부,1,신대장,경기도 수원시 장안구 송정로 190 (조원동),더샵광교산퍼스트파크,,,,0,411113174006,13603,0,190,0,28100.2,4887.42,17.39,100709.85,64179.89,228.4,02000,공동주택,공동주택(아파트),666,0,10,17,34900.46,829,0,0,0,0,813,0,0,0,,20191122,20220527,,,,,,33,,0,0,,0,,0,20250114
경기도 수원시 장안구 연무동 4-20번지,41111,13700,0,0004,0020,10841359,2,집합,1,총괄표제부,1,신대장,경기도 수원시 장안구 광교산로 148 (연무동),신미주아파트,,,,2,411113174001,13703,0,148,,8136,1914.76,23.53,36326.641,27961.51,343.68,02000,공동주택,"공동주택(아파트), 생활편익시설",300,0,2,0,7165.301,301,0,0,0,0,239,2748.5,62,713,,,,,,,,,0,,0,0,,0,,0,20220909
경기도 수원시 장안구 연무동 5-2번지,41111,13700,0,0005,0002,10841100219726,1,일반,1,총괄표제부,1,신대장,경기도 수원시 장안구 광교산로140번길 8 (연무동),창룡초등학교,,,,1,411114322046,13701,0,8,0,14705,2130.62,14.49,7764.16,7664.24,52.12,10000,교육연구시설,교육연구시설,0,0,5,0,0,26,0,0,0,0,0,0,26,519.2,,,19920321,,,,,,0,,0,0,,0,,0,20220909
경기도 수원시 장안구 연무동 6-14번지,41111,13700,0,0006,0014,10841360,2,집합,1,총괄표제부,1,신대장,경기도 수원시 장안구 광교산로138번길 30 (연무동),뉴골든타운,,,,0,411114322045,13701,0,30,,451,232.79,51.62,897.27,724.29,160.6,02000,공동주택,다세대주택,19,0,2,0,0,6,0,0,0,0,0,0,6,75.9,,,,,,,,,0,,0,0,,0,,0,20220909
경기도 수원시 장안구 연무동 6-15번지,41111,13700,0,0006,0015,10841361,2,집합,1,총괄표제부,1,신대장,경기도 수원시 장안구 광교산로138번길 19 (연무동),뉴골든타운,,,,0,411114322045,13701,0,19,,544,225.36,41.43,1048.5,835.38,153.56,02000,공동주택,다세대주택,19,0,2,0,0,6,0,0,0,0,0,0,6,69,,,,,,,,,0,,0,0,,0,,0,20220909
경기도 수원시 장안구 연무동 10번지,41111,13700,0,0010,0000,10841362,2,집합,1,총괄표제부,1,신대장,경기도 수원시 장안구 창훈로60번길 31 (연무동),성원아파트,,,,1,411114322361,13701,0,31,,3269,1058.56,32.38,14944.14,9789.56,299.47,02000,공동주택,"아파트, 생활편익시설",177,0,2,0,0,177,0,0,0,0,144,4198.545,63,724.5,,,,,,,,,0,,0,0,,0,,0,20220909
경기도 수원시 장안구 연무동 11-5번지,41111,13700,0,0011,0005,10841363,2,집합,1,총괄표제부,0,구대장,경기도 수원시 장안구 창훈로66번길 11-8 (연무동),심우연립,,,,0,411114322362,13701,0,11,8,0,578.35,0,1735.05,1735.05,0,02000,공동주택,연립주택,33,0,3,0,0,0,0,0,0,0,0,0,0,0,,,,,,,,,0,,0,0,,0,,0,20220909
경기도 수원시 장안구 연무동 11-8번지,41111,13700,0,0011,0008,10841364,2,집합,1,총괄표제부,1,신대장,경기도 수원시 장안구 창훈로66번길 39 (연무동),금호타운,,,,0,411114322362,13701,0,39,,272.16,113.64,41.75,298.68,197.94,72.73,02000,공동주택,다세대주택,6,0,2,0,0,0,0,0,0,0,0,0,2,23,19910304,19910308,19911010,1991,3750028,건축과,1101,1101,0,,0,0,,0,,0,20220909
경기도 수원시 장안구 연무동 11-57번지,41111,13700,0,0011,0057,10841365,2,집합,1,총괄표제부,1,신대장,경기도 수원시 장안구 창훈로66번길 37 (연무동),성남타운,,,,0,411114322362,13701,0,37,,478.54,218.52,45.66,1042.25,874.08,182.66,02000,공동주택,다세대주택,19,0,2,0,0,0,0,0,0,0,0,0,7,80.5,19910227,19910325,19911016,,,,,,0,,0,0,,0,,0,20220909
경기도 수원시 장안구 연무동 11-58번지,41111,13700,0,0011,0058,10841366,2,집합,1,총괄표제부,1,신대장,,성업주택,,,,0,,,0,,,513.29,226.08,44.05,1039.65,871.12,169.71,02000,공동주택,다세대주택,19,0,2,0,0,0,0,0,0,0,0,0,7,80.5,19910227,19910308,19911004,,,,,,0,,0,0,,0,,0,20220909
경기도 수원시 장안구 연무동 11-59번지,41111,13700,0,0011,0059,10841367,2,집합,1,총괄표제부,0,구대장,경기도 수원시 장안구 창훈로60번길 43 (연무동),금호타운,,,,0,411114322361,13701,0,43,,0,204.18,0,1020.9,816.72,0,02000,공동주택,다세대주택,15,0,2,0,0,0,0,0,0,0,0,0,0,0,19910305,,19911023,,,,,,0,,0,0,,0,,0,20220909
경기도 수원시 장안구 연무동 14-7번지,41111,13700,0,0014,0007,10841348,1,일반,1,총괄표제부,1,신대장,경기도 수원시 장안구 창훈로80번길 10 (연무동),,,,,0,411114322363,13701,0,10,,221,86.09,38.95,101.69,86.09,38.95,01000,단독주택,단독주택,0,0,2,0,0,0,0,0,0,0,0,0,0,0,,,,,,,,,0,,0,0,,0,,0,20220909
경기도 수원시 장안구 연무동 25번지,41111,13700,0,0025,0000,10841375,1,일반,1,총괄표제부,1,신대장,경기도 수원시 장안구 창훈로60번길 5 (연무동),,,,,0,411114322361,13701,0,5,,407,248.48,61.05,546.36,533.4,131.06,04000,제2종근린생활시설,단독주택 외 2,0,1,2,0,0,3,0,0,0,0,0,0,3,34.5,,,,,,,,,0,,0,0,,0,,0,20220909
경기도 수원시 장안구 연무동 61번지,41111,13700,0,0061,0000,10841368,2,집합,1,총괄표제부,1,신대장,경기도 수원시 장안구 광교산로138번길 34 (연무동),뉴골든타운,,,,0,411114322045,13701,0,34,,566,255.56,45.15,1198.48,952.97,168.36,02000,공동주택,다세대주택,19,0,2,0,0,8,0,0,0,0,0,0,8,92,19910328,19910917,19921223,,,,,,0,,0,0,,0,,0,20220909
경기도 수원시 장안구 연무동 61-13번지,41111,13700,0,0061,0013,10841349,1,일반,1,총괄표제부,1,신대장,경기도 수원시 장안구 창훈로52번길 33-9 (연무동),,,,,0,411114322360,13701,0,33,9,115,72.18,62.77,72.18,72.18,62.77,01000,단독주택,단독주택,0,2,2,0,0,0,0,0,0,0,0,0,0,0,,,,,,,,,0,,0,0,,0,,0,20220909
경기도 수원시 장안구 연무동 61-24번지,41111,13700,0,0061,0024,10841350,1,일반,1,총괄표제부,1,신대장,경기도 수원시 장안구 창훈로52번길 27-15 (연무동),,,,,0,411114322360,13701,0,27,15,89,44.3,49.78,44.3,44.3,49.78,01000,단독주택,단독주택,0,2,2,0,0,0,0,0,0,0,0,0,0,0,,,,,,,,,0,,0,0,,0,,0,20220909
경기도 수원시 장안구 연무동 61-120번지,41111,13700,0,0061,0120,10841351,1,일반,1,총괄표제부,1,신대장,경기도 수원시 장안구 창훈로46번길 41 (연무동),,,,,0,411114322359,13701,0,41,,139,101.55,73.06,101.55,101.55,73.06,01000,단독주택,단독주택,0,2,2,0,0,0,0,0,0,0,0,0,0,0,,,,,,,,,0,,0,0,,0,,0,20220909
경기도 수원시 장안구 연무동 61-250번지,41111,13700,0,0061,0250,10841369,2,집합,1,총괄표제부,1,신대장,경기도 수원시 장안구 광교산로138번길 43 (연무동),뉴골든타운,,,,0,411114322045,13701,0,43,0,463,213.2,46.05,1030.35,817.15,176.49,02000,공동주택,다세대주택,19,0,2,0,0,7,0,0,0,0,0,0,7,80.5,19910328,19911019,19920824,,,,,,0,,0,0,,0,,0,20220909
경기도 수원시 장안구 연무동 61-251번지,41111,13700,0,0061,0251,10841370,2,집합,1,총괄표제부,1,신대장,경기도 수원시 장안구 광교산로138번길 45 (연무동),뉴골든타운,,,,0,411114322045,13701,0,45,,441,221.84,50.3,1023.84,810.64,183.82,02000,공동주택,다세대주택,19,0,2,0,0,7,0,0,0,0,0,0,7,80.5,19910328,19911009,19920824,,,,,,0,,0,0,,0,,0,20220909
경기도 수원시 장안구 연무동 61-261번지,41111,13700,0,0061,0261,10841371,2,집합,1,총괄표제부,1,신대장,경기도 수원시 장안구 광교산로138번길 50 (연무동),진주하이트빌라,,,,0,411114322045,13701,0,50,,481,230.32,47.88,1028.6,898.34,186.77,02000,공동주택,다세대주택,18,0,2,0,0,7,0,0,0,0,0,0,7,80.5,19910328,19920115,19920714,,,,,,0,,0,0,,0,,0,20220909
경기도 수원시 장안구 연무동 75-4번지,41111,13700,0,0075,0004,10841393,1,일반,1,총괄표제부,1,신대장,경기도 수원시 장안구 36 (연무동),,,,,0,411154328315,,0,36,,9999,1948.95,19.5,7287.07,4096.54,40.97,10000,교육연구시설,"교육연구및복지시설(연수원,숙소)",0,0,3,0,0,129,0,0,0,0,47,1456.59,82,0,20020910,20021226,20040524,2002,,,1101,1101,0,,0,0,,0,,0,20240229
경기도 수원시 장안구 연무동 178-35번지,41111,13700,0,0178,0035,10841372,2,집합,1,총괄표제부,1,신대장,경기도 수원시 장안구 수원천로406번길 39-14 (연무동),화홍연립,,,,0,411114322169,13701,0,39,14,0,214.05,0,428.1,428.1,0,02000,공동주택,연립주택,10,0,2,0,0,0,0,0,0,0,0,0,0,0,19800823,,19801206,,,,,,0,,0,0,,0,,0,20220909
경기도 수원시 장안구 연무동 186-3번지,41111,13700,0,0186,0003,10841353,1,일반,1,총괄표제부,1,신대장,경기도 수원시 장안구 수원천로414번길 17-11 (연무동),,,,,0,411114322171,13701,0,17,11,264,128.07,48.51,256.88,202.97,76.88,01000,단독주택,"단독주택,제1종근린생활시설",0,2,2,0,0,0,0,0,0,0,0,0,0,0,,,,,,,,,0,,0,0,,0,,0,20220909
경기도 수원시 장안구 연무동 186-16번지,41111,13700,0,0186,0016,10841420,1,일반,1,총괄표제부,1,신대장,,,,,,0,,,0,,,0,167.09,0,167.09,107.33,0,01000,단독주택,단독주택,0,2,2,0,0,0,0,0,0,0,0,0,0,0,,,,,,,,,0,,0,0,,0,,0,20220909
경기도 수원시 장안구 연무동 193-1번지,41111,13700,0,0193,0001,10841301,2,집합,1,총괄표제부,1,신대장,경기도 수원시 장안구 수원천로406번길 21-8 (연무동),방림아파트,,,,0,411114322169,13701,0,21,8,759,397.77,52.41,2009.85,1704.57,224.58,02000,공동주택,공동주택(아파트),19,0,2,0,0,7,0,0,0,0,0,0,7,80.5,,,,,,,,,0,,0,0,,0,,0,20220909
경기도 수원시 장안구 연무동 193-200번지,41111,13700,0,0193,0200,10841396,2,집합,1,총괄표제부,1,신대장,경기도 수원시 장안구 경수대로753번길 61 (연무동),화홍연립,,,,0,411114322020,13701,0,61,,0,856.2,0,1369.85,1712.33,0,02000,공동주택,연립주택,32,0,3,0,0,0,0,0,0,0,0,0,0,0,19800823,,19801206,,,,,,0,,0,0,,0,,0,20220909
경기도 수원시 장안구 연무동 193-546번지,41111,13700,0,0193,0546,10841302,2,집합,1,총괄표제부,0,구대장,경기도 수원시 장안구 경수대로753번길 39 (연무동),화홍연립,,,,0,411114322020,13701,0,39,,0,513.72,0,1027.44,1027.44,0,02000,공동주택,연립주택,24,0,3,0,0,0,0,0,0,0,0,0,0,0,19800823,,19801206,,,,,,0,,0,0,,0,,0,20220909
경기도 수원시 장안구 연무동 212-13번지,41111,13700,0,0212,0013,108413,2,집합,1,총괄표제부,1,신대장,경기도 수원시 장안구 창훈로 69 (연무동),대일빌라,,,,0,411113174013,13701,0,69,,293.2,155.68,53.1,600.78,454.82,155.12,02000,공동주택,공동주택 외 3,8,1,2,0,0,3,0,0,0,0,1,18.9,2,23,19900609,19900703,19920923,,,,,,0,,0,0,,0,,0,20220909
경기도 수원시 장안구 연무동 214번지,41111,13700,0,0214,0000,10841303,2,집합,1,총괄표제부,1,신대장,경기도 수원시 장안구 창훈로 57-11 (연무동),목화아파트,,,,0,411113174013,13701,0,57,11,3350.6,1342.135,40.06,12553.22,9909.3,295.75,02000,공동주택,"아파트, 상가",112,0,2,2,195.345,78,0,0,0,0,73,0,5,0,,,,,,,,,0,,0,0,,0,,0,20220909
경기도 수원시 장안구 연무동 219-39번지,41111,13700,0,0219,0039,10841304,2,집합,1,총괄표제부,1,신대장,경기도 수원시 장안구 창훈로29번길 12-9 (연무동),광원빌라,,,,0,411114322355,13701,0,12,9,438.2,174.08,39.73,659.92,500.88,114.3,02000,공동주택,다세대주택,16,0,2,0,0,0,0,0,0,0,0,0,0,0,,,,,,,,,0,,0,0,,0,,0,20220909
경기도 수원시 장안구 연무동 219-40번지,41111,13700,0,0219,0040,10841305,2,집합,1,총괄표제부,1,신대장,,광원빌라,,,,0,,,0,,,450.3,172.92,38.4,658.72,494.04,109.71,02000,공동주택,다세대주택,16,0,2,0,0,0,0,0,0,0,0,0,0,0,19900613,,19910404,,,,,,0,,0,0,,0,,0,20220909
경기도 수원시 장안구 연무동 220-9번지,41111,13700,0,0220,0009,10841306,2,집합,1,총괄표제부,0,구대장,경기도 수원시 장안구 창훈로29번길 8 (연무동),광원빌라,,,,0,411114322355,13701,0,8,,382.6,181.44,47.42,658.4,493.8,129.06,02000,공동주택,다세대주택,16,0,2,0,0,0,0,0,0,0,0,0,0,0,19900613,,19910218,,,,,,0,,0,0,,0,,0,20220909
경기도 수원시 장안구 연무동 220-13번지,41111,13700,0,0220,0013,10841307,2,집합,1,총괄표제부,1,신대장,경기도 수원시 장안구 창훈로29번길 8 (연무동),광원빌라,,,,0,411114322355,13701,0,8,,427.7,169.88,39.72,658.08,493.56,115.4,02000,공동주택,다세대주택,16,0,2,0,0,0,0,0,0,0,0,0,0,0,,,,,,,,,0,,0,0,,0,,0,20220909
경기도 수원시 장안구 연무동 220-17번지,41111,13700,0,0220,0017,10841308,2,집합,1,총괄표제부,1,신대장,경기도 수원시 장안구 창훈로29번길 2 (연무동),광원빌라,,,,0,411114322355,13701,0,2,0,357.8,200.06,55.91,700.72,536.16,149.85,02000,공동주택,"다세대주택, 근린생활시설",16,0,2,0,0,0,0,0,0,0,0,0,0,0,,,,,,,,,0,,0,0,,0,,0,20220909
경기도 수원시 장안구 연무동 220-18번지,41111,13700,0,0220,0018,10841309,2,집합,1,총괄표제부,1,신대장,경기도 수원시 장안구 창훈로29번길 2 (연무동),광원빌라,,,,0,411114322355,13701,0,2,,437.8,181.44,41.44,659.56,500.04,114.22,02000,공동주택,다세대주택,16,0,2,0,0,0,0,0,0,0,0,0,0,0,,,,,,,,,0,,0,0,,0,,0,20220909
경기도 수원시 장안구 연무동 220-19번지,41111,13700,0,0220,0019,10841310,2,집합,1,총괄표제부,1,신대장,경기도 수원시 장안구 창훈로29번길 8 (연무동),광원빌라,,,,0,411114322355,13701,0,8,,438.4,181.44,41.39,659.56,500.04,114.06,02000,공동주택,다세대주택,16,0,2,0,0,0,0,0,0,0,0,0,0,0,,,,,,,,,0,,0,0,,0,,0,20220909
경기도 수원시 장안구 연무동 220-20번지,41111,13700,0,0220,0020,10841311,2,집합,1,총괄표제부,1,신대장,경기도 수원시 장안구 창훈로29번길 8 (연무동),광원빌라,,,,0,411114322355,13701,0,8,,400.4,205.12,51.23,703.68,539.08,134.64,02000,공동주택,"다세대주택, 근린생활시설",16,0,2,0,0,0,0,0,0,0,0,0,0,0,,,,,,,,,0,,0,0,,0,,0,20220909
경기도 수원시 장안구 연무동 223-1번지,41111,13700,0,0223,0001,10841313,2,집합,1,총괄표제부,0,구대장,경기도 수원시 장안구 25 (연무동),태영아파트,,,,0,411114322356,13701,0,25,,0,1124.08,0,6675.27,6038.88,0,02000,공동주택,아파트,86,0,2,1,26.8,0,0,0,0,0,0,0,0,0,,,,,,,,,0,,0,0,,0,,0,20220909
경기도 수원시 장안구 연무동 229-24번지,41111,13700,0,0229,0024,10841100349840,2,집합,1,총괄표제부,1,신대장,,"창룡빌A,B",,,,0,,,0,,,1020.6,477.82,46.82,1550.33,1550.33,151.9,02000,공동주택,다세대주택 및 근린생활시설,24,0,2,0,0,25,0,0,0,0,17,191.95,8,92,20151109,20151123,20160901,2015,3750028,건축과,1101,1101,5,,0,0,,0,,0,20220909
경기도 수원시 장안구 연무동 233-6번지,41111,13700,0,0233,0006,10841412,1,일반,1,총괄표제부,1,신대장,,,,,,0,,,0,,,326.2,185.69,56.93,492.72,350.33,107.4,03000,제1종근린생활시설,"단독주택, 제1, 2종근린생활시설",0,1,2,1,1,0,0,0,0,0,0,0,0,0,,,,,,,,,0,,0,0,,0,,0,20220909
경기도 수원시 장안구 연무동 235-13번지,41111,13700,0,0235,0013,10841316,2,집합,1,총괄표제부,1,신대장,경기도 수원시 장안구 연무로13번길 65 (연무동),효원빌라,,,,0,411114322196,13701,0,65,,480,166,34.58,658.84,498,103.75,02000,공동주택,다세대주택,16,0,2,0,0,0,0,0,0,0,0,0,0,0,,,,,,,,,0,,0,0,,0,,0,20220909
경기도 수원시 장안구 연무동 236-17번지,41111,13700,0,0236,0017,10841357,1,일반,1,총괄표제부,1,신대장,경기도 수원시 장안구 연무로7번길 62-6 (연무동),,,,,0,411114322201,13701,0,62,6,211.5,96.53,45.64,96.53,96.53,45.64,01000,단독주택,단독주택,0,2,2,1,2.91,0,0,0,0,0,0,0,0,0,,,,,,,,,0,,0,0,,0,,0,20220909
경기도 수원시 장안구 연무동 241번지,41111,13700,0,0241,0000,10841100217219,1,일반,1,총괄표제부,1,신대장,경기도 수원시 장안구 연무로 8 (연무동),창용중학교,,,,0,411113174008,13701,0,8,0,16452.2,2478.26,15.06,8506.05,8429.1,51.23,10000,교육연구시설,중학교,0,0,8,0,0,0,0,0,0,0,0,0,0,0,,,,,,,,,0,,0,0,,0,,0,20220909
경기도 수원시 장안구 연무동 242번지,41111,13700,0,0242,0000,10841318,2,집합,1,총괄표제부,1,신대장,경기도 수원시 장안구 창훈로8번길 11-21 (연무동),성진연립,,,,5,411114322364,13701,0,11,21,4611.4,2061.25,44.7,5256.78,3504.52,76,02000,공동주택,연립주택,99,0,7,0,0,0,0,0,0,0,0,0,0,0,19810528,,19811019,,,,,,0,,0,0,,0,,0,20220909
경기도 수원시 장안구 연무동 245-17번지,41111,13700,0,0245,0017,10841100342960,1,일반,1,총괄표제부,1,신대장,,,,,,0,,,0,,,412,138.44,33.6,420.54,324.02,78.65,03000,제1종근린생활시설,소매점,0,0,2,0,0,0,0,0,0,0,0,0,0,0,20160104,20160105,20160323,2016,3750028,건축과,1202,1202,0,,0,0,,0,,0,20220909
경기도 수원시 장안구 연무동 246-24번지,41111,13700,0,0246,0024,10841100482019,1,일반,1,총괄표제부,1,신대장,,"제1,2종근린생활시설",,,,3,,,0,0,0,1784.9,507.07,28.41,1502.51,1502.51,84.18,03000,제1종근린생활시설,제2종근린생활시설,0,0,2,0,0,15,0,0,0,0,0,0,15,188.5,20211110,20211202,20220404,2021,3750028,건축과,1102,1102,0,,0,0,,0,,0,20221117
경기도 수원시 장안구 연무동 247-29번지,41111,13700,0,0247,0029,10841358,1,일반,1,총괄표제부,1,신대장,경기도 수원시 장안구 월드컵로 400-1 (연무동),,,,,0,411113177012,13702,0,400,1,557.4,331.57,59.49,1380.16,980.56,175.92,04000,제2종근린생활시설,"제2종근린생활시설, 주택",0,1,2,1,1.69,7,0,0,0,0,6,162.22,1,11.5,,,,,,,,,0,,0,0,,0,,0,20220909
경기도 수원시 장안구 연무동 251-10번지,41111,13700,0,0251,0010,1084113,1,일반,1,총괄표제부,1,신대장,경기도 수원시 장안구 월드컵로 437 (연무동),,,,,0,411113177012,13702,0,437,,662.2,226.8,34.25,226.8,226.8,34.25,04000,제2종근린생활시설,제2종근린생활시설 외 1,0,0,2,2,17.5,2,0,0,0,0,0,0,2,23,19881022,,19881209,,,,,,0,,0,0,,0,,0,20220909
경기도 수원시 장안구 연무동 253-1번지,41111,13700,0,0253,0001,10841320,2,집합,1,총괄표제부,1,신대장,경기도 수원시 장안구 경수대로754번길 31 (연무동),에머랄드빌라,,,,0,411114322021,13701,0,31,,467,204.4,43.77,765.68,589.44,126.22,02000,공동주택,다세대주택,16,0,2,0,0,0,0,0,0,0,0,0,0,0,19900305,,19900914,,,,,,0,,0,0,,0,,0,20220909
경기도 수원시 장안구 연무동 253-13번지,41111,13700,0,0253,0013,10841321,2,집합,1,총괄표제부,0,구대장,경기도 수원시 장안구 수원천로 458 (연무동),동경파크맨션,,,,0,411113175035,13702,0,458,,0,142.39,0,509.62,427.17,0,02000,공동주택,다세대주택,11,0,2,0,0,0,0,0,0,0,0,0,0,0,19880727,,19890222,,,,,,0,,0,0,,0,,0,20220909
경기도 수원시 장안구 연무동 253-33번지,41111,13700,0,0253,0033,10841322,2,집합,1,총괄표제부,0,구대장,경기도 수원시 장안구 수원천로442번길 3 (연무동),보성연립,,,,0,411114322173,13701,0,3,0,0,269.95,0,932.39,809.85,0,02000,공동주택,연립주택,15,0,2,0,0,0,0,0,0,0,0,0,0,0,19810408,,19811027,,,,,,0,,0,0,,0,,0,20220909
경기도 수원시 장안구 연무동 253-37번지,41111,13700,0,0253,0037,10841397,2,집합,1,총괄표제부,1,신대장,경기도 수원시 장안구 경수대로754번길 33 (연무동),에머랄드빌라,,,,0,411114322021,13701,0,33,,426.7,204.4,47.9,785.92,589.44,138.14,02000,공동주택,다세대주택,16,0,2,0,0,0,0,0,0,0,0,0,0,0,19900425,19900613,19901023,,,,,,0,,0,0,,0,,0,20220909
경기도 수원시 장안구 연무동 254-1번지,41111,13700,0,0254,0001,10841323,2,집합,1,총괄표제부,0,구대장,경기도 수원시 장안구 수원천로 442 (연무동),보성연립,,,,1,411113175035,13702,0,442,,0,594.81,0,2091.8,1784.43,0,02000,공동주택,연립주택,37,0,2,0,0,0,0,0,0,0,0,0,0,0,19810406,,19811027,,,,,,0,,0,0,,0,,0,20220909
경기도 수원시 장안구 연무동 255-7번지,41111,13700,0,0255,0007,10841324,2,집합,1,총괄표제부,1,신대장,경기도 수원시 장안구 수원천로442번길 24 (연무동),성암빌라,,,,0,411114322173,13701,0,24,0,559.2,272.4,48.71,896.08,621.8,111.19,02000,공동주택,다세대주택,19,0,3,0,0,0,0,0,0,0,0,0,0,0,,,,,,,,,0,,0,0,,0,,0,20220909
경기도 수원시 장안구 연무동 255-8번지,41111,13700,0,0255,0008,10841100419750,2,집합,1,총괄표제부,1,신대장,,삼성I파크,,,,0,,,0,,,652.9,364.1,55.77,1162.71,1162.71,178.08,02000,공동주택,도시형생활주택-단지형다세대,20,0,2,0,0,20,0,0,0,0,0,0,20,222.35,20171215,20180112,20181206,2017,3750028,건축과,1101,1101,0,,0,0,,0,,0,20220909
경기도 수원시 장안구 연무동 255-13번지,41111,13700,0,0255,0013,10841325,2,집합,1,총괄표제부,1,신대장,경기도 수원시 장안구 경수대로 750-3 (연무동),삼보산호빌라,,,,0,411112012008,13706,0,750,3,361.4,172,47.59,656,492,136.14,02000,공동주택,다세대주택,16,16,2,0,0,0,0,0,0,0,0,0,0,0,,,,,,,,,0,,0,0,,0,,0,20220909
경기도 수원시 장안구 연무동 255-14번지,41111,13700,0,0255,0014,10841326,2,집합,1,총괄표제부,1,신대장,경기도 수원시 장안구 경수대로 750-2 (연무동),삼보산호빌라,,,,0,411112012008,13706,0,750,2,383,167.4,43.71,654.56,489.48,127.8,02000,공동주택,다세대주택,16,0,2,0,0,0,0,0,0,0,0,0,0,0,,,,,,,,,0,,0,0,,0,,0,20220909
경기도 수원시 장안구 연무동 255-16번지,41111,13700,0,0255,0016,10841327,2,집합,1,총괄표제부,0,구대장,경기도 수원시 장안구 경수대로 750-4 (연무동),삼보산호빌라,,,,0,411112012008,13706,0,750,4,0,150.72,0,611.88,452.16,0,02000,공동주택,다세대주택,16,0,2,0,0,0,0,0,0,0,0,0,0,0,19890909,,19910408,,,,,,0,,0,0,,0,,0,20220909
경기도 수원시 장안구 연무동 256-1번지,41111,13700,0,0256,0001,10841328,2,집합,1,총괄표제부,0,구대장,경기도 수원시 장안구 경수대로754번길 28 (연무동),석천빌라,,,,0,411114322021,13701,0,28,,546,247.24,45.28,1166.08,939.56,172.08,02000,공동주택,다세대주택,19,0,2,0,0,0,0,0,0,0,0,0,8,92,19910316,19910325,19910910,,,,,,0,,0,0,,0,,0,20220909
경기도 수원시 장안구 연무동 256-2번지,41111,13700,0,0256,0002,1084139,1,일반,1,총괄표제부,1,신대장,경기도 수원시 장안구 경수대로754번길 26-17 (연무동),연무동 256-2  노유자시설,,,,0,411114322021,13701,0,26,17,3901.6,1351.17,34.63,3616.56,3275.59,83.96,10000,교육연구시설,"노유자시설,근린생활시설",0,0,6,0,0,23,0,0,0,0,0,0,23,269.5,19771004,,19780616,,,,,,0,,0,0,,0,,0,20230616
경기도 수원시 장안구 연무동 256-23번지,41111,13700,0,0256,0023,10841398,2,집합,1,총괄표제부,0,구대장,,성암빌라,,,,1,,,0,,,485.1,327.36,67.48,922.8,922.8,190.23,02000,공동주택,"다세대주택,근린생활시설",8,0,2,0,0,6,0,0,0,0,0,0,6,69,19910926,,19920612,,,,,,0,,0,0,,0,,0,20220909
경기도 수원시 장안구 연무동 256-25번지,41111,13700,0,0256,0025,10841329,2,집합,1,총괄표제부,0,구대장,경기도 수원시 장안구 경수대로754번길 30 (연무동),석천빌라,,,,0,411114322021,13701,0,30,,564.7,223.16,39.52,1048,847.86,150.14,02000,공동주택,다세대주택,19,0,2,0,0,7,0,0,0,0,0,0,7,80.5,19910320,19910406,19910914,,,,,,0,,0,0,,0,,0,20220909
경기도 수원시 장안구 연무동 256-35번지,41111,13700,0,0256,0035,10841330,2,집합,1,총괄표제부,1,신대장,경기도 수원시 장안구 수원천로442번길 27 (연무동),새그린빌라,,,,0,411114322173,13701,0,27,,611.3,280.32,45.85,1005.48,770.52,126.05,02000,공동주택,다세대주택,17,0,2,0,0,7,0,0,0,0,0,0,7,80.5,19930908,19930913,19940719,,,,,,0,,0,0,,0,,0,20220909
경기도 수원시 장안구 연무동 257번지,41111,13700,0,0257,0000,10841331,2,집합,1,총괄표제부,1,신대장,경기도 수원시 장안구 수원천로472번길 20 (연무동),경성아파트 비동,,,,3,411114322177,13701,0,20,,2417.1,871.84,36.07,4396.71,3885.08,160.73,02000,공동주택,"아파트, 판매시설",60,0,2,0,0,11,0,0,0,0,11,165,0,0,,,,,,,,,0,,0,0,,0,,0,20220909
경기도 수원시 장안구 연무동 259-15번지,41111,13700,0,0259,0015,10841332,2,집합,1,총괄표제부,1,신대장,경기도 수원시 장안구 월드컵로 409-1 (연무동),무궁화빌라,,,,0,411113177012,13702,0,409,1,535.6,253.65,47.36,838.54,648.8,121.14,02000,공동주택,다세대주택,18,0,3,0,0,0,0,0,0,0,0,0,0,0,,,,,,,,,0,,0,0,,0,,0,20220909
경기도 수원시 장안구 연무동 300번지,41111,13700,0,0300,0000,1000000000000003502660,2,집합,1,총괄표제부,1,신대장,경기도 수원시 장안구 창훈로 30 (연무동),서광교 파크 스위첸,,,,1,411113174013,13701,0,30,,40086.4,6815.3434,17,163311.4562,100104.7281,249.72,02000,공동주택,공동주택(아파트),1130,0,11,18,60452.7476,1567,0,0,0,0,1536,53060.097,0,0,20180523,20200512,20231214,,,,,,21,1+,107.9,0,4,54.02,,0,20250625
경기도 수원시 장안구 상광교동 129번지,41111,13800,0,0129,0000,10841373,1,일반,1,총괄표제부,1,신대장,경기도 수원시 장안구 광교산로518번길 3 (상광교동),,,,,0,411114322054,13801,0,3,0,864,432.3,50.03,432.3,432.3,50.03,21000,동물및식물관련시설,"창고시설, 동물 및 식물관련시설",0,0,2,0,0,2,0,0,0,0,0,0,2,23,,,,,,,,,0,,0,0,,0,,0,20220909
경기도 수원시 장안구 상광교동 346번지,41111,13800,0,0346,0000,1000000000000005739953,1,일반,1,총괄표제부,1,신대장,경기도 수원시 장안구 광교산로509번길 18-17 (상광교동),,,,,1,411114322053,13801,0,18,17,840,64.47,7.675,64.47,64.47,7.675,01000,단독주택,단독주택,0,0,2,1,1.21,0,0,0,0,0,0,0,0,0,,,,,,,,,0,,0,0,,0,,0,20250529
경기도 수원시 장안구 하광교동 28번지,41111,13900,0,0028,0000,10841100218379,1,일반,1,총괄표제부,1,신대장,경기도 수원시 장안구 광교산로374번길 101 (하광교동),하광교동 버섯재배사,,,,0,411114322051,13901,0,101,,5036,402.15,7.99,398.2,398.2,7.91,21000,동물및식물관련시설,동식물관련시설(버섯재배사),0,0,2,0,0,0,0,0,0,0,0,0,0,0,20080917,20100219,20100517,2008,3750028,건축과,5310,5310,0,,0,0,,0,,0,20220909
경기도 수원시 장안구 하광교동 43-2번지,41111,13900,0,0043,0002,10841428,1,일반,1,총괄표제부,1,신대장,경기도 수원시 장안구 광교산로374번길 55 (하광교동),,,,,0,411114322051,13901,0,55,,4290,1049.18,24.46,1499.64,1466.36,34.18,11000,노유자시설,교육연구및복지시설,0,0,3,1,124.86,8,0,0,0,0,0,0,8,92,19980316,19980619,20050801,1998,3750028,건축과,1101,1101,0,,0,0,,0,,0,20220909
경기도 수원시 장안구 하광교동 107-5번지,41111,13900,0,0107,0005,10841100448591,1,일반,1,총괄표제부,1,신대장,,,,,,0,,,0,,,286,134.79,47.13,221.42,221.42,77.42,04000,제2종근린생활시설,일반음식점,0,0,2,0,0,2,0,0,0,0,2,25,0,0,20190919,20191105,20200508,2019,3750028,건축과,5310,5310,0,,0,0,,0,,0,20220909
경기도 수원시 장안구 하광교동 107-8번지,41111,13900,0,0107,0008,10841100339222,1,일반,1,총괄표제부,1,신대장,,,,,,1,,,0,,,283,156.45,55.28,156.45,156.45,55.28,04000,제2종근린생활시설,일반음식점 및 단독주택,0,1,2,0,0,0,0,0,0,0,0,0,0,0,19940425,19940712,19940930,,,,,,1,,0,0,,0,,0,20220909
경기도 수원시 장안구 하광교동 152번지,41111,13900,0,0152,0000,10841100374608,1,일반,1,총괄표제부,1,신대장,,,,,,0,,,0,0,0,311,145.24,46.7,145.24,145.24,46.7,01000,단독주택,단독주택,0,0,0,0,0,0,0,0,0,0,0,0,0,0,,,,,,,,,0,,0,0,,0,,0,20220909
경기도 수원시 장안구 하광교동 182-1번지,41111,13900,0,0182,0001,10841100271132,1,일반,1,총괄표제부,1,신대장,,,,,,0,,,0,,,5048,499.4,9.89,499.4,499.4,9.89,21000,동물및식물관련시설,동.식물관련시설,0,0,2,0,0,0,0,0,0,0,0,0,0,0,20090902,20090909,20121218,2009,3740135,자치행정과,5310,5310,0,,0,0,,0,,0,20220909
경기도 수원시 장안구 하광교동 183번지,41111,13900,0,0183,0000,10841100211225,1,일반,1,총괄표제부,1,신대장,경기도 수원시 장안구 광교산로374번길 132 (하광교동),,,,,0,411114322051,13901,0,132,,1375,267.57,19.459,267.57,267.57,19.459,21000,동물및식물관련시설,버섯재배사,0,0,2,0,0,0,0,0,0,0,0,0,0,0,20090424,20090608,20090723,2009,3750028,건축과,5310,5310,0,,0,0,,0,,0,20220909
경기도 수원시 장안구 하광교동 217번지,41111,13900,0,0217,0000,10841100209881,1,일반,1,총괄표제부,1,신대장,경기도 수원시 장안구 광교산로332번길 110 (하광교동),,,,,1,411114322050,13901,0,110,,5123,393.4,7.68,393.4,393.4,7.68,21000,동물및식물관련시설,동식물관련시설(버섯재배사),0,0,2,0,0,0,0,0,0,0,0,0,0,0,20090123,20090324,20090605,2009,3750028,건축과,5310,5310,0,,0,0,,0,,0,20220909
경기도 수원시 장안구 하광교동 219번지,41111,13900,0,0219,0000,10841100365793,1,일반,1,총괄표제부,1,신대장,,,,,,0,,,0,,,274,149.71,54.64,149.71,149.71,54.64,18000,창고시설,창고시설,0,0,2,0,0,0,0,0,0,0,0,0,0,0,,,,,,,,,0,,0,0,,0,,0,20220909
경기도 수원시 장안구 하광교동 402번지,41111,13900,0,0402,0000,10841100346341,1,일반,1,총괄표제부,1,신대장,,,,,,0,,,0,,,2213,65.24,2.95,65.24,65.24,2.95,04000,제2종근린생활시설,근린생활시설,0,0,2,0,0,0,0,0,0,0,0,0,0,0,,,,,,,,,0,,0,0,,0,,0,20220909
경기도 수원시 장안구 하광교동 437-1번지,41111,13900,0,0437,0001,10841100282724,1,일반,1,총괄표제부,1,신대장,,종합재활체육시설,,,,0,,,0,,,31773.94,4565.57,14.37,16756.29,11706.09,36.84,13000,운동시설,"운동시설,노유자시설",0,0,3,1,2784.76,149,0,0,0,0,49,1884.53,100,2150,,,,,,,,,0,,0,0,,0,,0,20220909
