대지위치,시군구코드,법정동코드,대지구분코드,번,지,관리건축물대장PK,대장구분코드,대장구분코드명,대장종류코드,대장종류코드명,신구대장구분코드,신구대장구분코드명,도로명대지위치,건물명,특수지명,블록,로트,외필지수,새주소도로코드,새주소법정동코드,새주소지상지하코드,새주소본번,새주소부번,대지면적(㎡),건축면적(㎡),건폐율(%),연면적(㎡),용적률산정연면적(㎡),용적률(%),주용도코드,주용도코드명,기타용도,세대수(세대),가구수(가구),주건축물수,부속건축물수,부속건축물면적(㎡),총주차수,옥내기계식대수(대),옥내기계식면적(㎡),옥외기계식대수(대),옥외기계식면적(㎡),옥내자주식대수(대),옥내자주식면적(㎡),옥외자주식대수(대),옥외자주식면적(㎡),허가일,착공일,사용승인일,허가번호년,허가번호기관코드,허가번호기관코드명,허가번호구분코드,허가번호구분코드명,호수(호),에너지효율등급,에너지절감률,EPI점수,친환경건축물등급,친환경건축물인증점수,지능형건축물등급,지능형건축물인증점수,생성일자
경기도 수원시 영통구 매탄동 1-1번지,41117,10100,0,0001,0001,10841100294727,1,일반,1,총괄표제부,1,신대장,,매탄동 고속주유소,,,,0,,,0,,,2270,914.3,40.28,1068.08,1068.08,47.05,19000,위험물저장및처리시설,"위험물저장및처리시설,제1,2종근린생활시설,자동차관련시설",0,0,4,0,0,6,0,0,0,0,0,0,6,69,20130404,20130417,20140117,2013,5610006,건축과,1102,1102,0,,0,0,,0,,0,20220909
경기도 수원시 영통구 매탄동 50번지,41117,10100,0,0050,0000,10841236865,2,집합,1,총괄표제부,0,구대장,경기도 수원시 영통구 매봉로27번길 11 (매탄동),극동아파트,,,,0,411174331034,10101,0,11,,11729,2857.1,24.36,28260.02,20921.34,178.37,02000,공동주택,공동주택(아파트),210,0,6,7,5742.14,253,0,0,0,0,172,5121.22,81,985.8,,,,,,,,,0,,0,0,,0,,0,20220909
경기도 수원시 영통구 매탄동 101-56번지,41117,10100,0,0101,0056,10841236866,2,집합,1,총괄표제부,0,구대장,경기도 수원시 영통구 동수원로 491-11 (매탄동),선우장미연립주택,,,,0,411173175016,10101,0,491,11,5211.8,2008.26,38.53,10743.74,7819.08,150.39,02000,공동주택,연립주택,88,0,3,2,992.48,65,0,0,0,0,42,971.19,23,264.5,,,,,,,,,0,,0,0,,0,,0,20220909
경기도 수원시 영통구 매탄동 111-164번지,41117,10100,0,0111,0164,10841236843,1,일반,1,총괄표제부,1,신대장,경기도 수원시 영통구 산남로 86 (매탄동),산남초등학교,,,,0,411173177008,10101,0,86,,11008,3018.59,27.42,9632.6,9494.9,86.25,10000,교육연구시설,교육연구시설(초등학교),0,0,3,1,8.12,0,0,0,0,0,0,0,0,0,,,,,,,,,0,,0,0,,0,,0,20250605
경기도 수원시 영통구 매탄동 153-20번지,41117,10100,0,0153,0020,10841236918,1,일반,1,총괄표제부,1,신대장,,,,,,0,,,0,0,0,472,233.62,49.495762,456.73,411.94,87.28,11000,노유자시설,"근린생활시설, 노유자시설",0,0,2,0,0,0,0,0,0,0,0,0,0,0,20050125,,20050127,2005,5610006,건축과,1207,1207,0,,0,0,,0,,0,20220909
경기도 수원시 영통구 매탄동 153-82번지,41117,10100,0,0153,0082,10841236941,1,일반,1,총괄표제부,1,신대장,경기도 수원시 영통구 매여울로61번길 21 (매탄동),,,,,0,411174331043,10101,0,21,0,251,134.81,53.71,134.81,134.81,53.71,04000,제2종근린생활시설,"제1,2종근린생활시설",0,0,2,1,8,0,0,0,0,0,0,0,0,0,19770518,,19771208,,,,,,0,,0,0,,0,,0,20220909
경기도 수원시 영통구 매탄동 154-1번지,41117,10100,0,0154,0001,10841100176512,1,일반,1,총괄표제부,1,신대장,경기도 수원시 영통구 중부대로246번길 14 (매탄동),S서울병원,,,,0,411174328316,10101,0,14,0,4036,1534.47,38.02,5696.54,4475.13,110.88,09000,의료시설,"의료시설, 제1,2종근린생활시설",0,0,2,0,0,46,0,0,0,0,20,1148.49,26,299,20070718,20070723,20080226,2007,3740058,건축과,1101,1101,0,,0,61,,0,,0,20220909
경기도 수원시 영통구 매탄동 157번지,41117,10100,0,0157,0000,10841100275067,1,일반,1,총괄표제부,1,신대장,,매화초등학교,,,,0,,,0,0,0,13434,3504.71,26.088357,10684.66,10558.78,78.597439,10000,교육연구시설,교육연구시설(초등학교),0,0,2,0,0,46,0,0,0,0,0,0,46,539,,,,,,,,,0,,0,0,,0,,0,20220909
경기도 수원시 영통구 매탄동 164-10번지,41117,10100,0,0164,0010,10841236867,2,집합,1,총괄표제부,0,구대장,경기도 수원시 영통구 권광로290번길 34-18 (매탄동),우성아파트,,,,0,411174328099,10101,0,34,18,5527.64,1828.67,33.08,24938.67,19597.9,354.54,02000,공동주택,"공동주택(아파트), 생활편익시설",230,0,2,6,4683.57,187,0,0,0,0,118,3751.34,69,759,,,,,,,,,0,,0,0,,0,,0,20220909
경기도 수원시 영통구 매탄동 164-15번지,41117,10100,0,0164,0015,10841236844,1,일반,1,총괄표제부,0,구대장,경기도 수원시 영통구 권광로290번길 18-1 (매탄동),,,,,0,411174328099,10101,0,18,1,294,155.79,52.99,658.08,602.7,205,01000,단독주택,"단독주택[17가구], 제2종근린생활시설",0,17,2,0,0,5,0,0,0,0,1,28.63,4,46,,,,,,,,,0,,0,0,,0,,0,20220909
경기도 수원시 영통구 매탄동 176번지,41117,10100,0,0176,0000,10841236958,2,집합,1,총괄표제부,1,신대장,경기도 수원시 영통구 권광로260번길 36 (매탄동),현대힐스테이트아파트,,,,5,411174328095,10101,0,36,0,95025.1,18627.191,19.6,330109.006,266413.2,280.36,02000,공동주택,"공동주택(아파트)근린생활시설,유치원,학원,교회",2328,0,38,25,64033.66,2595,0,0,0,0,2022,61046.611,573,0,20020709,20030705,20060227,2002,,,2101,2101,0,,0,0,,0,,0,20260320
경기도 수원시 영통구 매탄동 194-4번지,41117,10100,0,0194,0004,10841236868,2,집합,1,총괄표제부,1,신대장,경기도 수원시 영통구 매여울로53번길 31 (매탄동),재왕아트빌,,,,0,411174331041,10101,0,31,,2597,755.538,29.092,9145.0934,7143.8558,275.081,02000,공동주택,"공동주택[아파트], 제1,2종근린생활시설",88,0,2,0,0,77,0,0,0,0,65,1679.5201,12,0,,,,,,,,,0,,0,0,,0,,0,20220909
경기도 수원시 영통구 매탄동 196-6번지,41117,10100,0,0196,0006,10841100260033,1,일반,1,총괄표제부,1,신대장,,,,,,0,,,0,0,0,269.5,161.53,59.94,515.01,470.55,174.6,04000,제2종근린생활시설,사무소,0,0,2,0,0,1,0,0,0,0,1,11.5,0,0,20120621,,20120813,2012,5610006,건축과,1202,1202,0,,0,0,,0,,0,20220909
경기도 수원시 영통구 매탄동 209-24번지,41117,10100,0,0209,0024,10841100214046,1,일반,1,총괄표제부,1,신대장,경기도 수원시 영통구 매원로12번길 15 (매탄동),,,,,0,411174331067,10101,0,15,0,587.9,315.42,53.65,838.22,777.02,132.17,11000,노유자시설,노유자시설,0,0,2,0,0,4,0,0,0,0,0,0,4,46,20090520,20090727,20091019,2009,5610006,건축과,1102,1102,0,,0,0,,0,,0,20220909
경기도 수원시 영통구 매탄동 209-62번지,41117,10100,0,0209,0062,10841236947,1,일반,1,총괄표제부,,,경기도 수원시 영통구 매원로 24 (매탄동),,,,,4,411173177004,10101,0,24,0,277.5,141.74,51.08,496.44,369.7,133.23,01000,단독주택,"단독주택,근린생활시설",0,1,2,0,0,1,0,0,0,0,0,0,1,11.5,19920924,19920925,19930716,92  ,3750028,건축과,1101,1101,0,,0,0,,0,,0,20220909
경기도 수원시 영통구 매탄동 249-12번지,41117,10100,0,0249,0012,10841100294873,1,일반,1,총괄표제부,1,신대장,,삼성전기 기숙사,,,,0,,,0,,,17888,1211.94,6.78,12618.28,10890.04,60.88,02000,공동주택,공동주택(기숙사),0,0,2,0,0,234,0,0,0,0,0,0,234,2691,20130816,20131001,20140122,2013,5610006,건축과,1102,1102,0,,0,0,,0,,0,20220909
경기도 수원시 영통구 매탄동 250-1번지,41117,10100,0,0250,0001,10841100248168,1,일반,1,총괄표제부,1,신대장,,삼성전기(주) 기숙사,,,,0,,,0,0,0,10225,2875.52,28.12,17141.33,13491.62,131.95,02000,공동주택,기숙사,0,0,3,0,0,46,0,0,0,0,0,0,2,33,20111117,20111128,20120116,2011,3740194,주택건축과,1102,1102,0,,0,0,,0,,0,20220909
경기도 수원시 영통구 매탄동 296-4번지,41117,10100,0,0296,0004,10841236916,1,일반,1,총괄표제부,1,신대장,경기도 수원시 영통구 매영로 142 (매탄동),,,,,1,411173177003,10101,0,142,0,4232.6,2265.52,53.53,5466.65,4385.15,103.6,20000,자동차관련시설,"자동차관련시설,사무실",0,0,5,0,0,29,0,0,0,0,0,0,29,334.5,,,,,,,,,0,,0,0,,0,,0,20220909
경기도 수원시 영통구 매탄동 314번지,41117,10100,0,0314,0000,10841236937,1,일반,1,총괄표제부,1,신대장,경기도 수원시 영통구 매영로 150 (매탄동),삼성전기(주),,,,1,411173177003,10101,0,150,0,184865.1,63473.66,34.34,206094.33,189520.43,102.52,17000,공장,,0,0,37,0,0,1153,0,0,0,0,0,0,1153,0,,,,,,,,,0,,0,0,2,68.7,,0,20251104
경기도 수원시 영통구 매탄동 327-2번지,41117,10100,0,0327,0002,10841100258574,1,일반,1,총괄표제부,1,신대장,,삼성전기(주),,,,4,,,0,0,0,17694,2827.21,15.98,3605.39,3465.39,19.59,14000,업무시설,"외2(제1,2종근린생활시설)",0,0,6,0,0,198,0,0,0,0,0,0,198,2277,20111212,20120118,20120629,2011,3740194,주택건축과,1102,1102,0,,0,0,,0,,0,20240703
경기도 수원시 영통구 매탄동 378-10번지,41117,10100,0,0378,0010,10841100335057,1,일반,1,총괄표제부,1,신대장,,L-1 물류센터,,,,9,,,0,0,0,38228,5929.59,15.51,7807.92,7741.85,20.25,18000,창고시설,창고시설(창고),0,0,3,2,181.54,42,0,0,0,0,0,0,42,483,20141124,20141211,20150917,2014,3740282,건축과,1102,1102,0,,0,0,,0,,0,20220909
경기도 수원시 영통구 매탄동 385-4번지,41117,10100,0,0385,0004,10841100366486,1,일반,1,총괄표제부,1,신대장,,,,,,0,,,0,,,1416,584.38,41.27,584.38,584.38,41.27,20000,자동차관련시설,자동차관련시설(정비공장),0,0,2,0,0,3,0,0,0,0,0,0,3,34.5,20131211,,20140905,,,,,,0,,0,0,,0,,0,20220909
경기도 수원시 영통구 매탄동 398-3번지,41117,10100,0,0398,0003,10841100369907,1,일반,1,총괄표제부,1,신대장,,매탄동 상가,,,,1,,,0,0,0,261,129.53,49.63,607.13,607.13,232.62,04000,제2종근린생활시설,근린생활시설,0,0,0,0,0,4,0,0,0,0,0,0,4,0,20090211,20100315,20101231,,,,,,0,,0,0,,0,,0,20220909
경기도 수원시 영통구 매탄동 408-3번지,41117,10100,0,0408,0003,10841236914,1,일반,1,총괄표제부,1,신대장,경기도 수원시 영통구 신원로283번길 36 (매탄동),,,,,3,411174331119,10101,0,36,0,758,452.86,59.74,1087.72,1029.3,135.79,17000,공장,공장,0,0,2,0,0,4,0,0,0,0,0,0,4,46,,,,,,,,,0,,0,0,,0,,0,20220909
경기도 수원시 영통구 매탄동 414-26번지,41117,10100,0,0414,0026,10841236925,1,일반,1,총괄표제부,1,신대장,경기도 수원시 영통구 삼성로 182-7 (매탄동),,,,,0,411173177009,10101,0,182,7,433,150.77,34.82,150.77,150.77,34.82,01000,단독주택,단독주택,0,0,3,0,0,1,0,0,0,0,0,0,0,0,,,,,,,,,0,,0,0,,0,,0,20220909
경기도 수원시 영통구 매탄동 416번지,41117,10100,0,0416,0000,10841236951,1,일반,1,총괄표제부,1,신대장,,삼성전자(주),,,,21,,,0,,,940392,239728.93,25.49,1196642.56,812158.14,86.36,17000,공장,"외3(교육연구시설-연구소,문화및집회시설,근린생활시설",0,0,84,0,0,8247,0,0,0,0,5354,0,2780,0,,,,,,,,,0,1+,245.7,0,2,71.98,,0,20250623
경기도 수원시 영통구 매탄동 489-2번지,41117,10100,0,0489,0002,10841100464873,1,일반,1,총괄표제부,1,신대장,,매탄동 489-2 공장 (한주원),,,,0,,,0,,,1869,1120.69,59.96,3561.73,3374.39,180.55,17000,공장,,0,0,3,0,0,16,0,0,0,0,7,0,9,0,,,,,,,,,0,,0,0,,0,,0,20220909
경기도 수원시 영통구 매탄동 495-7번지,41117,10100,0,0495,0007,10841100324488,1,일반,1,총괄표제부,1,신대장,,수원자동차검사소,,,,0,,,0,,,5270,1165.69,22.12,1335.51,1335.51,25.34,20000,자동차관련시설,자동차관련시설,0,0,2,1,65.78,13,0,0,0,0,0,0,13,159.5,,,19830614,,5610006,건축과,1102,1102,0,,0,0,,0,,0,20220909
경기도 수원시 영통구 매탄동 510-14번지,41117,10100,0,0510,0014,10841236952,1,일반,1,총괄표제부,1,신대장,경기도 수원시 영통구 영통로323번길 39 (매탄동),,,,,0,411174331142,10101,0,39,0,186,105.09,56.5,157.72,157.72,84.79,04000,제2종근린생활시설,"제2종근린생활시설,자동차관련시설",0,0,3,0,0,0,0,0,0,0,0,0,0,0,20040907,20040913,20041026,2004,5610006,건축과,1201,1201,0,,0,0,,0,,0,20220909
경기도 수원시 영통구 매탄동 512-1번지,41117,10100,0,0512,0001,10841100228266,1,일반,1,총괄표제부,1,신대장,경기도 수원시 영통구 영통로323번길 2 (매탄동),,,,,2,411174331142,10101,0,2,,2336,1389.81,59.5,4452.35,4452.35,190.6,17000,공장,공장,0,0,2,0,0,20,0,0,0,0,0,0,20,230.4,20101027,20101210,20110630,2010,3740146,도시경관과,1102,1102,0,,0,0,,0,,0,20220909
경기도 수원시 영통구 매탄동 520-1번지,41117,10100,0,0520,0001,10841236851,1,일반,1,총괄표제부,1,신대장,경기도 수원시 영통구 신원로250번길 32 (매탄동),(주)이라이콤공장,,,,0,411174331117,10101,0,32,0,10482,3076.75,29.35,8125.56,7641.99,72.91,17000,공장,공장,0,0,5,0,0,25,0,0,0,0,0,0,25,289.5,,,,,,,,,0,,0,0,,0,,0,20220909
경기도 수원시 영통구 매탄동 520-7번지,41117,10100,0,0520,0007,10841236906,1,일반,1,총괄표제부,1,신대장,경기도 수원시 영통구 영통로331번길 22 (매탄동),(주)이라이콤 공장,,,,1,411174331143,10101,0,22,0,3342,2002.22,59.91,6792.42,6779.12,202.85,17000,공장,공장,0,0,3,1,69.31,34,0,0,0,0,0,0,34,391,,,,,,,,,0,,0,0,,0,,0,20220909
경기도 수원시 영통구 매탄동 528번지,41117,10100,0,0528,0000,10841236852,1,일반,1,총괄표제부,0,구대장,경기도 수원시 영통구 영통로 337 (매탄동),,,,,0,411173177018,10101,0,337,0,2776,1619.61,58.34,1637.25,1637.25,58.98,17000,공장,"일반공장, 자동차관련시설",0,0,3,1,17.64,8,0,0,0,0,0,0,8,92,,,,,,,,,0,,0,0,,0,,0,20220909
경기도 수원시 영통구 매탄동 551-2번지,41117,10100,0,0551,0002,10841236854,1,일반,1,총괄표제부,1,신대장,경기도 수원시 영통구 신원로 196 (매탄동),,,,,0,411173177010,10101,0,196,0,1587,708.86,44.67,708.66,660.66,41.63,20000,자동차관련시설,"창고, 공장, 자동차관련시설",0,0,3,0,0,2,0,0,0,0,0,0,0,0,,,,,,,,,0,,0,0,,0,,0,20220909
경기도 수원시 영통구 매탄동 553-1번지,41117,10100,0,0553,0001,10841236939,1,일반,1,총괄표제부,1,신대장,경기도 수원시 영통구 신원로198번길 33 (매탄동),,,,,0,411174331113,10101,0,33,0,3910,2230.44,57.04,3771.67,3736.67,95.57,17000,공장,제1종근린생활시설,0,0,7,0,0,21,0,0,0,0,0,0,21,252.5,19931029,19931110,19940131,,,,,,0,,0,61.4,,0,,0,20220909
경기도 수원시 영통구 매탄동 553-7번지,41117,10100,0,0553,0007,10841236923,1,일반,1,총괄표제부,1,신대장,경기도 수원시 영통구 신원로198번길 38 (매탄동),,,,,1,411174331113,10101,0,38,0,823,383.1,46.55,917.05,887.8,107.87,17000,공장,공장,0,0,4,0,0,5,0,0,0,0,0,0,5,57.5,20050428,20050513,20050728,,,,,,0,,0,0,,0,,0,20220909
경기도 수원시 영통구 매탄동 554-4번지,41117,10100,0,0554,0004,10841100173345,1,일반,1,총괄표제부,1,신대장,경기도 수원시 영통구 신원로198번길 47-11 (매탄동),,,,,1,411174331113,10101,0,47,11,457,272.52,59.63,297.72,272.52,59.63,18000,창고시설,창고시설,0,0,2,1,4.32,0,0,0,0,0,0,0,0,0,19890916,,,,,,,,0,,0,0,,0,,0,20220909
경기도 수원시 영통구 매탄동 554-11번지,41117,10100,0,0554,0011,10841236855,1,일반,1,총괄표제부,0,구대장,경기도 수원시 영통구 신원로198번길 15-1 (매탄동),,,,,0,411174331113,10101,0,15,1,1248.5,546.8,43.8,724.6,724.6,58.04,17000,공장,공장,0,0,2,0,0,1,0,0,0,0,0,0,1,11.5,,,,,,,,,0,,0,0,,0,,0,20220909
경기도 수원시 영통구 매탄동 555-1번지,41117,10100,0,0555,0001,10841236966,1,일반,1,총괄표제부,1,신대장,경기도 수원시 영통구 신원로 210 (매탄동),,,,,0,411173177010,10101,0,210,0,2242,1452.48,64.79,1452.48,1452.48,64.79,20000,자동차관련시설,자동차관련시설,0,0,3,0,0,0,0,0,0,0,0,0,7,93,,,,,,,,,0,,0,0,,0,,0,20220909
경기도 수원시 영통구 매탄동 560번지,41117,10100,0,0560,0000,10841100255975,1,일반,1,총괄표제부,1,신대장,,,,,,13,,,0,,,440375.4,142046.75,32.26,446859.34,310921.11,70.6,10000,교육연구시설,"외5(위험물저장및처리시설,공장,노유자시설,근린생활시설,방송통신시설)",0,0,67,0,0,7421,0,0,0,0,4768,0,2541,0,20091105,20091118,20101112,,,,,,0,,0,0,,0,,0,20250911
경기도 수원시 영통구 매탄동 647-4번지,41117,10100,0,0647,0004,10841100227831,1,일반,1,총괄표제부,1,신대장,,삼성전자(주) 북문,,,,0,,,0,,,1316,133.26,10.13,124.76,124.76,9.48,04000,제2종근린생활시설,제2종근린생활시설(사무소),0,0,2,0,0,0,0,0,0,0,0,0,0,0,20101224,20110210,20110531,2011,5610006,건축과,1101,1101,0,,0,0,,0,,0,20220909
경기도 수원시 영통구 매탄동 649-2번지,41117,10100,0,0649,0002,10841100342620,1,일반,1,총괄표제부,1,신대장,경기도 수원시 영통구 동탄원천로 992 (매탄동),동수원 변전소,,,,2,411173012002,10101,0,992,,22684,1148.38,5.06,1753.74,1419.26,6.26,03000,제1종근린생활시설,제1종근린생활시설(변전소),0,0,5,0,0,14,0,0,0,0,0,0,0,0,19790428,,19800808,,,,,,0,,0,0,,0,,0,20230926
경기도 수원시 영통구 매탄동 810번지,41117,10100,0,0810,0000,10841236869,2,집합,1,총괄표제부,0,구대장,경기도 수원시 영통구 매영로 10 (매탄동),삼성아파트,,,,0,411173177003,10101,0,10,,24959.4,5620.35,22.52,62510.56,57040.76,228.53,02000,공동주택,"공동주택, 근린생활시설, 어린이집, 판매시설",624,0,8,3,857.84,299,0,0,0,0,0,0,254,0,,,,,,,,,0,,0,0,,0,,0,20220909
경기도 수원시 영통구 매탄동 810-1번지,41117,10100,0,0810,0001,10841236870,2,집합,1,총괄표제부,0,구대장,경기도 수원시 영통구 동수원로 448 (매탄동),현대아파트,,,,0,411173175016,10101,0,448,,31149.6,5403.62,17.35,73999.34,68308.62,219.29,02000,공동주택,공동주택[아파트],690,0,7,5,1714.66,301,0,0,0,0,0,0,301,8239.25,,,,,,,,,0,,0,0,,0,,0,20220909
경기도 수원시 영통구 매탄동 810-2번지,41117,10100,0,0810,0002,10841236808,2,집합,1,총괄표제부,0,구대장,경기도 수원시 영통구 동수원로 432 (매탄동),동남아파트,,,,0,411173175016,10101,0,432,0,29190.5,5374.8,18.41,68071.83,63237.03,216.64,02000,공동주택,"공동주택, 근린생활시설, 보육시설, 생활편익시설, 종교시설, 판매시설",892,0,7,2,18.24,0,0,0,0,0,0,0,0,0,,,,,,,,,0,,0,0,,0,,0,20220909
경기도 수원시 영통구 매탄동 811번지,41117,10100,0,0811,0000,10841100225199,1,일반,1,총괄표제부,1,신대장,경기도 수원시 영통구 매탄로 185 (매탄동),,,,,0,411173175019,10101,0,185,0,59939.9,2003.98,3.34,9546.36,3287.71,5.49,13000,운동시설,"운동시설, 제1종근린생활시설,자동차관련시설",0,0,3,0,0,0,0,0,0,0,223,5779.26,0,0,,,,,,,,,0,,0,0,,0,,0,20220909
경기도 수원시 영통구 매탄동 834-1번지,41117,10100,0,0834,0001,10841236943,1,일반,1,총괄표제부,,,경기도 수원시 영통구 매탄로168번길 33 (매탄동),,,,,1,411174331074,10101,0,33,0,739,243.16,32.9,737.54,588.8,79.68,01000,단독주택,"단독주택, 제1,2종근린생활시설",0,4,2,0,0,5,0,0,0,0,0,0,5,57.5,19950428,19950502,19951024,,,,,,0,,0,0,,0,,0,20220909
경기도 수원시 영통구 매탄동 834-5번지,41117,10100,0,0834,0005,10841100419693,2,집합,1,총괄표제부,1,신대장,경기도 수원시 영통구 산남로 8-5 (매탄동),THE 이끌림,,,,0,411173177008,10101,0,8,5,629,334.66,53.21,1164.09,1164.09,185.07,02000,공동주택,"공동주택(다세대주택),근린생활시설",16,0,2,0,0,16,0,0,0,0,0,0,16,184.7,20180423,20180510,20181130,2018,5610006,건축과,1101,1101,1,,0,0,,0,,0,20220909
경기도 수원시 영통구 매탄동 834-67번지,41117,10100,0,0834,0067,10841100343100,2,집합,1,총괄표제부,1,신대장,,해가든다원,,,,0,,,0,,,684,342.65,50.09,1176.5,1176.5,172,02000,공동주택,"공동주택(다세대주택), 제1종근린생활시설",20,0,2,0,0,19,0,0,0,0,0,0,19,214.7,20150723,20150805,20160328,2015,5610006,건축과,1101,1101,0,,0,0,,0,,0,20220909
경기도 수원시 영통구 매탄동 873번지,41117,10100,0,0873,0000,10841236809,2,집합,1,총괄표제부,0,구대장,경기도 수원시 영통구 인계로 254 (매탄동),효원빌라,,,,0,411173176010,10101,0,254,0,4174.4,2371.2,56.8,9405.24,5883.71,140.95,02000,공동주택,"연립주택, 부대복리시설",58,0,3,0,0,45,0,0,0,0,44,2155.58,1,11.5,,,,,,,,,0,,0,0,,0,,0,20220909
경기도 수원시 영통구 매탄동 898번지,41117,10100,0,0898,0000,10841236857,1,일반,1,총괄표제부,0,구대장,경기도 수원시 영통구 인계로189번길 83 (매탄동),동수원초등학교,,,,0,411174331158,10101,0,83,0,12656.4,2449.38,19.35,9768.34,9676.54,76.46,10000,교육연구시설,교육연구시설(초등학교),0,0,2,4,149.03,0,0,0,0,0,0,0,0,0,,,,,,,,,0,,0,0,,0,,0,20220909
경기도 수원시 영통구 매탄동 923-5번지,41117,10100,0,0923,0005,10841236858,1,일반,1,총괄표제부,1,신대장,경기도 수원시 영통구 동수원로 400 (매탄동),,,,,0,411173175016,10101,0,400,0,196,111.92,57.1,111.92,111.92,57.1,01000,단독주택,"단독주택, 제1,2종근린생활시설",0,2,2,1,2.7,0,0,0,0,0,0,0,0,0,,,,,,,,,0,,0,0,,0,,0,20220909
경기도 수원시 영통구 매탄동 923-7번지,41117,10100,0,0923,0007,10841236859,1,일반,1,총괄표제부,1,신대장,경기도 수원시 영통구 동수원로 402 (매탄동),,,,,0,411173175016,10101,0,402,,191,106.44,55.73,106.44,106.44,55.73,03000,제1종근린생활시설,"제1종근린생활시설, 제2종근린생활시설",0,1,2,0,0,0,0,0,0,0,0,0,0,0,,,,,,,,,0,,0,0,,0,,0,20220909
경기도 수원시 영통구 매탄동 946번지,41117,10100,0,0946,0000,10841236860,1,일반,1,총괄표제부,1,신대장,경기도 수원시 영통구 매탄로 139 (매탄동),매탄초등학교,,,,0,411173175019,10101,0,139,0,14707,3257.74,22.15,10499.98,10376.64,70.56,Z8000,교육연구및복지시설,교육연구시설(초등학교),0,0,3,3,51.4,0,0,0,0,0,0,0,44,506,,,,,,,,,0,,0,0,,0,,0,20220909
경기도 수원시 영통구 매탄동 1154번지,41117,10100,0,1154,0000,10841236917,1,일반,1,총괄표제부,1,신대장,경기도 수원시 영통구 동수원로 336 (매탄동),효원고등학교,,,,0,411173175016,10101,0,336,0,14419.4,3417.59,23.701332,13097.235,12679.25,87.931883,10000,교육연구시설,교육연구시설,0,0,3,4,287.85,66,0,0,0,0,0,0,66,769,,,,,,,,,0,,0,0,,0,,0,20220909
경기도 수원시 영통구 매탄동 1155번지,41117,10100,0,1155,0000,10841236861,1,일반,1,총괄표제부,0,구대장,경기도 수원시 영통구 효원로358번길 16 (매탄동),효원초등학교,,,,0,411174331187,10101,0,16,0,10908.4,2250.54,20.63,6829.15,6743.65,61.82,10000,교육연구시설,교육연구시설,0,0,2,4,87.22,22,0,0,0,0,0,0,22,253,,,,,,,,,0,,0,0,,0,,0,20220909
경기도 수원시 영통구 매탄동 1162번지,41117,10100,0,1162,0000,10841236932,2,집합,1,총괄표제부,1,신대장,경기도 수원시 영통구 동수원로 316 (매탄동),임광아파트,,,,0,411173175016,10101,0,316,,56919.9,10872.47,19.1,141454.38,129778.31,232.41,02000,공동주택,공동주택[아파트],1320,0,11,0,0,1040,0,0,0,0,0,0,649,9427.09,,,,,,,,,0,,0,0,,0,,0,20241023
경기도 수원시 영통구 매탄동 1196번지,41117,10100,0,1196,0000,10841100349140,1,일반,1,총괄표제부,1,신대장,경기도 수원시 영통구 매봉로 52 (매탄동),수원영통경찰서,,,,0,411173177001,10101,0,52,,11429.4,3021.22,26.43,8616.61,7596.48,66.46,14000,업무시설,업무시설(공공업무시설),0,0,3,0,0,139,0,0,0,0,0,0,139,1598.5,19920416,,19930906,,,,,,0,,0,0,,0,,0,20220909
경기도 수원시 영통구 매탄동 1199번지,41117,10100,0,1199,0000,10841236810,2,집합,1,총괄표제부,0,구대장,경기도 수원시 영통구 동탄원천로1109번길 42 (매탄동),성일아파트,,,,1,411174331025,10101,0,42,,32218,6918.41,21.47,61462.91,56041.56,173.94,02000,공동주택,"아파트, 상가, 유치원",850,0,9,2,774,346,0,0,0,0,0,0,346,0,,,,,,,,,0,,0,0,,0,,0,20220909
경기도 수원시 영통구 매탄동 1200번지,41117,10100,0,1200,0000,10841236942,1,일반,1,총괄표제부,1,신대장,경기도 수원시 영통구 동탄원천로1109번길 92 (매탄동),동수원중학교,,,,0,411174331025,10101,0,92,,11033.4,3135.44,28.42,9295.91,9211.54,83.49,10000,교육연구시설,교육연구시설,0,0,2,4,395.07,38,0,0,0,0,0,0,38,437,,,19960314,,,,,,0,,0,0,,0,,0,20241011
경기도 수원시 영통구 매탄동 1209번지,41117,10100,0,1209,0000,10841100219081,2,집합,1,총괄표제부,1,신대장,경기도 수원시 영통구 매봉로 20 (매탄동),매탄 e-편한세상,,,,0,411173177001,10101,0,20,,31390.5,4912.7044,15.66,104594.6064,71778.6789,228.79,02000,공동주택,공동주택,580,0,7,10,32856.9355,874,0,0,0,0,872,0,2,0,20070921,20071105,20100528,2007,3740058,건축과,2101,2101,0,,0,0,,0,,0,20220909
경기도 수원시 영통구 매탄동 1210번지,41117,10100,0,1210,0000,10841100219035,1,일반,1,총괄표제부,1,신대장,경기도 수원시 영통구 동탄원천로1109번길 61 (매탄동),원천근린공원 조성사업,,,,0,411174331025,10101,0,61,0,23273.7,294.45,1.27,5394.65,294.45,1.27,20000,자동차관련시설,"자동차관련시설(주차장), 제1종근린생활시설(공중화장실)",0,0,2,0,0,200,0,0,0,0,200,0,0,0,20081017,20081107,20100429,2008,3740146,도시경관과,1101,1101,0,,0,0,,0,,0,20230829
경기도 수원시 영통구 매탄동 1211번지,41117,10100,0,1211,0000,10841236811,2,집합,1,총괄표제부,1,신대장,경기도 수원시 영통구 동탄원천로1109번길 37 (매탄동),한국아파트,,,,0,411174331025,10101,0,37,,33691.5,6984.14,20.73,74333.65,74333.65,220.63,02000,공동주택,아파트,496,0,8,0,0,610,0,0,0,0,232,6628,378,4347,,,,,,,,,0,,0,0,,0,,0,20241102
경기도 수원시 영통구 매탄동 1211-1번지,41117,10100,0,1211,0001,10841236812,2,집합,1,총괄표제부,0,구대장,경기도 수원시 영통구 동탄원천로 1089 (매탄동),금성아파트,,,,0,411173012002,10101,0,1089,0,17517.5,17836.8,101.82,26677.5,22604.4,129.04,02000,공동주택,아파트,180,0,5,4,182.8,239,0,0,0,0,0,0,239,2745.7,,,,,,,,,0,,0,0,,0,,0,20220909
경기도 수원시 영통구 매탄동 1212번지,41117,10100,0,1212,0000,10841100475653,1,일반,1,총괄표제부,1,신대장,경기도 수원시 영통구 매영로 103 (매탄동),원천초등학교,,,,0,411173177003,10101,0,103,,11005.7,2690.65,24.447786,9042.54,8920.11,81.04991,10000,교육연구시설,교육연구시설,0,0,2,0,0,46,0,0,0,0,0,0,46,0,,,,,,,,,0,,0,0,,0,,0,20240625
경기도 수원시 영통구 매탄동 1213-1번지,41117,10100,0,1213,0001,10841236954,1,일반,1,총괄표제부,1,신대장,경기도 수원시 영통구 매영로 93-20 (매탄동),매탄2동우체국,,,,0,411173177003,10101,0,93,20,700.1,338.45,48.34,415.4,391.56,55.93,03000,제1종근린생활시설,제1종근린생활시설,0,0,2,0,0,3,0,0,0,0,0,0,3,34.5,,,,,,,,,0,,0,0,,0,,0,20220909
경기도 수원시 영통구 매탄동 1216번지,41117,10100,0,1216,0000,10841236863,1,일반,1,총괄표제부,1,신대장,경기도 수원시 영통구 매영로 79 (매탄동),산남중학교,,,,0,411173177003,10101,0,79,0,13254.6,2289.94,17.2,8423.15,8338.78,62.9,10000,교육연구시설,교육연구 및 복지시설,0,0,3,2,73.6,41,0,0,0,0,0,0,41,471.5,,,,,,,,,0,,0,0,,0,,0,20220909
경기도 수원시 영통구 매탄동 1216-1번지,41117,10100,0,1216,0001,10841236813,2,집합,1,총괄표제부,0,구대장,경기도 수원시 영통구 매영로 69 (매탄동),대동하이츠타운,,,,0,411173177003,10101,0,69,0,6604.2,2047.5,31,10545,7048.32,106.72,02000,공동주택,연립주택,87,0,4,0,0,91,0,0,0,0,54,1804.2,37,487.6,,,,,,,,,0,,0,0,,0,,0,20220909
경기도 수원시 영통구 매탄동 1217번지,41117,10100,0,1217,0000,10841236814,2,집합,1,총괄표제부,0,구대장,경기도 수원시 영통구 매영로 84 (매탄동),한국아파트,,,,0,411173177003,10101,0,84,,49843,11692.08,23.46,75639.08,64086.74,128.58,02000,공동주택,아파트,768,0,19,0,0,747,0,0,0,0,0,0,747,0,,,,,,,,,0,,0,0,,0,,0,20220909
경기도 수원시 영통구 매탄동 1217-5번지,41117,10100,0,1217,0005,10841236815,2,집합,1,총괄표제부,0,구대장,경기도 수원시 영통구 매영로 110 (매탄동),백자아파트,,,,0,411173177003,10101,0,110,,8049.3,2348.56,29.18,11191.64,8910.2,110.7,02000,공동주택,"아파트, 구매및생활시설",120,0,4,0,0,110,0,0,0,0,0,0,110,0,,,,,,,,,0,,0,0,,0,,0,20220909
경기도 수원시 영통구 매탄동 1217-7번지,41117,10100,0,1217,0007,10841236816,2,집합,1,총괄표제부,0,구대장,경기도 수원시 영통구 동탄원천로 1035 (매탄동),매탄3차삼성아파트,,,,0,411173012002,10101,0,1035,,36480.5,10941.06,29.99,51786.92,46192.09,126.62,02000,공동주택,아파트 구매 및 생활시설,595,0,16,4,1382.1,342,0,0,0,0,0,0,342,3933,,,,,,,,,0,,0,0,,0,,0,20220909
경기도 수원시 영통구 매탄동 1230번지,41117,10100,0,1230,0000,10841236817,2,집합,1,총괄표제부,0,구대장,경기도 수원시 영통구 매영로 132 (매탄동),매탄 레이크파크아파트,,,,1,411173177003,10101,0,132,,23613.7,4058.04,17.19,67255.592,52483.6,222.26,02000,공동주택,"공동주택(아파트), 근린생활시설, 의료시설",702,0,8,6,12614.662,714,0,0,0,0,391,11525.422,323,3749.5,,,,,,,,,0,,0,0,,0,,0,20240709
경기도 수원시 영통구 매탄동 1233-1번지,41117,10100,0,1233,0001,10841236864,1,일반,1,총괄표제부,0,구대장,경기도 수원시 영통구 매탄로 144 (매탄동),,,,,0,411173175019,10101,0,144,0,516.7,244.8,47.38,244.8,244.8,47.38,20000,자동차관련시설,자동차관련시설,0,0,2,0,0,10,0,0,0,0,6,210,4,46,,,,,,,,,0,,0,0,,0,,0,20220909
경기도 수원시 영통구 매탄동 1247번지,41117,10100,0,1247,0000,10841100322088,1,일반,1,총괄표제부,1,신대장,,매탄고등학교,,,,0,,,0,0,0,13741.6,3660.27,26.636417,13442.73,12979.96,94.457413,10000,교육연구시설,교육연구시설(고등학교),0,0,2,1,34.56,0,0,0,0,0,0,0,63,739.5,20030718,20030723,20050113,,,,,,0,,0,0,,0,,0,20220909
경기도 수원시 영통구 매탄동 1258번지,41117,10100,0,1258,0000,10841236818,2,집합,1,총괄표제부,0,구대장,경기도 수원시 영통구 매탄로126번길 22 (매탄동),매탄 에듀파크시티1,,,,0,411174331071,10101,0,22,,33556,6235.906,18.58,78021.42,71011.398,211.62,02000,공동주택,"공동주택(아파트), 근린생활시설",659,0,13,6,7236.88,667,0,0,0,0,274,6134.55,393,4489,,,,,,,,,0,,0,0,,0,,0,20241112
경기도 수원시 영통구 매탄동 1260번지,41117,10100,0,1260,0000,10841236819,2,집합,1,총괄표제부,0,구대장,경기도 수원시 영통구 매탄로126번길 66 (매탄동),주공그린빌,,,,0,411174331071,10101,0,66,,27998,5333.81,19.05,66867.82,60700.19,216.8,02000,공동주택,"공동주택(아파트), 근린생활시설",568,0,10,0,0,574,0,0,0,0,238,5392.25,336,3864,,,,,,,,,0,,0,0,,0,,0,20260127
경기도 수원시 영통구 매탄동 1268번지,41117,10100,0,1268,0000,10841100403729,1,일반,1,총괄표제부,1,신대장,경기도 수원시 영통구 효원로 407 (매탄동),영통구청사,,,,0,411173176021,10101,0,407,0,20000.3,4193.88,20.969085,9538.8,8543.32,42.715959,14000,업무시설,업무시설외2,0,0,2,0,0,308,0,0,0,0,0,0,308,0,,,,,,,,,0,,0,0,,0,,0,20230526
경기도 수원시 영통구 매탄동 1274번지,41117,10100,0,1274,0000,10841236820,2,집합,1,총괄표제부,0,구대장,경기도 수원시 영통구 매탄로 82 (매탄동),우남퍼스트빌,,,,0,411173175019,10101,0,82,,28969.4,4863.5701,16.79,84911.2755,66205.5165,228.54,02000,공동주택,공동주택[아파트],456,0,8,6,16529.4135,765,0,0,0,0,497,14171.196,268,3197,,,,,,,,,0,,0,0,,0,,0,20251029
경기도 수원시 영통구 매탄동 1277번지,41117,10100,0,1277,0000,10841236821,2,집합,1,총괄표제부,0,구대장,경기도 수원시 영통구 동탄원천로915번길 36 (매탄동),주공그린빌,,,,0,411174331030,10101,0,36,,32900,5988.53,18.2,78829.427,71397.225,217.01,02000,공동주택,"공동주택(아파트),근린생활시설",656,0,9,16,7675.732,667,0,0,0,0,266,5949.382,401,4666.5,,,,,,,,,0,,0,0,,0,,0,20220909
경기도 수원시 영통구 매탄동 1280번지,41117,10100,0,1280,0000,10841236822,2,집합,1,총괄표제부,0,구대장,경기도 수원시 영통구 동탄원천로915번길 33 (매탄동),주공그린빌,,,,0,411174331030,10101,0,33,,22283,4626.796,20.76,54142.963,48650.979,218.33,02000,공동주택,"공동주택(아파트),근린생활시설",461,0,9,5,5090.598,466,0,0,0,0,192,4508,274,3176,,,,,,,,,0,,0,0,,0,,0,20260108
경기도 수원시 영통구 매탄동 1282번지,41117,10100,0,1282,0000,10841236823,2,집합,1,총괄표제부,0,구대장,경기도 수원시 영통구 동탄원천로881번길 35 (매탄동),주공그린빌,,,,0,411174331029,10101,0,35,,28197,4670.873,16.57,62600.35,52813.548,187.3,02000,공동주택,"공동주택(아파트),근린생활시설",732,0,9,5,10025.44,738,0,0,0,0,357,8934.46,381,4411.5,,,,,,,,,0,,0,0,,0,,0,20220909
경기도 수원시 영통구 매탄동 1285번지,41117,10100,0,1285,0000,10841236824,2,집합,1,총괄표제부,0,구대장,경기도 수원시 영통구 동탄원천로881번길 19 (매탄동),주공그린빌,,,,0,411174331029,10101,0,19,0,24613,3901.829,15.85,56386.03,46889.749,190.51,02000,공동주택,"공동주택(아파트), 근린생활시설",710,0,7,5,10034.676,715,0,0,0,0,351,8504.556,364,4185,,,,,,,,,0,,0,0,,0,,0,20220909
경기도 수원시 영통구 매탄동 1358번지,41117,10100,0,1358,0000,1000000000000007113190,1,일반,1,총괄표제부,1,신대장,경기도 수원시 영통구 동수원로 455 (매탄동),동수원초등학교,,,,0,411173175016,10101,0,455,0,15233.2,5183.08,34.02,18900.09,18555.09,121.81,10000,교육연구시설,초등학교,0,0,3,0,0,95,0,0,0,0,0,0,90,0,20241008,20241010,20260115,,,,,,0,,0,0,,0,,0,20260310
경기도 수원시 영통구 원천동 28-37번지,41117,10200,0,0028,0037,10841236910,1,일반,1,총괄표제부,1,신대장,,,,,,0,,,0,,,744,410.96,55.24,1804.13,1792.61,240.94,01000,단독주택,단독주택(18가구)외2,0,19,3,0,0,14,0,0,0,0,7,0,7,0,,,,,,,,,0,,0,0,,0,,0,20220909
경기도 수원시 영통구 원천동 67-14번지,41117,10200,0,0067,0014,10841100281867,1,일반,1,총괄표제부,1,신대장,,,,,,0,,,0,,,575,278.51,48.44,611.38,611.38,106.33,01000,단독주택,"단독주택, 근린생활시설",0,7,2,0,0,4,0,0,0,0,4,46,0,0,20061222,20070424,20130704,2006,5610006,건축과,1102,1102,0,,0,0,,0,,0,20220909
경기도 수원시 영통구 원천동 78-7번지,41117,10200,0,0078,0007,10841236968,1,일반,1,총괄표제부,1,신대장,경기도 수원시 영통구 동수원로551번길 38 (원천동),수원원천중학교,,,,0,411174331024,10201,0,38,,15650,3466.1,22.62,9957.89,9957.89,64.1,10000,교육연구시설,교육연구시설,0,0,4,3,206.32,28,0,0,0,0,0,0,28,325,,,,,,,,,0,,0,0,,0,,0,20231109
경기도 수원시 영통구 원천동 78-8번지,41117,10200,0,0078,0008,10841100211205,1,일반,1,총괄표제부,1,신대장,경기도 수원시 영통구 동수원로551번길 16 (원천동),수원정보산업고등학교,,,,1,411174331024,10201,0,16,,13705,3441.65,25.11,15787.63,15753.88,114.95,10000,교육연구시설,교육연구시설(고등학교),0,0,2,2,146.98,64,0,0,0,0,0,0,64,755,,,,,,,,,0,,0,0,,0,,0,20220909
경기도 수원시 영통구 원천동 111번지,41117,10200,0,0111,0000,10841236798,1,일반,1,총괄표제부,0,구대장,경기도 수원시 영통구 월드컵로 92 (원천동),국토지리정보원,,,,1,411173177012,10201,0,92,,46395,3752.66,8.09,9986.45,7742.03,16.69,03000,제1종근린생활시설,공공업무시설,0,0,9,0,0,98,0,0,0,0,0,0,98,0,,,,,,,,,0,,0,0,,0,,0,20220909
경기도 수원시 영통구 원천동 134번지,41117,10200,0,0134,0000,10841236975,1,일반,1,총괄표제부,1,신대장,경기도 수원시 영통구 월드컵로 70 (원천동),중앙기독교초등학교,,,,0,411173177012,10201,0,70,0,44431,6083.03,13.69,25635.08,19348.18,43.54,10000,교육연구시설,교육연구시설,0,0,4,1,18,155,0,0,0,0,155,1782.5,0,0,19930510,19930604,20040819,1993,3750028,건축과,1101,1101,0,,0,0,,0,,0,20220909
경기도 수원시 영통구 원천동 198-6번지,41117,10200,0,0198,0006,10841236799,1,일반,1,총괄표제부,0,구대장,경기도 수원시 영통구 중부대로 396 (원천동),,,,,0,411172012012,10202,0,396,,675,257.15,38.096,257.15,257.15,38.096,01000,단독주택,"주택, 제2종근린생활시설",0,2,3,0,0,0,0,0,0,0,0,0,0,0,,,,,,,,,0,,0,0,,0,,0,20240315
경기도 수원시 영통구 원천동 201-3번지,41117,10200,0,0201,0003,10841100411154,2,집합,1,총괄표제부,1,신대장,,,,,,0,,,0,0,0,0,0,0,0,0,0,,,,0,0,0,0,0,0,0,0,0,0,0,0,0,0,,,,,,,,,0,,0,0,,0,,0,20220909
경기도 수원시 영통구 원천동 203-2번지,41117,10200,0,0203,0002,10841236957,1,일반,1,총괄표제부,1,신대장,경기도 수원시 영통구 중부대로392번길 25-12 (원천동),,,,,0,411174331167,10201,0,25,12,489,131.24,26.84,131.24,131.24,26.84,20000,자동차관련시설,자동차관련시설(세차장),0,1,2,0,0,0,0,0,0,0,0,0,0,0,,,,,,,,,0,,0,0,,0,,0,20220909
경기도 수원시 영통구 원천동 203-7번지,41117,10200,0,0203,0007,10841236964,1,일반,1,총괄표제부,1,신대장,경기도 수원시 영통구 동탄원천로1119번길 13 (원천동),,,,,0,411174331027,10201,0,13,0,267,151.61,56.78,239.54,239.54,89.72,01000,단독주택,"단독주택, 근린생활시설",0,1,2,0,0,2,0,0,0,0,0,0,2,23,20050929,20050930,20060307,2005,5610006,건축과,1101,1101,0,,0,0,,0,,0,20220909
경기도 수원시 영통구 원천동 204-3번지,41117,10200,0,0204,0003,10841100427491,2,집합,1,총괄표제부,1,신대장,경기도 수원시 영통구 동탄원천로1133번길 21 (원천동),,,,,0,411174331028,10201,0,21,0,707,388.76,54.99,1311.01,1311.01,185.43,02000,공동주택,도시형생활주택(단지형다세대주택),20,0,2,0,0,20,0,0,0,0,20,226.4,0,0,20180327,20180910,20190412,2018,5610006,건축과,1101,1101,0,,0,0,,0,,0,20220909
경기도 수원시 영통구 원천동 208-3번지,41117,10200,0,0208,0003,10841236965,1,일반,1,총괄표제부,1,신대장,경기도 수원시 영통구 동탄원천로1115번길 6 (원천동),,,,,1,411174331026,10201,0,6,0,529,261.62,49.46,477.04,477.04,90.18,04000,제2종근린생활시설,제2종근린생활시설,0,0,2,0,0,4,0,0,0,0,0,0,4,46,20050906,20051004,20060405,2005,5610006,건축과,1101,1101,0,,0,0,,0,,0,20220909
경기도 수원시 영통구 원천동 224-9번지,41117,10200,0,0224,0009,10841100213387,1,일반,1,총괄표제부,1,신대장,경기도 수원시 영통구 중부대로448번길 33 (원천동),,,,,2,411174331168,10201,0,33,0,1436,709.29,49.39,696.59,696.59,48.51,20000,자동차관련시설,"자동차관련시설, 제2종근린생활시설",0,0,3,0,0,4,0,0,0,0,0,0,4,46,20090123,20090303,20090828,2009,5610006,건축과,1101,1101,0,,0,0,,0,,0,20220909
경기도 수원시 영통구 원천동 235-7번지,41117,10200,0,0235,0007,10841236944,1,일반,1,총괄표제부,,,경기도 수원시 영통구 중부대로448번길 57 (원천동),,,,,0,411174331168,10201,0,57,,694,186.42,26.86,186.42,186.42,26.86,20000,자동차관련시설,자동차관련시설,0,0,2,0,0,1,0,0,0,0,0,0,1,11.5,,,,,,,,,0,,0,0,,0,,0,20220909
경기도 수원시 영통구 원천동 236번지,41117,10200,0,0236,0000,10841100284755,1,일반,1,총괄표제부,1,신대장,,,,,,0,,,0,,,2430,1158.44,47.67,1296.56,1280.24,52.68,20000,자동차관련시설,,0,0,4,0,0,11,0,0,0,0,0,0,11,126.5,19911231,,19920429,,,,,,0,,0,0,,0,,0,20220909
경기도 수원시 영통구 원천동 242번지,41117,10200,0,0242,0000,10841100202536,1,일반,1,총괄표제부,1,신대장,경기도 수원시 영통구 매영로 171 (원천동),성민기업공장,,,,2,411173177003,10202,0,171,,5980,2478.61,41.45,7466.76,7027.92,117.52,17000,공장,공장,0,0,1,1,423.8,34,0,0,0,0,0,0,34,0,,,,,,,,,0,,0,0,,0,,0,20250618
경기도 수원시 영통구 원천동 244-2번지,41117,10200,0,0244,0002,10841236976,1,일반,1,총괄표제부,1,신대장,경기도 수원시 영통구 삼성로 257 (원천동),영통불가마,,,,4,411173177009,10202,0,257,0,5534,1972.58,35.64,2099,2099,37.93,03000,제1종근린생활시설,"제2종근린생활시설, 자동차관련시설",0,0,3,0,0,20,0,0,0,0,0,0,20,230,,,,,,,,,0,,0,60.4,,0,,0,20250618
경기도 수원시 영통구 원천동 245-1번지,41117,10200,0,0245,0001,10841100202538,1,일반,1,총괄표제부,1,신대장,경기도 수원시 영통구 매영로 171 (원천동),성민기업공장,,,,0,411173177003,10202,0,171,0,3258,1702.38,52.25,2287.92,2155.26,66.15,17000,공장,"공장,자동차관련시설,제2종근린생활시설",0,0,2,0,0,10,0,0,0,0,0,0,10,115.5,,,,,,,,,0,,0,0,,0,,0,20220909
경기도 수원시 영통구 원천동 259-4번지,41117,10200,0,0259,0004,10841100490325,1,일반,1,총괄표제부,1,신대장,,원천동 259-4 단독주택,,,,0,,,0,,,874,495.58,56.7,1920.11,1927.65,220.56,01000,단독주택,다가구주택,0,13,2,0,0,19,0,0,0,0,11,290.47,8,88.15,20200918,20210913,20220816,2020,5610006,건축과,1102,1102,1,,0,0,,0,,0,20230621
경기도 수원시 영통구 원천동 288번지,41117,10200,0,0288,0000,10841100228574,1,일반,1,총괄표제부,1,신대장,경기도 수원시 영통구 중부대로 480 (원천동),,,,,0,411172012012,10202,0,480,0,14419,7512.13,52.09,25620.36,24544.11,170.22,17000,공장,공장,0,0,2,0,0,0,0,0,0,0,0,0,0,0,,,,,,,,,0,,0,0,,0,,0,20220909
경기도 수원시 영통구 원천동 295-1번지,41117,10200,0,0295,0001,1000000000000006297482,2,집합,1,총괄표제부,1,신대장,,수원 원천동 오피스텔,,,,0,,,,,,4303,2449.1,56.92,31198.61,20522.93,476.94,14000,업무시설,"업무시설(오피스텔),근린생활시설",0,0,3,0,0,211,0,0,0,0,196,7988.4,15,0,20220518,20220926,20250725,2022,3740282,건축과,1101,1101,0,,0,0,,0,,0,20251219
경기도 수원시 영통구 원천동 300-3번지,41117,10200,0,0300,0003,10841236778,2,집합,1,총괄표제부,0,구대장,경기도 수원시 영통구 삼성로 308 (원천동),신미주아파트,,,,1,411173177009,10202,0,308,,7459,1718.345,23.04,31818.715,24347.57,326.42,02000,공동주택,"아파트, 생활편익시설",275,0,3,5,6188.86,262,0,0,0,0,176,0,86,0,,,,,,,,,0,,0,0,,0,,0,20220909
경기도 수원시 영통구 원천동 303번지,41117,10200,0,0303,0000,1000000000000000250230,1,일반,1,총괄표제부,1,신대장,,영흥공원 공원시설,,,,174,,,0,,,501937.8,6107.74,1.211,7848.27,7848.27,1.558,05000,문화및집회시설,"문화및집회시설(전시장,식물원)",0,0,5,4,421.73,322,0,0,0,0,0,0,306,0,20201112,20210126,20220929,2020,3740282,건축과,1102,1102,0,,0,0,,0,,0,20250501
경기도 수원시 영통구 원천동 318-1번지,41117,10200,0,0318,0001,10841236981,1,일반,1,총괄표제부,1,신대장,경기도 수원시 영통구 삼성로 300 (원천동),(주)삼성물산,,,,2,411173177009,10202,0,300,0,7447,4371.01,58.69,7015.04,6483.35,87.06,20000,자동차관련시설,"자동차관련시설, 근린생활시설, 업무시설",0,0,2,1,30.8,141,0,0,0,0,0,0,141,0,,,,,,,,,0,,0,0,,0,,0,20220909
경기도 수원시 영통구 원천동 319-7번지,41117,10200,0,0319,0007,10841236784,1,일반,1,총괄표제부,0,구대장,경기도 수원시 영통구 삼성로302번길 5 (원천동),,,,,0,411174331109,10201,0,5,0,2018,597.22,29.59,1672.81,1405.49,69.65,11000,노유자시설,"노유자시설, 제2종근린생활시설",0,0,4,0,0,7,0,0,0,0,0,0,7,80.5,,,,,,,,,0,,0,0,,0,,0,20220909
경기도 수원시 영통구 원천동 323-1번지,41117,10200,0,0323,0001,10841100323977,1,일반,1,총괄표제부,1,신대장,,원천자동차학원,,,,1,,,0,0,0,2068,931.2,45.03,998.25,998.25,48.27,20000,자동차관련시설,자동차관련시설(운전학원),0,0,3,0,0,5,0,0,0,0,5,57.5,0,0,20150513,20150518,20150625,2015,5610006,건축과,1102,1102,0,,0,0,,0,,0,20220909
경기도 수원시 영통구 원천동 327번지,41117,10200,0,0327,0000,10841236901,1,일반,1,총괄표제부,1,신대장,경기도 수원시 영통구 삼성로 290 (원천동),삼성전자(주)CS아카데미,0노트,,,0,411173177009,10202,0,290,0,14704,4350.67,29.59,48226.47,27945.13,190.05,10000,교육연구시설,교육연구및복지시설,0,7,2,1,15.21,327,0,0,0,0,193,5792.96,134,2525.23,20001101,20001201,20031202,2000,,,1102,1102,0,,0,0,,0,,0,20220909
경기도 수원시 영통구 원천동 328-6번지,41117,10200,0,0328,0006,10841100305688,1,일반,1,총괄표제부,1,신대장,,갤럭시주유소,,,,0,,,0,0,0,1188,229.32,19.3,330.57,330.57,27.83,19000,위험물저장및처리시설,위험물저장및처리시설(주유소),0,0,5,0,0,2,0,0,0,0,0,0,2,23.5,20140522,20140531,20140702,2014,5610006,건축과,1202,1202,0,,0,0,,0,,0,20220909
경기도 수원시 영통구 원천동 333-3번지,41117,10200,0,0333,0003,10841236779,2,집합,1,총괄표제부,0,구대장,경기도 수원시 영통구 삼성로268번길 8 (원천동),원천1차삼성아파트,,,,1,411174331105,10201,0,8,,25379,4662.82,18.37,50586.46,45437.59,179.04,02000,공동주택,아파트.상가.보육시설,684,0,8,0,0,149,0,0,0,0,0,0,149,0,,,,,,,,,0,,0,0,,0,,0,20220909
경기도 수원시 영통구 원천동 335번지,41117,10200,0,0335,0000,10841236786,1,일반,1,총괄표제부,1,신대장,경기도 수원시 영통구 삼성로282번길 34 (원천동),,,,,0,411174331107,10201,0,34,0,4125,1736.13,42.09,5123.45,4634.14,112.34,10000,교육연구시설,교육연구시설 및 종교시설,0,0,2,0,0,44,0,0,0,0,12,489.31,32,0,,,,,,,,,0,,0,0,,0,,0,20220909
경기도 수원시 영통구 원천동 337-6번지,41117,10200,0,0337,0006,10841236959,1,일반,1,총괄표제부,1,신대장,경기도 수원시 영통구 매영로 205 (원천동),,,,,2,411173177003,10101,0,205,0,13052,5131.77,39.32,12635.78,9507.66,72.84,17000,공장,,0,0,3,2,317.37,58,0,0,0,0,0,0,58,0,,,,,,,,,0,,0,0,,0,,0,20241204
경기도 수원시 영통구 원천동 337-46번지,41117,10200,0,0337,0046,1000000000000002789895,1,일반,1,총괄표제부,1,신대장,경기도 수원시 영통구 매영로 217 (원천동),런앤모어,,,,0,411173177003,10202,0,217,0,2832,709.28,25.05,709.28,709.28,25.05,04000,제2종근린생활시설,제2종근린생활시설(일반음식점),0,0,3,0,0,14,0,0,0,0,0,0,14,390.08,20220524,20230220,20231211,2022,5610006,건축과,1101,1101,0,,0,0,,0,,0,20231213
경기도 수원시 영통구 원천동 362-32번지,41117,10200,0,0362,0032,10841236790,1,일반,1,총괄표제부,0,구대장,경기도 수원시 영통구 매영로 219-21 (원천동),,,,,0,411173177003,10202,0,219,21,2806,1116.45,39.79,1578.98,1578.98,56.27,20000,자동차관련시설,"제1종근린생활시설, 제2종근린생활시설, 창고시설",0,0,3,0,0,12,0,0,0,0,0,0,12,138,,,,,,,,,0,,0,0,,0,,0,20220909
경기도 수원시 영통구 원천동 381번지,41117,10200,0,0381,0000,10841236791,1,일반,1,총괄표제부,0,구대장,경기도 수원시 영통구 신원로 270 (원천동),코웰패션주식회사,,,,0,411173177010,10202,0,270,0,26624,7282.86,27.35,13361.79,12401.4,46.58,17000,공장,공장,0,0,8,0,0,94,0,0,0,0,0,0,94,1081,,,,,,,,,0,,0,0,,0,,0,20220909
경기도 수원시 영통구 원천동 395번지,41117,10200,0,0395,0000,10841100429614,1,일반,1,총괄표제부,1,신대장,경기도 수원시 영통구 매영로248번길 26 (원천동),,,,,1,411174331052,10201,0,26,0,367,219.4,59.78,609,609,165.94,17000,공장,공장,0,0,2,0,0,0,0,0,0,0,0,0,0,0,,,,,,,,,0,,0,0,,0,,0,20220909
경기도 수원시 영통구 원천동 404-2번지,41117,10200,0,0404,0002,10841236983,1,일반,1,총괄표제부,1,신대장,경기도 수원시 영통구 신원로250번길 73-9 (원천동),,,,,1,411174331117,10202,0,73,9,2032,1145.82,56.4,1541.82,1343.82,66.1,17000,공장,공장,0,0,2,1,9.75,7,0,0,0,0,0,0,7,80.5,,20060605,20070129,,,,,,0,,0,0,,0,,0,20220909
경기도 수원시 영통구 원천동 404-3번지,41117,10200,0,0404,0003,10841236926,1,일반,1,총괄표제부,1,신대장,경기도 수원시 영통구 신원로250번길 67 (원천동),원천동 404-3 자동차관련시설 ((주)수원종합폐차장),,,,0,411174331117,10202,0,67,0,4336,1839.35,42.42,2345.43,2345.43,54.09,20000,자동차관련시설,폐차장,0,0,3,0,0,16,0,0,0,0,0,0,16,200,20050525,20050623,20060501,2005,5610006,건축과,1101,1101,0,,0,0,,0,,0,20230216
경기도 수원시 영통구 원천동 410-20번지,41117,10200,0,0410,0020,10841100307107,1,일반,1,총괄표제부,1,신대장,,,,,,0,,,0,0,0,1833,691.78,37.74,587.68,587.68,32.06,20000,자동차관련시설,자동차관련시설(정비공장),0,0,2,0,0,3,0,0,0,0,0,0,3,34.5,20140303,20140313,20140805,2014,5610006,건축과,1102,1102,0,,0,0,,0,,0,20220909
경기도 수원시 영통구 원천동 414-5번지,41117,10200,0,0414,0005,10841100427072,1,일반,1,총괄표제부,1,신대장,경기도 수원시 영통구 매영로 259 (원천동),예인교회,,,,0,411173177003,10202,0,259,,3740,2095.95,56.041443,10137.49,7250.86,193.87326,06000,종교시설,종교시설(교회),0,0,2,0,0,82,0,0,0,0,62,2173.1,20,783.82,,,,,,,,,0,,0,0,,0,,0,20220909
경기도 수원시 영통구 원천동 415-11번지,41117,10200,0,0415,0011,10841100333677,1,일반,1,총괄표제부,1,신대장,,(주)경기고속,,,,0,,,0,,,8329,1709.58,20.53,3095.87,1932.37,23.2,20000,자동차관련시설,"자동차관련시설(차고), 공장, 위험물저장및처리시설, 근린생활시설",0,0,2,2,481.87,22,0,0,0,0,0,0,22,263,20150115,20150408,20150828,2015,3740282,건축과,1102,1102,0,,0,0,,0,,0,20220909
경기도 수원시 영통구 원천동 421번지,41117,10200,0,0421,0000,10841236794,1,일반,1,총괄표제부,0,구대장,경기도 수원시 영통구 매영로269번길 61 (원천동),,,,,1,411174331053,10201,0,61,,3834,738.88,19.27,1105.68,1062.48,27.71,17000,공장,공장,0,0,3,0,0,6,0,0,0,0,0,0,6,69,,,,,,,,,0,,0,0,,0,,0,20220909
경기도 수원시 영통구 원천동 548번지,41117,10200,0,0548,0000,10841236780,2,집합,1,총괄표제부,0,구대장,경기도 수원시 영통구 중부대로448번길 28 (원천동),원천 레이크파크아파트,,,,1,411174331168,10201,0,28,0,66820.7,11674.52,17.47,194380.645,147919.774,221.37,02000,공동주택,"공동주택(아파트), 생활편익시설, 의료시설",1835,0,22,13,39703.746,1857,0,0,0,0,1258,37090.563,599,6983.5,,,,,,,,,0,,0,0,,0,,0,20240807
경기도 수원시 영통구 원천동 552번지,41117,10200,0,0552,0000,10841100214434,2,집합,1,총괄표제부,1,신대장,경기도 수원시 영통구 신원로 306 (원천동),영통 이노플렉스-1단지,,,,2,411173177010,10202,0,306,,8918.9,5273.19,59.12,59384.9,31167.44,349.45,17000,공장,"공장(공장,창고),지원시설(근린생활시설)",251,0,2,0,0,418,0,0,0,0,415,15645.55,3,34.5,20070914,20071024,20091119,,,,,,0,,0,0,,0,,0,20220909
경기도 수원시 영통구 원천동 556번지,41117,10200,0,0556,0000,10841100404169,2,집합,1,총괄표제부,1,신대장,경기도 수원시 영통구 광교중앙로 55 (원천동),광교두산위브,,,,2,411173177022,10202,0,55,,16381.9,9300.9465,56.78,76060.8053,52939.2081,323.16,11000,노유자시설,노유자시설외1,0,0,7,7,21678.4837,467,0,0,0,0,467,0,0,0,20150713,20160329,20180529,2015,3740282,건축과,1101,1101,572,,0,0,,0,,0,20220909
경기도 수원시 영통구 원천동 559번지,41117,10200,0,0559,0000,10841100455451,2,집합,1,총괄표제부,1,신대장,경기도 수원시 영통구 광교중앙로49번길 40 (원천동),광교원천 경기행복주택,,,,0,411174331229,10201,0,40,,4446.7,1569.81,35.3,18549.07,13131.82,295.32,02000,공동주택,공동주택(아파트),300,0,4,3,6663.99,127,0,0,0,0,127,4652.34,0,0,20171229,20181101,20201027,2017,6412050,공동주택과,2101,2101,8,,0,0,,0,,0,20220909
경기도 수원시 영통구 원천동 565번지,41117,10200,0,0565,0000,10841100423795,2,집합,1,총괄표제부,1,신대장,,수원광교 공공실버주택,,,,0,,,0,,,2715.9,1157.36,42.61,10268,8119.06,298.95,02000,공동주택,공동주택(아파트),152,0,2,4,3625.67,47,0,0,0,0,44,1824.53,3,34.5,20170116,20170731,20190218,2017,6411371,도시주택실,2101,2101,4,1+,116.4,0,4,54.14,,0,20220909
경기도 수원시 영통구 원천동 589번지,41117,10200,0,0589,0000,10841100429751,2,집합,1,총괄표제부,1,신대장,경기도 수원시 영통구 광교호수공원로 277 (원천동),광교중흥에스클래스,,,,0,411173350755,10201,0,277,,84302.4,4446.1132,5.274,59095.2188,7047.7489,8.3601,07000,판매시설,"운동시설, 제1종근린생활시설, 제2종근린생활시설",0,0,18,0,0,4852,0,0,0,0,827,0,0,0,20150518,20150806,20190530,2015,3740281,주택과,2101,2101,0,2,187.9,72.8,,0,,0,20260210
경기도 수원시 영통구 원천동 590번지,41117,10200,0,0590,0000,10841100269801,2,집합,1,총괄표제부,1,신대장,경기도 수원시 영통구 광교호수공원로 155 (원천동),수원광교B7BL에일린의뜰,,,,0,411173350755,10201,0,155,0,45122.4,13400.4468,29.7,59765.7469,36087.89,79.98,02000,공동주택,연립주택,240,0,30,3,20764.2833,519,0,0,0,0,509,17906.3953,0,0,20101207,20110127,20121217,2010,3740147,주택정책과,2101,2101,18,2,40.16,64.2,,0,,0,20230106
경기도 수원시 영통구 원천동 593번지,41117,10200,0,0593,0000,10841100415129,2,집합,1,총괄표제부,1,신대장,경기도 수원시 영통구 광교호수공원로 80 (원천동),광교아이파크,,,,0,411173350755,10201,0,80,,46561.9,23766.7643,51.04,258727.2792,172147.5365,369.72,02000,공동주택,공동주택(아파트) 외2,958,0,18,30,84826.985,2270,0,0,0,0,2093,67132.7556,177,6842.9377,20150428,20150608,20180928,2015,3740281,주택과,2101,2101,488,,0,72.06,3,58.9,,0,20220909
경기도 수원시 영통구 원천동 604번지,41117,10200,0,0604,0000,10841100411569,2,집합,1,총괄표제부,1,신대장,경기도 수원시 영통구 광교호수로 15 (원천동),광교 더샵,,,,0,411173177023,10202,0,15,,29816.4,4862.1993,16.31,163460.1546,119249.3093,399.95,02000,공동주택,"공동주택(아파트),업무시설(오피스텔),제2종근린생활시설",686,0,8,6,43810.6692,1229,0,0,0,0,1229,38663.2218,0,0,20150511,20150619,20180801,2015,3740281,주택과,2101,2101,23,1,130.1,70.08,4,54.75,,0,20220909
경기도 수원시 영통구 원천동 605번지,41117,10200,0,0605,0000,10841100478891,2,집합,1,총괄표제부,1,신대장,경기도 수원시 영통구 광교호수공원로 20 (원천동),더샵 광교레이크시티,,,,4,411173350755,10201,,20,,41130.2,19394.4223,47.15,226000.3595,131610.2031,319.98,14000,업무시설,"업무시설(오피스텔),판매시설,노유자시설,근린생활시설",0,0,8,2,84534.4487,2111,0,0,0,0,2111,0,0,0,20171228,20180302,20220215,2017,3740282,건축과,1101,1101,0,,0,66.03,,0,,0,20250121
경기도 수원시 영통구 원천동 606번지,41117,10200,0,0606,0000,10841100302947,2,집합,1,총괄표제부,1,신대장,경기도 수원시 영통구 광교호수공원로 45 (원천동),광교 호반베르디움,,,,0,411173350755,10201,0,45,0,51693,7207.9472,13.94,182391.1993,116318.7713,225,02000,공동주택,아파트,1330,0,11,4,63847.6735,1602,0,0,0,0,1597,57126.1839,5,57.5,20110706,20110805,20140602,2011,3740194,주택건축과,2101,2101,12,1,42.7,0,,0,,0,20220909
경기도 수원시 영통구 원천동 628번지,41117,10200,0,0628,0000,1000000000000002019922,2,집합,1,총괄표제부,1,신대장,경기도 수원시 영통구 영흥숲길 50 (원천동),영흥숲푸르지오파크비엔,,,,0,411174862308,10201,0,50,,80056,12789.0013,15.98,259370.7969,175217.9751,218.87,02000,공동주택,"공동주택(아파트),근린생활시설",1509,0,16,20,82793.5699,2175,0,0,0,0,2175,76060.2511,0,0,20200608,20200902,20230628,2020,5610006,건축과,2101,2101,0,1+,105.5,0,3,62,,0,20230706
경기도 수원시 영통구 원천동 632번지,41117,10200,0,0632,0000,1000000000000002721542,2,집합,1,총괄표제부,1,신대장,경기도 수원시 영통구 삼성로268번길 30 (원천동),포레나 영흥숲,,,,0,411174331105,10201,0,30,0,7162.2,1413.0109,19.73,26383.048,16382.0881,228.73,02000,공동주택,공동주택(아파트),157,0,3,7,10058.4888,223,0,0,0,0,223,9030.7841,0,0,20210506,20210809,20231123,,,,,,0,,0,0,,0,,0,20231229
경기도 수원시 영통구 원천동 산5-1번지,41117,10200,1,0005,0001,10841236946,1,일반,1,총괄표제부,1,신대장,,,,,,20,,,,,,479758,76388.19,16.34,429276.37,332032.04,69.21,10000,교육연구시설,대학교,0,0,56,0,0,3558,0,0,0,0,1105,0,2451,0,,,,,,,,,0,,0,0,,0,,0,20250121
경기도 수원시 영통구 이의동 397-2번지,41117,10300,0,0397,0002,10841100306020,1,일반,1,총괄표제부,1,신대장,,광교 역사공원,,,,0,,,0,0,0,131972,28.9,0.0219,281.03,28.9,0.0219,03000,제1종근린생활시설,제1종근린생활시설(공중화장실),0,0,2,0,0,0,0,0,0,0,0,0,0,0,,,,,,,,,0,,0,0,,0,,0,20220909
경기도 수원시 영통구 이의동 401-16번지,41117,10300,0,0401,0016,10841100230174,1,일반,1,총괄표제부,1,신대장,경기도 수원시 영통구 창룡대로 413 (이의동),이의동 401-16 묘지관련시설 (청송심씨안효공파종회),,,,2,411172012001,10301,0,413,0,754,153,20.29,153,153,20.29,26000,묘지관련시설,창고,0,0,2,0,0,0,0,0,0,0,0,0,0,0,20110103,20110314,20110811,2011,5610006,건축과,1202,1202,0,,0,0,,0,,0,20220909
경기도 수원시 영통구 이의동 419-2번지,41117,10300,0,0419,0002,10841100323737,1,일반,1,총괄표제부,1,신대장,,대한예수교장로회시은소교회,,,,4,,,0,0,0,8971.1,1781.53,19.86,23914.34,4441.85,49.51,06000,종교시설,,0,0,2,0,0,391,0,0,0,0,390,13722.47,1,36,19961009,19970219,19991207,,3740058,건축과,1101,1101,0,,0,0,,0,,0,20220909
경기도 수원시 영통구 이의동 422-10번지,41117,10300,0,0422,0010,10841100420090,1,일반,1,총괄표제부,1,신대장,경기도 수원시 영통구 창룡대로 380 (이의동),동문B주유소,,,,0,411172012001,10301,0,380,0,939,157.52,16.78,220.16,220.16,23.45,19000,위험물저장및처리시설,위험물저장및처리시설(주유소),0,0,2,0,0,2,0,0,0,0,0,0,2,23,20120120,20120221,20121025,2012,5610006,건축과,1101,1101,0,,0,0,,0,,0,20220909
경기도 수원시 영통구 이의동 432-1번지,41117,10300,0,0432,0001,10841100339300,1,일반,1,총괄표제부,1,신대장,,동수원톨게이트충전소,,,,3,,,0,,,3139,549.72,17.51,549.72,549.72,17.51,19000,위험물저장및처리시설,위험물저장및처리시설(액화석유가스충전소),0,0,3,0,0,3,0,0,0,0,0,0,3,34.5,20110607,20110716,20120620,2011,5610006,건축과,1101,1101,0,,0,0,,0,,0,20220909
경기도 수원시 영통구 이의동 835번지,41117,10300,0,0835,0000,10841100260574,1,일반,1,총괄표제부,1,신대장,경기도 수원시 영통구 창룡대로 370 (이의동),동문 A주유소,,,,0,411172012001,10301,0,370,0,3656,700.51,19.16,1048.93,1048.93,28.69,19000,위험물저장및처리시설,주유소,0,0,4,0,0,6,0,0,0,0,0,0,6,69,20120207,20120227,20120830,2012,5610006,건축과,1101,1101,0,,0,0,,0,,0,20220909
경기도 수원시 영통구 이의동 864-1번지,41117,10300,0,0864,0001,10841100175563,1,일반,1,총괄표제부,1,신대장,,차세대융합기술연구원,,,,115,,,0,0,0,151624.2,15711.95,10.36,92925.41,76034.13,50.14,10000,교육연구시설,교육연구시설,0,0,5,1,360,556,0,0,0,0,57,655.5,499,5738.5,,,,,,,,,0,,0,0,2,0,,0,20220909
경기도 수원시 영통구 이의동 906-5번지,41117,10300,0,0906,0005,10841236948,1,일반,1,총괄표제부,1,신대장,,경기도중소기업지원센터,,,,38,,,,,,133421.7,24044.08,18.04,132210.51,93483.72,70.15,10000,교육연구시설,,0,0,5,0,0,1150,0,0,0,0,738,8522,412,4720.8,,,,,,,,,0,,0,0,,0,,0,20250409
경기도 수원시 영통구 이의동 907-1번지,41117,10300,0,0907,0001,10841236904,1,일반,1,총괄표제부,1,신대장,경기도 수원시 영통구 창룡대로 236-31 (이의동),,,,,1,411172012001,10301,0,236,31,9950,1978.72,19.89,8853.57,7299.77,73.36,03000,제1종근린생활시설,제1종근린생활시설,0,0,2,0,0,127,0,0,0,0,0,0,127,3269.89,,,,,,,,,0,,0,0,,0,,0,20221020
경기도 수원시 영통구 이의동 956-1번지,41117,10300,0,0956,0001,10841236758,1,일반,1,총괄표제부,0,구대장,,,,,,2,,,0,,,1860,294.34,15.82,231.4,231.4,12.44,04000,제2종근린생활시설,제2종근린생활시설,0,0,4,0,0,2,0,0,0,0,0,0,2,49.4,,,,,,,,,0,,0,0,,0,,0,20220909
경기도 수원시 영통구 이의동 1090-4번지,41117,10300,0,1090,0004,10841100370648,1,일반,1,총괄표제부,1,신대장,,성광주유소,,,,0,,,0,0,0,1685,330.63,19.62,381.66,381.66,22.65,19000,위험물저장및처리시설,주유소,0,0,2,0,0,4,0,0,0,0,0,0,4,46,20161216,20170109,20170529,2016,5610006,건축과,1101,1101,0,,0,0,,0,,0,20220909
경기도 수원시 영통구 이의동 1177번지,41117,10300,0,1177,0000,10841100362265,2,집합,1,총괄표제부,1,신대장,,광교파크자이더테라스,,,,0,,,0,0,0,50266.7,15616.1393,31.07,53518.5606,35178.3588,69.98,02000,공동주택,연립주택,268,0,13,8,18379.3748,460,0,0,0,0,458,16877.4552,2,0,20150612,20150818,20170224,2015,3740281,주택과,2101,2101,0,1,144.1,0,4,54.25,,0,20220909
경기도 수원시 영통구 이의동 1182번지,41117,10300,0,1182,0000,10841100258301,2,집합,1,총괄표제부,1,신대장,,광교대광로제비앙,,,,0,,,0,,,19881.8,4498.2671,22.63,26869.7214,15870.2265,79.82,02000,공동주택,공동주택(아파트),145,0,11,3,10833.5189,240,0,0,0,0,238,9091.6813,2,0,20091223,20100720,20120628,2009,3740147,주택정책과,2101,2101,1,1,34.56,69.3,,0,,0,20220909
경기도 수원시 영통구 이의동 1183번지,41117,10300,0,1183,0000,10841100444351,1,일반,1,총괄표제부,1,신대장,경기도 수원시 영통구 웰빙타운로 71 (이의동),,,,,0,411173177035,10301,0,71,0,44176.5,3412.41,7.72,4916.04,4172.4,9.44,13000,운동시설,"운동시설(체육관, 수영장)",0,0,2,0,0,60,0,0,0,0,0,0,60,886.91,,,,,,,,,0,,0,0,,0,,0,20220909
경기도 수원시 영통구 이의동 1184번지,41117,10300,0,1184,0000,10841100244554,2,집합,1,총괄표제부,1,신대장,,광교 호반베르디움,,,,0,,,0,,,69546,7225.352,10.39,110986.437,69414.312,99.81,02000,공동주택,아파트,555,0,13,6,40906.68,926,0,0,0,0,926,35858.926,0,0,20090921,20091026,20111215,2009,3740147,주택정책과,2101,2101,0,2,27.69,68.4,,0,,0,20220909
경기도 수원시 영통구 이의동 1197번지,41117,10300,0,1197,0000,10841100364751,2,집합,1,총괄표제부,1,신대장,,e편한세상 TERRACE 광교 West hill,,,,0,,,0,,,60175.4,22584.2381,37.53,68270.9412,42121.3393,70,02000,공동주택,공동주택(연립주택),317,0,22,9,24531.4316,544,0,0,0,0,544,21979.2583,0,0,20150417,20150622,20170404,2015,3740281,주택과,2101,2101,5,1,10158.6,0,4,55.95,,0,20220909
경기도 수원시 영통구 이의동 1200번지,41117,10300,0,1200,0000,10841100243254,2,집합,1,총괄표제부,1,신대장,경기도 수원시 영통구 웰빙타운로 50 (이의동),광교2차 e편한세상,,,,0,411173177035,10301,0,50,,40336,5207.5816,12.9105,70824.5608,48330.8607,119.8207,02000,공동주택,공동주택(아파트),442,0,9,8,22400.0407,643,0,0,0,0,633,20834.11,10,0,20091210,20100210,20111202,2009,3740147,주택정책과,2101,2101,0,1,33.87,72,,0,,0,20220909
경기도 수원시 영통구 이의동 1211번지,41117,10300,0,1211,0000,10841100228694,2,집합,1,총괄표제부,1,신대장,,광교  한양 수자인,,,,0,,,0,,,19458,2983.7727,15.33,34427.4036,23318.6723,119.84,02000,공동주택,공동주택(아파트),214,0,4,9,11150.6786,310,0,0,0,0,310,9332.3716,0,205.3691,20090506,20090624,20110729,2009,3740147,주택정책과,2101,2101,0,2,31.43,68.1,,0,,0,20220909
경기도 수원시 영통구 이의동 1212번지,41117,10300,0,1212,0000,10841100244195,2,집합,1,총괄표제부,1,신대장,,광교신도시 B-5 호반가든하임,,,,0,,,0,0,0,50093,18759.7009,37.45,83981.1659,49234.1609,98.29,02000,공동주택,연립주택,320,0,23,4,34080.7781,645,0,0,0,0,618,31646.2656,27,0,20091109,20091202,20111215,2009,3740147,주택정책과,2101,2101,0,2,30.7,63.1,,0,,0,20241227
경기도 수원시 영통구 이의동 1214번지,41117,10300,0,1214,0000,10841100364465,2,집합,1,총괄표제부,1,신대장,,e편한세상 TERRACE 광교 East hill,,,,0,,,0,0,0,38922.7,16566.8511,42.56,60511.6621,38919.8658,99.99,02000,공동주택,공동주택(연립주택),259,0,15,7,20191.8378,465,0,0,0,0,465,18105.3727,0,0,20150417,20150622,20170404,2015,3740281,주택과,2101,2101,4,1,9331.8,0,4,54,,0,20220909
경기도 수원시 영통구 이의동 1226번지,41117,10300,0,1226,0000,10841100232734,2,집합,1,총괄표제부,1,신대장,,광교 해모로 아파트,,,,0,,,0,,,43224,6143.39,14.21,82038.82,51408.02,118.93,02000,공동주택,공동주택(아파트),466,0,12,11,29210.32,716,0,0,0,0,710,27835.67,6,79,20071227,20090422,20111007,,,,,,4,2,32.1,66.2,,0,,0,20220909
경기도 수원시 영통구 이의동 1229번지,41117,10300,0,1229,0000,10841100368885,2,집합,1,총괄표제부,1,신대장,,광교 호반베르디움 트라엘,,,,0,,,0,0,0,58240.5,6670.224,11.45,83813.016,57972.147,99.54,02000,공동주택,공동주택(아파트),446,0,9,9,25459.663,758,0,0,0,0,753,22877.159,5,203.935,20150302,20150413,20170428,2015,3740281,주택과,2101,2101,0,1,128.7,0,,0,,0,20220909
경기도 수원시 영통구 이의동 1232번지,41117,10300,0,1232,0000,10841100263020,1,일반,1,총괄표제부,1,신대장,,광교 집단에너지시설,,,,0,,,0,0,0,31954,12642.85,39.57,26288.33,21562.37,67.48,25000,발전시설,(집단에너지공급시설),0,0,5,0,0,111,0,0,0,0,61,2564.75,50,637.4,20100226,20100405,20121031,2010,3740146,도시경관과,1101,1101,0,,0,0,,0,,0,20220909
경기도 수원시 영통구 이의동 1252번지,41117,10300,0,1252,0000,10841100325537,2,집합,1,총괄표제부,1,신대장,,광교역참누리포레스트,,,,0,,,0,,,27030.3,6259.7762,23.16,44263.5038,28351.4359,104.89,02000,공동주택,공동주택(아파트),356,0,12,8,15562.0861,359,0,0,0,0,359,14090.2958,0,0,20110902,20130822,20150730,2011,3740194,주택건축과,2101,2101,6,1,43.68,68.3,,0,,0,20220909
경기도 수원시 영통구 이의동 1253번지,41117,10300,0,1253,0000,10841100321447,2,집합,1,총괄표제부,1,신대장,,광교 시티아이,,,,0,,,0,,,5990.1,1035.7833,17.28,5056.0015,4791.2628,79.99,02000,공동주택,공동주택(아파트(도시형생활주택 원룸형주택)),80,0,3,2,233.397,80,0,0,0,0,0,0,80,0,20120629,20140423,20150413,2012,3740194,주택건축과,2101,2101,0,2,187.7,0,,0,,0,20220909
경기도 수원시 영통구 이의동 1291번지,41117,10300,0,1291,0000,10841100259576,1,일반,1,총괄표제부,1,신대장,,저지배수지,,,,0,,,0,,,18212.8,256.15,1.41,591.81,366.31,2.01,03000,제1종근린생활시설,배수지,0,0,4,0,0,0,0,0,0,0,0,0,0,0,20091201,20100501,20120727,2009,5610006,건축과,1101,1101,0,,0,0,,0,,0,20220909
경기도 수원시 영통구 이의동 1303번지,41117,10300,0,1303,0000,10841100250896,2,집합,1,총괄표제부,1,신대장,경기도 수원시 영통구 센트럴파크로 100 (이의동),광교오드카운티,,,,0,411173177032,10301,0,100,,50296,6464.078,12.85,141735.2677,100570.246,199.96,02000,공동주택,공동주택(아파트),668,0,8,9,40811.4008,1165,0,0,0,0,1160,37156.5131,5,62.5,20090313,20090429,20120217,2009,3740147,주택정책과,2101,2101,12,2,26.86,63.8,2,67.48,,0,20220909
경기도 수원시 영통구 이의동 1304번지,41117,10300,0,1304,0000,10841100252561,2,집합,1,총괄표제부,1,신대장,경기도 수원시 영통구 센트럴파크로 60 (이의동),래미안 광교,,,,0,411173177032,10301,0,60,,46869,4792.8,10.23,136817.69,93717.45,199.96,02000,공동주택,공동주택(아파트),629,0,7,16,41125.09,1177,0,0,0,0,1172,37831.78,5,0,20090827,20091001,20120217,2009,3740147,주택정책과,2101,2101,0,2,30.82,68.9,,0,,0,20220909
경기도 수원시 영통구 이의동 1326번지,41117,10300,0,1326,0000,10841100267541,2,집합,1,총괄표제부,1,신대장,,e편한세상 광교,,,,0,,,0,0,0,127453.8,17507.6526,13.74,420885.3372,292993.7974,229.88,02000,공동주택,아파트,1970,0,24,13,128918.3927,3575,0,0,0,0,3565,120918.3901,10,0,20100323,20100423,20121206,2010,3740147,주택정책과,2101,2101,0,2,36.89,67,2,70.02,,0,20230810
경기도 수원시 영통구 이의동 1327번지,41117,10300,0,1327,0000,10841100420946,1,일반,1,총괄표제부,,,경기도 수원시 영통구 센트럴타운로22번길 25 (이의동),산의초등학교,,,,0,411174331242,10301,0,25,0,15139.1,4224.57,27.91,15913.85,15913.85,105.12,10000,교육연구시설,교육연구시설(초등학교),0,0,2,0,0,81,0,0,0,0,0,0,81,0,20110218,20110401,20120228,,,,,,0,,0,0,3,61.8,,0,20220909
경기도 수원시 영통구 이의동 1328-1번지,41117,10300,0,1328,0001,10841100285986,1,일반,1,총괄표제부,1,신대장,,,,,,0,,,0,,,6807.1,1324.06,19.45,7281.51,3904.52,57.36,11000,노유자시설,노유자시설(노인/장애인복지시설),0,0,2,0,0,50,0,0,0,0,50,1595.6,0,0,20120620,20120710,20131011,2012,3740194,주택건축과,5200,5200,0,,0,0,,0,,0,20241206
경기도 수원시 영통구 이의동 1331번지,41117,10300,0,1331,0000,10841100326117,2,집합,1,총괄표제부,1,신대장,경기도 수원시 영통구 센트럴타운로 107 (이의동),광교 푸르지오 월드마크,,,,0,411173177031,10301,0,107,0,22403.2,13138.797,58.65,108947.673,67239.717,300.13,02000,공동주택,"공동주택(아파트), 업무시설, 판매시설",350,0,7,2,35824.484,919,0,0,0,0,919,29168.531,0,0,20111012,20120206,20150806,2011,3740194,주택건축과,2101,2101,427,1,48.41,0,,0,,0,20220909
경기도 수원시 영통구 이의동 1332번지,41117,10300,0,1332,0000,10841100318467,2,집합,1,총괄표제부,1,신대장,,"광교C1 호반베르디움, Summit Place광교",,,,0,,,0,0,0,38562.7,23123.128,59.96,219167.241,107977.043,280,02000,공동주택,"아파트,업무시설,판매시설",508,0,10,4,84171.762,2114,0,0,0,0,2114,75412.245,0,0,20111101,20111129,20150226,2011,3740194,주택건축과,2101,2101,567,1,52.24,0,,0,,0,20250728
경기도 수원시 영통구 이의동 1333번지,41117,10300,0,1333,0000,1000000000000004406451,2,집합,1,총괄표제부,1,신대장,,힐스테이트 광교중앙역 퍼스트,,,,0,,,,,,8451,5066.64,59.95,81956.96,33795.71,399.9,02000,공동주택,아파트,211,0,5,1,0,597,0,0,0,0,585,24092.31,0,0,20201228,20210706,20240927,2020,3740282,건축과,1101,1101,0,1+,95.6,0,,0,,0,20251030
경기도 수원시 영통구 이의동 1334번지,41117,10300,0,1334,0000,10841100286746,2,집합,1,총괄표제부,1,신대장,,광교센트럴뷰,,,,0,,,0,,,42365.2,6847.57,16.16,111217.34,77677.43,183.35,02000,공동주택,공동주택(아파트),701,0,14,11,32481.41,1021,0,0,0,0,1018,30759.84,3,39.5,20071227,20110428,20131104,,,,,,6,1,40,0,,0,,0,20220909
경기도 수원시 영통구 이의동 1339번지,41117,10300,0,1339,0000,10841100267049,2,집합,1,총괄표제부,1,신대장,,자연앤자이,,,,0,,,0,,,28167.7,2812.78,9.9858348,79256.319,56045.11,198.96942,02000,공동주택,공동주택(아파트),378,0,4,9,22816.022,673,0,0,0,0,668,19328.503,5,62.5,20091221,20100426,20121205,2009,3740147,주택정책과,2101,2101,9,1,41.22,79.3,1,69.39,,0,20220909
경기도 수원시 영통구 이의동 1342번지,41117,10300,0,1342,0000,10841100281589,1,일반,1,총괄표제부,1,신대장,,,,,,0,,,0,0,0,14396.7,4898.23,34.02,17165.41,16402.03,113.93,10000,교육연구시설,교육연구시설,0,0,2,1,7.5,85,0,0,0,0,0,0,0,0,,,,,,,,,0,,0,0,,0,,0,20220909
경기도 수원시 영통구 이의동 1344번지,41117,10300,0,1344,0000,10841100263941,2,집합,1,총괄표제부,1,신대장,,자연앤 힐스테이트,,,,0,,,0,0,0,93505.8,13273.443,14.195315,281089.054,195917.212,209.52412,02000,공동주택,아파트,1764,0,20,16,0,2642,0,0,0,0,2609,0,33,0,20091130,20104,20121129,2009,3740147,주택정책과,2101,2101,42,1,36.11,78.5,1,85.07,,0,20220909
경기도 수원시 영통구 이의동 1348번지,41117,10300,0,1348,0000,10841100465491,2,집합,1,총괄표제부,1,신대장,경기도 수원시 영통구 에듀타운로 102 (이의동),광교중앙역 SK VIEW,,,,3,411173177033,10301,0,102,0,8058.7,3976.05,49.34,56197.27,32188.4,399.42,10000,교육연구시설,"교육연구시설(학원,연구소)/제1종근린생활시설/업무시설(오피스텔)",0,0,2,0,0,447,0,0,0,0,444,18652.8,0,0,20181029,20181129,20210425,2018,3740282,건축과,1101,1101,517,,0,0,,0,,0,20250124
경기도 수원시 영통구 이의동 1352번지,41117,10300,0,1352,0000,10841100298187,2,집합,1,총괄표제부,1,신대장,경기도 수원시 영통구 에듀타운로 101 (이의동),에듀하임1309오피스텔,,,,1,411173177033,10301,0,101,0,20681.1,8279,40.03,130278.39,82720.99,399.98,14000,업무시설,"(오피스텔),제1종근린생활시설",0,0,12,0,0,1320,0,0,0,0,1320,43573.19,0,0,20110824,20110921,20140228,2011,3740194,주택건축과,1101,1101,0,,0,63.5,,0,,0,20220909
경기도 수원시 영통구 이의동 1353번지,41117,10300,0,1353,0000,10841100266499,2,집합,1,총괄표제부,1,신대장,경기도 수원시 영통구 에듀타운로 65 (이의동),자연앤자이,,,,0,411173177033,10301,0,65,,38893.4,5439.794,13.986419,109931.999,77333.634,198.83485,02000,공동주택,공동주택(아파트),522,0,8,10,32392.764,914,0,0,0,0,910,28420.033,4,51,20091221,20100426,20121205,2009,3740147,주택정책과,2101,2101,9,1,41.32,78.6,1,86.4,,0,20220909
경기도 수원시 영통구 이의동 1354번지,41117,10300,0,1354,0000,10841100313849,1,일반,1,총괄표제부,1,신대장,,,,,,0,,,0,0,0,203137.8,771.7,0.38,794.07,756.39,0.37,04000,제2종근린생활시설,"제1,2종근린생활시설",0,0,3,1,26.29,5,0,0,0,0,0,0,5,57.5,,,,,,,,,0,,0,0,,0,,0,20220909
경기도 수원시 영통구 이의동 1356번지,41117,10300,0,1356,0000,10841100331797,1,일반,1,총괄표제부,1,신대장,,CJ BLOSSOM PARK,,,,0,,,0,,,39500.1,11758.16,29.77,111167.59,78818.29,199.54,10000,교육연구시설,교육연구시설(연구소)외2,0,0,4,1,33.14,559,0,0,0,0,441,15381.76,118,2172.56,20110803,20110823,20150828,2011,3740194,주택건축과,1101,1101,0,,0,0,,0,,0,20230818
경기도 수원시 영통구 이의동 1357번지,41117,10300,0,1357,0000,10841167133,1,일반,1,총괄표제부,0,구대장,경기도 수원시 영통구 광교로 66 (이의동),,,,,0,411173177021,10301,0,66,0,1667.7,332.9,19.96,409.34,409.34,24.55,19000,위험물저장및처리시설,위험물저장및처리시설외1,0,0,3,0,0,5,0,0,0,0,0,0,5,57.5,,,,,,,,,0,,0,0,,0,,0,20220909
경기도 수원시 영통구 이의동 1358번지,41117,10300,0,1358,0000,10841100376708,2,집합,1,총괄표제부,1,신대장,,광교아르데코,,,,0,,,0,,,6372.9,2490.27,39.08,34967.0333,25470.6413,399.67,11000,노유자시설,노유자시설외1,261,0,3,1,108.8,229,0,0,0,0,229,8076.157,0,0,20131007,20150709,20170829,2013,3740194,주택건축과,2101,2101,0,,0,0,,0,,0,20220909
경기도 수원시 영통구 이의동 1367번지,41117,10300,0,1367,0000,10841100266202,2,집합,1,총괄표제부,1,신대장,,자연앤자이,,,,0,,,0,,,20323.1,3335.134,16.410557,56670.291,40284.047,198.21802,02000,공동주택,공동주택(아파트),273,0,6,9,16571.099,479,0,0,0,0,476,13933.8,3,39.5,20091221,20100426,20121205,2009,3740147,주택정책과,2101,2101,8,1,39.47,79,,0,,0,20220909
경기도 수원시 영통구 이의동 1368번지,41117,10300,0,1368,0000,10841100281591,1,일반,1,총괄표제부,1,신대장,경기도 수원시 영통구 혜령로 12 (이의동),,,,,0,411173177036,10301,0,12,,14009.3,3522.01,25.14,13808.14,11646.98,83.14,10000,교육연구시설,교육연구시설,0,0,2,0,0,138,0,0,0,0,0,0,0,0,,,,,,,,,0,,0,0,,0,,0,20220909
경기도 수원시 영통구 이의동 1370번지,41117,10300,0,1370,0000,10841100305288,2,집합,1,총괄표제부,1,신대장,경기도 수원시 영통구 에듀타운로 7 (이의동),광교에듀포레,,,,0,411173177033,10301,0,7,,13581.1,1633.62,12.03,34680.34,24078.63,177.3,02000,공동주택,공동주택(아파트),224,0,3,5,10353.22,325,0,0,0,0,325,9174.9,0,0,20101112,20111230,20140626,,,,,,0,2,39.9,0,,0,,0,20220909
경기도 수원시 영통구 이의동 산94-6번지,41117,10300,1,0094,0006,10841236963,1,일반,1,총괄표제부,1,신대장,,,,,,65,,,,,,494911.6,45077.73,9.1082,197097.07,181475.13,36.6682,10000,교육연구시설,대학교,0,0,34,5,1038.24,1825,0,0,0,0,1825,22812.5,0,0,,,,,,,,,0,,0,0,,0,,0,20250922
경기도 수원시 영통구 이의동 블록,41117,10300,2,0000,0000,10841100262674,1,일반,1,총괄표제부,1,신대장,,동문B주유소,광교택지개발지구,위8,,0,,,0,,,938.7,157.52,16.780654,220.16,220.16,23.453712,19000,위험물저장및처리시설,주유소,0,0,2,0,0,2,0,0,0,0,0,0,2,23,20120120,20120227,20121025,2012,5610006,건축과,1101,1101,0,,0,0,,0,,0,20220909
경기도 수원시 영통구 이의동 블록,41117,10300,2,0000,0000,10841100286372,1,일반,1,총괄표제부,1,신대장,,대호주유소,광교신도시 택지개발지구,위9,,0,,,0,0,0,2101,419.56,19.97,639.91,639.91,30.46,19000,위험물저장및처리시설,위험물저장및 처리시설(주유소)외1,0,0,3,0,0,3,0,0,0,0,0,0,3,36,20130221,20130607,20131023,2013,5610006,건축과,1101,1101,0,,0,0,,0,,0,20220909
경기도 수원시 영통구 이의동 블록,41117,10300,2,0000,0000,10841100321827,1,일반,1,총괄표제부,1,신대장,,,광교신도시 택지개발사업지구내 역사공원,1,,0,,,0,0,0,2266.6,342.9,15.13,342.9,342.9,15.13,05000,문화및집회시설,문화및집회시설(전시장),0,0,6,0,0,2,0,0,0,0,0,0,2,24,20150216,20150305,20150424,2015,5610006,건축과,1101,1101,0,,0,0,3,61.35,,0,20220909
경기도 수원시 영통구 하동 17-3번지,41117,10400,0,0017,0003,10841100377232,1,일반,1,총괄표제부,1,신대장,경기도 수원시 영통구 광교호수로 278-1 (하동),수원시자원순환센터,,,,0,411173177023,10401,0,278,1,90444,11863.45,13.12,14268.88,12944.21,14.31,30000,자원순환관련시설,자원순환관련시설,0,0,3,5,3956.76,96,0,0,0,0,0,0,0,0,,,,,,,,,0,,0,0,,0,,0,20250901
경기도 수원시 영통구 하동 29번지,41117,10400,0,0029,0000,1000000000000006674149,1,일반,1,총괄표제부,1,신대장,,장비고,,,,10,,,,,,243808.6,2457.5,1.008,4375.76,2673.66,1.0966,13000,운동시설,,0,0,4,0,0,454,0,0,0,0,0,0,441,0,20250326,20250710,20251031,2025,5610006,건축과,1102,1102,0,,0,0,,0,,0,20251105
경기도 수원시 영통구 하동 956번지,41117,10400,0,0956,0000,10841100237994,2,집합,1,총괄표제부,1,신대장,,휴먼시아아파트,,,,0,,,0,,,100641,10005.42,9.94,177074.54,143795.19,142.88,02000,공동주택,공동주택(아파트),2289,0,14,17,33049.96,2004,0,0,0,0,1249,30739.83,755,8997.5,20071126,20081230,20111107,,,,,,11,2,29.94,74.3,,0,,0,20220909
경기도 수원시 영통구 하동 992번지,41117,10400,0,0992,0000,10841100257195,2,집합,1,총괄표제부,1,신대장,,호수마을광교상록아파트,,,,0,,,0,0,0,33996,4170.115,12.27,73086.842,52673.222,154.94,02000,공동주택,아파트,533,0,7,7,20413.62,615,0,0,0,0,613,0,2,0,,20100201,20120608,2009,3740194,주택건축과,2101,2101,3,2,32.98,64.2,,0,,0,20220909
경기도 수원시 영통구 하동 994번지,41117,10400,0,0994,0000,10841100231054,2,집합,1,총괄표제부,1,신대장,,광교호수마을 호반써밋,,,,0,,,0,0,0,70970,10617.95,14.96,214418.6,148894.93,209.8,02000,공동주택,공동주택(아파트),1188,0,11,19,62816.33,1893,0,0,0,0,1886,58251.36,7,80.5,20080716,20080903,20110930,2008,3740147,주택정책과,2101,2101,0,2,29.09,60.3,2,68.19,,0,20220909
경기도 수원시 영통구 하동 1001번지,41117,10400,0,1001,0000,10841100291664,2,집합,1,총괄표제부,1,신대장,,광교 더 포레스트,,,,0,,,0,,,109977.3,12829.08,11.67,295678.15,207954.91,189.09,02000,공동주택,공동주택(아파트),1702,0,17,14,85109.82,2624,0,0,0,0,2617,81935.65,7,85.5,20071227,20110114,20131212,,,,,,10,2,36.86,0,,0,,0,20220909
경기도 수원시 영통구 하동 1007번지,41117,10400,0,1007,0000,10841100276247,1,일반,1,총괄표제부,1,신대장,,,,,,0,,,0,,,15604.3,755.49,4.84,1313.22,1313.22,8.41,20000,자동차관련시설,"자동차관련시설(정비고, 사무동)",0,0,4,3,112.16,0,0,0,0,0,0,0,6,69,20100810,20100927,20110511,2010,5610006,건축과,1101,1101,0,,0,0,,0,,0,20220909
경기도 수원시 영통구 하동 1007-1번지,41117,10400,0,1007,0001,10841100285802,1,일반,1,총괄표제부,1,신대장,경기도 수원시 영통구 광교호수로 250 (하동),,,,,0,411173177023,10401,0,250,,29383.4,1724.38,5.87,2127.74,2127.74,7.24,19000,위험물저장및처리시설,위험물저장 및 처리시설 외1,0,0,5,0,0,350,0,0,0,0,0,0,350,0,20130226,20130318,20131007,2013,5610006,건축과,1101,1101,0,,0,0,,0,,0,20240812
경기도 수원시 영통구 하동 1013번지,41117,10400,0,1013,0000,10841100287479,2,집합,1,총괄표제부,1,신대장,경기도 수원시 영통구 센트럴파크로 34 (하동),광교더리브,,,,0,411173177032,10402,0,34,,38639.6,4384.82,11.35,102549.11,70461,182.35,02000,공동주택,공동주택(아파트),637,0,10,11,31389.7,927,0,0,0,0,924,29203.18,3,39.5,20071227,20110428,20131104,,,,,,6,1,40.64,0,,0,,0,20220909
경기도 수원시 영통구 하동 1014번지,41117,10400,0,1014,0000,10841100334177,2,집합,1,총괄표제부,1,신대장,,광교 힐스테이트 레이크,,,,3,,,0,,,16562.9,4508.59,27.22,91765.51,66249.12,399.98,14000,업무시설,"업무시설(오피스텔), 근린생활시설",0,0,4,0,0,641,0,0,0,0,641,19878.7355,0,0,20120616,20120816,20150914,2012,3740194,주택건축과,1101,1101,593,,0,64,,0,,0,20220909
경기도 수원시 영통구 하동 1019번지,41117,10400,0,1019,0000,10841100351900,2,집합,1,총괄표제부,1,신대장,경기도 수원시 영통구 법조로 38 (하동),광교 더샵 레이크파크,,,,0,411173177030,10401,0,38,0,14974.8,4351.18,29.06,88785.71,59896.77,399.98,14000,업무시설,"업무시설(오피스텔),판매시설(상점)",0,0,3,1,26632.63,712,0,0,0,0,712,22472.05,0,0,20120313,20131115,20160909,2012,3740194,주택건축과,1101,1101,701,,0,60.4,,0,,0,20220909
경기도 수원시 영통구 하동 1021번지,41117,10400,0,1021,0000,10841100404809,2,집합,1,총괄표제부,1,신대장,경기도 수원시 영통구 센트럴파크로 6 (하동),힐스테이트 광교,,,,0,411173177032,10402,0,6,0,50957.3,26950.6321,52.89,214841.6558,136567.202,268,02000,공동주택,공동주택외2,928,0,9,10,70389.4922,2073,0,0,0,0,2073,64308.843,0,0,20141015,20141126,20180529,2014,3740281,주택과,2101,2101,0,,0,0,3,60.55,,0,20220909
경기도 수원시 영통구 하동 1023번지,41117,10400,0,1023,0000,10841100282834,1,일반,1,총괄표제부,1,신대장,,광교호수공원시설,,,,22,,,0,0,0,1768725.6,14781.72,0.83,31202.21,18672.67,1.05,27000,관광휴게시설,관광휴게시설,0,0,19,0,0,419,0,0,0,0,307,0,112,0,,,,,,,,,0,,0,0,,0,,0,20230725
경기도 수원시 영통구 하동 1027번지,41117,10400,0,1027,0000,10841100258795,2,집합,1,총괄표제부,1,신대장,경기도 수원시 영통구 광교호수로152번길 23 (하동),광교 LAKE PARK 한양수자인,,,,0,411174331230,10401,0,23,0,29052.5,3026.8761,10.41,75707.1332,50840.4362,174.99,02000,공동주택,공동주택(아파트),453,0,6,12,23997.7066,636,0,0,0,0,636,22027.3111,0,0,20091105,20091202,20120713,2009,3740147,주택정책과,2101,2101,0,2,31.48,0,,0,,0,20220909
경기도 수원시 영통구 하동 1028번지,41117,10400,0,1028,0000,10841100295557,2,집합,1,총괄표제부,1,신대장,경기도 수원시 영통구 광교호수로152번길 24 (하동),광교 모아엘가 레이크 뷰,,,,0,411174331230,10401,0,24,,17673.6,2194.46,12.42,40054.01,28852.75,163.25,02000,공동주택,공동주택(아파트),258,0,4,6,11153.65,379,0,0,0,0,377,10249.52,2,28,20071227,20110921,20140124,,,,,,2,2,37.37,0,,0,,0,20220909
경기도 수원시 영통구 하동 1032번지,41117,10400,0,1032,0000,10841100295147,2,집합,1,총괄표제부,1,신대장,,광교 모아엘가 레이크파크,,,,0,,,0,,,25216.6,3660.87,14.52,54958.43,38509.15,152.71,02000,공동주택,공동주택(아파트),394,0,5,8,16137.43,506,0,0,0,0,504,14841.13,2,28,20071227,20110921,20140124,,,,,,2,2,37.68,0,,0,,0,20220909
경기도 수원시 영통구 하동 1033번지,41117,10400,0,1033,0000,10841100262154,1,일반,1,총괄표제부,1,신대장,,,,,,0,,,0,,,2476,494.91,19.988287,625.11,625.11,25.25,19000,위험물저장및처리시설,위험물저장및처리시설(액화석유가스충전소),0,0,3,0,0,10,0,0,0,0,0,0,10,0,20120220,20120502,20121105,2012,5610006,건축과,1101,1101,0,,0,0,,0,,0,20251110
경기도 수원시 영통구 하동 1034번지,41117,10400,0,1034,0000,10841100233294,2,집합,1,총괄표제부,1,신대장,,휴먼시아아파트,,,,0,,,0,,,16552,3411.13,20.61,29493.73,23535.69,142.19,02000,공동주택,공동주택(아파트),375,0,6,7,6187.22,324,0,0,0,0,192,4894.21,132,1568,20071126,20090630,20111024,,,,,,3,2,31.98,75.2,,0,,0,20220909
경기도 수원시 영통구 하동 1050번지,41117,10400,0,1050,0000,10841236763,1,일반,1,총괄표제부,1,신대장,경기도 수원시 영통구 광교호수로 278 (하동),수원시 연화장,,,,0,411173177023,10401,0,278,0,56270.1,10741.25,19.12,25473.56,15251.78,27.15,26000,묘지관련시설,"묘지관련시설, 장례시설, 제1,2종근린생활시설",0,0,5,2,7132.29,395,0,0,0,0,208,6702.59,187,2272.25,,,,,,,,,0,,0,0,,0,,0,20251215
경기도 수원시 영통구 하동 블록,41117,10400,2,0000,0000,10841100263015,1,일반,1,총괄표제부,1,신대장,,,광교신도시,위험물,15,0,,,0,,,2475.5,494.91,19.992324,625.11,625.11,25.251868,19000,위험물저장및처리시설,액화가스 충전소,0,0,3,0,0,10,0,0,0,0,0,0,10,115,20120220,20120502,20121105,2012,5610006,건축과,1101,1101,0,,0,0,,0,,0,20220909
경기도 수원시 영통구 하동 블록,41117,10400,2,0000,0000,10841100323739,1,일반,1,총괄표제부,1,신대장,,에쓰-오일,광교지구,위16,,0,,,0,0,0,1239,377.18,30.44,432.26,432.26,34.89,19000,위험물저장및처리시설,위험물저장및처리시설(주유소),0,0,2,0,0,2,0,0,0,0,2,0,0,0,20140729,20141111,20150619,2014,5610006,건축과,1101,1101,0,,0,0,,0,,0,20220909
경기도 수원시 영통구 영통동 3-2번지,41117,10500,0,0003,0002,10841100283662,1,일반,1,총괄표제부,1,신대장,,,,,,1,,,0,0,0,767,417.02,54.37,997.66,997.66,130.07,04000,제2종근린생활시설,"근린생활시설, 단독주택, 창고시설",0,0,2,0,0,7,0,0,0,0,0,0,0,0,,,,,,,,,0,,0,0,,0,,0,20220909
경기도 수원시 영통구 영통동 58번지,41117,10500,0,0058,0000,10841100314038,1,일반,1,총괄표제부,1,신대장,,영통성요셉성당,,,,0,,,0,0,0,3294,1542.7,46.83,8073.85,3860.69,117.2,06000,종교시설,종교시설,0,0,2,0,0,72,0,0,0,0,72,3094.12,0,0,20041117,20050401,20141205,2004,3740058,건축과,1101,1101,0,,0,0,,0,,0,20220909
경기도 수원시 영통구 영통동 59번지,41117,10500,0,0059,0000,10841236769,1,일반,1,총괄표제부,0,구대장,경기도 수원시 영통구 12 (영통동),,,,,0,411154331124,,0,12,,2437,1001.7,41.1,1159.8,1159.8,47.59,20000,자동차관련시설,자동차관련시설,0,0,4,0,0,6,0,0,0,0,0,0,6,69,,,,,,,,,0,,0,0,,0,,0,20220909
경기도 수원시 영통구 영통동 73-3번지,41117,10500,0,0073,0003,10841236931,1,일반,1,총괄표제부,1,신대장,경기도 수원시 영통구 영통로345번길 24-14 (영통동),영통동제조장,,,,0,411174331144,10502,0,24,14,555,218.74,39.41,379.16,379.16,68.32,04000,제2종근린생활시설,제2종근린생활시설(공동주택(기숙사)),0,1,2,0,0,3,0,0,0,0,0,0,3,36,,,,,,,,,0,,0,0,,0,,0,20220909
경기도 수원시 영통구 영통동 77-7번지,41117,10500,0,0077,0007,10841236770,1,일반,1,총괄표제부,0,구대장,경기도 수원시 영통구 영통로345번길 11 (영통동),,,,,0,411174331144,10502,0,11,0,937,239.63,25.57,239.63,239.63,25.57,20000,자동차관련시설,자동차관련시설,0,0,2,0,0,3,0,0,0,0,0,0,3,34.5,,,,,,,,,0,,0,0,,0,,0,20220909
경기도 수원시 영통구 영통동 77-8번지,41117,10500,0,0077,0008,10841236930,1,일반,1,총괄표제부,1,신대장,경기도 수원시 영통구 영통로345번길 15 (영통동),,,,,0,411174331144,10502,0,15,0,645,272.19,42.2,272.19,272.19,42.2,20000,자동차관련시설,자동차관련시설,0,0,2,0,0,3,0,0,3,34.5,0,0,0,0,,,,,,,,,0,,0,0,,0,,0,20220909
경기도 수원시 영통구 영통동 273-1번지,41117,10500,0,0273,0001,10841236956,1,일반,1,총괄표제부,1,신대장,경기도 수원시 영통구 덕영대로 1731 (영통동),경희대학교기숙사(애지원),,,,0,411173012001,10501,0,1731,0,9613,1848.92,19.23,8214.37,7491.8,77.93,02000,공동주택,공동주택(기숙사),0,0,2,1,6,0,0,0,0,0,0,0,22,256.5,,,,,,,,,0,,0,0,,0,,0,20220909
경기도 수원시 영통구 영통동 948-4번지,41117,10500,0,0948,0004,10841236777,2,집합,1,총괄표제부,1,신대장,경기도 수원시 영통구 영통로514번길 53 (영통동),영통 센트럴파크뷰,,,,1,411174331147,10501,0,53,0,41253.1,7252.21,17.58,115784.454,90222.534,218.7,02000,공동주택,"공동주택(아파트), 생활편익시설, 의료시설",1190,0,14,9,21153.586,1198,0,0,0,0,688,19719.196,510,5890,,,,,,,,,0,,0,0,,0,,0,20220909
경기도 수원시 영통구 영통동 955-1번지,41117,10500,0,0955,0001,10841236878,2,집합,1,총괄표제부,0,구대장,경기도 수원시 영통구 영통로 498 (영통동),영통포레파크원 아파트,,,,0,411173177018,10502,0,498,,108988,18036.82,16.55,297839.964,235136.935,215.75,02000,공동주택,공동주택(아파트),3129,0,42,13,0,2783,0,0,0,0,1672,0,1111,0,,,,,,,,,0,,0,0,,0,,0,20240513
경기도 수원시 영통구 영통동 955-3번지,41117,10500,0,0955,0003,10841100421893,1,일반,1,총괄표제부,1,신대장,경기도 수원시 영통구 청명북로 118 (영통동),청명중학교,,,,0,411173177015,10501,0,118,,11287,2852.2,25.27,8837.13,8590.08,76.11,10000,교육연구시설,교육연구시설(중학교),0,0,2,0,0,46,0,0,0,0,0,0,0,0,,,,,,,,,0,,0,0,,0,,0,20220909
경기도 수원시 영통구 영통동 956-1번지,41117,10500,0,0956,0001,10841236771,1,일반,1,총괄표제부,1,신대장,경기도 수원시 영통구 영통로 466 (영통동),청명고등학교,,,,0,411173177018,10502,0,466,0,15506.8,3249.41,20.95,13516.49,13197.89,85.11,10000,교육연구시설,교육연구시설,0,0,2,2,98.83,68,0,0,0,0,0,0,68,0,,,,,,,,,0,,0,0,,0,,0,20220909
경기도 수원시 영통구 영통동 956-2번지,41117,10500,0,0956,0002,10841236879,2,집합,1,총괄표제부,0,구대장,경기도 수원시 영통구 영통로 460 (영통동),대우.동신아파트,,,,0,411173177018,10502,0,460,,63806.8,10397.127,16.29,175711.148,138993.114,217.83,02000,공동주택,"공동주택(아파트), 상가",984,0,14,25,29899.26,1781,0,0,0,0,1065,0,716,0,,,,,,,,,0,,0,0,,0,,0,20220909
경기도 수원시 영통구 영통동 957-2번지,41117,10500,0,0957,0002,10841236961,1,일반,1,총괄표제부,1,신대장,경기도 수원시 영통구 영통로 438 (영통동),영덕초등학교,,,,0,411173177018,10502,0,438,,12663.5,3149.14,24.87,11255.55,10855.95,85.73,10000,교육연구시설,교육연구시설(초등학교),0,0,3,1,3,64,0,0,0,0,0,0,64,0,,,,,,,,,0,,0,0,,0,,0,20230822
경기도 수원시 영통구 영통동 957-3번지,41117,10500,0,0957,0003,10841236921,1,일반,1,총괄표제부,1,신대장,경기도 수원시 영통구 청명로 146 (영통동),영덕중학교,,,,0,411173177014,10501,0,146,0,13588.9,2941.35,21.65,10892.2,10645.15,78.34,10000,교육연구시설,교육연구시설,0,0,2,2,58.24,0,0,0,0,0,53,609.5,0,0,20041124,20041125,20050627,,,,,,0,,0,0,,0,,0,20220909
경기도 수원시 영통구 영통동 957-6번지,41117,10500,0,0957,0006,10841236880,2,집합,1,총괄표제부,1,신대장,,영통에듀파크,,,,0,,,0,0,0,56128.2,9670.985,17.23,151222.009,123498.47,220.03,02000,공동주택,공동주택(아파트),1242,0,16,9,19982.23,1305,0,0,0,0,1305,0,0,0,,,,,,,,,0,,0,0,,0,,0,20230106
경기도 수원시 영통구 영통동 961-9번지,41117,10500,0,0961,0009,10841100448971,1,일반,1,총괄표제부,1,신대장,경기도 수원시 영통구 매영로 329 (영통동),,,,,1,411173177003,10503,0,329,,1589.9,953.4,59.97,2737.76,2282.08,143.54,06000,종교시설,종교시설,0,0,2,0,0,27,0,0,0,0,0,0,27,316.2,20090629,20090706,20091110,2009,5610006,건축과,1102,1102,0,,0,0,,0,,0,20220909
경기도 수원시 영통구 영통동 961-13번지,41117,10500,0,0961,0013,10841236978,1,일반,1,총괄표제부,1,신대장,경기도 수원시 영통구 매영로 293 (영통동),열병합발전소,,,,0,411173177003,10503,0,293,0,40537.1,14270.45,35.2,17003.8,15560.02,38.38,25000,발전시설,공공용시설,0,0,8,6,4464.97,85,0,0,0,0,0,0,85,0,,,19971230,,,,,,0,,0,0,,0,,0,20220909
경기도 수원시 영통구 영통동 961-17번지,41117,10500,0,0961,0017,10841100320447,1,일반,1,총괄표제부,1,신대장,,.,,,,0,,,,,,2730.9,1464.28,53.62,7133.53,6708.38,245.65,14000,업무시설,"사무소,독서실",0,0,2,0,0,63,28,48.51,0,0,0,0,35,424,20140206,20140625,20150319,2014,3740194,주택건축과,1102,1102,0,,0,0,,0,,0,20250122
경기도 수원시 영통구 영통동 962-3번지,41117,10500,0,0962,0003,10841236772,1,일반,1,총괄표제부,1,신대장,경기도 수원시 영통구 영통로 383 (영통동),,,,,7,411173177018,10502,0,383,0,39102.1,7623.29,19.5,24254.8,16795.32,42.95,22000,분뇨.쓰레기처리시설,폐기물처리시설,0,0,2,7,2891.49,193,0,0,0,0,0,0,193,0,,,,,,,,,0,,0,0,,0,,0,20240104
경기도 수원시 영통구 영통동 963-2번지,41117,10500,0,0963,0002,10841236881,2,집합,1,총괄표제부,0,구대장,경기도 수원시 영통구 매영로310번길 12 (영통동),신성.신안.쌍용.진흥아파트,,,,0,411174331054,10501,0,12,,56218.2,10512.815,18.68,161634.853,0,219.26,02000,공동주택,공동주택(아파트),1616,0,17,19,30423.113,1649,0,0,0,0,941,0,708,0,,,,,,,,,0,,0,0,,0,,0,20220909
경기도 수원시 영통구 영통동 963-3번지,41117,10500,0,0963,0003,10841236907,1,일반,1,총괄표제부,1,신대장,경기도 수원시 영통구 영통로 328 (영통동),영통초등학교,,,,0,411173177018,10502,0,328,0,11601.7,2469.1,21.28,9357.99,9119.04,78.6,10000,교육연구시설,교육연구시설,0,0,2,0,0,47,0,0,0,0,15,0,32,0,,,,,,,,,0,,0,0,,0,,0,20220909
경기도 수원시 영통구 영통동 964-2번지,41117,10500,0,0964,0002,10841100301749,1,일반,1,총괄표제부,1,신대장,,영통중학교,,,,0,,,0,0,0,12500.5,2875.63,23,8943.72,8696.67,69.57,10000,교육연구시설,교육연구시설(중학교),0,0,2,1,42.38,32,0,0,0,0,0,0,32,382.5,,,,,,,,,0,,0,0,,0,,0,20220909
경기도 수원시 영통구 영통동 964-5번지,41117,10500,0,0964,0005,10841236882,2,집합,1,총괄표제부,0,구대장,경기도 수원시 영통구 영통로290번길 25 (영통동),신나무실주공아파트,,,,0,411174331141,10501,0,25,0,51319,8835.6,17.22,141199.224,0,219.72,02000,공동주택,공동주택(아파트),1504,0,20,7,22776.97,1216,0,0,0,0,840,0,376,0,,,,,,,,,0,,0,0,,0,,0,20260106
경기도 수원시 영통구 영통동 965-2번지,41117,10500,0,0965,0002,10841236883,2,집합,1,총괄표제부,0,구대장,경기도 수원시 영통구 매영로310번길 27 (영통동),신원.미주아파트,,,,0,411174331054,10501,0,27,,35845.9,5928.828,16.54,101259.033,78403.934,218.725,02000,공동주택,"공동주택(아파트), 생활편익시설",574,0,8,11,18260.741,976,0,0,0,0,601,0,375,0,,,,,,,,,0,,0,0,,0,,0,20220909
경기도 수원시 영통구 영통동 965-3번지,41117,10500,0,0965,0003,10841236773,1,일반,1,총괄표제부,1,신대장,경기도 수원시 영통구 매영로 334 (영통동),영덕고등학교,,,,0,411173177003,10503,0,334,0,15598.7,3825.23,24.52,13668.18,12967.68,83.13,10000,교육연구시설,교육연구시설,0,0,3,2,148.2,51,0,0,0,0,30,519.3,21,363.5,,,,,,,,,0,,0,0,,0,,0,20240510
경기도 수원시 영통구 영통동 966-2번지,41117,10500,0,0966,0002,10841236884,2,집합,1,총괄표제부,0,구대장,경기도 수원시 영통구 매영로 346 (영통동),신나무실 건영아파트,,,,0,411173177003,10503,0,346,,27968.8,5477.136,19583,82541.26,61464.67,219.761,02000,공동주택,"공동주택(아파트), 생활편익시설",470,0,7,10,18257.118,791,0,0,0,0,542,17056.728,249,2863.5,,,,,,,,,0,,0,0,,0,,0,20251203
경기도 수원시 영통구 영통동 967-2번지,41117,10500,0,0967,0002,10841236885,2,집합,1,총괄표제부,0,구대장,경기도 수원시 영통구 봉영로1517번길 30 (영통동),극동.풍림아파트,,,,0,411174331088,10501,0,30,,35058.8,5642.42,16.09,90987.52,77033.39,219.72,02000,공동주택,"공동주택(아파트),상가",776,0,11,11,10646.1,798,0,0,0,0,344,0,454,0,,,,,,,,,0,,0,0,,0,,0,20220909
경기도 수원시 영통구 영통동 967-4번지,41117,10500,0,0967,0004,10841100225279,1,일반,1,총괄표제부,1,신대장,경기도 수원시 영통구 봉영로1517번길 40 (영통동),영동초등학교,,,,0,411174331088,10501,0,40,0,11649.2,2803.23,24.06,9708.02,9465.02,81.25,10000,교육연구시설,교육연구시설,0,0,2,1,37.8,49,0,0,0,0,19,218.5,30,345,,,,,,,,,0,,0,0,,0,,0,20220909
경기도 수원시 영통구 영통동 968번지,41117,10500,0,0968,0000,10841236886,2,집합,1,총괄표제부,0,구대장,경기도 수원시 영통구 봉영로1517번길 76 (영통동),동보.신명아파트,,,,0,411174331088,10501,0,76,,38944.6,6849.815,17.588613,100126.18,0,0,02000,공동주택,공동주택(아파트),836,0,9,6,8623.47,890,0,0,0,0,288,0,602,0,,,,,,,,,0,,0,0,,0,,0,20220909
경기도 수원시 영통구 영통동 969-1번지,41117,10500,0,0969,0001,10841236887,2,집합,1,총괄표제부,0,구대장,경기도 수원시 영통구 봉영로1517번길 73 (영통동),삼성.태영아파트,,,,0,411174331088,10501,0,73,,38713.2,7149.4046,18.47,106604.334,84406.38,218.03,02000,공동주택,공동주택(아파트),832,0,13,0,0,851,0,0,0,0,521,0,330,0,,,,,,,,,0,,0,0,,0,,0,20250409
경기도 수원시 영통구 영통동 970-1번지,41117,10500,0,0970,0001,10841100230675,1,일반,1,총괄표제부,1,신대장,경기도 수원시 영통구 봉영로1517번길 45 (영통동),태장중학교,,,,0,411174331088,10501,0,45,0,12504.4,2602.93,20.81,8222.49,7971.39,63.75,10000,교육연구시설,중학교,0,0,2,1,0,0,0,0,0,0,0,0,0,0,,,,,,,,,0,,0,0,,0,,0,20230519
경기도 수원시 영통구 영통동 970-3번지,41117,10500,0,0970,0003,10841236888,2,집합,1,총괄표제부,0,구대장,경기도 수원시 영통구 봉영로1517번길 27 (영통동),벽적골9단지 주공아파트,,,,1,411174331088,10501,0,27,,44713,7815.832,17.48,125099.249,97623.517,218.33,02000,공동주택,"공동주택(아파트), 생활편익시설, 의료시설",1265,0,17,8,23221.857,1275,0,0,0,0,805,21492.258,470,5445,,,,,,,,,0,,0,0,,0,,0,20250521
경기도 수원시 영통구 영통동 971-1번지,41117,10500,0,0971,0001,10841236889,2,집합,1,총괄표제부,1,신대장,경기도 수원시 영통구 덕영대로1555번길 20 (영통동),벽적골롯데아파트,,,,0,411174331014,10501,0,20,0,35206.1,7539.039,21.41,102195.21,69948.24,198.68,02000,공동주택,공동주택[아파트],1040,0,8,0,0,1202,0,0,0,0,765,21398.93,437,5189,,,,,,,,,0,,0,0,,0,,0,20220909
경기도 수원시 영통구 영통동 972-2번지,41117,10500,0,0972,0002,10841236890,2,집합,1,총괄표제부,0,구대장,경기도 수원시 영통구 영통로290번길 26 (영통동),"벽적골 1,2단지 주공아파트",,,,0,411174331141,10501,0,26,,0,0,0,144037.35,0,0,02000,공동주택,공동주택(아파트),1548,0,20,10,23945.11,1257,0,0,0,0,849,0,408,0,,,,,,,,,0,,0,0,,0,,0,20241104
경기도 수원시 영통구 영통동 972-3번지,41117,10500,0,0972,0003,10841100371890,1,일반,1,총괄표제부,1,신대장,,신영초등학교,,,,0,,,0,0,0,11054.1,2644.49,23.92,8712.22,8469.22,76.62,10000,교육연구시설,교육연구시설,0,0,2,1,37.8,49,0,0,0,0,0,0,49,0,,,,,,,,,0,,0,0,,0,,0,20220909
경기도 수원시 영통구 영통동 973-3번지,41117,10500,0,0973,0003,10841236891,2,집합,1,총괄표제부,0,구대장,경기도 수원시 영통구 영통로 232 (영통동),두산.우성.한신아파트,,,,0,411173177018,10502,0,232,,63229.6,10450.675,16.53,174276.266,139169.432,220.1,02000,공동주택,공동주택(아파트),1842,0,21,17,27110.139,1503,0,0,0,0,893,0,610,0,,,,,,,,,0,,0,0,,0,,0,20220909
경기도 수원시 영통구 영통동 979-3번지,41117,10500,0,0979,0003,10841236774,1,일반,1,총괄표제부,0,구대장,경기도 수원시 영통구 덕영대로 1507 (영통동),,,,,0,411173012001,10501,0,1507,0,385.2,212.89,55.27,930.47,930.47,241.56,03000,제1종근린생활시설,제1종근린생활시설,0,0,2,0,0,6,0,0,0,0,0,0,6,69,,,,,,,,,0,,0,0,,0,,0,20220909
경기도 수원시 영통구 영통동 987-1번지,41117,10500,0,0987,0001,10841236949,2,집합,1,총괄표제부,1,신대장,경기도 수원시 영통구 영통로200번길 239 (영통동),영통 이-편한세상,,,,0,411174331135,10501,0,239,0,10348.5,2174.86,21.02,29992.109,24484.94,236.6,02000,공동주택,공동주택(아파트),230,0,5,4,5617.729,243,0,0,0,0,163,5144.939,80,955,20041030,20050705,20070803,2004,,,2101,2101,0,,0,0,,0,,0,20220909
경기도 수원시 영통구 영통동 988-2번지,41117,10500,0,0988,0002,10841236909,2,집합,1,총괄표제부,0,구대장,경기도 수원시 영통구 봉영로 1526 (영통동),살구골진덕.서광.성지.동아(아),,,,0,411173177007,10501,0,1526,,77573.8,12576.75,16.21,217888.801,170505.59,219.79,02000,공동주택,"공동주택(아파트), 생활편익시설",1248,0,20,14,38444.756,2171,0,0,0,0,1266,14559,905,10407.5,,,,,,,,,0,,0,0,,0,,0,20220909
경기도 수원시 영통구 영통동 988-4번지,41117,10500,0,0988,0004,10841100464612,1,일반,1,총괄표제부,1,신대장,경기도 수원시 영통구 덕영대로1673번길 17 (영통동),영일초등학교,,,,0,411174331016,10501,0,17,,11484.5,2304.2,20.06,6772.01,6533.06,56.89,10000,교육연구시설,교육연구시설,0,0,2,2,80.05,0,0,0,0,0,0,0,0,0,,,,,,,,,0,,0,0,,0,,0,20220909
경기도 수원시 영통구 영통동 989-2번지,41117,10500,0,0989,0002,10841236892,2,집합,1,총괄표제부,0,구대장,경기도 수원시 영통구 매영로 366 (영통동),현대아파트,,,,0,411173177003,10503,0,366,0,41052.3,6575.88,16.01,109006.19,90151.48,219.6,02000,공동주택,공동주택(아파트),612,0,11,13,15723.65,1115,0,0,0,0,528,0,587,0,,,,,,,,,0,,0,0,,0,,0,20250710
경기도 수원시 영통구 영통동 1012-6번지,41117,10500,0,1012,0006,10841100217358,1,일반,1,총괄표제부,1,신대장,경기도 수원시 영통구 반달로 39 (영통동),수원출입국관리사무소,,,,0,411173177005,10501,0,39,0,6573.9,1405.14,21.37,5382.54,4072.58,61.95,14000,업무시설,업무시설,0,0,2,0,0,102,0,0,0,0,30,345,72,848,20080521,20080725,20100218,,,,,,0,,0,61.9,,0,,0,20220909
경기도 수원시 영통구 영통동 1025-13번지,41117,10500,0,1025,0013,10841236962,1,일반,1,총괄표제부,1,신대장,경기도 수원시 영통구 덕영대로 1727 (영통동),(주)주왕자동차정비공장,,,,1,411173012001,10501,0,1727,,4521,875.05,19.36,875.05,875.05,19.36,20000,자동차관련시설,자동차관련시설,0,0,9,0,0,4,0,0,0,0,0,0,4,46,20051208,20051219,20060228,2005,5610006,건축과,1101,1101,0,,0,0,,0,,0,20220909
경기도 수원시 영통구 영통동 1046-1번지,41117,10500,0,1046,0001,10841236893,2,집합,1,총괄표제부,0,구대장,경기도 수원시 영통구 청명북로 33 (영통동),청명마을삼성아파트,,,,0,411173177015,10501,0,33,,47164,7915.389,16.78,133142.19,103790.451,219.98,02000,공동주택,공동주택[아파트],714,0,10,11,24538.886,1217,0,0,0,0,808,22963.59,409,4703.5,,,,,,,,,0,,0,0,,0,,0,20230216
경기도 수원시 영통구 영통동 1047-1번지,41117,10500,0,1047,0001,10841236894,2,집합,1,총괄표제부,0,구대장,경기도 수원시 영통구 청명로 100 (영통동),건영1차아파트,,,,0,411173177014,10501,0,100,0,32528.1,5891.326,18.11,96124.373,71438.02,219.62,02000,공동주택,공동주택(아파트),502,0,7,12,22290.407,923,0,0,0,0,656,16263.8,254,0,,,,,,,,,0,,0,0,,0,,0,20220909
경기도 수원시 영통구 영통동 1048-2번지,41117,10500,0,1048,0002,10841236895,2,집합,1,총괄표제부,0,구대장,경기도 수원시 영통구 청명북로 81 (영통동),청명마을주공아파트,,,,0,411173177015,10501,0,81,,32910,5898.872,17.92,88703.91,0,218.34,02000,공동주택,공동주택(아파트),946,0,13,7,13435.25,812,0,0,0,0,445,0,367,0,,,,,,,,,0,,0,0,,0,,0,20260331
경기도 수원시 영통구 영통동 1048-4번지,41117,10500,0,1048,0004,10841236935,1,일반,1,총괄표제부,1,신대장,경기도 수원시 영통구 봉영로 1658 (영통동),,,,,0,411173177007,10501,0,1658,,1476,319.56,21.65,448.78,319.56,21.65,06000,종교시설,종교시설,0,0,4,0,0,3,0,0,0,0,0,0,3,34.5,,,,,,,,,0,,0,0,,0,,0,20220909
경기도 수원시 영통구 영통동 1049-1번지,41117,10500,0,1049,0001,10841100221600,1,일반,1,총괄표제부,1,신대장,경기도 수원시 영통구 청명북로 56 (영통동),수원하이텍고등학교,,,,0,411173177015,10501,0,56,0,19107.3,4832.53,25.29,27681.53,23019.85,120.48,10000,교육연구시설,교육연구및복지시설,0,0,2,1,59.15,113,0,0,0,0,57,2029.38,56,673,,,,,,,,,0,,0,0,,0,,0,20220909
경기도 수원시 영통구 영통동 1052-2번지,41117,10500,0,1052,0002,10841236896,2,집합,1,총괄표제부,0,구대장,경기도 수원시 영통구 봉영로1744번길 16 (영통동),쌍용아파트,,,,0,411174331089,10501,0,16,,30457.3,5346.148,17.55,90815.828,66933.348,219.76,02000,공동주택,공동주택(아파트),872,0,11,8,20774.633,885,0,0,0,0,617,0,268,0,,,,,,,,,0,,0,0,,0,,0,20251218
경기도 수원시 영통구 영통동 1052-3번지,41117,10500,0,1052,0003,10841236969,1,일반,1,총괄표제부,1,신대장,경기도 수원시 영통구 봉영로1744번길 36 (영통동),영통배수지,,,,0,411174331089,10501,0,36,,26496.3,1723.29,6.5,4713.24,2790.88,10.53,03000,제1종근린생활시설,공공시설외1,0,0,6,0,0,41,0,0,0,0,41,0,0,0,,,,,,,,,0,,0,0,,0,,0,20220909
경기도 수원시 영통구 영통동 1053-2번지,41117,10500,0,1053,0002,10841236897,2,집합,1,총괄표제부,0,구대장,경기도 수원시 영통구 봉영로1744번길 11 (영통동),벽산.풍림아파트,,,,0,411174331089,10501,0,11,,43881.2,8088.66,18.43,116602.11,96576.1,220.09,02000,공동주택,공동주택(아파트).의료.생활편익시설,928,0,12,10,14073.83,1002,0,0,0,0,454,0,548,0,,,,,,,,,0,,0,0,,0,,0,20241223
경기도 수원시 영통구 영통동 1053-6번지,41117,10500,0,1053,0006,10841236938,1,일반,1,총괄표제부,1,신대장,경기도 수원시 영통구 봉영로1744번길 41 (영통동),청명초등학교,,,,0,411174331089,10501,0,41,,11030.6,1640.57,14.87,7517.22,7312.02,66.29,10000,교육연구시설,교육연구시설,0,0,2,0,0,34,0,0,0,0,0,0,34,391,,,,,,,,,0,,0,0,,0,,0,20220909
경기도 수원시 영통구 영통동 1054-3번지,41117,10500,0,1054,0003,10841236898,2,집합,1,총괄표제부,1,신대장,,영통포레스트,,,,0,,,0,,,34905,7166.16,20.53,102529.59,76704.19,219.75,02000,공동주택,공동주택(아파트),0,0,9,9,20915.1,0,0,0,0,0,0,0,0,0,,,,,,,,,0,,0,0,,0,,0,20240813
경기도 수원시 영통구 영통동 1093번지,41117,10500,0,1093,0000,10841236899,2,집합,1,총괄표제부,0,구대장,경기도 수원시 영통구 영통로200번길 189 (영통동),영통3차 풍림아이원아파트,,,,0,411174331135,10501,0,189,,24426.9,3916.6956,16.03,76643.7551,59950.8338,245.43,02000,공동주택,공동주택[아파트],494,0,5,11,14249.6702,596,0,0,0,0,450,15136.79,146,1679,,,,,,,,,0,,0,0,,0,,0,20251121
경기도 수원시 영통구 영통동 1108번지,41117,10500,0,1108,0000,10841100394649,2,집합,1,총괄표제부,1,신대장,,우리빌,,,,0,,,0,,,653,328.77,50.348,1294.916,1294.916,198.303,02000,공동주택,공동주택,17,0,2,0,0,17,0,0,0,0,0,0,17,196.2,20170529,20170703,20180207,2017,5610006,건축과,1101,1101,0,,0,0,,0,,0,20220909
경기도 수원시 영통구 영통동 1109번지,41117,10500,0,1109,0000,10841100394669,2,집합,1,총괄표제부,1,신대장,,영통우리빌,,,,0,,,0,0,0,665,345.83,52.005,1316.692,1316.692,197.999,02000,공동주택,공동주택,20,0,2,0,0,20,0,0,0,0,0,0,20,226.4,20170529,20170703,20180207,2017,5610006,건축과,1101,1101,0,,0,0,,0,,0,20220909
경기도 수원시 영통구 영통동 1110번지,41117,10500,0,1110,0000,10841100377804,2,집합,1,총괄표제부,1,신대장,,,,,,0,,,0,,,591,340.68,57.64,1556.98,1116.38,188.9,02000,공동주택,공동주택,29,0,2,0,0,20,0,0,0,0,11,387.91,9,99.2,20161005,20161026,20170914,2016,5610006,건축과,1101,1101,0,,0,0,,0,,0,20220909
경기도 수원시 영통구 영통동 1113번지,41117,10500,0,1113,0000,10841100469371,2,집합,1,총괄표제부,1,신대장,경기도 수원시 영통구 영통로200번길 63 (영통동),루벤하임,,,,0,411174331135,10501,0,63,0,804,465.06,57.84,2048.16,1318.57,164,02000,공동주택,도시형생활주택(단지형다세대주택),30,0,2,0,0,31,0,0,0,0,31,643.24,0,0,20200123,20200221,20210716,2020,3740282,건축과,1101,1101,0,,0,0,,0,,0,20220909
경기도 수원시 영통구 영통동 1114번지,41117,10500,0,1114,0000,10841100343763,2,집합,1,총괄표제부,1,신대장,,이례-뷰,,,,0,,,0,,,794,406.24,51.16,1943.35,1311.51,165.18,02000,공동주택,공동주택(도시형생활주택),41,0,2,0,0,21,0,0,0,0,21,236.46,0,0,20150609,20150629,20160412,2015,3740281,주택과,2101,2101,0,,0,0,,0,,0,20220909
경기도 수원시 영통구 영통동 1115번지,41117,10500,0,1115,0000,10841100418691,1,일반,1,총괄표제부,1,신대장,경기도 수원시 영통구 영통로200번길 71 (영통동),,,,,1,411174331135,10501,0,71,0,1539,877.365,57.008771,2177.205,1704.945,110.78265,04000,제2종근린생활시설,"제1,2종근린생활시설",0,0,2,0,0,14,0,0,0,0,6,192.644,8,246.569,19951006,19951016,19960316,,,,,,0,,0,0,,0,,0,20220909
경기도 수원시 영통구 영통동 1153번지,41117,10500,0,1153,0000,10841236971,2,집합,1,총괄표제부,1,신대장,경기도 수원시 영통구 삼성로320번길 62 (영통동),영통아이파크,,,,0,411174331111,10502,0,62,,6220,1254.2975,20.17,32593.6727,24613.812,395.72,02000,공동주택,"공동주택(아파트),제1종근린생활시설",212,0,3,3,8130.3833,219,0,0,0,0,206,7425.9755,13,154.5,20040216,20040507,20060731,2004,,,2101,2101,0,,0,0,,0,,0,20220909
경기도 수원시 영통구 영통동 1154번지,41117,10500,0,1154,0000,10841100383328,2,집합,1,총괄표제부,1,신대장,경기도 수원시 영통구 영통로200번길 111 (영통동),영통 라온프라이빗,,,,0,411174331135,10501,0,111,,13505.7,1962.9811,14.53,45327.7244,30496.0544,225.8,02000,공동주택,공동주택(아파트),351,0,5,8,15090.0765,392,0,0,0,0,389,14022.994,3,36,20141212,20150311,20170926,2014,3740281,주택과,2101,2101,0,,0,0,,0,,0,20220909
경기도 수원시 영통구 영통동 1166번지,41117,10500,0,1166,0000,1084190287303,2,집합,1,총괄표제부,1,신대장,경기도 수원시 영통구 영통로525번길 35 (영통동),청명센트레빌,,,,0,411174331148,10501,0,35,,11850.2,2174.8356,18.35,40692.3257,27236.3478,229.84,02000,공동주택,아파트,233,0,3,0,0,294,0,0,0,0,294,11482.058,0,0,20071107,20080102,20130604,2007,4050247,주택과,2101,2101,0,1,45.17,0,2,68.56,,0,20220909
경기도 수원시 영통구 영통동 1176번지,41117,10500,0,1176,0000,1084180077063,1,일반,1,총괄표제부,1,신대장,경기도 수원시 영통구 영통로501번길 15 (영통동),,,,,0,411174331146,10501,0,15,0,0,120.99,0,120.99,120.99,0,04000,제2종근린생활시설,근린생활시설(창고시설),0,0,2,0,0,0,0,0,0,0,0,0,0,0,,,,,,,,,0,,0,0,,0,,0,20220909
경기도 수원시 영통구 영통동 1182번지,41117,10500,0,1182,0000,1084190284393,2,집합,1,총괄표제부,1,신대장,,,,,,0,,,0,0,0,0,0,0,0,0,0,,,,0,0,0,0,0,0,0,0,0,0,0,0,0,0,,,,,,,,,0,,0,0,,0,,0,20220909
경기도 수원시 영통구 영통동 1183번지,41117,10500,0,1183,0000,1084190382075,1,일반,1,총괄표제부,1,신대장,,,,,,0,,,0,,,1108,262.56,23.7,865.83,535.14,48.3,01000,단독주택,단독주택,0,5,5,0,0,10,0,0,0,0,0,0,10,0,20160803,20161205,20171214,2016,5630028,건축허가과,1101,1101,0,,0,0,,0,,0,20220909
경기도 수원시 영통구 영통동 1184번지,41117,10500,0,1184,0000,1084190368507,1,일반,1,총괄표제부,1,신대장,,,,,,3,,,0,,,7903,1395.29,17.66,5475.92,2464.13,31.18,01000,단독주택,단독주택,0,29,29,0,0,58,0,0,0,0,58,0,0,0,20150818,20160225,20170706,2015,5630028,건축허가과,1101,1101,0,,0,0,,0,,0,20220909
경기도 수원시 영통구 영통동 1189번지,41117,10500,0,1189,0000,1084190372268,1,일반,1,총괄표제부,1,신대장,,,,,,1,,,0,,,7786,1346.98,17.3,4996.71,2379.16,30.56,01000,단독주택,단독주택,0,28,28,0,0,56,0,0,0,0,56,0,0,0,20150911,20160328,20170904,2015,5630028,건축허가과,1101,1101,0,,0,0,,0,,0,20220909
경기도 수원시 영통구 영통동 1193번지,41117,10500,0,1193,0000,1084190367198,1,일반,1,총괄표제부,1,신대장,,,,,,3,,,0,,,3228,625.36,19.37,2702.95,1104.61,34.22,01000,단독주택,단독주택,0,13,13,1,181.61,26,0,0,0,0,26,299,0,0,20150813,20150907,20170628,2015,5630028,건축허가과,1101,1101,0,,0,0,,0,,0,20220909
경기도 수원시 영통구 신동 275-2번지,41117,10600,0,0275,0002,10841100208282,1,일반,1,총괄표제부,1,신대장,경기도 수원시 영통구 영통로 285 (신동),,,,,2,411173177018,10603,0,285,0,1380,515.69,37.37,515.69,515.69,37.37,18000,창고시설,"제2종근린생활시설,창고시설",0,0,3,0,0,3,0,0,0,0,0,0,3,34.5,20090205,20090210,20090401,2009,5610006,건축과,1102,1102,0,,0,0,,0,,0,20220909
경기도 수원시 영통구 신동 330-1번지,41117,10600,0,0330,0001,10841100237956,1,일반,1,총괄표제부,1,신대장,,영동중학교,,,,8,,,0,0,0,25031,2726.97,10.89,8420.23,8204.23,32.78,10000,교육연구시설,교육연구시설,0,0,3,1,227.16,42,0,0,0,0,0,0,42,493,,,,,,,,,0,,0,0,,0,,0,20220909
경기도 수원시 영통구 신동 334-3번지,41117,10600,0,0334,0003,10841100261854,1,일반,1,총괄표제부,1,신대장,경기도 수원시 영통구 신원로 116 (신동),,,,,0,411173177010,10603,0,116,,259,155.26,59.95,874.18,874.18,337.52,04000,제2종근린생활시설,고시원,0,0,2,0,0,6,0,0,0,0,0,0,6,70,20101231,20110822,20121005,2010,5610006,건축과,1101,1101,0,,0,0,,0,,0,20220909
경기도 수원시 영통구 신동 334-34번지,41117,10600,0,0334,0034,10841100283458,1,일반,1,총괄표제부,1,신대장,,브레인-하우스,,,,0,,,0,0,0,286,165.36,57.82,995.89,983.45,343.86,04000,제2종근린생활시설,제2종근린생활시설(고시원),0,0,2,0,0,7,0,0,0,0,0,0,7,80.5,20110812,20121022,20130823,2011,3740194,주택건축과,1101,1101,0,,0,0,,0,,0,20220909
경기도 수원시 영통구 신동 358-1번지,41117,10600,0,0358,0001,10841236919,1,일반,1,총괄표제부,0,구대장,경기도 수원시 영통구 신원로 170 (신동),공장,,,,2,411173177010,10603,0,170,,5464,3225.49,59.031661,6871.54,5516.5,100.96083,17000,공장,공장,0,0,3,1,20.68,31,0,0,0,0,24,809.49,7,80.5,,,,,,,,,0,,0,0,,0,,0,20220909
경기도 수원시 영통구 신동 384-13번지,41117,10600,0,0384,0013,10841236826,1,일반,1,총괄표제부,0,구대장,경기도 수원시 영통구 신원로 167 (신동),,,,,1,411173177010,10603,0,167,,2649,1409.83,53.22,1989.35,1989.35,75.1,17000,공장,공장,0,0,7,1,2.88,10,0,0,0,0,0,0,10,115,,,,,,,,,0,,0,0,,0,,0,20220909
경기도 수원시 영통구 신동 384-14번지,41117,10600,0,0384,0014,1000000000000000920530,1,일반,1,총괄표제부,1,신대장,,1동,,,,0,,,0,,,399,241.23,60.4586,1247.1,1124.24,281.7644,04000,제2종근린생활시설,"제조업소,일반음식점",0,0,2,0,0,7,0,0,0,0,0,0,7,80.5,20221012,20221013,20221222,2022,5610006,건축과,1107,1107,0,,0,0,,0,,0,20221230
경기도 수원시 영통구 신동 384-34번지,41117,10600,0,0384,0034,10841100227326,1,일반,1,총괄표제부,1,신대장,,,,,,0,,,0,0,0,413,227.77,55.15,1149.86,1149.86,278.41,04000,제2종근린생활시설,제2종근린생활시설,0,0,2,0,0,8,0,0,0,0,0,0,8,92,20100825,20100902,20110406,2010,5610006,건축과,1101,1101,0,,0,0,,0,,0,20220909
경기도 수원시 영통구 신동 398-17번지,41117,10600,0,0398,0017,10841236827,1,일반,1,총괄표제부,1,신대장,경기도 수원시 영통구 신원로 105-15 (신동),,,,,1,411173177010,10603,0,105,15,2115,913.62,43.2,2819.24,2633.74,124.53,17000,공장,공장,0,0,4,0,0,4,0,0,0,0,0,0,0,0,,,,,,,,,0,,0,0,,0,,0,20250623
경기도 수원시 영통구 신동 478-6번지,41117,10600,0,0478,0006,10841100476283,2,집합,1,총괄표제부,1,신대장,,테크트리 영통 지식산업센터,,,,0,,,0,0,0,13071,6824.18,52.21,84466.794,45721.274,349.79,17000,공장,"공장(지식산업센터),기숙사,근린생활시설",0,0,3,0,0,565,0,0,0,0,565,24974.45,0,0,20181226,20190701,20211124,2018,3740282,건축과,1101,1101,0,,0,0,,0,,0,20220909
경기도 수원시 영통구 신동 486번지,41117,10600,0,0486,0000,10841100197827,2,집합,1,총괄표제부,1,신대장,경기도 수원시 영통구 신원로 88 (신동),디지털엠파이어2,,,,1,411173177010,10603,0,88,0,29339,12352.13,42.1,142435.5,102136.14,348.12,17000,공장,"공장, 제1,2종근린생활시설",0,0,4,0,0,878,0,0,0,0,680,22532.71,198,4405.66,20060314,20060410,20080630,2006,3740058,건축과,1101,1101,654,,0,60.7,,0,,0,20241010
경기도 수원시 영통구 신동 498-3번지,41117,10600,0,0498,0003,10841236905,1,일반,1,총괄표제부,1,신대장,경기도 수원시 영통구 신원로 56 (신동),,,,,0,411173177010,10603,0,56,0,1637,731.24,44.67,875.24,875.24,53.47,20000,자동차관련시설,자동차관련시설,0,0,2,1,26.64,4,0,0,0,0,0,0,4,46,,,,,,,,,0,,0,0,,0,,0,20220909
경기도 수원시 영통구 신동 531-1번지,41117,10600,0,0531,0001,10841100427514,1,일반,1,총괄표제부,1,신대장,경기도 수원시 영통구 신원로 35-1 (신동),셀프세차장,,,,1,411173177010,10603,0,35,1,681,54.64,8.02,54.64,54.64,8.02,20000,자동차관련시설,자동차관련시설(세차장),0,0,2,0,0,1,0,0,0,0,0,0,1,11.5,20181129,20190104,20190412,2018,5610006,건축과,1201,1201,0,,0,0,,0,,0,20220909
경기도 수원시 영통구 신동 532-19번지,41117,10600,0,0532,0019,10841236829,1,일반,1,총괄표제부,0,구대장,경기도 수원시 영통구 권선로 907 (신동),,,,,0,411173175010,10602,0,907,,362,148.26,40.96,260.28,260.28,71.9,04000,제2종근린생활시설,"제2종근린생활시설, 제1종근린생활시설",0,0,2,0,0,2,0,0,0,0,0,0,2,23,,,,,,,,,0,,0,0,,0,,0,20220909
경기도 수원시 영통구 신동 533-2번지,41117,10600,0,0533,0002,1000000000000001579339,1,일반,1,총괄표제부,1,신대장,경기도 수원시 영통구 권선로 895 (신동),,,,,0,411173175010,10602,0,895,0,911,459.71,50.46,1264.76,1264.76,138.83,06000,종교시설,"종교시설, 제1,2종근린생활시설, 단독주택",0,1,2,0,0,12,0,0,0,0,0,0,12,150,20200701,20201224,20230405,2020,5610006,건축과,1102,1102,0,,0,0,,0,,0,20230406
경기도 수원시 영통구 신동 534번지,41117,10600,0,0534,0000,10841236830,1,일반,1,총괄표제부,0,구대장,경기도 수원시 영통구 권선로 889 (신동),,,,,0,411173175010,10602,0,889,,1158,474.53,40.98,961.83,961.83,83.06,04000,제2종근린생활시설,제2종근린생활시설,0,0,2,0,0,7,0,0,0,0,0,0,7,80.5,,,,,,,,,0,,0,0,,0,,0,20220909
경기도 수원시 영통구 신동 555-4번지,41117,10600,0,0555,0004,10841236832,1,일반,1,총괄표제부,0,구대장,경기도 수원시 영통구 신원로 12 (신동),,,,,1,411173177010,10603,0,12,,1826,1267.23,69.4,2921.33,2921.33,159.98,17000,공장,공장,0,0,1,1,5.25,9,0,0,0,0,9,106,0,0,,,,,,,,,0,,0,0,,0,,0,20250207
경기도 수원시 영통구 신동 557-1번지,41117,10600,0,0557,0001,10841236833,1,일반,1,총괄표제부,1,신대장,경기도 수원시 영통구 신원로 25 (신동),주식회사덕성,,,,0,411173177010,10603,0,25,,15269,8202.34,53.7189,10559.94,10246.94,67.1094,17000,공장,공장,0,0,9,0,0,40,0,0,0,0,0,0,40,0,,,,,,,,,0,,0,0,,0,,0,20220909
경기도 수원시 영통구 신동 939번지,41117,10600,0,0939,0000,10841100288247,2,집합,1,총괄표제부,1,신대장,,래미안 영통마크원 1단지,,,,0,,,0,,,20409.9,4119.66,20.18,62044.22,42616.89,208.8,02000,공동주택,공동주택(아파트),367,0,6,4,19502.85,468,0,0,0,0,461,17401.06,7,0,20110314,20110427,20131108,2011,3740194,주택건축과,2101,2101,0,3,28.27,70.4,2,66,,0,20220909
경기도 수원시 영통구 신동 940번지,41117,10600,0,0940,0000,10841100288629,2,집합,1,총괄표제부,1,신대장,,래미안 영통마크원 2단지,,,,0,,,0,,,57347.6,10206.08,17.8,168114.82,119736.96,208.79,02000,공동주택,공동주택(아파트),963,0,13,5,48570.7,1254,0,0,0,0,1245,44565.68,9,0,20110314,20110427,20131108,2011,3740194,주택건축과,2101,2101,0,3,28.7,70.1,2,66.3,,0,20220909
경기도 수원시 영통구 신동 942번지,41117,10600,0,0942,0000,10841100323378,1,일반,1,총괄표제부,1,신대장,경기도 수원시 영통구 덕영대로1373번길 66 (신동),신동 수변공원 화장실,,,,0,411174331008,10601,0,66,,31770,97.72,0.31,97.72,97.72,0.31,03000,제1종근린생활시설,제1종근린생활시설(공중화장실),0,0,3,0,0,0,0,0,0,0,0,0,0,0,20150521,20150522,20150603,2015,5610006,건축과,5100,5100,0,,0,0,,0,,0,20220909
경기도 수원시 영통구 망포동 2-1번지,41117,10700,0,0002,0001,10841236835,1,일반,1,총괄표제부,0,구대장,경기도 수원시 영통구 덕영대로1499번길 29-11 (망포동),,,,,3,411174331013,10702,0,29,11,2281,261.16,11.45,612.16,612.16,26.84,17000,공장,공장,0,0,2,0,0,8,0,0,0,0,8,92,0,0,,,,,,,,,0,,0,0,,0,,0,20220909
경기도 수원시 영통구 망포동 3-1번지,41117,10700,0,0003,0001,10841100453436,1,일반,1,총괄표제부,1,신대장,경기도 수원시 영통구 덕영대로1499번길 21 (망포동),주식회사 제이티,,,,0,411174331013,10702,0,21,0,1587,746.2,47.02,2176.3,2176.3,137.13,17000,공장,"공장, 제1,2종 근린생활시설",1,0,2,0,0,12,0,0,0,0,0,0,12,136.15,20200227,20200406,20201007,2020,3740282,건축과,1102,1102,0,,0,0,,0,,0,20220909
경기도 수원시 영통구 망포동 3-12번지,41117,10700,0,0003,0012,10841100330357,1,일반,1,총괄표제부,1,신대장,,수정 빌딩,,,,0,,,0,0,0,1033,617.44,59.77,1039.48,1039.48,100.63,04000,제2종근린생활시설,"제2종근린생활시설, 제1종근린생활시설",0,0,2,0,0,21,0,0,0,0,18,202.7,3,34.5,20150120,20150303,20150820,2015,5610006,건축과,1101,1101,0,,0,0,,0,,0,20220909
경기도 수원시 영통구 망포동 5-8번지,41117,10700,0,0005,0008,10841100236355,1,일반,1,총괄표제부,1,신대장,,NR 지엔씨,,,,1,,,0,0,0,2028,1127.7,55.61,2385.88,2385.88,117.65,10000,교육연구시설,"교육연구시설,창고시설",0,0,1,1,1226.17,12,0,0,0,0,12,138,0,0,,,,,,,,,0,,0,0,,0,,0,20220909
경기도 수원시 영통구 망포동 12-7번지,41117,10700,0,0012,0007,10841100309984,1,일반,1,총괄표제부,1,신대장,,,,,,0,,,0,,,607,239.54,39.46,239.54,239.54,39.46,04000,제2종근린생활시설,"제1,2종근린생활시설",0,0,2,0,0,2,0,0,0,0,0,0,2,23,20130509,20130530,20140904,2013,5610006,건축과,1101,1101,0,,0,0,,0,,0,20220909
경기도 수원시 영통구 망포동 27-1번지,41117,10700,0,0027,0001,10841236973,1,일반,1,총괄표제부,1,신대장,,"윤강병원, LG베스트샵영통점",,,,2,,,0,,,4881,2033.47,41.66,4643.16,4643.16,95.13,09000,의료시설,"병원, 제1종근린생활시설(소매점), 제2종근린생활시설(수리점, 사무소)",0,0,2,0,0,59,0,0,0,0,29,388.97,30,355,20060202,20060309,20060824,,,,,,0,,0,0,,0,,0,20220928
경기도 수원시 영통구 망포동 123-20번지,41117,10700,0,0123,0020,1124160236955,1,일반,1,총괄표제부,1,신대장,경기도 수원시 영통구 반정로 215 (망포동),경기도 농업기술원 종자관리소,,,,0,411173210136,10701,0,215,0,3860,331.2,8.58,331.2,331.2,8.58,Z8000,교육연구및복지시설,교육연구및복지시설,0,0,1,0,0,6,0,0,0,0,0,0,0,0,,,,,,,,,0,,0,0,,0,,0,20240826
경기도 수원시 영통구 망포동 234-49번지,41117,10700,0,0234,0049,10841100417251,1,일반,1,총괄표제부,1,신대장,,,,,,2,,,0,,,904,414.32,45.83,809.26,809.26,89.52,04000,제2종근린생활시설,근린생활시설,0,0,2,0,0,6,0,0,0,0,0,0,6,69,20170614,20170917,20181022,2017,5610006,건축과,1101,1101,0,,0,0,,0,,0,20220909
경기도 수원시 영통구 망포동 291번지,41117,10700,0,0291,0000,10841236875,2,집합,1,총괄표제부,0,구대장,경기도 수원시 영통구 영통로173번길 23-26 (망포동),청와아파트,,,,2,411174331133,10701,0,23,26,0,2693.68,0,14580.06,12721.68,0,02000,공동주택,"공동주택(아파트), 근린생활시설",250,0,5,0,0,0,0,0,0,0,0,0,0,0,,,,,,,,,0,,0,0,,0,,0,20220909
경기도 수원시 영통구 망포동 291-30번지,41117,10700,0,0291,0030,10841236876,2,집합,1,총괄표제부,0,구대장,경기도 수원시 영통구 영통로153번길 66 (망포동),망포연립주택,,,,0,411174331131,10701,0,66,,0,558.36,0,1168.2,1116.72,0,02000,공동주택,연립주택,25,0,3,0,0,0,0,0,0,0,0,0,0,0,,,,,,,,,0,,0,0,,0,,0,20220909
경기도 수원시 영통구 망포동 297-8번지,41117,10700,0,0297,0008,10841236903,1,일반,1,총괄표제부,1,신대장,경기도 수원시 영통구 영통로 169 (망포동),,,,,1,411173177018,10704,0,169,0,893,440.42,49.32,1272.12,1272.12,142.46,04000,제2종근린생활시설,"제1,2종근린생활시설",0,0,2,0,0,8,0,0,0,0,0,0,8,92,,,,,,,,,0,,0,0,,0,,0,20220909
경기도 수원시 영통구 망포동 298-4번지,41117,10700,0,0298,0004,10841100389008,2,집합,1,총괄표제부,1,신대장,,다원하우스 2차,,,,0,,,0,,,898,467.8,52.09,1724.91,1724.91,192.08,02000,공동주택,공동주택외1,22,0,2,0,0,24,0,0,0,0,0,0,24,273.9,20170104,20170113,20171206,2017,5610006,건축과,1101,1101,6,,0,0,,0,,0,20220909
경기도 수원시 영통구 망포동 298-5번지,41117,10700,0,0298,0005,10841100365105,2,집합,1,총괄표제부,1,신대장,,다원하우스,,,,0,,,0,,,657,349.3,53.17,1310.59,1310.59,199.48,02000,공동주택,"공동주택(다세대주택-18세대),근린생활시설",18,0,2,0,0,18,0,0,0,0,10,115,8,91,20160913,20161019,20170403,2016,5610006,건축과,1101,1101,2,,0,0,,0,,0,20220909
경기도 수원시 영통구 망포동 300-6번지,41117,10700,0,0300,0006,10841100217953,1,일반,1,총괄표제부,1,신대장,경기도 수원시 영통구 영통로173번길 19 (망포동),,,,,0,411174331133,10701,0,19,0,2531,1167.6,46.13,1150.02,1150.02,45.44,03000,제1종근린생활시설,제1종근린생활시설,0,0,2,0,0,9,0,0,0,0,0,0,9,108.5,20091230,20100126,20100420,2009,5610006,건축과,1101,1101,0,,0,0,,0,,0,20220909
경기도 수원시 영통구 망포동 369-3번지,41117,10700,0,0369,0003,1000000000000003521804,2,집합,1,총괄표제부,1,신대장,,스타프라움,,,,2,,,,,,2707,1613.95,59.62,8834.96,6762.48,249.81,03000,제1종근린생활시설,"1,2종 근린생활시설/교육연구시설/운동시설/단독주택",0,1,2,0,0,58,0,0,0,0,50,1581.86,5,62.52,20221103,20221219,20240405,2022,3740282,건축과,1101,1101,0,,0,0,,0,,0,20250916
경기도 수원시 영통구 망포동 416-10번지,41117,10700,0,0416,0010,10841100295047,1,일반,1,총괄표제부,1,신대장,,대한예수교장로회창대교회,,,,3,,,0,0,0,906,528.14,58.29,1683.95,1247.72,137.72,06000,종교시설,,0,0,2,0,0,9,0,0,0,0,6,69,3,34.5,20130730,20130815,20140127,2013,5610006,건축과,1102,1102,0,,0,0,,0,,0,20220909
경기도 수원시 영통구 망포동 436-2번지,41117,10700,0,0436,0002,10841236936,1,일반,1,총괄표제부,1,신대장,,,,,,1,,,0,,,2015,814.62,40.43,2244.06,2244.06,111.37,06000,종교시설,교회,0,0,2,0,0,19,0,0,0,0,0,0,19,207.7,20061020,20061031,20070216,2006,5610006,건축과,1102,1102,0,,0,0,,0,,0,20220909
경기도 수원시 영통구 망포동 479-2번지,41117,10700,0,0479,0002,1000000000000002684502,1,일반,1,총괄표제부,1,신대장,경기도 수원시 영통구 봉영로 1401 (망포동),일상캐슬,,,,0,411173177007,10702,0,1401,0,1060,120.23,11.34,202.71,202.71,19.12,04000,제2종근린생활시설,제2종근린생활시설/ 자동차관련시설(세차장),0,0,2,0,0,2,0,0,0,0,0,0,2,25,20210430,20211220,20231120,2021,5610006,건축과,1101,1101,0,,0,0,,0,,0,20250623
경기도 수원시 영통구 망포동 482-4번지,41117,10700,0,0482,0004,10841100293689,1,일반,1,총괄표제부,1,신대장,,,,,,5,,,0,0,0,3809,1268.4,33.3,1888.67,1888.67,49.58,04000,제2종근린생활시설,일반음식점,0,0,2,0,0,21,0,0,0,0,0,0,21,251.5,20130604,20130708,20131231,2013,5610006,건축과,1101,1101,0,,0,0,,0,,0,20250207
경기도 수원시 영통구 망포동 488번지,41117,10700,0,0488,0000,10841236877,2,집합,1,총괄표제부,0,구대장,경기도 수원시 영통구 영통로90번길 4-27 (망포동),늘푸른 벽산아파트,,,,3,411174331150,10701,0,4,27,65258,12215.363,18.72,232211.794,160317.818,245.67,02000,공동주택,"공동주택[아파트], 근린생활시설",1380,0,21,17,72486.201,1895,0,0,0,0,1565,70459.611,330,3795,,,,,,,,,0,,0,0,,0,,0,20251105
경기도 수원시 영통구 망포동 509-1번지,41117,10700,0,0509,0001,10841236979,2,집합,1,총괄표제부,1,신대장,경기도 수원시 영통구 영통로154번길 113 (망포동),영통 마젤란21 아파트(1단지),,,,0,411174331132,10701,0,113,,4958.1,1074.374,21.66,13459.0129,11296.5275,227.83,02000,공동주택,공동주택(아파트),108,0,1,3,2272.1454,111,0,0,0,0,62,713,49,563.5,20031220,20041117,20061129,2003,3750028,건축과,2101,2101,0,,0,0,,0,,0,20220909
경기도 수원시 영통구 망포동 509-2번지,41117,10700,0,0509,0002,10841236977,2,집합,1,총괄표제부,1,신대장,경기도 수원시 영통구 영통로154번길 116 (망포동),영통 마젤란21 아파트(2단지),,,,0,411174331132,10701,0,116,0,8376.4,1609.35,19.21,20769.6227,17168.7499,204.96,02000,공동주택,공동주택,159,0,5,2,3622.8728,165,0,0,0,0,97,1115.5,68,782,20041103,20041117,20061129,2004,3750028,건축과,2101,2101,0,,0,0,,0,,0,20220909
경기도 수원시 영통구 망포동 535-17번지,41117,10700,0,0535,0017,10841100365805,2,집합,1,총괄표제부,1,신대장,,어반글랜,,,,0,,,0,0,0,941,410.34,43.61,1319.41,1319.41,140.21,02000,공동주택,공동주택(도시형생활주택단지형다세대-24세대),24,0,2,0,0,23,0,0,0,0,8,92.7,15,168.7,20160622,20160714,20170406,2016,5610006,건축과,1101,1101,0,,0,0,,0,,0,20220909
경기도 수원시 영통구 망포동 537-1번지,41117,10700,0,0537,0001,1000000000000005848456,2,집합,1,총괄표제부,1,신대장,경기도 수원시 영통구 영통로102번길 33 (망포동),더 하우스,,,,0,411174331128,10701,0,33,0,546,270.58,49.55,1007.28,1007.28,184.48,02000,공동주택,도시형생활주택(단지형다세대주택),12,0,2,0,0,12,0,0,0,0,12,148.7,0,0,20240424,20240712,20250626,2024,5610006,건축과,1101,1101,0,,0,0,,0,,0,20250626
경기도 수원시 영통구 망포동 539번지,41117,10700,0,0539,0000,10841100199445,1,일반,1,총괄표제부,1,신대장,경기도 수원시 영통구 영통로130번길 12 (망포동),,,,,0,411174331130,10701,0,12,0,570,333.78,58.56,867.18,867.18,152.14,04000,제2종근린생활시설,"제2종근린생활시설,단독주택",0,3,2,0,0,4,0,0,0,0,0,0,4,46,,,,2008,5610006,건축과,1102,1102,0,,0,0,,0,,0,20220909
경기도 수원시 영통구 망포동 556-6번지,41117,10700,0,0556,0006,10841100301427,1,일반,1,총괄표제부,1,신대장,,망포중학교,,,,0,,,0,0,0,12640,3713.48,29.38,12650.92,12454.09,98.53,10000,교육연구시설,교육연구시설(중학교),0,0,2,0,0,69,0,0,0,0,0,0,69,667,,,,,,,,,0,,0,0,,0,,0,20240416
경기도 수원시 영통구 망포동 572-1번지,41117,10700,0,0572,0001,10841236911,1,일반,1,총괄표제부,1,신대장,경기도 수원시 영통구 영통로 95 (망포동),,,,,1,411173177018,10704,0,95,0,1477,478.92,32.43,493.54,493.54,33.42,04000,제2종근린생활시설,"제2종근린생활시설,자동차관련시설",0,0,3,0,0,4,0,0,0,0,0,0,4,46,20040628,20040726,20041124,2004,5610006,건축과,1101,1101,0,,0,0,,0,,0,20220909
경기도 수원시 영통구 망포동 649-34번지,41117,10700,0,0649,0034,10841236967,1,일반,1,총괄표제부,1,신대장,경기도 수원시 영통구 태장로54번길 78 (망포동),망포성당,,,,0,411174331183,10701,0,78,0,1763,686.14,38.92,1504.76,1504.76,85.35,06000,종교시설,문화및집회시설,0,0,2,1,22.68,15,0,0,0,0,0,0,15,172.5,,,,,,,,,0,,0,0,,0,,0,20220909
경기도 수원시 영통구 망포동 667-5번지,41117,10700,0,0667,0005,10841100220720,1,일반,1,총괄표제부,1,신대장,경기도 수원시 영통구 동탄지성로470번길 46 (망포동),,,,,0,411174331032,10701,0,46,0,1156,573.16,49.58,573.16,573.16,49.58,04000,제2종근린생활시설,"제2종근린생활시설(제조업소),단독주택",0,0,4,0,0,5,0,0,0,0,0,0,5,0,20100302,20100315,20100714,2010,5610006,건축과,1101,1101,0,,0,0,,0,,0,20220909
경기도 수원시 영통구 망포동 683번지,41117,10700,0,0683,0000,10841236804,2,집합,1,총괄표제부,0,구대장,경기도 수원시 영통구 태장로 47 (망포동),망포마을현대2차아이파크,,,,0,411173177016,10701,0,47,0,30365.9,5147.3697,16.96,88706.5066,66845.651,220.14,02000,공동주택,공동주택[아파트],489,0,6,7,22756.3147,696,0,0,0,0,561,20840.9069,135,3062.07,,,,,,,,,0,,0,0,,0,,0,20220909
경기도 수원시 영통구 망포동 686번지,41117,10700,0,0686,0000,10841236805,2,집합,1,총괄표제부,0,구대장,경기도 수원시 영통구 태장로82번길 32 (망포동),동수원자이1차,,,,0,411174331186,10701,0,32,0,105545.1,16461.387,15.59,311975.0515,237653.6505,225.16786,02000,공동주택,공동주택(아파트),1829,0,14,30,67288.8183,2555,0,0,0,0,2078,61567.6,477,715.5,,,,,,,,,0,,0,0,,0,,0,20220909
경기도 수원시 영통구 망포동 690번지,41117,10700,0,0690,0000,10841236806,2,집합,1,총괄표제부,0,구대장,경기도 수원시 영통구 태장로71번길 19 (망포동),동수원 자이2차 아파트,,,,0,411174331184,10701,0,19,0,50180.4,8201.6903,16.34,148634.848,114446.1876,228.06,02000,공동주택,공동주택[아파트],816,0,9,14,30561.5892,1260,0,0,0,0,926,10649,334,3841,,,,,,,,,0,,0,0,,0,,0,20251204
경기도 수원시 영통구 망포동 691번지,41117,10700,0,0691,0000,10841236807,2,집합,1,총괄표제부,1,신대장,경기도 수원시 영통구 영통로173번길 37 (망포동),망포역마을 쌍용아파트,,,,0,411174331133,10701,0,37,0,31052.8,5538.46,17.84,94979.25,69874.76,225.02,02000,공동주택,공동주택[아파트],531,0,9,12,22792.433,741,0,0,0,0,629,21086.64,112,3795,,,,,,,,,0,,0,0,,0,,0,20241104
경기도 수원시 영통구 망포동 693번지,41117,10700,0,0693,0000,10841236839,2,집합,1,총괄표제부,0,구대장,경기도 수원시 영통구 영통로200번길 20 (망포동),망포역 아이파크,,,,0,411174331135,10702,0,20,,28949.5,4923.8699,17.01,86000.1324,68307.9531,235.95,02000,공동주택,공동주택[아파트],512,0,8,9,17979.6708,762,0,0,0,0,583,16801.29,179,2058.5,,,,,,,,,0,,0,0,,0,,0,20220909
경기도 수원시 영통구 망포동 696번지,41117,10700,0,0696,0000,10841236840,2,집합,1,총괄표제부,0,구대장,경기도 수원시 영통구 동탄지성로488번길 22 (망포동),망포마을 벽산 이빌리지,,,,0,411174331033,10701,0,22,0,19548.7,3730.5,19.08,48691.55,38967.31,199.33,02000,공동주택,아파트,344,0,5,7,10335.76,399,0,0,0,0,268,9199.47,131,1506.5,,,,,,,,,0,,0,0,,0,,0,20220909
경기도 수원시 영통구 망포동 698번지,41117,10700,0,0698,0000,10841236841,2,집합,1,총괄표제부,1,신대장,경기도 수원시 영통구 영통로 111 (망포동),엘지동수원자이아파트,,,,0,411173177018,10704,0,111,0,52964.2,7943.8747,15,156114.2176,123079.5015,232.38,02000,공동주택,공동주택,924,0,9,12,33576.3186,1288,0,0,0,0,1029,30689.14,259,2978.5,,,,,,,,,0,,0,0,,0,,0,20220909
경기도 수원시 영통구 망포동 700번지,41117,10700,0,0700,0000,10841236908,2,집합,1,총괄표제부,1,신대장,경기도 수원시 영통구 태장로7번길 38 (망포동),망포쌍용에듀파크,,,,0,411174331185,10701,0,38,,10785.7,2476.2888,22.96,31612.0038,23896.1373,221.55,02000,공동주택,"공동주택(아파트),근린생활시설",287,0,5,3,7863.7321,300,0,0,0,0,200,7532.1265,100,1195,20020311,20020911,20040930,2002,3750028,건축과,2101,2101,0,,0,0,,0,,0,20220909
경기도 수원시 영통구 망포동 702번지,41117,10700,0,0702,0000,10841236912,2,집합,1,총괄표제부,1,신대장,경기도 수원시 영통구 태장로54번길 106 (망포동),동수원2차 쌍용스윗닷홈,,,,0,411174331183,10701,0,106,,12971.4,2748.2506,21.19,34423.2778,29090.815,224.27,02000,공동주택,"공동주택(아파트),근린생활시설",274,0,5,4,5166.245,276,0,0,0,0,159,0,117,0,20020618,20021127,20041129,2002,,,2101,2101,0,,0,0,,0,,0,20220909
경기도 수원시 영통구 망포동 704번지,41117,10700,0,0704,0000,10841236922,2,집합,1,총괄표제부,1,신대장,경기도 수원시 영통구 태장로35번길 64 (망포동),망포동 극동의푸른별아파트,,,,0,411174331182,10701,0,64,0,6893.7,1463.28,21.23,18072.54,14694.67,213.16,02000,공동주택,"아파트,근린생활시설",134,0,3,3,3510.9,137,0,0,0,0,87,3126.21,50,0,20030618,20031023,20050727,2003,,,2101,2101,0,,0,0,,0,,0,20220909
경기도 수원시 영통구 망포동 707번지,41117,10700,0,0707,0000,10841236928,2,집합,1,총괄표제부,1,신대장,경기도 수원시 영통구 영통로200번길 156 (망포동),방죽마을영통뜨란채,,,,0,411174331135,10702,0,156,0,35148.5,4524.649,12.87,86556.783,78715.892,223.95,02000,공동주택,"공동주택(아파트),근린생활시설",699,0,8,5,8103.221,748,0,0,0,0,317,7220.623,431,5031.5,20010906,20021004,20050921,2001,5610006,건축과,2101,2101,0,,0,0,,0,,0,20220909
경기도 수원시 영통구 망포동 710번지,41117,10700,0,0710,0000,10841100481252,1,일반,1,총괄표제부,1,신대장,경기도 수원시 영통구 봉영로 1432-19 (망포동),대선초등학교,,,,0,411173177007,10702,0,1432,19,12114.8,3872.83,31.97,13021.13,13021.13,107.48,10000,교육연구시설,교육연구시설(학교),0,0,2,0,0,62,0,0,0,0,0,0,62,0,,20030610,20050503,,,,,,0,,0,0,,0,,0,20220909
경기도 수원시 영통구 망포동 716번지,41117,10700,0,0716,0000,10841236972,2,집합,1,총괄표제부,1,신대장,경기도 수원시 영통구 동탄지성로 500 (망포동),일신건영 휴먼빌아파트,,,,0,411173177017,10701,0,500,0,4772.4,1082.07,22.67,13232.8,11001.46,230.52,02000,공동주택,공동주택(아파트),105,0,2,3,2332.94,107,0,0,0,0,55,1879.95,52,0,20040421,20040514,20060714,2004,,,2101,2101,0,,0,0,,0,,0,20220909
경기도 수원시 영통구 망포동 717번지,41117,10700,0,0717,0000,10841100200305,2,집합,1,총괄표제부,1,신대장,경기도 수원시 영통구 영통로90번길 4-22 (망포동),삼정라츠아파트,,,,0,411174331150,10701,0,4,22,9131.4,1750.92,19.17,27306.6755,21500.5055,235.46,02000,공동주택,공동주택(아파트),185,0,2,4,6408.63,199,0,0,0,0,164,5464.78,35,0,20060324,20060524,20080901,2006,3740058,건축과,2101,2101,0,,0,0,,0,,0,20220909
경기도 수원시 영통구 망포동 718번지,41117,10700,0,0718,0000,10841100220780,2,집합,1,총괄표제부,1,신대장,경기도 수원시 영통구 영통로154번길 51-16 (망포동),센트럴하이츠아파트,,,,0,411174331132,10701,0,51,16,39013,6304.7675,16.16,117583.4724,80179.7321,205.52,02000,공동주택,공동주택(아파트),549,0,10,6,37430.7403,1045,0,0,0,0,1042,35580.7548,3,34.5,20071123,20071126,20100709,2007,3740058,건축과,2101,2101,0,,0,0,,0,,0,20220909
경기도 수원시 영통구 망포동 720번지,41117,10700,0,0720,0000,10841100221602,2,집합,1,총괄표제부,1,신대장,경기도 수원시 영통구 덕영대로1484번길 21 (망포동),그대가 프리미어,,,,0,411174331012,10701,0,21,,40063,7322.2895,18.28,118056.275,85533.2588,213.5,02000,공동주택,공동주택(아파트),602,0,11,6,32544.7488,1002,0,0,0,0,1002,30305.7346,0,0,20071026,20071127,20100803,2007,3740058,건축과,2101,2101,0,,0,0,,0,,0,20220909
경기도 수원시 영통구 망포동 722번지,41117,10700,0,0722,0000,10841100224758,2,집합,1,총괄표제부,1,신대장,경기도 수원시 영통구 영통로174번길 12 (망포동),그대가 센트럴파크,,,,0,411174331134,10701,0,12,,20731,3013.6652,14.54,61692.8016,43656.708,210.59,02000,공동주택,공동주택(아파트),270,0,5,6,18082.5456,531,0,0,0,0,531,16860.816,0,0,20071026,20071127,20100831,2007,3740058,건축과,2101,2101,4,,0,0,,0,,0,20220909
경기도 수원시 영통구 망포동 723번지,41117,10700,0,0723,0000,10841100290778,2,집합,1,총괄표제부,1,신대장,경기도 수원시 영통구 영통로154번길 56 (망포동),한양수자인 에듀파크,,,,0,411174331132,10701,0,56,,33461.8,5250.4286,15.69,104149.5969,68759.692,205.49,02000,공동주택,공동주택(아파트),530,0,9,13,35217.3325,898,0,0,0,0,892,31332.0009,6,0,20071010,20071112,20131204,2007,3740058,건축과,2101,2101,0,,0,0,,0,,0,20240614
경기도 수원시 영통구 망포동 725번지,41117,10700,0,0725,0000,10841100346380,2,집합,1,총괄표제부,1,신대장,,영통 SK VIEW,,,,0,,,0,,,35718,6217.1537,17.41,112296.2613,74922.571,209.76,02000,공동주택,공동주택(아파트),710,0,9,6,37710.182,924,0,0,0,0,924,38871.8902,0,0,20071028,20131023,20160610,2007,3740058,건축과,2101,2101,7,,0,0,,0,,0,20220909
경기도 수원시 영통구 망포동 726번지,41117,10700,0,0726,0000,10841100357360,2,집합,1,총괄표제부,1,신대장,경기도 수원시 영통구 봉영로 1410-17 (망포동),e편한세상영통2차아파트,,,,0,411173177007,10702,0,1410,17,16665.3,4077.2375,24.4654,45258.9091,34768.4309,208.6276,02000,공동주택,공동주택(아파트),392,0,6,3,10288.7625,395,0,0,0,0,392,9664.7716,3,34.5,20071102,20140915,20161213,2007,3740058,건축과,2101,2101,10,2,171.6,0,,0,,0,20220909
경기도 수원시 영통구 망포동 727번지,41117,10700,0,0727,0000,10841100357075,2,집합,1,총괄표제부,1,신대장,,e편한세상영통2차아파트,,,,0,,,0,0,0,11576.8,2792.4135,24.1207,31415.6808,24073.622,207.9471,02000,공동주택,공동주택(아파트),270,0,6,2,7363.9665,272,0,0,0,0,270,7050.1619,2,23,20071102,20140915,20161213,2007,3740058,건축과,2101,2101,6,2,176.8,0,,0,,0,20220909
경기도 수원시 영통구 망포동 728번지,41117,10700,0,0728,0000,10841100377848,2,집합,1,총괄표제부,1,신대장,경기도 수원시 영통구 덕영대로 1462-14 (망포동),힐스테이트 영통,,,,0,411173012001,10703,0,1462,14,113367,14554.3901,12.84,314039.5088,226194.4022,199.52,02000,공동주택,공동주택(아파트),2140,0,26,11,89255.3634,2540,0,0,0,0,2533,82785.4409,7,80.5,20140513,20141030,20170830,2014,3740257,주택과,2101,2101,0,2,156.4,0,,0,,0,20220909
경기도 수원시 영통구 망포동 760번지,41117,10700,0,0760,0000,10841100421916,2,집합,1,총괄표제부,1,신대장,,영통아이파크캐슬2단지,,,,0,,,0,,,62126.7,10573.23,17.02,171378.93,123935.71,199.49,02000,공동주택,공동주택(아파트),1162,0,12,10,48891.73,1431,0,0,0,0,1418,44448.42,13,162.5,20161107,20161125,20190121,2016,3740281,주택과,2101,2101,28,1,123.1,0,4,54.05,,0,20220909
경기도 수원시 영통구 망포동 766번지,41117,10700,0,0766,0000,10841100425072,2,집합,1,총괄표제부,1,신대장,,영통아이파크캐슬1단지,,,,0,,,0,,,94483.8,13764.86,14.57,261856.82,188304.57,199.3,02000,공동주택,공동주택(아파트),1783,0,18,10,75087.28,2206,0,0,0,0,2190,68562.83,16,204,20161107,20161125,20190312,2016,3740281,주택과,2101,2101,32,1,0,0,4,0,,0,20250826
경기도 수원시 영통구 망포동 769번지,41117,10700,0,0769,0000,10841100433511,2,집합,1,총괄표제부,1,신대장,경기도 수원시 영통구 동탄지성로470번길 34 (망포동),수원영통 행복주택,,,,0,411174331032,10701,0,34,,2340,1336.6689,57.12,5315.1046,4532.972,193.72,02000,공동주택,공동주택(도시형생활주택-원룸형),100,0,2,4,782.1191,46,0,0,0,0,0,0,46,529,20170713,20170822,20190607,2017,6411371,도시주택실,2101,2101,0,2,234.1,0,4,50.42,,0,20220909
경기도 수원시 영통구 망포동 780번지,41117,10700,0,0780,0000,10841100482051,1,일반,1,총괄표제부,1,신대장,경기도 수원시 영통구 망포로 100 (망포동),망포도서관,,,,0,411173353906,10701,0,100,0,45103,1770,3.9244,2998.95,2952.31,6.5457,10000,교육연구시설,교육연구시설(도서관),0,0,2,1,0,17,0,0,0,0,0,0,17,216.5,20180604,20180625,20220401,2018,3740282,건축과,1101,1101,0,,0,0,,0,,0,20220909
경기도 수원시 영통구 망포동 790번지,41117,10700,0,0790,0000,1000000000000000248831,2,집합,1,총괄표제부,1,신대장,경기도 수원시 영통구 망포로84번길 10 (망포동),영통아이파크캐슬3단지,,,,0,411174861784,10701,0,10,,34554.2,6751.85,19.54,98401.63,69498.6,201.13,02000,공동주택,공동주택(아파트),664,0,10,11,29935.13,835,0,0,0,0,824,26839.61,7,80.5,20181231,20200518,20220929,,,,,,12,1+,92.9,0,4,53.07,,0,20250826
경기도 수원시 영통구 망포동 800번지,41117,10700,0,0800,0000,1000000000000000141219,2,집합,1,총괄표제부,1,신대장,경기도 수원시 영통구 영통로89번길 83 (망포동),영통자이,,,,0,411174331197,10701,0,83,,28085,4125.8475,14.69,85666.3267,55770.7625,198.58,02000,공동주택,"공동주택(아파트),근린생활시설",653,0,8,12,30488.5862,855,0,0,0,0,853,27724.9127,2,0,20191001,20200401,20220831,2019,3740403,공동주택과,2101,2101,7,,0,0,,0,,0,20220929
경기도 수원시 영통구 망포동 805번지,41117,10700,0,0805,0000,1000000000000000888028,2,집합,1,총괄표제부,1,신대장,경기도 수원시 영통구 망포로47번길 30 (망포동),영통 롯데캐슬 엘클래스 1단지,,,,0,411174861779,10701,0,30,0,37458.3,7914.3398,21.13,106947.7345,74889.9413,199.93,02000,공동주택,공동주택(아파트),642,0,9,12,33377.05,828,0,0,0,0,821,29970.1801,7,87.5,20190322,20201013,20221212,2019,,,2101,2101,15,1++,5.6,66.41,3,63.01,,0,20221226
경기도 수원시 영통구 망포동 810번지,41117,10700,0,0810,0000,1000000000000000888057,2,집합,1,총괄표제부,1,신대장,경기도 수원시 영통구 망포로48번길 7 (망포동),영통 롯데캐슬 엘클래스 2단지,,,,0,411174861780,10701,0,7,0,35638.9,8398.4716,23.57,101566.8989,70282.0772,197.21,02000,공동주택,공동주택(아파트),609,0,10,12,32516.7565,785,0,0,0,0,778,29182.9056,7,80.5,20190322,20201013,20221212,2019,,,2101,2101,12,1++,5.21,69.77,3,58.5,,0,20221226
경기도 수원시 영통구 망포동 블록,41117,10700,2,0000,0000,1000000000000005495772,2,집합,1,총괄표제부,1,신대장,경기도 수원시 영통구 태장로36번길 8 (망포동),영통푸르지오트레센츠,종전부동산 망포지구,A1블록,,0,411174864355,10701,0,8,,49177,9642.497,19.61,150026.8547,99908.6349,203.16,02000,공동주택,"공동주택(아파트),근린생활시설",796,0,14,12,47100.7786,1201,0,0,0,0,1143,42197.9893,7,28.71,20220126,20220422,20250328,2022,,,2101,2101,0,1+,90.6,0,3,0,,0,20250415
경기도 수원시 영통구 망포동 블록,41117,10700,2,0000,0000,1000000000000005497007,2,집합,1,총괄표제부,1,신대장,경기도 수원시 영통구 태장로36번길 36 (망포동),영통푸르지오파인베르,종전부동산 망포지구,A2블록,,0,411174864355,10701,0,36,,45911,8581.2326,18.69,143328.641,96406.6195,209.99,02000,공동주택,"공동주택(아파트),근린생활시설",770,0,12,11,44200.8643,1161,0,0,0,0,1111,39546.6801,6,28.71,20211220,20220406,20250328,2021,,,2101,2101,0,1+,90.8,0,3,0,,0,20250415
