시군명,공동주택구분,공동주택명정보,읍면동주소,지번주소,사용검사일자,층수,동수,세대수,의무관리대상여부
가평군,아파트,가평블루핀,가평읍 읍내리,766-3,2019-09-27,19,2,119,N
가평군,아파트,가평우림필유,가평읍 대곡리,360,2006-12-26,15,2,190,Y
가평군,아파트,가평읍내주공아파트,가평읍 읍내리,270,1999-11-19,12,5,355,N
가평군,아파트,가평읍내휴먼시아2단지,가평읍 읍내리,234,2010-08-30,13,6,335,N
가평군,아파트,가평자이,가평읍 대곡리,694,2023-08-16,27,6,505,Y
가평군,아파트,가평코아루,가평읍 읍내리,1053,2021-11-09,20,3,221,Y
가평군,아파트,가평파란채,가평읍 읍내리,771-1,2007-11-01,15,3,243,Y
가평군,연립,개나리연립,가평읍 읍내리,266-5,1990-12-15,4,1,24,N
가평군,연립,동일국민주택,청평면 청평리,306-3 외1,1987-08-13,3,3,42,N
가평군,아파트,로얄아파트,청평면 청평리,626-8 외2,2007-05-01,11,2,54,N
가평군,연립,르메이에르 청평빌라,설악면 회곡리,428-1 외1,2006-11-09,4,4,48,N
가평군,연립,보납빌라,가평읍 읍내리,641 외1,1989-12-08,3,1,21,N
가평군,연립,보인빌라,가평읍 읍내리,329-9 외1,1986-10-18,3,1,36,N
가평군,아파트,북한강코아루,설악면 선촌리,663,2014-04-02,19,4,237,Y
가평군,아파트,샌트럴파크더스카이,가평읍 읍내리,457-5,2022-08-30,28,2,168,Y
가평군,아파트,선힐하이뷰아파트,가평읍 대곡리,402-1,2008-05-28,15,3,180,Y
가평군,아파트,설악 디엘본아파트,설악면 신천리,911,2025-07-30,23,6,420,Y
가평군,아파트,세대넥스빌아파트,가평읍 달전리,281,1996-02-29,18,1,138,N
가평군,아파트,송안아파트,가평읍 읍내리,837-1,2009-10-08,10,1,54,N
가평군,아파트,신초아파트,가평읍 달전리,285-1 외1,1993-09-21,11,2,89,N
가평군,연립,아산빌리지,청평면 청평리,319-7 외8,1999-03-22,4,5,164,N
가평군,아파트,에덴아파트,가평읍 읍내리,292-7,1991-08-21,5,1,40,N
가평군,아파트,에덴아파트,청평면 상천리,24,1991-10-25,5,2,70,N
가평군,아파트,유성아파트,가평읍 달전리,339,1993-12-29,6,2,84,N
가평군,아파트,이편한세상 가평 퍼스트원,가평읍 대곡리,695,2023-08-30,29,5,472,Y
가평군,아파트,임성아파트,조종면 현리,232-2,1994-12-07,10,1,47,N
가평군,연립,조종국민주택,조종면 현리,306-4,1987-11-02,3,1,21,N
가평군,아파트,준수아파트,가평읍 읍내리,637 외1,1992-11-12,6,2,126,N
가평군,다세대,준일아파트,가평읍 읍내리,423-6 외1,1983-05-12,3,3,36,N
가평군,아파트,중앙아파트,가평읍 읍내리,537-1,1990-09-11,5,2,50,N
가평군,아파트,청수아파트,청평면 청평리,634-2 외2,1992-10-31,5,5,111,N
가평군,연립,청아빌라 2차(연립),설악면 선촌리,25-1,2008-08-07,4,7,160,N
가평군,연립,청아빌라(연립),설악면 송산리,697 외3,2004-09-06,4,4,76,N
가평군,아파트,청평경남아너스빌,청평면 청평리,306,2008-02-28,15,5,217,Y
가평군,연립,청평국민주택,청평면 청평리,198,1985-09-05,3,2,24,N
가평군,연립,청평라폴리움,설악면 선촌리,292-2,2009-12-22,4,4,32,N
가평군,아파트,청평삼성쉐르빌,청평면 청평리,837,2012-06-14,15,7,405,Y
가평군,아파트,청평세양청마루,청평면 청평리,472,2007-05-30,15,6,283,Y
가평군,아파트,청평이안지안스,청평면 청평리,657-1,2018-01-31,18,4,243,Y
가평군,아파트,청평한일청구,청평면 청평리,470-37,1998-08-05,20,4,354,Y
가평군,아파트,태광아파트,가평읍 대곡리,285-6 외1,1992-04-14,6,2,96,N
가평군,연립,태양빌라,조종면 현리,222-12 외3,1988-02-12,3,5,72,N
가평군,아파트,형진아파트,가평읍 읍내리,681-3 외2,1991-12-28,13,1,95,N
가평군,아파트,힐스테이트 가평 더뉴클래스,가평읍 읍내리,214,2023-11-27,23,6,451,Y
고양시,아파트,DMC 두산위브더퍼스트,덕양구 향동동,405-0,2020-10-05,23,9,1059,Y
고양시,아파트,DMC 디에트르한강,덕양구 덕은동,683-0,2022-07-04,24,7,622,Y
고양시,아파트,DMC 리슈빌더포레스트,덕양구 향동동,570-0,2019-02-19,20,16,969,Y
고양시,아파트,DMC 자이더리버,덕양구 덕은동,686-0,2022-11-28,24,6,702,Y
고양시,아파트,DMC 중흥S-클래스더센트럴,덕양구 향동동,501-0,2020-03-19,29,10,951,Y
고양시,아파트,DMC 하우스디NHF,덕양구 향동동,517-0,2019-07-26,29,4,403,N
고양시,아파트,DMC 한강숲중흥S-CLASS,덕양구 덕은동,658-0,2022-09-29,22,12,894,Y
고양시,아파트,DMC 한강에일린의뜰 주상복합,덕양구 덕은동,698-0,2022-07-06,27,2,206,Y
고양시,아파트,DMC 한강자이더헤리티지,덕양구 덕은동,679-0,2022-11-28,24,7,620,Y
고양시,아파트,DMC 한강호반써밋,덕양구 덕은동,596,2022-12-13,23,5,560,Y
고양시,아파트,DMC 해링턴플레이스NHF,덕양구 향동동,421-0,2019-07-11,21,15,1521,N
고양시,아파트,DMC 호반베르디움더포레 2단지,덕양구 향동동,571-0,2019-06-27,21,7,461,Y
고양시,아파트,DMC 호반베르디움더포레 3단지,덕양구 향동동,557-0,2019-06-27,29,8,716,Y
고양시,아파트,DMC 호반베르디움더포레 4단지,덕양구 향동동,552-0,2019-06-27,29,10,970,Y
고양시,아파트,DMC자이 더 포레리버뷰,덕양구 덕은동,593-0,2022-10-27,24,5,318,Y
고양시,아파트,DMC한강 삼정그린코아 더베스트,덕양구 덕은동,710-0,2023-09-19,25,5,366,Y
고양시,연립,GL타운연립,일산동구 식사동,1519-0,2018-11-27,5,6,100,N
고양시,아파트,SM마이다스 주상복합,덕양구 화정동,977-1,2001-11-06,18,1,93,N
고양시,아파트,e편한세상 시티 원당,덕양구 성사동,876-0,2024-11-26,20,1,100,N
고양시,아파트,가좌마을 1단지(양우 내안애),일산서구 가좌동,1090-0,2005-10-26,19,5,459,Y
고양시,아파트,가좌마을 2단지(대우 푸르지오),일산서구 가좌동,1089-0,2005-07-26,20,13,1210,Y
고양시,아파트,가좌마을 3단지(벽산 블루밍),일산서구 가좌동,1088-0,2002-10-14,19,8,782,Y
고양시,아파트,가좌마을 5단지(벽산 블루밍),일산서구 가좌동,1087-0,2005-09-22,20,16,951,Y
고양시,아파트,가좌마을 6단지(벽산 블루밍),일산서구 가좌동,1086-0,2005-09-22,20,15,989,Y
고양시,아파트,가좌마을 7단지(한화 꿈에그린),일산서구 가좌동,1105-0,2010-03-29,20,8,545,Y
고양시,아파트,강선마을 10단지(한양) (주상복합),일산서구 주엽동,75-0,1998-04-04,21,2,312,Y
고양시,아파트,강선마을 11단지(태영) (주상복합),일산서구 주엽동,73-0,1994-12-09,23,2,344,Y
고양시,아파트,강선마을 12단지(두진) (주상복합),일산서구 주엽동,83-0,1994-05-28,22,2,309,Y
고양시,아파트,강선마을 13단지(뉴서울) (주상복합),일산서구 주엽동,81-0,1995-03-04,24,2,288,Y
고양시,아파트,강선마을 14단지(두산),일산서구 주엽동,101-0,1994-03-30,25,9,792,Y
고양시,아파트,강선마을 15단지(보성),일산서구 주엽동,84-0,1993-12-02,23,9,604,Y
고양시,아파트,강선마을 16단지(동문),일산서구 주엽동,86-0,1993-09-28,15,7,390,Y
고양시,아파트,강선마을 17단지(동성),일산서구 주엽동,90-0,1994-01-07,17,8,476,Y
고양시,아파트,강선마을 19단지(우성),일산서구 주엽동,98-0,1994-03-30,25,7,412,Y
고양시,아파트,강선마을 1단지(대우벽산),일산서구 주엽동,36-0,1994-07-29,23,10,520,Y
고양시,아파트,강선마을 2단지(경남),일산서구 주엽동,38-0,1994-10-28,20,10,620,Y
고양시,아파트,강선마을 3단지(한신),일산서구 주엽동,43-0,1994-05-06,19,7,538,Y
고양시,아파트,강선마을 4단지(동신),일산서구 주엽동,46-0,1993-08-30,18,10,624,Y
고양시,아파트,강선마을 5단지(건영동부),일산서구 주엽동,49-0,1994-01-27,18,10,528,Y
고양시,아파트,강선마을 6단지(금호한양),일산서구 주엽동,50-0,1994-08-01,25,12,556,Y
고양시,아파트,강선마을 7단지(유원삼환),일산서구 주엽동,65-0,1993-10-25,25,12,816,Y
고양시,아파트,"강선마을 8단지(럭키,롯데)",일산서구 주엽동,63-0,1993-11-26,18,12,966,Y
고양시,아파트,강선마을 9단지(화성),일산서구 주엽동,60-0,1993-05-29,19,10,860,Y
고양시,아파트,강촌마을 1단지(동아),일산동구 마두동,757-0,1992-10-30,21,15,720,Y
고양시,아파트,강촌마을 2단지(한신),일산동구 마두동,783-0,1993-03-27,25,15,608,Y
고양시,아파트,강촌마을 3단지(진흥미도파),일산동구 마두동,787-0,1992-10-30,22,12,590,Y
고양시,아파트,강촌마을 5단지(1차)(라이프),일산동구 마두동,789-0,1992-10-30,15,11,760,Y
고양시,아파트,강촌마을 5단지(2차)(라이프),일산동구 마두동,789-0,1993-12-30,26,11,798,Y
고양시,아파트,강촌마을 6단지 (주상복합)(한양),일산동구 마두동,806-0,1998-04-01,19,2,494,Y
고양시,아파트,"강촌마을 7단지(선경,코오롱)",일산동구 마두동,796-0,1993-06-29,22,14,702,Y
고양시,아파트,강촌마을 8단지(우방),일산동구 마두동,794-0,1993-02-20,20,15,766,Y
고양시,아파트,개나리아파트,덕양구 성사동,415-0,1987-04-22,5,3,175,N
고양시,아파트,고양 대림 2차,덕양구 토당동,259-0,1997-07-28,15,8,640,Y
고양시,아파트,고양 삼성아파트,덕양구 고양동,197-0,1998-11-11,23,3,282,Y
고양시,아파트,고양 우방유쉘아파트,덕양구 고양동,454-0,2007-06-13,23,8,443,Y
고양시,아파트,고양 윤창아파트,덕양구 고양동,"414-17,-1",1997-08-20,18,4,299,Y
고양시,아파트,고양 지축 위스테이,덕양구 지축동,940-0,2022-02-03,20,6,539,N
고양시,아파트,고양 청구아파트,덕양구 고양동,399-0,1997-10-30,18,2,168,Y
고양시,아파트,고양 현대아파트,덕양구 고양동,"240-6, 255",1997-11-21,20,8,791,Y
고양시,아파트,고양장항LH1단지 행복주택,일산동구 장항동,626-20,2025-06-19,28,6,1242,N
고양시,아파트,관산 새서울아파트,덕양구 관산동,178-57,1987-07-24,5,5,401,Y
고양시,아파트,관산 신성아파트,덕양구 관산동,981-0,1998-05-29,20,5,320,Y
고양시,아파트,관산 유승아파트,덕양구 관산동,"126-0, 137-1",2000-04-29,25,4,218,Y
고양시,아파트,관산 윤창 5차아파트,덕양구 관산동,134-0,1989-11-29,5,1,45,N
고양시,아파트,관산 주공그린빌,덕양구 관산동,996-0,2003-10-20,18,16,1192,Y
고양시,연립,관산 허스연립(다동),덕양구 관산동,190-3,1985-06-22,3,1,24,N
고양시,연립,관산 허스연립(라동),덕양구 관산동,190-4,1985-06-22,3,1,33,N
고양시,연립,국민연립(우편X),일산서구 일산동,586-12,1984-11-29,3,2,24,N
고양시,아파트,그린빌아파트,덕양구 토당동,861-0,2001-11-22,9,1,34,N
고양시,아파트,금호프라자,덕양구 토당동,282-2,2000-05-22,14,1,86,N
고양시,아파트,까뮤이스테이트 주상복합,일산서구 탄현동,170-2,2019-07-15,15,1,91,N
고양시,연립,네이처연립,일산서구 가좌동,158-2,2021-01-04,4,1,78,N
고양시,아파트,능곡 내안애양우아파트,덕양구 토당동,250-0,2005-06-03,23,5,296,Y
고양시,아파트,능곡 대림아파트,덕양구 토당동,860-0,1996-02-24,15,3,204,Y
고양시,아파트,능곡 삼윤아파트,덕양구 토당동,879-0,1991-11-30,13,2,249,Y
고양시,아파트,능곡 풍림아이원 1단지(2단지와 묶어서),덕양구 토당동,70-0,2002-08-31,19,4,244,Y
고양시,아파트,능곡 풍림아이원 2단지,덕양구 토당동,60-0,2002-08-31,17,2,201,Y
고양시,아파트,능곡 현대홈타운 1차,덕양구 토당동,352-0,2002-07-29,25,7,650,Y
고양시,아파트,능곡 현대홈타운 2차,덕양구 토당동,53-44,2002-10-25,24,8,556,Y
고양시,아파트,"달빛마을 1단지(극동,진덕,경남,동부)",덕양구 화정동,858-0,1995-11-25,20,20,1784,Y
고양시,아파트,달빛마을 2단지(1)(라이프),덕양구 화정동,851-0,1996-09-10,20,11,1391,Y
고양시,아파트,달빛마을 2단지(2)(부영),덕양구 화정동,851-0,1996-07-20,20,11,1391,Y
고양시,아파트,달빛마을 3단지(신안),덕양구 화정동,865-0,1995-12-12,20,11,856,Y
고양시,아파트,달빛마을 4단지(현대),덕양구 화정동,868-0,1995-08-24,18,4,300,Y
고양시,아파트,대곡역 두산위브 1단지,덕양구 토당동,913-0,2023-01-17,34,5,493,Y
고양시,아파트,대곡역 두산위브 2단지,덕양구 토당동,914-0,2023-01-16,18,2,150,N
고양시,아파트,대곡역롯데캐슬엘클라식,덕양구 토당동,251-12,2022-12-29,29,12,834,Y
고양시,아파트,대동피렌체 주상복합,덕양구 주교동,615-0,2006-02-28,18,1,126,N
고양시,아파트,대화마을 1단지(킨텍스 자이),일산서구 대화동,1499-0,2002-05-23,16,6,329,Y
고양시,아파트,대화마을 2단지(한라),일산서구 대화동,1580-0,2002-09-06,20,6,460,Y
고양시,아파트,대화마을 3단지(동문)(킨텍스 굿모닝힐),일산서구 대화동,2573-0,2002-10-18,20,8,706,Y
고양시,아파트,"대화마을 5,6단지(킨텍스 휴먼빌)",일산서구 대화동,2570-0,2003-08-04,20,14,1255,Y
고양시,아파트,대화마을 7단지(킨텍스 양우내안애),일산서구 대화동,2579-0,2003-06-26,20,8,655,Y
고양시,아파트,"대화마을 8,9,10단지(아이파크)",일산서구 대화동,2580-0,2003-06-30,20,10,811,Y
고양시,아파트,더샵 일산퍼스트월드 1단지,일산동구 풍동,풍동2지구 A1블록,2025-07-28,36,8,866,Y
고양시,아파트,더샵 일산퍼스트월드 2단지,일산동구 풍동,풍동2지구 A2블록,2025-07-28,36,6,737,Y
고양시,아파트,더샵 일산퍼스트월드 3단지,일산동구 풍동,풍동2지구 A4블록,2025-06-30,34,4,487,Y
고양시,아파트,더퍼스트프라임 주상복합,덕양구 관산동,1015-0,2014-02-28,20,1,272,Y
고양시,아파트,덕은 LH 1단지,덕양구 덕은동,664-0,2022-04-15,14,4,364,N
고양시,아파트,덕이 동문 1차아파트,일산서구 덕이동,1106-0,2001-10-13,15,4,296,Y
고양시,아파트,덕이 동문 2차아파트,일산서구 덕이동,1037-0,2002-09-25,15,5,288,Y
고양시,아파트,덕이 동문 3차아파트,일산서구 덕이동,676-1,2003-11-25,15,4,270,Y
고양시,아파트,덕이 중앙하이츠빌아파트,일산서구 덕이동,1076-0,2001-10-31,15,4,236,Y
고양시,아파트,덕이 태영아파트,일산서구 덕이동,1521-0,2003-05-03,15,5,292,Y
고양시,아파트,도유아트빌 주상복합,덕양구 주교동,599-2,2001-03-12,6,1,44,N
고양시,아파트,동도센트리움 주상복합,덕양구 화정동,986-6,2004-04-10,20,1,118,N
고양시,아파트,동산마을 21단지(삼송 호반베르디움),덕양구 동산동,344-0,2012-07-31,25,5,405,Y
고양시,연립,동산마을 24단지(화성파크드림 파티오),덕양구 동산동,343-0,2016-11-23,4,16,349,Y
고양시,연립,동성파크빌연립,덕양구 고양동,12-04,2002-06-11,4,1,28,N
고양시,아파트,동양라파크아파트,일산서구 덕이동,382-13,2002-02-28,15,5,200,Y
고양시,연립,동양부로미연립,덕양구 행신동,205-25,1993-06-05,4,1,20,N
고양시,연립,동원2차주택,덕양구 주교동,596-1,1986-07-09,3,1,21,N
고양시,아파트,동원텔 주상복합,덕양구 화정동,969-0,1998-05-22,19,1,76,N
고양시,연립,로얄연립,덕양구 토당동,292-34,1981-12-15,3,2,36,N
고양시,아파트,루체하임 주상복합,덕양구 성사동,704-5,2018-12-05,15,1,145,N
고양시,아파트,명지캐럿86 주상복합,덕양구 성사동,501-2,2007-02-16,19,1,86,N
고양시,아파트,"무원마을 10단지(서광,라이프)",덕양구 행신동,692-0,1994-10-31,15,10,792,Y
고양시,아파트,무원마을 1단지(동광),덕양구 행신동,773-0,1995-05-13,15,6,662,Y
고양시,아파트,무원마을 2단지(삼보),덕양구 행신동,771-0,1994-11-05,15,6,330,Y
고양시,아파트,무원마을 3단지(동신),덕양구 행신동,769-0,1994-05-27,15,4,330,Y
고양시,아파트,"무원마을 5단지(쌍용,한진)",덕양구 행신동,767-0,1995-04-29,15,10,636,Y
고양시,아파트,무원마을 6단지(두산),덕양구 행신동,702-0,1994-11-25,15,10,688,Y
고양시,아파트,무원마을 7단지(신우),덕양구 행신동,699-0,1994-12-14,15,4,276,Y
고양시,아파트,무원마을 8단지(신안),덕양구 행신동,700-0,1994-12-10,15,3,328,Y
고양시,아파트,무원마을 9단지(기산),덕양구 행신동,697-0,1994-11-26,15,7,396,Y
고양시,아파트,문촌마을 10단지(동부) (주상복합),일산서구 주엽동,17-0,1996-10-29,25,3,252,Y
고양시,아파트,문촌마을 11단지(건영) (주상복합),일산서구 주엽동,15-0,1999-10-29,20,4,262,Y
고양시,아파트,문촌마을 12단지(유승그린) (주상복합),일산서구 주엽동,138-0,1996-11-01,25,3,272,Y
고양시,아파트,문촌마을 13단지(대우) (주상복합),일산서구 주엽동,136-0,1995-11-29,19,4,254,Y
고양시,아파트,문촌마을 14단지(세경),일산서구 주엽동,133-0,1999-02-03,15,6,720,Y
고양시,아파트,문촌마을 15단지(부영),일산서구 주엽동,135-0,1993-10-28,15,7,547,Y
고양시,아파트,문촌마을 16단지(뉴삼익),일산서구 주엽동,117-0,1994-05-26,20,12,956,Y
고양시,아파트,문촌마을 17단지(신안),일산서구 주엽동,120-0,1994-12-05,20,11,504,Y
고양시,아파트,문촌마을 18단지(대원),일산서구 주엽동,128-0,1995-10-28,19,7,378,Y
고양시,아파트,문촌마을 19단지(신우),일산서구 주엽동,126-0,1994-12-12,18,12,658,Y
고양시,아파트,문촌마을 1단지(우성),일산서구 주엽동,1-0,1994-12-19,20,14,892,Y
고양시,아파트,문촌마을 2단지(라이프),일산서구 주엽동,5-0,1994-11-26,15,7,348,Y
고양시,아파트,문촌마을 3단지(우성),일산서구 주엽동,32-0,1994-05-30,26,10,504,Y
고양시,아파트,문촌마을 4단지(삼익),일산서구 주엽동,29-0,1994-04-25,25,10,540,Y
고양시,아파트,문촌마을 5단지(남광한일),일산서구 주엽동,6-0,1994-05-09,20,8,432,Y
고양시,아파트,문촌마을 6단지(기산쌍용),일산서구 주엽동,8-0,1994-05-19,20,8,624,Y
고양시,아파트,문촌마을 7단지(1)(주공 임대),일산서구 주엽동,14-0,1995-09-02,20,10,1150,N
고양시,아파트,문촌마을 7단지(2)(주공 분양),일산서구 주엽동,14-0,1995-09-02,20,5,505,Y
고양시,아파트,문촌마을 8단지(동아),일산서구 주엽동,12-0,1994-06-30,19,10,738,Y
고양시,아파트,문촌마을 9단지(1)(주공 임대),일산서구 주엽동,23-0,1995-09-02,20,8,912,N
고양시,아파트,문촌마을 9단지(2)(주공 분양),일산서구 주엽동,23-0,1995-09-02,20,4,416,Y
고양시,아파트,미광아파트,덕양구 주교동,568-6,1985-10-18,5,1,25,N
고양시,아파트,미도아파트2차,덕양구 주교동,591-5,1985-12-18,4,1,48,N
고양시,아파트,미리내아파트,덕양구 현천동,06-03,2001-02-14,5,1,30,N
고양시,아파트,미미아파트,덕양구 성사동,"404-28,-31",1992-08-28,5,4,90,N
고양시,연립,발전연립,일산동구 중산동,25-115,1984-05-04,2,3,32,N
고양시,연립,밤가시마을 1단지(건영),일산동구 정발산동,1170-0,1996-03-13,4,5,120,Y
고양시,연립,밤가시마을 2단지,일산동구 정발산동,1144-0,1996-02-15,4,5,96,N
고양시,연립,밤가시마을 3단지,일산동구 정발산동,1141-0,1996-02-13,4,6,66,N
고양시,연립,밤가시마을 4단지(건영),일산동구 정발산동,1111-0,1996-02-15,4,10,208,Y
고양시,연립,밤가시마을 5단지,일산동구 정발산동,1116-0,1996-04-16,4,10,120,N
고양시,연립,밤가시마을 6단지,일산동구 정발산동,1260-0,1997-01-21,4,10,138,N
고양시,연립,밤가시마을 7단지(건영),일산동구 정발산동,1266-0,1996-03-22,4,12,216,Y
고양시,연립,밤가시마을 8단지,일산동구 정발산동,1269-0,1996-03-29,5,5,128,N
고양시,연립,밤가시마을 9단지,일산동구 정발산동,1354-0,1996-02-03,4,12,144,N
고양시,아파트,백마마을 1단지(삼성),일산동구 마두동,755-0,1993-01-29,25,15,772,Y
고양시,아파트,백마마을 2단지(극동삼환),일산동구 마두동,739-0,1992-09-29,25,13,806,Y
고양시,아파트,"백마마을 3단지(금호,한양)",일산동구 마두동,732-0,1995-04-28,21,10,1116,Y
고양시,아파트,"백마마을 4단지(한양,청구)",일산동구 마두동,734-0,1994-07-30,22,12,668,Y
고양시,아파트,"백마마을 5단지(쌍용,한성)",일산동구 마두동,717-0,1994-11-14,19,16,1152,Y
고양시,아파트,백마마을 6단지(벽산),일산동구 마두동,719-0,1994-08-30,19,7,438,Y
고양시,연립,백송마을 10단지(건영),일산동구 백석동,1145-0,1996-04-08,4,8,152,Y
고양시,아파트,백송마을 1단지(삼부),일산동구 백석동,1187-0,1993-01-29,18,4,222,Y
고양시,아파트,백송마을 2단지(대림),일산동구 백석동,1186-0,1993-03-31,20,14,862,Y
고양시,아파트,백송마을 3단지(1)(우성),일산동구 백석동,1183-0,1992-09-29,15,6,426,Y
고양시,아파트,백송마을 3단지(2)(한신),일산동구 백석동,1183-0,1992-09-29,15,6,436,Y
고양시,아파트,"백송마을 5단지(삼호,풍림)",일산동구 백석동,1190-0,1992-08-29,15,12,786,Y
고양시,아파트,"백송마을 6단지(대우,벽산)",일산동구 백석동,1135-0,1994-06-29,18,6,456,Y
고양시,아파트,백송마을 7단지(임광),일산동구 백석동,1136-0,1994-05-25,15,9,617,Y
고양시,아파트,"백송마을 8단지(선경,코오롱)",일산동구 백석동,1139-0,1994-10-28,18,6,604,Y
고양시,아파트,백송마을 9단지(두산),일산동구 백석동,1140-0,1994-09-02,19,6,462,Y
고양시,아파트,별빛마을 10단지(건영),덕양구 화정동,951-0,1996-05-30,20,13,1080,Y
고양시,아파트,"별빛마을 7단지(청구,고려)",덕양구 화정동,953-0,1995-11-10,20,16,1136,Y
고양시,아파트,별빛마을 8단지(부영),덕양구 화정동,952-0,1995-11-13,20,10,1232,Y
고양시,아파트,"별빛마을 9단지(기산,벽산,코오롱,한일)",덕양구 화정동,948-0,1995-11-10,20,24,2008,Y
고양시,아파트,별장아파트,덕양구 토당동,19-0,1985-11-02,5,2,75,N
고양시,연립,보라연립,덕양구 고양동,"1072-0, 1073-0",1986-05-22,3,8,123,N
고양시,아파트,"사리현 동문 1,2차아파트(굿모닝힐)",일산동구 사리현동,"186-0, 187-0",2004-11-12,15,8,557,Y
고양시,아파트,사리현 동문 3차아파트(굿모닝힐),일산동구 사리현동,189-0,2005-04-13,15,5,266,Y
고양시,아파트,사리현 현대그린아파트(덕립),일산동구 사리현동,466-1,1989-07-07,5,5,380,Y
고양시,아파트,산들마을 1단지,일산동구 중산동,1656-0,2004-01-29,19,4,148,N
고양시,아파트,"산들마을 2단지(대림,삼정)",일산동구 중산동,1651-0,2002-09-19,24,8,692,Y
고양시,아파트,산들마을 3단지(대림),일산서구 일산동,1654-0,2003-02-27,25,6,579,Y
고양시,아파트,산들마을 5단지(동문),일산서구 일산동,1670-0,2004-10-15,27,8,926,Y
고양시,아파트,산들마을 6단지(대교),일산서구 일산동,1686-0,2005-03-22,25,5,466,Y
고양시,연립,산수그린빌라,덕양구 고양동,"199-6, 201-2",1986-12-29,3,4,108,N
고양시,아파트,삼남아파트,일산서구 일산동,587-1,1986-09-05,5,2,94,N
고양시,연립,"삼남연립(가,나동)",일산서구 일산동,"583-19,-42",1986-07-02,3,2,57,N
고양시,연립,삼남연립(다동),일산서구 일산동,587-3,1986-07-02,3,1,30,N
고양시,아파트,삼림아파트,덕양구 주교동,569-10,1988-12-27,5,1,25,N
고양시,아파트,삼송 LH 10단지,덕양구 원흥동,614-0,2022-04-27,10,4,777,N
고양시,아파트,삼송 스타클래스 아파트(극동),덕양구 삼송동,331-0,2014-12-09,27,9,627,Y
고양시,아파트,삼송 아이파크 3차 주상복합,덕양구 원흥동,619-0,2019-07-25,29,2,162,Y
고양시,연립,삼송 우미라피아노 3BL,덕양구 오금동,628-0,2021-10-15,4,11,176,Y
고양시,연립,삼송 우미라피아노(101~105동) 9-1BL,덕양구 오금동,618-0,2021-10-15,3,5,60,N
고양시,연립,삼송 우미라피아노(201~209동) 9-2BL(W),덕양구 오금동,619-0,2021-10-15,3,9,113,N
고양시,연립,삼송 우미라피아노(210~213동) 9-2BL(E),덕양구 오금동,619-3,2021-10-15,3,4,55,N
고양시,연립,삼송 우미라피아노(601~605동) 6BL,덕양구 오금동,632-0,2021-10-15,4,5,75,N
고양시,연립,삼송 우미라피아노(701~704) 7BL,덕양구 오금동,641-0,2021-10-19,4,4,48,Y
고양시,아파트,삼송 원흥마을 11단지,덕양구 원흥동,615-0,2016-12-07,17,3,832,N
고양시,아파트,삼송 원흥마을 12단지,덕양구 원흥동,617-0,2019-07-11,20,8,1372,N
고양시,아파트,삼송 원흥마을 LH 13단지,덕양구 원흥동,600-0,2022-03-16,5,16,947,N
고양시,연립,삼송 자이더빌리지(501~520동) 5BL,덕양구 오금동,"642-0, 644-0, 645-0",2021-02-08,3,20,178,Y
고양시,연립,삼송 자이더빌리지(601~604동) 6-1BL,덕양구 오금동,663-2,2021-01-29,3,4,58,N
고양시,연립,삼송 자이더빌리지(611~624동) 6-4BL,덕양구 오금동,668-0,2021-04-07,3,14,109,N
고양시,연립,삼송 자이더빌리지(631~639동) 6-3BL,덕양구 오금동,670-0,2021-04-07,3,9,73,N
고양시,연립,삼송 테라비아타,덕양구 오금동,585-0,2020-11-26,4,6,80,N
고양시,아파트,삼송마을 15단지(계룡 리슈빌 센트럴파크),덕양구 원흥동,670-0,2012-12-10,29,11,1024,Y
고양시,아파트,삼송마을 17단지(동원),덕양구 삼송동,306-0,2012-09-01,21,10,598,Y
고양시,아파트,삼송마을 18단지,덕양구 삼송동,332-0,2015-06-29,20,19,1890,N
고양시,아파트,삼송마을 20단지(아이파크 2차),덕양구 삼송동,311-0,2015-08-27,29,10,1066,Y
고양시,아파트,삼송마을 LH 14단지,덕양구 원흥동,669-0,2014-08-01,19,8,930,N
고양시,아파트,삼송마을 LH 16단지,덕양구 원흥동,677-0,2013-11-25,18,11,1201,N
고양시,연립,삼송비아티움,덕양구 오금동,595-0,2023-02-28,4,32,528,N
고양시,아파트,삼송역 현대헤리엇 (주상복합),덕양구 삼송동,293-0,2020-10-16,41,2,364,Y
고양시,아파트,삼송원흥역 동원2차 로얄듀크비스타 (주상복합),덕양구 원흥동,635-0,2020-04-27,36,3,312,Y
고양시,아파트,삼송원흥역 센트럴푸르지오 (주상복합),덕양구 원흥동,630-0,2018-07-30,38,4,450,Y
고양시,연립,삼진연립,덕양구 행신동,173-1,1982-05-24,3,4,74,N
고양시,연립,삼천리연립,덕양구 토당동,Apr-43,1981-05-06,2,3,20,N
고양시,아파트,삼혜그린뷰 주상복합,덕양구 주교동,609-1,2003-06-24,14,1,48,N
고양시,아파트,삼화그린아파트(A동),덕양구 성사동,494-29,1988-12-17,5,1,70,N
고양시,아파트,삼화그린아파트(B동),덕양구 성사동,494-5,1988-12-17,5,1,35,N
고양시,연립,삼화그린연립,덕양구 토당동,399-0,1983-09-19,3,3,51,N
고양시,연립,삼화주택,덕양구 토당동,"392-1,-3",1982-03-03,3,4,63,N
고양시,아파트,"샘터마을 1단지(화성,동신,효성)",덕양구 행신동,973-0,1997-09-20,22,12,822,Y
고양시,아파트,샘터마을 2단지(2)(동신),덕양구 행신동,983-0,1996-10-19,20,25,2416,Y
고양시,아파트,샘터마을 LH 2단지(1),덕양구 행신동,983-0,1996-08-14,20,27,2922,N
고양시,아파트,샘터마을 LH 3단지,덕양구 행신동,1002-0,1997-02-14,15,8,721,N
고양시,아파트,서안아파트,덕양구 성사동,705-15,1986-08-07,6,1,48,N
고양시,연립,서정마을 10단지(신동아),덕양구 행신동,1091-0,2008-09-30,4,10,94,N
고양시,연립,서정마을 11단지(중흥에스클래스),덕양구 행신동,1113-0,2009-12-01,4,4,102,N
고양시,아파트,서정마을 1단지,덕양구 행신동,1074-0,2008-08-08,15,13,1185,N
고양시,아파트,서정마을 4단지(센텀퍼스티지),덕양구 행신동,1068-0,2008-06-09,15,12,545,Y
고양시,아파트,서정마을 5단지(남양),덕양구 행신동,1088-0,2008-08-14,15,9,423,Y
고양시,아파트,서정마을 6단지(계룡),덕양구 행신동,1092-0,2009-10-15,14,8,214,Y
고양시,아파트,서정마을 7단지(파크하임 휴먼시아),덕양구 행신동,1090-0,2009-12-03,15,13,394,Y
고양시,연립,서정마을 8단지,덕양구 행신동,1103-0,2009-10-15,4,5,84,N
고양시,연립,서정마을 9단지(중흥에스클래스),덕양구 행신동,1102-0,2008-11-07,4,3,60,N
고양시,아파트,서정마을 LH 12단지,덕양구 행신동,1064-0,2019-02-14,15,2,276,N
고양시,아파트,서정마을 LH 2단지,덕양구 행신동,1073-0,2008-04-11,15,5,477,N
고양시,아파트,서정마을 LH 3단지,덕양구 행신동,1096-0,2008-07-03,13,14,1064,N
고양시,아파트,서초아파트,덕양구 주교동,313-1,1999-06-08,18,1,61,N
고양시,연립,선경빌라,덕양구 토당동,Nov-99,1986-02-07,3,2,54,N
고양시,연립,성사 명림연립,덕양구 성사동,494-10,1985-02-18,3,3,54,N
고양시,아파트,"성사 미도 5차아파트(1,2동)",덕양구 성사동,404-8,1986-11-29,5,2,115,N
고양시,아파트,"성사 미도 5차아파트(3,5동)",덕양구 성사동,404-7,1986-11-29,5,2,125,N
고양시,아파트,성사 미도 6차아파트,덕양구 성사동,422-2,1987-12-07,5,2,99,N
고양시,아파트,"성사 미도 7차아파트(8,9동)",덕양구 성사동,422-3,1988-05-16,5,2,160,N
고양시,아파트,성사 임창아파트,덕양구 성사동,488-56,1988-12-12,6,2,96,N
고양시,아파트,성사 장미아파트(가~라동),덕양구 성사동,496-5,1985-05-30,5,4,125,N
고양시,아파트,성사 장미아파트(마동),덕양구 성사동,519-53,1989-05-17,5,1,30,N
고양시,아파트,성사 장미아파트(바동),덕양구 성사동,519-51,1989-03-20,6,1,95,N
고양시,연립,성산연립,덕양구 주교동,597-12,1984-06-30,4,2,48,N
고양시,연립,성산주택3차,덕양구 주교동,598-1,1985-11-22,4,2,30,N
고양시,연립,성저마을 10단지(건영),일산서구 대화동,2000-0,1996-02-15,4,6,120,N
고양시,연립,성저마을 11단지(건영),일산서구 대화동,2002-0,1996-02-02,4,7,152,Y
고양시,연립,성저마을 12단지(건영),일산서구 대화동,2003-0,1996-01-23,5,5,80,N
고양시,연립,성저마을 13단지(건영),일산서구 대화동,2026-0,1996-03-26,4,8,144,N
고양시,연립,성저마을 14단지(건영),일산서구 대화동,2111-0,1995-12-30,4,7,76,N
고양시,연립,성저마을 15단지(건영),일산서구 대화동,2115-0,1996-04-18,4,9,96,N
고양시,아파트,성저마을 1단지(동익),일산서구 대화동,2212-0,1995-07-11,15,9,640,Y
고양시,아파트,성저마을 2단지(세경),일산서구 대화동,2209-0,2000-06-17,15,3,390,Y
고양시,아파트,성저마을 3단지(풍림),일산서구 대화동,2215-0,1996-03-11,15,6,534,Y
고양시,아파트,성저마을 4단지(삼익),일산서구 대화동,2213-0,1994-11-30,15,6,460,Y
고양시,연립,성저마을 5단지(건영),일산서구 대화동,2095-0,1996-05-08,4,9,184,Y
고양시,연립,성저마을 6단지(건영),일산서구 대화동,2083-0,1996-04-12,4,8,168,Y
고양시,연립,성저마을 7단지(건영),일산서구 대화동,2081-0,1996-04-17,4,12,248,Y
고양시,연립,성저마을 8단지(건영),일산서구 대화동,2073-0,1996-03-18,4,4,80,N
고양시,연립,성저마을 9단지(건영),일산서구 대화동,1997-0,1996-02-29,4,12,248,Y
고양시,아파트,세띠앙 주상복합,덕양구 성사동,707-9,2008-08-27,12,1,55,N
고양시,연립,세인 1차연립,덕양구 토당동,385-7,1983-12-13,3,4,90,N
고양시,연립,세인 2차연립,덕양구 토당동,Jan-99,1984-09-05,3,4,78,N
고양시,아파트,세인아파트,일산서구 일산동,587-5,1985-12-13,5,2,70,N
고양시,연립,세종빌리지연립(가동),덕양구 고양동,238-25,2013-01-15,4,1,28,N
고양시,연립,세중더클래스연립,덕양구 고양동,993-0,2011-07-29,5,1,36,N
고양시,아파트,세창짜임 주상복합,덕양구 주교동,620-5,2006-09-19,13,1,109,N
고양시,아파트,세현아파트,덕양구 성사동,493-0,1986-09-17,5,2,80,N
고양시,아파트,소만마을 10단지(동성),덕양구 행신동,791-0,1994-10-31,15,5,377,Y
고양시,아파트,소만마을 1단지(부영),덕양구 행신동,796-0,1995-12-19,15,7,835,Y
고양시,아파트,소만마을 2단지(신안),덕양구 행신동,798-0,1996-03-15,15,2,150,Y
고양시,아파트,소만마을 3단지(그랜드),덕양구 행신동,799-0,1996-09-12,15,3,345,Y
고양시,아파트,소만마을 5단지(삼신),덕양구 행신동,788-0,1994-10-31,15,4,423,Y
고양시,아파트,"소만마을 6단지(벽산,성원)",덕양구 행신동,"785-0, 787-0",1995-04-08,15,17,1602,Y
고양시,아파트,소만마을 7단지(대명),덕양구 행신동,783-0,1995-04-29,15,5,713,Y
고양시,아파트,소만마을 8단지(풍림),덕양구 행신동,781-0,1994-12-10,15,6,639,Y
고양시,아파트,소만마을 9단지(부영),덕양구 행신동,793-0,1995-05-13,15,7,960,Y
고양시,아파트,숲속마을 10단지(대동 에버나인),일산동구 풍동,1223-0,2006-06-29,12,6,234,N
고양시,아파트,숲속마을 2단지(두산),일산동구 풍동,1286-0,2006-07-07,20,10,888,Y
고양시,아파트,숲속마을 3단지(요진),일산동구 풍동,1283-0,2006-09-20,20,5,382,Y
고양시,아파트,숲속마을 4단지(신안),일산동구 풍동,1265-0,2006-06-29,18,9,822,N
고양시,아파트,숲속마을 5단지(아이파크),일산동구 풍동,1267-0,2006-06-27,20,8,583,Y
고양시,아파트,숲속마을 6단지(두산),일산동구 풍동,1268-0,2006-09-28,20,9,730,Y
고양시,아파트,숲속마을 8단지(진흥),일산동구 풍동,1258-0,2006-07-06,20,11,1034,Y
고양시,아파트,숲속마을 9단지(성원 상떼빌),일산동구 풍동,1252-0,2006-12-08,20,7,469,Y
고양시,아파트,"숲속마을 벨라시온 7단지(신일,은빛)",일산동구 풍동,1261-0,2006-09-08,20,9,982,Y
고양시,아파트,"숲속마을1단지(신안,남양)",일산동구 풍동,1292-0,2007-11-10,20,8,1019,N
고양시,다세대,스타팰리스,일산동구 풍동,1398-0,2019-10-28,4,10,87,N
고양시,연립,신 제민연립,덕양구 행신동,235-3,1982-05-25,3,2,30,N
고양시,아파트,신영아파트,일산서구 일산동,1818-0,1987-02-19,5,2,120,N
고양시,아파트,신원당 (어울림)마을 1단지(동문),덕양구 성사동,719-0,1992-10-10,18,3,354,Y
고양시,아파트,신원당 (어울림)마을 2단지(태영),덕양구 성사동,723-0,1993-10-20,15,5,500,Y
고양시,아파트,신원당 (어울림)마을 3단지(동신),덕양구 성사동,724-0,1991-11-28,15,6,495,Y
고양시,아파트,신원당 (어울림)마을 5단지(대명),덕양구 성사동,730-0,1993-11-29,16,5,512,Y
고양시,아파트,신원당 (어울림)마을 6단지(태영),덕양구 성사동,731-0,1993-10-20,16,8,604,Y
고양시,아파트,신원당 (어울림)마을 7단지(동신),덕양구 성사동,727-0,1992-11-28,15,5,390,Y
고양시,아파트,신원당 (어울림)마을 8단지(삼보),덕양구 성사동,726-0,1992-10-09,16,4,480,Y
고양시,아파트,신원당 (어울림)마을 9단지(태영),덕양구 성사동,725-0,1993-06-14,15,4,500,Y
고양시,아파트,신원마을 10단지(동일스위트 2차),덕양구 신원동,661-0,2018-03-24,25,7,834,Y
고양시,아파트,신원마을 1단지(우남 퍼스트빌),덕양구 신원동,609-0,2015-08-12,27,7,611,Y
고양시,아파트,신원마을 23단지(2301동),덕양구 신원동,594-0,2013-10-30,11,1,40,N
고양시,아파트,신원마을 5단지(우림 필유브로힐),덕양구 신원동,654-0,2013-10-17,23,6,455,Y
고양시,아파트,신원마을 6단지(상록힐스테이트),덕양구 신원동,653-0,2013-10-02,21,7,429,Y
고양시,아파트,신원마을 7단지(동일 스위트 1차),덕양구 신원동,595-0,2017-06-02,29,8,968,Y
고양시,아파트,신원마을 8단지(아이파크),덕양구 신원동,600-0,2012-06-29,24,7,610,Y
고양시,아파트,신원마을 9단지(호반베르디움),덕양구 신원동,658-0,2012-07-04,22,6,353,Y
고양시,아파트,신원마을 LH 2단지,덕양구 신원동,611-0,2013-05-14,19,16,1495,N
고양시,아파트,신원마을 LH 3단지,덕양구 신원동,613-0,2013-06-12,20,8,866,N
고양시,아파트,신원마을 LH 4단지,덕양구 신원동,616-0,2016-09-01,18,12,1302,N
고양시,연립,신진연립,덕양구 토당동,Oct-49,1988-01-18,3,4,66,N
고양시,아파트,쌍용더플래티넘,일산동구 장항동,장항동 [A-4BL],2024-03-18,29,11,1566,Y
고양시,다세대,애니골삼성캐슬,일산동구 풍동,587-1,2024-06-21,4,6,48,N
고양시,연립,양지마을 1단지,일산동구 정발산동,786-0,1996-02-29,4,9,108,N
고양시,연립,양지마을 2단지,일산동구 정발산동,720-0,1996-03-12,3,12,147,N
고양시,연립,양지마을 3단지(건영),일산동구 정발산동,721-0,1996-04-12,4,8,152,Y
고양시,연립,양지마을 4단지(건영),일산동구 정발산동,696-0,1996-03-12,4,7,152,Y
고양시,연립,양지마을 5단지(건영),일산동구 정발산동,676-0,1996-04-12,4,11,216,Y
고양시,아파트,에덴다모은정 주상복합,덕양구 화정동,1000-5,2005-04-29,20,1,78,N
고양시,연립,연세빌라,덕양구 행신동,204-5,1986-09-08,3,3,90,N
고양시,아파트,영신아파트,덕양구 주교동,575-9,1987-08-07,5,1,35,N
고양시,연립,영오연립,덕양구 행신동,222-0,1986-06-18,3,3,51,N
고양시,아파트,예중파크뷰아파트,덕양구 주교동,273-1,2004-09-01,13,1,49,N
고양시,아파트,옥빛마을 12단지(1201동제외)(신덕),덕양구 화정동,988-0,1995-11-01,20,5,570,Y
고양시,아파트,옥빛마을 13단지(일신건영),덕양구 화정동,987-0,1995-11-01,20,5,582,Y
고양시,아파트,옥빛마을 14단지(부영),덕양구 화정동,1004-0,1995-11-08,20,6,720,Y
고양시,아파트,옥빛마을 15단지(1501동),덕양구 화정동,998-0,1996-06-08,16,1,96,N
고양시,아파트,"옥빛마을 17단지(두산,동부,일신)",덕양구 화정동,1135-0,1997-05-24,20,14,1120,Y
고양시,아파트,옥빛마을 주공 15단지(1502동~),덕양구 화정동,1127-0,1997-05-03,20,14,1391,Y
고양시,아파트,옥빛마을 주공 16단지,덕양구 화정동,1141-0,1996-10-22,20,6,514,Y
고양시,연립,요진와이하우스,일산동구 풍동,1377-0,2013-04-26,4,8,258,Y
고양시,아파트,우분투포레스트 주상복합,덕양구 주교동,609-2,2019-01-11,15,1,79,N
고양시,아파트,우인아크리움빌,덕양구 주교동,1633-0,2005-05-17,20,3,299,Y
고양시,아파트,우진아파트,덕양구 주교동,569-9,1985-04-03,5,2,45,N
고양시,아파트,원당 대림e편한세상,덕양구 성사동,869-0,2009-12-02,26,21,1486,Y
고양시,아파트,원당 래미안휴레스트,덕양구 성사동,860-0,2009-10-30,25,22,1651,Y
고양시,아파트,원당 줌시티 주상복합,덕양구 주교동,611-1,2020-10-21,15,1,264,Y
고양시,아파트,원당역롯데캐슬스카이엘,덕양구 성사동,405-8,2024-08-31,36,11,1236,Y
고양시,아파트,원흥 도래울 센트럴 더 힐,덕양구 도내동,1010-0,2015-04-22,25,17,1386,Y
고양시,아파트,원흥 도래울 센트럴더포레 2단지(대우),덕양구 도내동,983-0,2014-06-02,25,18,1193,Y
고양시,아파트,원흥 도래울 센트럴파크 4단지(라인),덕양구 도내동,1011-0,2013-12-03,25,9,598,Y
고양시,아파트,원흥 도래울 파크뷰 6단지(SK),덕양구 도내동,1103-0,2013-11-12,22,19,1392,Y
고양시,아파트,원흥 도래울 호반베르디움더퍼스트 5단지,덕양구 도내동,1006-0,2017-09-05,25,11,967,Y
고양시,아파트,원흥 도래울마을LH 1단지,덕양구 원흥동,717-0,2014-10-15,19,9,1578,N
고양시,아파트,원흥 동일스위트아파트,덕양구 도내동,1107-0,2018-01-26,25,14,1257,Y
고양시,아파트,월드메르디앙 주상복합,일산서구 일산동,955-10,2005-03-22,17,1,204,Y
고양시,아파트,위시티 블루밍 3단지(벽산),일산동구 식사동,1510-0,2010-10-29,30,16,1435,Y
고양시,아파트,위시티 블루밍 5단지(벽산),일산동구 식사동,1565-0,2010-10-29,30,8,915,Y
고양시,아파트,위시티 자이 주상복합,일산동구 식사동,1529-0,2010-09-20,25,2,176,Y
고양시,아파트,위시티 휴먼빌 주상복합,일산동구 식사동,1533-0,2014-08-29,28,2,192,Y
고양시,아파트,위시티일산 자이 1단지,일산동구 식사동,1487-0,2010-08-23,30,11,1244,Y
고양시,아파트,위시티일산 자이 2단지,일산동구 식사동,1498-0,2010-09-24,30,18,1975,Y
고양시,아파트,위시티일산 자이 4단지,일산동구 식사동,1504-0,2010-08-23,30,12,1288,Y
고양시,아파트,유일아파트,덕양구 토당동,900-5,1996-08-30,7,1,40,N
고양시,아파트,유진스웰,일산서구 일산동,2140-0,2010-05-31,14,2,79,N
고양시,아파트,유진스웰 2차아파트,일산서구 일산동,2147-0,2010-12-17,27,3,237,Y
고양시,다세대,윤성빌라,덕양구 행신동,205-1,2011-08-29,4,1,26,N
고양시,아파트,윤창주택,덕양구 행신동,634-45,1989-12-26,6,1,54,N
고양시,아파트,은빛마을 11단지(부영),덕양구 화정동,961-0,1996-04-27,19,11,1350,Y
고양시,아파트,"은빛마을 5단지(삼성,LG,삼익,미도파,신성)",덕양구 화정동,870-0,1995-11-13,20,38,2032,Y
고양시,아파트,은빛마을 6단지(부영),덕양구 화정동,936-0,1996-04-27,20,19,1320,Y
고양시,아파트,은행마을 2단지(동문),일산동구 식사동,910-0,2002-05-30,15,9,533,Y
고양시,아파트,은행마을 3단지(SK뷰),일산동구 식사동,1474-0,2003-08-28,20,8,539,Y
고양시,아파트,은행마을1단지(동문),일산동구 풍동,174-0,2002-10-25,20,10,964,Y
고양시,다세대,인성빌라,일산서구 일산동,584-1,1986-01-18,3,1,21,N
고양시,아파트,일산 2차아이파크,일산동구 중산동,1842-0,2019-09-27,19,4,214,N
고양시,아파트,일산 e편한세상어반스카이 (주상복합),일산서구 일산동,2148-0,2022-12-09,49,3,552,Y
고양시,아파트,일산 대우푸르지오,일산서구 일산동,Jan-45,2013-08-06,24,13,589,Y
고양시,아파트,일산 동문 1차아파트,일산서구 일산동,1694-0,1996-08-09,20,5,586,Y
고양시,아파트,일산 동문 2차 아파트,일산서구 일산동,960-6,1997-10-20,25,6,667,Y
고양시,아파트,일산 동문 3차아파트,일산서구 일산동,973-31,1997-10-20,20,2,222,Y
고양시,아파트,일산 동문 5차아파트,일산서구 일산동,600-32,2000-09-16,25,7,427,Y
고양시,아파트,일산 동양아파트,일산서구 일산동,955-2,2004-04-29,25,11,954,Y
고양시,아파트,일산 동원아파트,일산서구 일산동,1833-0,1989-09-09,5,1,60,N
고양시,아파트,일산 동원아파트(나동),일산서구 일산동,1858-0,1989-09-09,5,1,25,N
고양시,아파트,일산 두산위브더제니스 (주상복합),일산서구 탄현동,1640-0,2013-04-26,59,8,2700,Y
고양시,아파트,일산 메가시티 주상복합,일산서구 일산동,576-20,2003-05-26,15,1,178,Y
고양시,아파트,일산 미주 6차아파트,일산서구 일산동,"587-7,-8",1989-12-23,5,3,120,N
고양시,아파트,일산 미주 7차아파트,일산서구 일산동,1978-0,1990-11-26,6,3,165,N
고양시,아파트,일산 미주8차아파트,일산서구 일산동,"1998-0, 2005-0",1991-10-19,13,2,179,Y
고양시,아파트,일산 미주아파트,일산서구 일산동,1735-0,1989-07-25,5,2,76,N
고양시,아파트,일산 삼성아파트,일산서구 일산동,1876-0,2000-11-03,24,7,378,Y
고양시,아파트,일산 센트럴아이파크,일산동구 중산동,1841-0,2018-05-29,32,12,1802,Y
고양시,아파트,일산 쌍용아파트,일산서구 일산동,576-4,1997-12-30,27,4,496,Y
고양시,아파트,일산 에듀포레푸르지오,일산서구 탄현동,1650-0,2018-10-17,25,16,1690,Y
고양시,아파트,일산 에이스 10차아파트,일산서구 일산동,2041-0,1996-10-30,20,5,658,Y
고양시,아파트,일산 에이스 11차아파트,일산서구 일산동,2019-0,1996-11-29,19,2,272,Y
고양시,아파트,일산 에이스 12차아파트,일산동구 풍동,385-1,1998-07-04,24,1,202,Y
고양시,아파트,일산 에이스 9차아파트,일산서구 일산동,"583-66,-68",1994-10-28,18,4,332,Y
고양시,아파트,일산 요진와이시티,일산동구 백석동,1237-0,2016-06-20,59,6,2404,Y
고양시,연립,일산 운진연립,일산서구 일산동,591-8,1985-10-23,3,2,45,N
고양시,아파트,"일산 임광,진흥아파트",일산서구 탄현동,1634-0,2009-10-07,15,16,905,Y
고양시,아파트,일산 자이2차(일산 자이센트리지),일산동구 식사동,852-0,2020-11-27,32,6,802,Y
고양시,아파트,일산 자이3차(일산자이 더 헤리티지),일산동구 식사동,고양식사2구역 A-2블럭,2022-02-28,32,10,1333,Y
고양시,아파트,일산 중앙가든아파트,일산서구 일산동,587-2,1989-07-06,5,4,95,N
고양시,아파트,일산 태영아파트 1차2차,일산서구 일산동,"954-0, 954-5",2002-10-10,22,9,636,Y
고양시,다세대,일산 허스연립,일산서구 일산동,960-2,1984-08-09,3,3,41,N
고양시,아파트,일산 현대홈타운 1차아파트,일산서구 일산동,645-0,2001-03-30,26,5,341,Y
고양시,아파트,일산 현대홈타운 2차아파트,일산서구 일산동,"651-1, 652-2",2002-04-29,26,8,596,Y
고양시,아파트,일산 현대홈타운 3차아파트,일산서구 일산동,600-0,2002-08-30,25,6,496,Y
고양시,아파트,일산 휴먼빌 1차아파트,일산서구 일산동,1655-0,2003-12-22,26,13,822,Y
고양시,아파트,일산 휴먼빌 2차아파트,일산서구 일산동,1687-0,2007-04-27,21,5,270,Y
고양시,아파트,일산라이브더센텀(공공주택),일산동구 장항동,장항동 [A-5BL],2024-03-18,29,8,759,Y
고양시,아파트,일산역 이안 주상복합,일산서구 일산동,655-15,2006-06-23,20,1,74,N
고양시,아파트,"일산탄현 신원 1,2차아파트",일산서구 일산동,"2121-0, 2125-0",2002-12-31,25,6,304,Y
고양시,아파트,일산푸르지오더센트럴,일산서구 덕이동,1672-0,2024-08-29,37,3,400,Y
고양시,아파트,일신 삼익아파트,일산서구 일산동,2120-0,2000-09-09,25,6,509,Y
고양시,연립,임창타운연립,덕양구 토당동,402-0,1985-12-26,3,5,99,N
고양시,연립,자성빌라,덕양구 토당동,26-0,1986-09-17,3,4,87,N
고양시,아파트,장성마을 1단지(동부),일산서구 대화동,2228-0,1995-11-29,19,6,410,Y
고양시,아파트,장성마을 2단지(대명),일산서구 대화동,2236-0,1995-11-29,17,6,591,Y
고양시,아파트,장성마을 3단지(건영),일산서구 대화동,2234-0,1996-02-28,19,7,354,Y
고양시,아파트,장성마을 4단지(대명),일산서구 대화동,2232-0,1995-09-21,15,3,162,Y
고양시,연립,정발마을 1단지,일산동구 마두동,821-0,1996-02-21,4,12,144,N
고양시,연립,정발마을 2단지,일산동구 마두동,859-0,1996-02-13,4,7,136,N
고양시,연립,정발마을 3단지,일산동구 마두동,861-0,1996-04-03,4,9,126,N
고양시,연립,정발마을 4단지(건영),일산동구 마두동,867-0,1996-03-12,4,13,280,Y
고양시,연립,정발마을 5단지,일산동구 마두동,1007-0,1996-02-22,4,3,24,N
고양시,연립,정발마을 6단지,일산동구 마두동,1006-0,1996-02-22,3,4,32,N
고양시,연립,정발마을 7단지,일산동구 마두동,1004-0,1996-03-15,4,9,99,N
고양시,연립,정발마을 8단지,일산동구 마두동,812-0,1997-03-29,4,5,69,N
고양시,연립,정원연립,일산서구 일산동,592-49,1985-08-06,3,3,66,N
고양시,연립,제2127부대 삼성연립,덕양구 벽제동,112-6,1994-06-16,4,4,160,N
고양시,연립,제민연립,덕양구 행신동,235-1,1982-05-25,3,2,27,N
고양시,연립,종건그린빌라,덕양구 성사동,488-40,1986-01-15,3,5,108,N
고양시,아파트,주교 동원 6차아파트,덕양구 주교동,580-11,1988-11-03,5,1,30,N
고양시,아파트,주교 동원아파트,덕양구 주교동,596-0,1986-11-05,5,1,50,N
고양시,아파트,주교 벽산아파트,덕양구 주교동,350-1,1999-11-27,25,3,283,Y
고양시,아파트,주교 우림아파트,덕양구 주교동,555-0,2004-01-16,19,3,163,Y
고양시,아파트,주교 윤창아파트,덕양구 주교동,272-1,1988-05-17,5,1,30,N
고양시,아파트,주교 임창아파트,덕양구 주교동,570-0,1987-03-13,5,1,70,N
고양시,아파트,주교 장미 2차아파트,덕양구 주교동,616-0,1986-04-22,5,1,60,N
고양시,연립,중산 연세연립,일산동구 중산동,19-2,1986-11-04,3,1,30,N
고양시,아파트,"중산마을 10단지(경남,동신)",일산동구 중산동,1566-0,1995-03-27,12,10,608,Y
고양시,아파트,중산마을 11단지(현대),일산동구 중산동,1575-4,1995-12-27,12,7,428,Y
고양시,아파트,중산마을 12단지,일산동구 중산동,1576-0,1996-05-27,11,3,110,N
고양시,아파트,중산마을 1단지(두산),일산동구 중산동,1555-0,1995-10-30,12,12,888,Y
고양시,아파트,중산마을 2단지(코오롱),일산동구 중산동,1556-0,1995-10-30,12,14,978,Y
고양시,아파트,중산마을 3단지(일신건영),일산동구 중산동,1554-2,1995-11-29,12,6,552,Y
고양시,아파트,"중산마을 5단지(건영,동부)",일산동구 중산동,1575-0,1995-12-29,5,21,540,Y
고양시,아파트,중산마을 6단지(태영),일산동구 중산동,1573-0,1995-04-28,12,6,413,Y
고양시,아파트,중산마을 7단지(코오롱),일산동구 중산동,1573-7,1995-03-29,12,6,336,Y
고양시,아파트,"중산마을 8단지(대우,삼성)",일산동구 중산동,1574-0,1995-03-29,12,12,720,Y
고양시,아파트,"중산마을 9단지(한성,두산)",일산동구 중산동,1566-2,1996-01-30,12,10,480,Y
고양시,아파트,중앙아파트,덕양구 관산동,"338-4,-39",1992-07-13,5,3,100,N
고양시,아파트,지축 LH 1단지(나인포레),덕양구 지축동,951-0,2022-09-16,24,9,750,Y
고양시,아파트,지축 LH 3단지,덕양구 지축동,"1,089",2019-08-14,20,4,890,N
고양시,아파트,지축 LH 4단지,덕양구 지축동,871-0,2021-06-15,24,3,473,N
고양시,아파트,지축 LH 8단지,덕양구 지축동,1128-0,2021-10-14,22,4,1382,N
고양시,아파트,지축 e편한세상센텀가든,덕양구 지축동,1054-0,2022-09-26,28,3,331,Y
고양시,아파트,지축역 센트럴푸르지오,덕양구 지축동,498-6,2019-11-29,29,6,852,Y
고양시,아파트,지축역 중흥S-클래스북한산파크뷰,덕양구 지축동,915-0,2020-11-30,29,7,732,Y
고양시,아파트,지축역 한림풀에버,덕양구 지축동,848-0,2020-01-30,29,11,1102,Y
고양시,아파트,지축역북한산 유보라아파트,덕양구 지축동,645-2,2019-10-31,29,5,549,Y
고양시,아파트,지축역북한산비바힐스,덕양구 지축동,875-0,2024-04-19,29,6,612,Y
고양시,아파트,지축역수피움,덕양구 지축동,519-5,2023-07-14,21,10,583,Y
고양시,아파트,창릉호반써밋,덕양구 동산동,365-0,2012-10-02,30,18,1426,Y
고양시,아파트,철산아파트,일산서구 덕이동,277-10,1989-03-29,5,6,270,N
고양시,아파트,청원네이처빌아파트,일산동구 성석동,1077-0,2004-04-17,12,4,288,Y
고양시,연립,초원연립,덕양구 성사동,503-0,1984-06-28,3,2,60,N
고양시,연립,초원파크연립,덕양구 주교동,592-0,1985-03-11,3,3,48,N
고양시,아파트,"큰마을대림,현대아파트",일산서구 탄현동,121-0,2001-12-17,20,28,2588,Y
고양시,아파트,킨텍스원시티1블럭 주상복합,일산동구 장항동,1753-0,2019-08-22,49,2,297,Y
고양시,아파트,킨텍스원시티2블럭 (주상복합),일산동구 장항동,1761-0,2019-08-22,49,5,959,Y
고양시,아파트,킨텍스원시티3블럭 (주상복합),일산동구 장항동,1762-0,2019-08-22,49,5,782,Y
고양시,아파트,탄현 쌍용아파트(남광 스윗닷홈),일산서구 탄현동,130-0,2005-01-20,20,3,214,Y
고양시,아파트,탄현 주은 1차아파트,일산서구 일산동,1997-0,1999-12-10,20,2,228,Y
고양시,아파트,탄현마을 10단지(동문),일산서구 탄현동,1470-0,1995-06-20,18,4,350,Y
고양시,아파트,탄현마을 11단지(동신),일산서구 탄현동,1578-0,2000-11-15,24,7,516,Y
고양시,아파트,탄현마을 12단지(서광),일산서구 탄현동,1579-0,2000-09-27,22,3,308,Y
고양시,아파트,탄현마을 13단지(삼환),일산서구 탄현동,1584-0,2000-12-09,23,6,396,Y
고양시,아파트,탄현마을 14단지(주은),일산서구 탄현동,1582-0,2000-09-27,22,3,232,Y
고양시,아파트,탄현마을 15단지(효성),일산서구 탄현동,1583-0,2000-09-22,19,3,241,Y
고양시,아파트,탄현마을 16단지(풍림),일산서구 탄현동,1585-0,2000-10-13,23,7,980,Y
고양시,아파트,탄현마을 1단지(진로경남),일산서구 탄현동,1485-0,1995-09-29,20,4,480,Y
고양시,아파트,탄현마을 2단지(삼익세라믹),일산서구 탄현동,1487-0,1994-12-16,19,3,390,Y
고양시,아파트,탄현마을 3단지(부영),일산서구 탄현동,1484-0,1995-05-03,15,4,475,Y
고양시,아파트,탄현마을 4단지(건영),일산서구 탄현동,1481-0,1994-12-15,18,5,642,Y
고양시,아파트,탄현마을 5단지(건영종건),일산서구 탄현동,1477-0,1995-02-28,18,5,624,Y
고양시,아파트,탄현마을 6단지(현대한신),일산서구 탄현동,1479-0,1994-10-21,17,8,968,Y
고양시,아파트,탄현마을 7단지(부영),일산서구 탄현동,1480-0,1995-05-03,15,6,726,Y
고양시,아파트,탄현마을 8단지(동성),일산서구 탄현동,1476-0,1994-10-21,17,6,652,Y
고양시,아파트,탄현마을 9단지(일산 건영),일산서구 탄현동,1473-0,1994-10-21,18,5,416,Y
고양시,아파트,태웅정다움아파트,덕양구 토당동,853-0,2005-06-03,12,1,66,N
고양시,아파트,토당 금강KCC아파트,덕양구 토당동,80-0,2004-06-07,25,6,380,Y
고양시,연립,토당 대당연립,덕양구 토당동,434-3,1981-12-08,3,3,36,N
고양시,연립,토당 명림연립,덕양구 토당동,292-38,1983-12-14,3,3,54,N
고양시,아파트,토당 장미 8차아파트(801동),덕양구 토당동,873-0,1993-08-28,16,1,128,N
고양시,아파트,토당 장미아파트(가동),덕양구 토당동,99-54,1988-07-01,5,1,50,N
고양시,아파트,토당 장미아파트(나동),덕양구 토당동,99-39,1989-03-18,5,1,45,N
고양시,아파트,토당 장미아파트(다~마동),덕양구 토당동,Feb-99,1988-08-13,5,3,90,N
고양시,연립,토당 현대연립,덕양구 토당동,37-14,1984-03-09,3,3,30,N
고양시,아파트,평일아파트,일산서구 일산동,586-21,1987-11-19,4,2,48,N
고양시,아파트,포레나 킨텍스 아파트(주상복합),일산서구 대화동,2603-0,2019-02-27,49,6,1100,Y
고양시,아파트,푸른마을 10단지(풍림),덕양구 고양동,1121-0,2009-11-20,15,12,557,Y
고양시,아파트,푸른마을 1단지(동익),덕양구 고양동,735-0,2008-09-26,25,5,464,Y
고양시,아파트,푸른마을 2단지(동익),덕양구 고양동,720-0,2004-09-23,25,2,188,Y
고양시,아파트,푸른마을 3단지(동익),덕양구 고양동,719-0,2004-06-30,25,9,958,Y
고양시,아파트,푸른마을 4단지(동익),덕양구 고양동,734-0,2008-09-26,19,6,241,Y
고양시,아파트,푸른마을 5단지(풍림),덕양구 고양동,730-0,2007-04-25,20,8,460,Y
고양시,아파트,푸른마을 6단지(풍림),덕양구 고양동,724-0,2007-04-25,19,5,496,Y
고양시,아파트,푸른마을 7단지(풍림),덕양구 고양동,752-0,2010-10-22,18,2,211,Y
고양시,아파트,푸른마을 8단지,덕양구 고양동,725-0,2007-06-04,15,2,120,N
고양시,아파트,풍동 성원 1차아파트,일산동구 풍동,532-35,1998-02-26,24,10,892,Y
고양시,아파트,풍동 성원 2차아파트,일산동구 풍동,551-34,1998-02-25,17,2,201,Y
고양시,아파트,풍동 성원 3차아파트,일산동구 풍동,551-1,2000-06-29,23,5,333,Y
고양시,아파트,풍동 성원상떼빌 5차아파트,일산동구 풍동,1222-0,2003-04-30,20,6,295,Y
고양시,아파트,풍동 쌍용아파트,일산동구 풍동,1127-1,2002-06-26,18,7,238,Y
고양시,아파트,풍동 중앙하이츠빌아파트,일산동구 풍동,417-2,2001-01-05,15,4,270,Y
고양시,아파트,풍원아파트(101동),일산서구 일산동,2084-0,1996-05-25,15,1,102,N
고양시,아파트,"하늘마을 2단지(명지,동원)",일산동구 중산동,1700-0,2007-11-13,22,10,1000,Y
고양시,아파트,"하늘마을 5단지(한진,신창)",일산동구 중산동,1800-0,2007-08-16,20,13,1150,Y
고양시,아파트,하늘마을 6단지(센트럴더포레),일산동구 중산동,1717-0,2010-07-02,20,10,410,Y
고양시,연립,하늘마을 7단지(중흥에스클래스),일산동구 중산동,1720-0,2008-10-31,4,4,94,N
고양시,아파트,하늘마을 LH 1단지,일산동구 중산동,1680-0,2007-10-25,20,12,1378,N
고양시,아파트,하늘마을 LH 3단지,일산동구 중산동,1801-0,2007-06-14,20,6,583,N
고양시,아파트,하늘마을 LH 4단지,일산동구 중산동,1802-0,2007-06-14,20,7,782,N
고양시,아파트,하림이벨리지타운(주상복합),덕양구 성사동,707-11,2008-09-11,14,1,28,N
고양시,아파트,하이파크시티일산 아이파크 1단지,일산서구 덕이동,1524-0,2011-01-14,28,8,693,Y
고양시,아파트,하이파크시티일산 아이파크 5단지,일산서구 덕이동,1540-0,2011-01-14,29,9,863,Y
고양시,아파트,하이파크시티일산 파밀리에 2단지,일산서구 덕이동,1529-0,2011-03-31,29,12,1208,Y
고양시,아파트,하이파크시티일산 파밀리에 3단지,일산서구 덕이동,1534-0,2011-03-31,29,5,432,Y
고양시,아파트,하이파크시티일산 파밀리에 4단지,일산서구 덕이동,1535-0,2011-03-31,29,17,1676,Y
고양시,아파트,한가람아파트,덕양구 행신동,1054-0,2005-10-04,13,1,42,N
고양시,아파트,한강능곡역 성원상떼빌 1차 주상복합,덕양구 토당동,342-7,2008-03-21,17,1,96,N
고양시,아파트,한강능곡역 성원상떼빌 2차 주상복합,덕양구 토당동,347-7,2011-04-29,20,1,66,N
고양시,아파트,한라비발디리버아파트,덕양구 토당동,298-0,2004-11-23,24,3,482,Y
고양시,아파트,한승미메이드 주상복합,덕양구 관산동,180-7,2007-06-11,14,1,57,N
고양시,연립,한양빌라,덕양구 고양동,Jan-91,1985-12-31,3,5,90,N
고양시,아파트,한화꿈에그린 주상복합,덕양구 화정동,965-1,2003-09-30,25,1,122,N
고양시,아파트,"햇빛마을 20단지(동부,대능,대명)",덕양구 행신동,934-0,1997-06-17,20,17,1713,Y
고양시,아파트,"햇빛마을 21단지(대우,코오롱)",덕양구 행신동,905-0,1997-08-13,20,14,880,Y
고양시,아파트,"햇빛마을 24단지(동신,일신건영)",덕양구 행신동,958-0,1997-02-16,20,14,916,Y
고양시,아파트,햇빛마을 연공 19단지,덕양구 행신동,903-0,1998-08-12,20,11,840,Y
고양시,아파트,햇빛마을 주공 18-1단지,덕양구 행신동,895-0,1998-07-20,20,15,1132,Y
고양시,아파트,햇빛마을 주공 18-2단지,덕양구 행신동,938-0,1998-07-30,20,9,696,Y
고양시,아파트,햇빛마을 주공 22단지,덕양구 행신동,946-0,1996-08-14,15,5,445,Y
고양시,아파트,햇빛마을 주공 23단지,덕양구 행신동,953-0,1996-11-22,20,20,1813,Y
고양시,아파트,행신 2차 에스케이뷰,덕양구 행신동,630-0,2006-02-22,15,3,139,N
고양시,아파트,행신 동문아파트,덕양구 행신동,220-0,1998-10-15,20,1,166,Y
고양시,아파트,행신 벽산아파트,덕양구 행신동,653-38,2000-01-18,25,1,214,Y
고양시,아파트,행신 에스케이뷰 1차,덕양구 행신동,621-0,2005-04-28,24,8,812,Y
고양시,아파트,행신 에스케이뷰 3차,덕양구 행신동,650-0,2009-02-02,25,7,574,Y
고양시,연립,행신 운진연립,덕양구 행신동,653-9,1987-05-18,3,2,42,N
고양시,아파트,행신 윤창 1차아파트,덕양구 행신동,633-67,1996-06-20,17,3,298,Y
고양시,아파트,행신 윤창 2차아파트(201동),덕양구 행신동,650-78,1996-05-29,15,1,100,N
고양시,아파트,행신 장미7차 아파트(대명),덕양구 행신동,"644-1,-43",1991-12-05,15,2,375,Y
고양시,아파트,행신파밀리에트라이하이,덕양구 행신동,1131-0,2022-04-05,15,3,136,N
고양시,아파트,향동 LH 1단지,덕양구 향동동,407-0,2019-11-25,21,3,832,N
고양시,아파트,향동 LH 4단지,덕양구 향동동,406-0,2020-09-08,24,2,498,N
고양시,아파트,"허스아파트(A,B동)",덕양구 관산동,151-0,1987-01-26,5,2,50,N
고양시,아파트,"허스아파트(C,D동)",덕양구 관산동,151-3,1987-01-26,5,2,60,N
고양시,연립,현대성우오스타,일산서구 일산동,2141-0,2011-03-31,4,9,124,N
고양시,아파트,호수마을 1단지 (주상복합)(대우),일산동구 장항동,902-0,1996-02-28,27,3,388,Y
고양시,아파트,호수마을 2단지(현대),일산동구 장항동,881-0,1994-10-29,20,15,1144,Y
고양시,아파트,"호수마을 3단지(삼환,유원)",일산동구 장항동,877-0,1994-05-26,20,17,876,Y
고양시,아파트,호수마을 4단지(럭키롯데),일산동구 장항동,875-0,1994-07-29,18,8,472,Y
고양시,아파트,호수마을 5단지(청구),일산동구 장항동,883-0,1994-02-28,20,8,668,Y
고양시,연립,호일맨션,덕양구 토당동,24-0,1986-10-29,3,2,48,N
고양시,아파트,화성아파트,덕양구 고양동,103-0,1998-06-16,18,1,122,N
고양시,연립,효자빌라,덕양구 주교동,571-1,1985-11-21,3,3,42,N
고양시,아파트,"후곡마을 10단지(동아,서안,임광)",일산서구 일산동,1074-0,1995-03-30,23,10,516,Y
고양시,아파트,후곡마을 11단지(주공),일산서구 일산동,1103-0,1995-09-18,20,10,836,Y
고양시,아파트,후곡마을 12단지(주공),일산서구 일산동,1107-0,1995-09-18,15,10,718,Y
고양시,아파트,후곡마을 13단지(태영),일산서구 일산동,1093-0,1994-12-16,15,6,420,Y
고양시,아파트,후곡마을 14단지(청구),일산서구 일산동,1101-0,1994-05-30,19,8,446,Y
고양시,아파트,후곡마을 15단지(건영),일산서구 일산동,1077-0,1994-06-30,20,10,766,Y
고양시,아파트,후곡마을 16단지(동아코오롱),일산서구 일산동,1086-0,1995-10-25,23,10,948,Y
고양시,아파트,후곡마을 17단지(태영),일산서구 일산동,1087-0,1994-10-28,21,10,540,Y
고양시,아파트,후곡마을 18단지(현대),일산서구 일산동,1090-0,1994-12-09,20,12,784,Y
고양시,아파트,후곡마을 1단지(대우벽산),일산서구 일산동,1040-0,1995-02-27,18,8,498,Y
고양시,아파트,후곡마을 2단지(동양대창),일산서구 일산동,1046-0,1995-07-29,19,8,608,Y
고양시,아파트,후곡마을 3단지(현대),일산서구 일산동,1069-0,1994-10-29,20,9,530,Y
고양시,아파트,후곡마을 4단지(금호한양),일산서구 일산동,1066-0,1995-04-25,21,8,752,Y
고양시,아파트,후곡마을 5단지(영풍한진),일산서구 일산동,1048-0,1995-10-30,18,6,358,Y
고양시,아파트,후곡마을 6단지(건영동부),일산서구 일산동,1050-0,1994-12-16,18,10,676,Y
고양시,아파트,후곡마을 7단지(동성),일산서구 일산동,1055-0,1994-10-31,21,12,802,Y
고양시,아파트,후곡마을 8단지(동신),일산서구 일산동,1057-0,1994-08-30,19,9,434,Y
고양시,아파트,"후곡마을 9단지(롯데,엘지)",일산서구 일산동,1058-0,1994-11-29,23,12,936,Y
고양시,아파트,흰돌마을 1단지 (주상복합)(금호),일산동구 백석동,1194-0,1994-04-09,28,2,299,Y
고양시,아파트,흰돌마을 2단지 (주상복합)(청구),일산동구 백석동,1351-0,1995-12-15,26,3,276,Y
고양시,아파트,"흰돌마을 3단지(국제,한진)",일산동구 백석동,1349-0,1994-08-30,15,11,816,Y
고양시,아파트,흰돌마을 5단지(서안),일산동구 백석동,1344-0,1994-06-29,17,9,628,Y
고양시,아파트,흰돌마을 6단지(라이프타운),일산동구 백석동,1193-0,1994-10-28,4,11,200,Y
고양시,연립,흰돌마을 7단지,일산동구 백석동,1191-0,1996-04-03,4,8,96,N
고양시,아파트,흰돌마을 LH 4단지,일산동구 백석동,1343-0,1995-05-29,15,9,1141,N
고양시,연립,힐스테이트 라피아노 삼송1단지,덕양구 오금동,653-0,2023-03-31,3,47,277,Y
고양시,다세대,힐스테이트 라피아노 삼송2단지,덕양구 오금동,651-0,2023-03-24,3,10,31,Y
고양시,연립,힐스테이트 라피아노 삼송3단지,덕양구 오금동,648-0,2023-03-17,3,24,144,Y
고양시,아파트,힐스테이트킨텍스레이크뷰 주상복합,일산동구 장항동,1784-0,2019-09-26,27,3,299,Y
과천시,아파트,과천그랑레브데시앙,갈현동,855,2023-06-16,20,7,472,Y
과천시,아파트,과천르센토데시앙,갈현동,826,2023-04-17,28,6,584,Y
과천시,아파트,과천리오포레데시앙,갈현동,823,2024-02-15,36,7,547,Y
과천시,아파트,과천린파밀리에,갈현동,856,2024-04-15,29,5,659,Y
과천시,아파트,과천센트레빌,갈현동,692,2020-08-11,15,3,100,N
과천시,아파트,과천수자인,갈현동,641,2024-01-30,20,4,174,Y
과천시,아파트,과천위버필드,원문동,10,2021-01-28,35,21,2128,Y
과천시,아파트,과천자이,별양동,93,2021-11-12,35,27,2099,Y
과천시,아파트,과천제이드자이,갈현동,859,2021-12-24,25,7,647,Y
과천시,아파트,과천타워,별양동,01-17,1997-07-21,10,1,42,N
과천시,아파트,과천포레드림,갈현동,599,2024-01-16,21,6,605,N
과천시,아파트,과천푸르지오라비엔오,갈현동,827,2021-12-10,35,7,679,Y
과천시,아파트,과천푸르지오벨라르테,갈현동,824,2022-10-26,29,5,504,Y
과천시,아파트,과천푸르지오써밋,중앙동,101,2020-03-31,28,32,1571,Y
과천시,아파트,과천푸르지오오르투스,갈현동,815,2023-07-26,29,4,435,Y
과천시,아파트,래미안센트럴스위트,별양동,3,2018-07-25,25,9,543,Y
과천시,아파트,래미안슈르,원문동,4,2008-08-12,25,42,2899,Y
과천시,아파트,래미안에코팰리스,중앙동,71,2007-04-06,15,12,659,Y
과천시,아파트,센트럴파크 푸르지오써밋,부림동,96,2020-12-22,32,15,1317,Y
과천시,아파트,주공 10단지,중앙동,67,1984-07-10,5,12,350,Y
광명시,아파트,e편한세상 센트레빌,하안동,864,2010-01-14,33,27,2815,Y
광명시,아파트,개운고층,소하동,889-1,1990-07-19,15,1,165,Y
광명시,아파트,개운저층,소하동,889-2,1988-08-20,5,3,90,N
광명시,연립,골드클래스,소하동,1325,2016-09-07,4,7,84,N
광명시,아파트,광명 포레시티,소하동,1272-2,2014-07-25,10,1,45,N
광명시,아파트,광명 호반써밋 그랜드에비뉴,광명동,373-3번지 일원,2024-10-29,29,11,1051,Y
광명시,아파트,광명상우2차,광명동,734,1995-09-11,19,1,169,Y
광명시,아파트,광명센트럴아이파트,광명동,88-14번지 일원,2025-10-24,36,11,1957,Y
광명시,아파트,광명소하휴먼시아6단지,소하동,1324,2009-06-24,15,18,1174,N
광명시,아파트,광명신원,광명동,309-1,1998-10-13,17,1,217,Y
광명시,아파트,광명신촌휴먼시아2단지,소하동,1366,2010-10-29,15,14,875,N
광명시,아파트,광명아크포레자이위브,광명동,787-4,2021-04-16,29,19,2104,Y
광명시,아파트,광명역세권 루미엘,소하동,1378,2011-02-08,20,12,797,Y
광명시,아파트,광명역세권메트로포레,소하동,1389,2011-02-08,20,8,407,Y
광명시,아파트,광명역세권휴먼시아1단지,소하동,1373,2010-12-07,15,17,1354,N
광명시,아파트,광명역세권휴먼시아2단지,소하동,1391,2010-12-07,15,9,754,N
광명시,아파트,광명역세권휴먼시아4단지,소하동,1387,2010-11-30,19,13,730,Y
광명시,아파트,광명역센트럴자이,일직동,517,2018-12-24,40,7,1005,Y
광명시,아파트,광명역써밋플레이스,일직동,513,2018-02-19,42,10,1430,Y
광명시,아파트,광명역파크자이,일직동,518,2017-07-27,37,7,875,Y
광명시,아파트,광명역푸르지오,일직동,519,2017-08-08,42,5,640,Y
광명시,아파트,광명영화,광명동,733,1995-10-10,19,1,159,Y
광명시,아파트,광명영화아이닉스,광명동,778,2005-09-29,20,3,298,Y
광명시,아파트,광명월드메르디앙,광명동,781,2007-04-26,26,7,577,Y
광명시,아파트,광명자이더샵포레나,광명동,9-8번지 일원,2025-12-10,38,28,3585,Y
광명시,아파트,광명중앙하이츠,광명동,732,1993-11-26,20,7,1191,Y
광명시,아파트,"광명철산도덕파크타운 1,2단지",철산동,625,2001-09-07,25,15,2351,Y
광명시,아파트,광명팰리스필2차,광명동,782,2007-05-16,15,3,157,Y
광명시,아파트,광명푸르지오,철산동,631,2007-12-06,25,7,426,Y
광명시,아파트,광명푸르지오센트베르,광명동,788-1,2022-10-27,37,12,1335,Y
광명시,아파트,광명푸르지오포레나,광명동,42-42번지 일원,2023-09-19,27,14,1187,Y
광명시,아파트,광명한진,광명동,200-6,1997-06-25,25,10,1633,Y
광명시,아파트,광명해모로이연,광명동,785,2011-09-30,26,16,1267,Y
광명시,아파트,광명현대,광명동,306-8,1999-12-28,18,1,129,N
광명시,아파트,광명현진에버빌,광명동,779,2005-11-11,26,7,657,Y
광명시,아파트,기아사원아파트,소하동,1249,1994-05-17,5,8,135,N
광명시,아파트,기아파크빌,소하동,1238,2012-09-19,7,1,70,N
광명시,아파트,두산위브트레지움,하안동,863,2009-11-02,37,9,1248,Y
광명시,아파트,미도1차,소하동,889,1990-09-06,10,1,78,N
광명시,아파트,상우1차,광명동,717-3,1995-05-27,19,1,148,N
광명시,아파트,상우3차,광명동,757,1997-05-30,20,1,128,N
광명시,아파트,성원,소하동,936,1994-05-26,15,2,193,Y
광명시,아파트,소하금호어울림,소하동,1273,2006-02-07,23,3,406,Y
광명시,아파트,소하동양,소하동,55,2000-06-17,24,2,216,Y
광명시,아파트,소하동양2차,소하동,48-55,2003-11-27,25,11,763,Y
광명시,아파트,소하미도2차,소하동,933,1993-05-08,15,2,193,Y
광명시,아파트,소하미도3차,소하동,940,1994-03-14,18,1,220,Y
광명시,아파트,소하삼익,소하동,48-13,1998-07-01,25,2,247,Y
광명시,아파트,소하우림필유,소하동,1272,2005-10-25,15,1,218,Y
광명시,아파트,소하현대1차,소하동,896,1991-03-11,15,1,150,Y
광명시,아파트,소하휴먼시아1단지,소하동,1284,2009-09-01,15,10,593,N
광명시,아파트,소하휴먼시아2단지,소하동,1288,2010-06-21,15,14,609,Y
광명시,아파트,소하휴먼시아3단지,소하동,1289,2009-12-18,15,8,413,Y
광명시,아파트,소하휴먼시아4단지,소하동,1292,2009-08-03,15,14,898,N
광명시,아파트,소하휴먼시아5단지,소하동,1294,2009-12-15,15,13,731,Y
광명시,아파트,소하휴먼시아7단지,소하동,1348,2010-03-17,15,15,701,Y
광명시,아파트,신촌휴먼시아1단지,소하동,1363,2010-10-29,15,17,859,Y
광명시,아파트,쌍마한신,철산동,245,1992-10-31,15,3,384,Y
광명시,연립,영풍타운,철산동,207,1993-12-15,4,19,156,N
광명시,연립,오승연립,소하동,1073,1986-07-09,3,2,60,N
광명시,아파트,유플래닛데시앙,일직동,512,2019-12-31,49,6,1500,Y
광명시,아파트,제일풍경채,광명동,784,2010-09-03,15,5,195,Y
광명시,아파트,중앙하이츠3차,광명동,374-101,1999-09-02,17,1,127,N
광명시,아파트,철산KBS우성,철산동,58,1990-01-03,15,9,900,Y
광명시,아파트,철산광명2차브라운스톤,철산동,630,2007-05-23,26,7,445,Y
광명시,아파트,철산광복현대,철산동,Jan-55,1998-02-05,23,7,841,Y
광명시,아파트,철산낙천대롯데,철산동,627,2005-02-18,25,6,442,Y
광명시,아파트,철산두산위브,철산동,629,2007-03-29,21,15,900,Y
광명시,아파트,철산래미안자이,철산동,634,2009-11-26,34,17,2072,Y
광명시,아파트,철산리버빌주공,철산동,626-1,2001-10-15,23,4,401,Y
광명시,아파트,철산브라운스톤광명,철산동,628,2006-06-22,19,3,255,Y
광명시,아파트,철산센트럴푸르지오,철산동,638,2021-02-26,29,7,798,Y
광명시,아파트,철산역 롯데캐슬 & SK VIEW 클래스티지,철산동,639-1,2022-03-23,36,13,1313,Y
광명시,아파트,철산자이더헤리티지,철산동,235,2025-05-30,40,23,3804,Y
광명시,아파트,철산주공12단지,철산동,449-6,1986-07-10,15,19,1800,Y
광명시,아파트,철산주공13단지,철산동,241,1986-07-10,15,24,2460,Y
광명시,아파트,철산푸르지오하늘채,철산동,637,2010-02-18,34,12,1264,Y
광명시,아파트,철산한신,철산동,367,1992-11-14,25,12,1568,Y
광명시,아파트,트리우스 광명,광명동,12-2번지 일원,2024-12-26,35,26,3344,Y
광명시,아파트,팰리스필,광명동,777,2004-12-28,15,1,98,N
광명시,아파트,하안주공10단지,하안동,30,1990-03-19,15,17,2032,Y
광명시,아파트,하안주공11단지,하안동,27,1990-06-25,15,6,1080,Y
광명시,아파트,하안주공12단지,하안동,110,1990-11-14,15,24,2392,Y
광명시,아파트,하안주공13단지,하안동,200,1990-11-14,15,13,2077,N
광명시,아파트,하안주공1단지,하안동,682,1989-10-10,15,13,1980,Y
광명시,아파트,하안주공2단지,하안동,681,1989-10-10,15,7,866,Y
광명시,아파트,하안주공3단지,하안동,650,1989-10-10,15,13,2220,Y
광명시,아파트,하안주공4단지,하안동,651,1989-10-10,15,11,1346,Y
광명시,아파트,하안주공5단지,하안동,702,1990-05-08,15,18,2176,Y
광명시,아파트,하안주공6단지,하안동,296,1990-03-19,15,7,1260,Y
광명시,아파트,하안주공7단지,하안동,295,1990-03-19,15,11,1342,Y
광명시,아파트,하안주공8단지,하안동,260,1990-03-19,15,21,1680,Y
광명시,아파트,하안주공9단지,하안동,13,1990-09-10,15,15,1818,Y
광명시,아파트,하안현대,하안동,707-7,1995-12-11,15,6,593,Y
광명시,아파트,현대2차,소하동,919,1992-08-14,11,1,88,N
광명시,아파트,휴먼림,광명동,783,2008-01-14,9,1,30,N
광주시,아파트,경기광주역 행복주택,역동,169-11,2021-12-01,26,2,500,N
광주시,아파트,경안 대우아파트,경안동,157-2,2002-12-27,10,7,338,Y
광주시,아파트,고산리 금호베스트빌아파트,고산동,396,2002-12-12,15,7,476,Y
광주시,아파트,고산리 우림아파트,고산동,182-4,1998-10-15,20,3,238,Y
광주시,아파트,곤지암 삼주노블리제아파트,곤지암읍 곤지암리,593,2005-07-06,15,8,448,Y
광주시,아파트,곤지암 현진에버빌아파트,곤지암읍 삼리,679,2003-11-04,20,5,504,Y
광주시,아파트,곤지암리 쌍용1차아파트,곤지암읍 곤지암리,459,1998-12-29,22,4,440,Y
광주시,아파트,곤지암리 쌍용2차아파트,곤지암읍 곤지암리,457,2000-07-29,20,4,409,Y
광주시,아파트,곤지암리 엘지아파트,곤지암읍 곤지암리,337-12,1997-02-10,18,1,222,Y
광주시,연립,광주송정복합 통합공공임대주택,송정동,120-78,2025-06-19,14,2,88,N
광주시,아파트,광주역 자연앤자이,역동,169-15,2021-11-30,29,9,1031,Y
광주시,아파트,금호 리첸시아 아파트,경안동,447,2021-08-27,25,4,447,Y
광주시,아파트,나산아파트,송정동,580,1995-05-15,24,2,236,Y
광주시,아파트,능평리 금강아파트,능평동,914,2004-08-10,15,2,116,N
광주시,아파트,능평리 롯데캐슬포레스트아파트,능평동,917,2009-02-19,15,4,204,Y
광주시,아파트,능평리 우림필유135아파트,탄벌동,762,2008-11-03,15,3,135,N
광주시,아파트,능평리 현대아파트,능평동,463-1,2001-06-19,15,5,300,Y
광주시,아파트,대쌍령리 신일드림빌아파트,초월읍 대쌍령리,124-4,2002-10-22,15,5,360,Y
광주시,아파트,대쌍령리 우림푸른마을아파트,초월읍 대쌍령리,61-1,1999-11-20,15,8,486,Y
광주시,아파트,더샵오포센트럴포레,고산동,654,2022-07-22,25,15,1396,Y
광주시,아파트,더샵오포센트리체 아파트,고산동,333,2023-12-26,25,13,1475,Y
광주시,아파트,도평리 대주피오레아파트,초월읍 도평리,259,2007-03-30,15,6,434,Y
광주시,아파트,도평리 신일아파트,초월읍 도평리,154,2000-12-06,15,5,358,Y
광주시,아파트,도평리 우림1단지아파트,초월읍 도평리,205,2002-10-10,15,5,477,Y
광주시,아파트,도평리 우림2단지아파트,초월읍 도평리,200,2002-10-10,15,4,261,Y
광주시,아파트,동보아파트,탄벌동,45,1996-02-14,23,4,815,Y
광주시,아파트,두산위브 광주센트럴파크,탄벌동,461-1,2024-08-30,29,6,693,Y
광주시,아파트,두진아파트,경안동,127,1995-08-05,20,1,236,Y
광주시,아파트,라시에라 태전,태전동,744,2023-02-10,4,10,76,N
광주시,아파트,롯데낙천대2단지아파트,초월읍 쌍동리,389,2004-07-30,15,6,418,Y
광주시,아파트,매산리 대성아파트,오포읍 매산리,586-11,2000-12-28,14,7,466,Y
광주시,아파트,목현동 신일해피트리아파트,목현동,21,2002-10-24,15,4,294,Y
광주시,아파트,문형리 신영프로방스아파트,오포읍 문형리,898,2004-08-27,15,7,290,Y
광주시,아파트,문형리 우림(퓨전빌)아파트,오포읍 문형리,140-1,2002-02-28,15,6,498,Y
광주시,아파트,미진아파트,태전동,667,1999-05-11,19,1,243,Y
광주시,아파트,산이리 대주아파트,초월읍 산이리,432,2004-03-31,15,8,505,Y
광주시,아파트,산이리 벽산블루밍아파트,초월읍 산이리,433,2004-03-31,15,8,516,Y
광주시,아파트,산이리 코아루햇빛마을아파트,초월읍 산이리,18-1,2000-11-16,17,4,363,Y
광주시,아파트,산호아파트,탄벌동,37,1994-12-30,18,1,183,Y
광주시,아파트,삼동 우남퍼스트빌아파트,삼동,504,2004-06-24,15,5,343,Y
광주시,아파트,송정동 금강펜테리움아파트1단지,송정동,573,2010-06-03,12,8,350,Y
광주시,아파트,송정동 금강펜테리움아파트2단지,송정동,574,2010-06-03,15,9,344,Y
광주시,아파트,송정동 대주파크빌아파트,송정동,367-7,2005-06-07,15,4,299,Y
광주시,아파트,송정동 브라운스톤아파트,송정동,560,2004-08-31,12,3,168,Y
광주시,아파트,송정동 우림필유아파트,송정동,575,2010-05-31,15,7,368,Y
광주시,아파트,송정동 현대아파트,송정동,55,2002-07-19,20,4,326,Y
광주시,아파트,신현리 e-편한세상1차아파트,신현동,1229,2012-09-06,15,6,248,Y
광주시,아파트,신현리 e-편한세상2차아파트,신현동,1230,2010-11-23,14,3,135,N
광주시,아파트,신현리 현대(모닝사이드)1차 1단지,신현동,681-4,2002-02-08,15,5,318,Y
광주시,아파트,신현리 현대(모닝사이드)1차 2단지,신현동,681-4,2002-02-08,15,6,300,Y
광주시,아파트,신현리 현대(모닝사이드)2차아파트,신현동,588-1,2001-12-11,15,5,348,Y
광주시,아파트,쌍동리 e-편한세상아파트 1단지,초월읍 쌍동리,393,2007-05-31,15,3,266,Y
광주시,아파트,쌍동리 e-편한세상아파트 2단지,초월읍 쌍동리,394,2007-05-31,15,3,296,Y
광주시,아파트,쌍동리 동광모닝스카이1차아파트,초월읍 쌍동리,392,2005-07-29,15,5,378,Y
광주시,아파트,쌍령동 광주센트럴푸르지오아파트,쌍령동,503,2018-04-27,20,18,1425,Y
광주시,아파트,쌍령동 대광로제비앙아파트,쌍령동,502,2017-12-29,29,3,265,Y
광주시,아파트,쌍령동 동성1차아파트,쌍령동,337,2001-12-15,20,7,495,Y
광주시,아파트,쌍령동 동성2차아파트,쌍령동,349,2002-11-30,18,6,440,Y
광주시,아파트,쌍령동 서희스타힐스아파트,쌍령동,501,2013-03-07,15,5,198,Y
광주시,아파트,쌍령동 현대(모닝사이드)2차아파트,쌍령동,360-1,2003-05-30,17,6,513,Y
광주시,아파트,쌍령동 현대1차아파트,쌍령동,353-9,2000-12-28,19,6,470,Y
광주시,아파트,쌍용 더플래티넘 광주,초월읍 대쌍령리,산7-2번지,2022-02-28,19,15,873,Y
광주시,아파트,양벌리 대주(파크빌)2차아파트,양벌동,940-5,2002-12-11,15,8,477,Y
광주시,아파트,양벌리 대주1차아파트 A블럭,양벌동,355-1,2003-01-29,15,4,292,Y
광주시,아파트,양벌리 대주1차아파트 B블럭,양벌동,347,2003-01-29,15,4,270,Y
광주시,아파트,양벌리 대주1차아파트 C블럭,양벌동,343-1,2003-01-29,15,4,270,Y
광주시,아파트,양벌리 세양청마루아파트,양벌동,1104,2004-01-20,15,5,408,Y
광주시,아파트,양벌리 쌍용1차아파트,양벌동,285,1999-03-31,15,4,313,Y
광주시,아파트,양벌리 쌍용2차아파트,양벌동,362,2002-11-01,18,5,492,Y
광주시,아파트,양벌리 우림아파트,양벌동,359,2000-10-17,15,8,448,Y
광주시,아파트,양촌 현대아파트,양벌동,616,2000-11-17,15,4,390,Y
광주시,아파트,역동 e편한세상 광주역 1단지,역동,243,2016-10-31,19,8,441,Y
광주시,아파트,역동 e편한세상 광주역 2단지,역동,244,2016-10-31,23,5,289,Y
광주시,아파트,역동 e편한세상 광주역 3단지,역동,245,2016-10-31,22,7,423,Y
광주시,아파트,역동 e편한세상 광주역 4단지,역동,246,2016-10-31,19,7,331,Y
광주시,아파트,역동 e편한세상 광주역 5단지,역동,247,2016-10-31,20,5,314,Y
광주시,아파트,역동 e편한세상 광주역 6단지,역동,248,2016-10-31,21,5,324,Y
광주시,아파트,오포 자이오브제,고산동,486,2024-08-29,25,10,927,Y
광주시,아파트,오포베르빌아파트,능평동,141-2,2001-12-12,15,8,436,Y
광주시,아파트,오포읍 e편한세상광주양벌아파트(오포4차),양벌동,1106,2018-03-26,20,6,388,Y
광주시,아파트,오포읍 e편한세상오포3차아파트,신현동,1232,2016-10-31,15,7,336,Y
광주시,아파트,오포읍 문형리 양우내안애 아파트,오포읍 문형리,600,2018-10-12,23,15,1028,Y
광주시,아파트,오포읍 신현라온프라이빗,신현동,1233,2016-10-31,15,4,223,Y
광주시,아파트,오포읍 신현리 e편한세상 테라스 오포2단지아파트,신현동,1241,2018-07-11,18,4,189,Y
광주시,아파트,오포읍 신현리 e편한세상 테라스 오포3단지아파트,신현동,1242,2018-07-11,9,5,211,Y
광주시,아파트,오포읍 신현리 e편한세상 테라스 오포4단지아파트,신현동,1243,2018-07-11,9,6,173,Y
광주시,아파트,오포읍 신현리 e편한세상태재 1단지아파트,신현동,1236,2018-07-24,18,7,480,Y
광주시,아파트,오포읍 신현리 e편한세상태재 2단지아파트,신현동,1237,2018-07-24,12,3,144,N
광주시,아파트,오포읍 양벌리 우방아이유쉘 1단지아파트,양벌동,산63-8,2018-09-14,14,8,352,Y
광주시,아파트,오포읍 양벌리 우방아이유쉘 2단지아파트,양벌동,산48,2018-09-14,18,8,446,Y
광주시,아파트,오포읍 추자리 서희스타힐스아파트,추자동,586,2019-11-29,23,8,605,Y
광주시,아파트,오포자이 디 오브 3BL,고산동,704,2024-02-28,23,6,447,Y
광주시,아파트,오포자이 디 오브 4BL,고산동,705,2024-02-28,23,7,448,Y
광주시,아파트,용수리 동광모닝스카이2차아파트,초월읍 용수리,558,2009-09-02,11,2,80,N
광주시,아파트,장지동 금광포란재아파트,장지동,755,2004-03-26,15,1,147,N
광주시,아파트,장지동 벽산블루밍아파트 1단지,장지동,756,2011-07-06,20,6,359,Y
광주시,아파트,장지동 벽산블루밍아파트 2단지,장지동,757,2011-07-06,19,7,357,Y
광주시,아파트,장지동 현대아파트,장지동,692-61,2000-09-30,20,6,477,Y
광주시,아파트,지월리 금강아미움아파트,초월읍 지월리,885,2004-11-01,15,4,296,Y
광주시,아파트,지월리 세광엔리치빌아파트,초월읍 지월리,546,2002-09-05,19,6,338,Y
광주시,아파트,진우리 근형심포니아파트,도척면 진우리,1002,2005-08-30,15,6,384,Y
광주시,아파트,초월 힐스테이트아파트 1BL,쌍동리,146-5,2024-06-28,20,8,591,Y
광주시,아파트,초월 힐스테이트아파트 2BL,쌍동리,Jan-71,2024-06-28,20,7,506,Y
광주시,아파트,초월롯데캐슬아파트,초월읍 쌍동리,390,2004-07-30,15,6,398,Y
광주시,아파트,초월역 한라비발디 아파트,초월읍 쌍동리,300-5,2023-04-27,22,14,1108,Y
광주시,아파트,초월읍 쌍동리 모아미래도파크힐스아파트,초월읍 쌍동리,395,2020-07-31,25,7,587,Y
광주시,아파트,킴스빌리지아파트,곤지암읍 삼리,125-1,2001-11-24,20,4,1152,Y
광주시,아파트,탄벌동 경남아너스빌아파트 1단지,탄벌동,765,2011-07-06,20,6,435,Y
광주시,아파트,탄벌동 경남아너스빌아파트 2단지,탄벌동,766,2011-07-06,20,8,450,Y
광주시,아파트,탄벌동 우림루미아트아파트,탄벌동,762,2006-02-08,19,5,267,Y
광주시,아파트,탄벌동 현대아파트,탄벌동,40,2000-07-29,20,7,545,Y
광주시,아파트,탄벌서희스타힐스 1단지,탄벌동,509,2024-08-30,24,5,416,Y
광주시,아파트,탄벌서희스타힐스 2단지,탄벌동,532,2024-08-30,23,4,351,Y
광주시,아파트,태전 경남아너스빌 시그니처,장지동,692-63,2022-03-31,24,7,624,Y
광주시,아파트,태전5차성원상떼빌아파트,태전동,228-1,2002-12-31,20,8,550,Y
광주시,아파트,태전동 e-편한세상아파트,태전동,691,2006-08-02,15,7,278,Y
광주시,아파트,태전동 e편한세상태전2차 1단지,태전동,695,2017-09-26,20,6,322,Y
광주시,아파트,태전동 e편한세상태전2차 2단지,태전동,696,2017-09-26,20,5,305,Y
광주시,아파트,태전동 e편한세상태전2차 3단지,태전동,697,2017-09-26,20,6,284,Y
광주시,아파트,태전동 성원2단지아파트,태전동,222,2000-12-28,20,6,435,Y
광주시,아파트,태전동 성원3단지아파트,태전동,193,2000-12-28,20,5,427,Y
광주시,아파트,태전동 성원아파트,태전동,228,1999-07-30,20,8,654,Y
광주시,아파트,태전동 신영지웰아파트,태전동,694,2017-08-30,15,4,181,Y
광주시,아파트,태전동 쌍용1단지아파트,태전동,690,2004-01-19,15,7,390,Y
광주시,아파트,태전동 쌍용2단지아파트,태전동,688,2004-01-05,15,7,398,Y
광주시,아파트,태전동 쌍용3단지아파트,태전동,687,2004-01-05,15,6,409,Y
광주시,아파트,태전동 우림필유아파트,태전동,692,2010-12-02,20,8,475,Y
광주시,아파트,태전동 태전 효성해링턴 플레이스아파트,태전동,705,2018-06-15,20,10,702,Y
광주시,아파트,태전동 태전아이파크아파트,태전동,87,2017-08-30,25,7,640,Y
광주시,아파트,태전동 태전파크자이13단지아파트,태전동,726,2019-08-29,17,6,328,Y
광주시,아파트,태전동 태전파크자이14단지아파트,태전동,728,2019-08-29,18,6,340,Y
광주시,아파트,태전동 힐스테이트태전 4단지,태전동,697,2017-09-28,22,6,405,Y
광주시,아파트,태전동 힐스테이트태전 5단지,태전동,699,2017-09-28,22,8,597,Y
광주시,아파트,태전동 힐스테이트태전 6단지,태전동,700,2017-09-28,20,6,459,Y
광주시,아파트,태전동 힐스테이트태전 7단지,태전동,702,2017-10-30,23,8,556,Y
광주시,아파트,태전동 힐스테이트태전 8단지,태전동,703,2017-10-30,22,6,620,Y
광주시,아파트,태전동 힐스테이트태전 9단지,태전동,704,2017-10-30,22,6,509,Y
광주시,아파트,태전동 힐스테이트태전2차에듀포레10단지아파트,태전동,722,2019-08-29,23,5,394,Y
광주시,아파트,태전동 힐스테이트태전2차에듀포레11단지아파트,태전동,732,2019-08-29,23,10,706,Y
광주시,아파트,파라다이스1단지아파트,탄벌동,1-3,2001-10-26,22,3,261,Y
광주시,아파트,파라다이스2단지아파트,송정동,123-1,2001-10-26,22,4,279,Y
광주시,아파트,해태그린아파트,경안동,185-1,2000-10-05,21,2,317,Y
광주시,아파트,행정타운 아이파크,송정동,662,2024-06-13,25,10,828,Y
광주시,아파트,회덕동 대주파크빌아파트,회덕동,441,2004-03-26,15,4,296,Y
광주시,아파트,회덕동 벽산블루밍아파트,회덕동,295-3,2002-12-06,15,4,282,Y
광주시,아파트,힐스테이트 삼동역 아파트,삼동,254-43,2023-06-02,20,7,565,Y
구리시,아파트,e편한세상인창어반포레,인창동,716,2021-09-17,25,7,632,Y
구리시,아파트,갈매1단지아파트,갈매동,573,2016-07-01,24,8,1546,N
구리시,아파트,갈매2단지아파트,갈매동,77,2016-11-01,29,14,1444,N
구리시,아파트,갈매6단지아파트,갈매동,631,2018-06-30,27,10,1033,Y
구리시,아파트,갈매더샵나인힐스아파트,갈매동,665,2016-06-15,25,9,857,Y
구리시,아파트,갈매스타힐스아파트(갈매4단지),갈매동,산101-1,2017-08-07,28,12,1018,Y
구리시,아파트,갈매역아이파크아파트,갈매동,266-1,2017-04-27,29,12,1196,Y
구리시,아파트,갈매와이시티아파트(갈매5단지),갈매동,371,2017-10-10,25,5,382,Y
구리시,아파트,갈매푸르지오아파트,갈매동,332-1,2017-10-27,20,10,921,Y
구리시,아파트,교문금호어울림,교문동,828,2009-04-21,12,6,276,Y
구리시,아파트,교문동방,교문동,01-08,1995-12-12,22,2,307,Y
구리시,아파트,교문두산,교문동,766,1991-05-31,5,14,434,Y
구리시,아파트,교문우성한양,교문동,809-2,1994-07-26,21,8,682,Y
구리시,아파트,교문일성,교문동,767,1999-05-20,22,2,330,Y
구리시,아파트,교문장자마을동양,교문동,825,2001-08-31,23,3,212,Y
구리시,아파트,교문장자마을신명,교문동,826,2001-09-08,23,6,434,Y
구리시,아파트,교문하나,교문동,809-1,1994-07-16,20,10,686,Y
구리시,아파트,교문한가람,교문동,809,1994-12-07,18,8,712,Y
구리시,아파트,교문한성1차,교문동,766-1,1990-12-24,5,16,490,Y
구리시,아파트,구리 더샵 그린포레 2단지,인창동,714,2015-05-15,20,3,171,Y
구리시,아파트,구리 더샵 그린포레1단지,인창동,713,2015-05-15,20,4,236,Y
구리시,아파트,"구리교문(대우,동양고속)",교문동,809-3,1994-10-26,19,8,680,Y
구리시,아파트,구리덕현,교문동,808,1993-12-15,20,12,1077,Y
구리시,아파트,구리럭키,수택동,853,1992-07-20,12,5,608,Y
구리시,아파트,구리수택행복주택,수택동,852,2021-08-12,18,3,394,N
구리시,아파트,구리태영데시앙아파트,수택동,888,2014-11-25,18,4,272,Y
구리시,아파트,구리토평주공,수택동,879,2002-05-03,26,9,693,Y
구리시,아파트,금호1차,교문동,820,2001-08-31,25,7,704,Y
구리시,아파트,금호베스트빌2차아파트,수택동,877,2001-08-31,24,6,498,Y
구리시,아파트,다우림아파트,인창동,704,2006-09-06,14,1,56,N
구리시,연립,대명빌리지,교문동,765,1993-11-30,4,9,150,N
구리시,아파트,대명아파트,인창동,610-81,1989-10-06,5,2,99,N
구리시,아파트,대명아파트,인창동,610-20,1989-12-30,5,2,90,N
구리시,연립,동산빌라,수택동,454-17,1986-12-24,3,3,54,N
구리시,연립,동진뱅크빌,수택동,847-1,2011-08-11,10,1,53,N
구리시,아파트,무학수누피마을,수택동,449-1,2007-06-01,13,1,46,N
구리시,아파트,무학율촌마을,수택동,469-1,2007-01-16,11,1,56,N
구리시,아파트,반석블레스아파트,수택동,471,2008-06-09,15,1,80,N
구리시,아파트,범우아파트,수택동,471-1,1988-05-30,5,1,50,N
구리시,연립,복지빌라,수택동,276-64,1983-01-26,3,2,36,N
구리시,연립,삼용주택,교문동,768,1994-02-28,4,4,67,N
구리시,아파트,삼환신일아파트,인창동,667-1,1996-11-16,18,10,552,Y
구리시,연립,성림빌라,수택동,460,1985-12-03,2,3,40,N
구리시,연립,성우주택,수택동,653-4,1986-12-29,3,2,36,N
구리시,아파트,수택e편한세상센트럴파크,수택동,437,2020-01-30,29,11,733,Y
구리시,아파트,수택금호어울림,수택동,542,2006-12-18,15,4,138,N
구리시,아파트,수택남양아이좋은집,수택동,550,2004-11-30,25,5,319,Y
구리시,아파트,수택대림한숲,수택동,854,1995-08-14,18,5,956,Y
구리시,아파트,수택성원상떼빌,수택동,482-2,2006-10-31,15,1,182,Y
구리시,아파트,수택쌍용,수택동,440,1996-12-13,20,3,241,Y
구리시,아파트,수택엘지원앙,수택동,854-2,1995-08-10,18,7,824,Y
구리시,아파트,수택주공,수택동,549-6,2000-11-09,25,3,420,Y
구리시,아파트,수택하이스트빌,수택동,506-9,2008-04-25,15,1,175,Y
구리시,아파트,수택한성3차,수택동,854-3,1994-10-01,20,2,240,Y
구리시,아파트,신명스카이뷰,토평동,262-1,2006-03-06,13,1,77,N
구리시,아파트,신성미소지움,수택동,448-6,2007-03-09,15,1,90,N
구리시,아파트,아차산어울림아파트,교문동,487-27,2010-09-24,12,7,299,Y
구리시,아파트,영풍마드레빌1차아파트,수택동,885,2003-12-31,24,3,251,Y
구리시,아파트,영풍마드레빌2차,토평동,1011,2003-09-03,14,2,83,N
구리시,연립,우림빌라,수택동,684-1,2000-06-08,4,3,69,N
구리시,아파트,우림아파트,수택동,684-6,1999-12-24,17,3,266,N
구리시,아파트,우림필유아파트,인창동,711,2008-09-22,22,2,121,N
구리시,아파트,우방아이유쉘,인창동,480,2001-12-27,15,2,119,N
구리시,아파트,원일아파트,수택동,552,1989-05-06,5,6,215,N
구리시,아파트,원일주택,교문동,232-2,1988-06-30,4,4,116,N
구리시,아파트,유진스엘아파트,토평동,269-1,2009-06-03,19,2,85,N
구리시,아파트,유탑트윈펠리스,수택동,481,2022-01-21,18,1,299,Y
구리시,아파트,이룸넘버원리치안,갈매동,646,2017-03-14,7,1,206,Y
구리시,아파트,인창1단지주공아파트,인창동,663-1,1996-10-10,20,15,1344,Y
구리시,아파트,인창1차동문굿모닝힐,인창동,707,2007-08-31,24,4,312,Y
구리시,아파트,인창2차동문굿모닝힐,인창동,706,2007-01-05,17,4,209,Y
구리시,아파트,인창e편한세상,인창동,309-6,2004-07-31,21,1,154,Y
구리시,아파트,인창건영,인창동,474,1994-07-08,18,5,573,Y
구리시,아파트,인창금호어울림,인창동,709,2006-06-30,15,5,235,Y
구리시,아파트,인창대림2차e편한세상,인창동,705,2006-12-29,25,11,621,Y
구리시,아파트,인창동양,인창동,487,2002-10-15,25,7,485,Y
구리시,아파트,인창동원베네스트,인창동,703,2004-11-26,25,7,572,Y
구리시,아파트,인창삼보,인창동,665-1,1996-11-07,20,13,906,Y
구리시,아파트,인창삼호,인창동,590,1991-10-25,15,2,231,Y
구리시,아파트,인창성원2차,인창동,453,2000-10-31,23,6,461,Y
구리시,아파트,인창아름마을래미안,인창동,동구릉로85번길63,2000-10-30,25,4,379,Y
구리시,아파트,인창아름마을래미안,인창동,487-1,2000-10-30,25,5,437,Y
구리시,아파트,인창아름마을성원,인창동,528-1,1999-07-30,23,3,190,Y
구리시,아파트,인창아름마을엘지,인창동,640-1,1999-05-26,23,4,482,Y
구리시,아파트,인창아름마을원일,인창동,651-27,1998-10-31,23,5,777,Y
구리시,아파트,인창아름마을일신건영1차,인창동,487-32,1999-11-02,23,5,441,Y
구리시,아파트,인창원일가대라곡,인창동,691,2005-03-31,17,7,533,Y
구리시,아파트,인창주공2단지,인창동,664-1,1997-06-20,20,13,1229,Y
구리시,아파트,인창주공4단지,인창동,666-1,1996-06-25,20,16,1408,Y
구리시,아파트,인창주공6단지,인창동,668-1,1996-10-17,20,10,1018,Y
구리시,아파트,인창칸타빌더헤리티지,인창동,636,2023-03-01,25,5,375,Y
구리시,아파트,인창풍림아이원,인창동,712,2014-11-26,15,2,98,N
구리시,아파트,인창한진그랑빌,인창동,29,2002-01-10,25,7,953,Y
구리시,아파트,인창현대홈타운,인창동,508,2002-08-16,25,7,598,Y
구리시,아파트,일신건영2차,인창동,487-51,2001-09-28,21,2,189,Y
구리시,연립,잉꼬빌라,수택동,661,1985-10-31,3,6,108,N
구리시,아파트,정은스카이빌아파트,인창동,710,2008-08-19,15,1,89,N
구리시,아파트,클레시움더테라스하우스,인창동,715,2017-06-20,5,6,132,N
구리시,연립,태양파크,수택동,544,1985-12-18,3,2,30,N
구리시,아파트,토평검배마을SK신일,토평동,1008,2001-06-22,22,5,492,Y
구리시,아파트,토평마을e편한세상아파트,토평동,955,2001-06-27,21,8,678,Y
구리시,아파트,토평삼성래미안,토평동,960,2001-06-27,22,5,402,Y
구리시,아파트,토평상록,토평동,959,2002-01-16,24,6,488,Y
구리시,아파트,토평우남,토평동,1009,2000-12-28,20,3,252,Y
구리시,아파트,토평한일,토평동,961,2001-08-23,21,5,526,Y
구리시,아파트,한라비발디아파트(갈매3단지),갈매동,590,2016-05-04,29,14,1075,Y
구리시,아파트,한양수자인구리역리버시티,수택동,559-17,2021-06-30,20,7,410,Y
구리시,아파트,한인아파트,수택동,517-3,1989-05-09,5,2,99,N
구리시,아파트,현암아파트,수택동,561-7,1989-07-08,5,1,30,N
구리시,아파트,힐스테이트 구리역,수택동,532,2024-05-31,20,7,565,Y
군포시,아파트,LG신산본자이 1차 아파트,당동,957-2,2003-02-11,22,6,453,Y
군포시,아파트,LG신산본자이 2차 아파트,당정동,973-1,2003-04-19,22,10,914,Y
군포시,아파트,Park30,당정동,998-1,2014-09-30,12,1,37,N
군포시,아파트,e-편한세상금정역에코센트럴,산본동,310-2,2007-06-11,27,9,677,Y
군포시,아파트,kcc 2차아파트,당동,791-1,2006-06-29,6,1,36,N
군포시,아파트,가야 1차아파트,산본동,1155,1993-08-13,20,16,1601,Y
군포시,아파트,가야 2차아파트,산본동,1155-7,1993-07-23,15,3,900,N
군포시,아파트,가야 3차아파트,산본동,1155-7,1993-09-10,25,7,949,Y
군포시,아파트,개나리아파트,산본동,1066,1995-11-16,25,17,1778,Y
군포시,아파트,개성하이뷰,산본동,82,2015-02-04,10,1,53,N
군포시,아파트,건국아파트,당동,790,1987-12-28,6,1,48,N
군포시,아파트,건양 1차아파트,대야미동,654-14,1997-02-14,20,1,154,Y
군포시,아파트,건양 2차아파트,대야미동,659-1,1998-08-24,20,1,157,Y
군포시,아파트,경아아파트,금정동,762-5,1984-05-28,5,1,60,N
군포시,아파트,계룡삼환아파트,산본동,1152-7,1992-12-15,28,15,604,Y
군포시,아파트,군포대야미역서해그랑블,대야미동,666-1,2021-11-08,21,2,184,Y
군포시,아파트,군포동아아파트,당동,900,1993-04-15,15,5,485,Y
군포시,아파트,군포두산아파트,당동,907,1992-12-29,15,5,398,Y
군포시,아파트,군포송정엘에이치3단지,도마교동,458-1,2019-07-01,25,4,720,N
군포시,아파트,군포제일아파트,당동,734 외 1,2003-05-13,15,1,97,N
군포시,아파트,금강 1차아파트,산본동,1148-4,1995-10-11,25,15,1318,Y
군포시,아파트,금강 2차아파트,산본동,1147,1996-06-10,15,4,340,Y
군포시,아파트,금강펜테리움센트럴파크1차,도마교동,456,2018-01-12,25,7,658,Y
군포시,아파트,금강펜테리움센트럴파크2차,도마교동,458,2018-10-24,25,5,447,Y
군포시,아파트,금강펜테리움센트럴파크3차,도마교동,471,2019-09-23,25,8,750,Y
군포시,아파트,금정동 쌍용아파트,금정동,704 외 2,2002-10-24,15,3,264,Y
군포시,아파트,금환아파트,산본동,83-28,1987-12-09,6,1,36,N
군포시,아파트,기오 5차아파트,금정동,753-16,1985-10-29,4,1,24,N
군포시,아파트,기오 6차아파트,금정동,734,1986-07-24,6,1,36,N
군포시,아파트,기오 7차아파트,금정동,770-4,1987-05-27,5,1,40,N
군포시,아파트,남경아파트,대야미동,642-8,2007-08-21,15,1,58,N
군포시,아파트,누리에뜰아파트,당정동,978-1,2007-06-13,9,2,47,N
군포시,아파트,누리에뜰아파트,당정동,979-1,2007-06-13,9,2,47,N
군포시,아파트,누리에뜰아파트,당정동,976-6,2007-06-13,13,1,35,N
군포시,아파트,다산아파트,금정동,871-11,1992-04-15,15,11,829,Y
군포시,아파트,당동 대흥아파트,당동,923,1998-02-27,24,1,147,N
군포시,아파트,당동 쌍용아파트,당동,873,1998-07-01,24,7,770,Y
군포시,아파트,당동 주공 2-1단지아파트,당동,874,1997-07-22,20,6,600,Y
군포시,아파트,당동 주공 2-2단지아파트,당동,874,1997-07-22,25,4,400,Y
군포시,아파트,당동 주공 3단지아파트,당동,886,1997-09-30,25,10,830,Y
군포시,아파트,당동 주공 4단지아파트,당동,885,1997-07-14,20,8,800,Y
군포시,아파트,당동쌍용스위트닷홈,당동,957-1,2003-02-18,15,2,115,N
군포시,아파트,대명주택,당정동,1003-4,2012-05-17,5,1,42,N
군포시,아파트,대야미e편한세상,대야미동,667-3 외 2,2008-06-20,15,14,689,Y
군포시,아파트,대원주택(스튜디오77),당정동,1010-8,2011-11-07,12,1,77,N
군포시,아파트,대원칸타빌,당정동,1019-1,2009-02-24,14,1,50,N
군포시,아파트,대원칸타빌,당정동,1012-3,2009-02-24,11,1,36,N
군포시,아파트,대원칸타빌,당정동,1021-1,2009-02-24,9,1,31,N
군포시,아파트,대원칸타빌,당정동,1022-1,2009-02-24,12,2,55,N
군포시,아파트,대원칸타빌,당정동,1024-1,2009-02-24,15,1,50,N
군포시,아파트,대원칸타빌,당정동,1023-1,2009-02-24,12,1,40,N
군포시,아파트,대흥 5차아파트,금정동,710-2,1986-05-27,6,1,48,N
군포시,아파트,대흥아파트,금정동,716,1990-05-24,6,2,72,N
군포시,아파트,덕산 1차아파트,당동,902,2002-09-30,15,1,90,N
군포시,아파트,덕산 2차아파트,당동,"903-8,9",2004-05-25,15,1,90,N
군포시,아파트,덕산큐브,당동,966-1,2019-01-25,13,1,48,N
군포시,아파트,덕유아파트,산본동,1152-2,1996-06-11,15,3,267,Y
군포시,아파트,동도센트리움,당동,963,2019-09-25,18,3,218,Y
군포시,아파트,동도센트리움,당정동,998-2,2014-01-24,16,2,216,Y
군포시,아파트,동문아파트,당동,960-4,2003-02-18,15,1,90,N
군포시,아파트,동백우성아파트,산본동,1059,1993-08-12,24,15,624,Y
군포시,아파트,마빌르스위트아파트,당동,795,2004-04-29,15,1,112,N
군포시,아파트,마젤리안아파트,당동,"949-1,2",2005-03-16,12,1,45,N
군포시,아파트,매화 1차아파트,산본동,1055,1995-07-21,15,10,1340,N
군포시,아파트,매화 2차아파트,산본동,1055,1995-10-16,20,5,507,Y
군포시,아파트,묘향롯데아파트,산본동,1148,1993-07-21,22,12,784,Y
군포시,아파트,무궁화아파트,당동,787-1,1985-12-26,4,2,92,N
군포시,아파트,무궁화주공아파트,금정동,849,1992-04-15,15,15,1329,Y
군포시,아파트,무지개마을kcc아파트,당동,796 외 5,2006-05-24,25,3,299,Y
군포시,아파트,무지개마을신산본e-편한세상,당동,954,2003-06-24,19,12,989,Y
군포시,아파트,백두극동아파트,산본동,1119-3,1993-09-16,25,8,472,Y
군포시,아파트,백두동성아파트,산본동,1119-4,1993-01-30,25,9,460,Y
군포시,아파트,백두한양아파트,산본동,1119,1994-09-14,25,18,930,Y
군포시,아파트,백합아파트,산본동,1063,1993-06-02,23,8,536,Y
군포시,아파트,산본 e-편한세상 센트럴파크,산본동,1121,2002-01-31,15,11,525,Y
군포시,아파트,삼성래미안하이어스,산본동,1240,2010-09-20,34,29,2644,Y
군포시,아파트,삼성마을 THE 숲,부곡동,1204,2014-06-10,20,8,522,Y
군포시,아파트,삼성마을 센트럴파크,부곡동,1201,2014-04-28,19,8,488,Y
군포시,아파트,삼성마을 시티프라디움,당동,1020,2014-05-27,17,7,342,Y
군포시,아파트,삼성마을1단지,당동,1024,2014-05-27,20,5,504,N
군포시,아파트,삼성마을2단지,부곡동,1199,2013-12-16,24,5,422,Y
군포시,아파트,삼성마을5단지,부곡동,1181,2012-04-06,20,9,489,Y
군포시,아파트,삼성미도 2차아파트,당동,737-7,1998-05-30,15,2,135,N
군포시,아파트,삼성미도아파트,산본동,45-1,1996-09-13,20,1,194,Y
군포시,아파트,삼성아파트,산본동,1028,1988-06-25,5,10,370,Y
군포시,아파트,삼성장미아파트,산본동,1092,1993-06-20,24,12,822,Y
군포시,아파트,삼익소월아파트,금정동,871-7,1992-12-15,26,11,790,Y
군포시,아파트,상남아파트,산본동,Aug-71,1987-05-14,5,2,60,N
군포시,아파트,상안아파트,금정동,710,1987-12-30,6,2,84,N
군포시,아파트,상훈아파트,금정동,773,2008-05-15,12,2,69,N
군포시,아파트,설악아파트,산본동,1151-9,1996-06-25,25,11,1471,Y
군포시,아파트,성균관아파트,금정동,758,1986-03-06,5,2,40,N
군포시,아파트,세종아파트,산본동,1145,1994-11-01,25,21,1827,Y
군포시,아파트,센트럴아이파크,대야미동,636-1 외 2,2007-09-28,15,12,578,Y
군포시,아파트,솔거아파트,산본동,1146,1993-09-02,25,16,1158,Y
군포시,아파트,송부센트럴시티,부곡동,1080(C1),2010-04-15,15,12,402,Y
군포시,아파트,수리한양아파트,산본동,1151-5,1994-07-16,25,26,1342,Y
군포시,아파트,숲속반디채,도마교동,479,2018-11-15,25,5,542,N
군포시,아파트,신안모란아파트,산본동,1065-4,1994-10-19,23,8,716,Y
군포시,아파트,신안실크벨리아파트,대야미동,"652-7,9",2008-08-29,15,1,86,N
군포시,아파트,신안아파트,금정동,711,1988-07-04,5,1,35,N
군포시,아파트,신원아파트,당동,836-9,1987-07-09,5,1,33,N
군포시,아파트,신환아파트,금정동,744-1,1990-09-19,15,4,562,Y
군포시,아파트,에덴다모은정아파트,산본동,48,2005-05-31,14,1,68,N
군포시,아파트,엘에이치송정마을,도마교동,471-1,2019-07-01,24,7,726,Y
군포시,아파트,영광아파트,당동,731-1,1989-04-25,5,1,45,N
군포시,아파트,영실아파트,당동,759-9,1987-03-09,5,1,30,N
군포시,아파트,영진아파트,당동,786-12,1983-03-31,5,2,40,N
군포시,아파트,영화 5차아파트,금정동,754,1986-12-06,6,1,48,N
군포시,아파트,영화아파트,금정동,769-1,1987-12-17,5,1,35,N
군포시,아파트,용호마을e-편한세상,당동,979-1 외 2,2005-09-22,15,23,1247,Y
군포시,아파트,우륵아파트,산본동,1146-11,1994-11-01,25,15,1312,Y
군포시,아파트,우방목련아파트,산본동,1091-1,1994-10-08,19,12,792,Y
군포시,아파트,율곡아파트,금정동,876,1994-05-15,25,21,2042,Y
군포시,아파트,은성아파트,금정동,772-15,1987-08-04,5,1,45,N
군포시,아파트,은성아파트,당동,746-22,1986-10-11,5,1,45,N
군포시,아파트,을지아파트,산본동,1145-14,1993-10-28,25,13,818,Y
군포시,아파트,의왕역센트럴시티,부곡동,1098(B2),2010-07-02,15,11,389,Y
군포시,아파트,의왕역센트럴파크,부곡동,1086(B1),2010-05-18,15,11,415,Y
군포시,아파트,임광그대가아파트,산본동,106-4,2005-09-12,15,2,170,Y
군포시,아파트,장미아파트,금정동,706-19,1989-07-25,5,2,50,N
군포시,아파트,장미아파트,당동,733-1,1988-11-21,5,1,30,N
군포시,아파트,장안그린아파트,대야미동,656-2,2005-02-07,15,1,60,N
군포시,아파트,적성아파트,금정동,744,1986-12-05,5,3,170,N
군포시,아파트,정일아파트,당동,760,1987-08-22,6,1,36,N
군포시,아파트,정진아파트,당동,736-1,1987-01-14,5,1,40,N
군포시,아파트,주공 11단지아파트,산본동,1052,1992-11-11,15,11,1400,Y
군포시,아파트,주몽 1차아파트,산본동,1120,1995-06-01,15,9,1191,N
군포시,아파트,주몽 2차아파트,산본동,1120,1996-06-01,25,8,927,Y
군포시,아파트,진우아파트,당동,759-15,1988-09-03,6,1,48,N
군포시,아파트,청천마을대우,당정동,1025-1,2004-03-25,22,6,565,Y
군포시,아파트,청천마을성원,당정동,997-1,2004-04-29,20,6,492,Y
군포시,아파트,충무 1차아파트,금정동,872,1992-04-15,20,20,2489,Y
군포시,아파트,충무 2차아파트,금정동,873-2,1993-06-30,20,4,476,Y
군포시,아파트,퇴계 1차아파트,금정동,875,1993-06-30,20,9,1011,Y
군포시,아파트,퇴계 2차아파트,금정동,875,1995-05-01,20,9,981,Y
군포시,아파트,풍성 2차아파트,당동,755-1,1988-01-19,5,1,55,N
군포시,아파트,풍성아파트,당동,740-1,1986-10-02,5,2,90,N
군포시,아파트,한라 1차아파트,산본동,1156-1,1992-04-15,15,10,1248,Y
군포시,아파트,한라 2차아파트,산본동,1156-15,1997-11-29,25,16,1639,Y
군포시,아파트,한성목화아파트,금정동,850,1992-12-15,26,8,420,Y
군포시,아파트,한솔솔파크,당정동,1003-1,2008-10-31,10,2,49,N
군포시,아파트,한솔솔파크,당정동,1006-1,2009-05-13,15,1,60,N
군포시,아파트,한솔솔파크,당정동,1002-10,2008-10-31,15,2,84,N
군포시,아파트,한솔솔파크,당정동,1000-1,2008-10-31,14,2,72,N
군포시,아파트,한솔솔파크,당정동,1005-1,2008-10-31,14,2,80,N
군포시,아파트,한솔솔파크,당정동,1001-1,2008-10-31,15,2,75,N
군포시,아파트,한솔솔파크,당정동,999-1,2008-10-31,15,2,83,N
군포시,아파트,한양목련아파트,산본동,1088,1994-10-14,25,22,1040,Y
군포시,아파트,한양아파트,금정동,713,1989-10-18,6,2,72,N
군포시,아파트,화남 6차아파트,금정동,757-5,1985-04-03,5,1,45,N
군포시,아파트,화남 7차아파트,산본동,1036-1,1985-11-01,6,1,30,N
군포시,아파트,화성무궁화아파트,금정동,849-1,1992-12-15,26,6,402,Y
군포시,아파트,휴먼시아1단지,부곡동,1137,2010-01-18,15,7,561,N
군포시,아파트,휴먼시아2단지,부곡동,1126,2010-02-08,15,10,891,N
군포시,아파트,힐스테이트금정역,금정동,916,2022-03-25,49,4,843,Y
김포시,아파트,e편한세상 김포어반베뉴,통진읍 마송리,586,2022-09-06,18,7,544,Y
김포시,아파트,e편한세상김포로얄하임아파트,통진읍 마송리,513,2021-06-08,18,7,574,Y
김포시,아파트,e편한세상한강신도시2차,마산동,672-3,2018-05-03,29,8,807,Y
김포시,아파트,감정신화,감정동,674,1995-09-30,15,9,603,Y
김포시,아파트,감정쌍용,감정동,517-1,1998-07-08,15,9,586,Y
김포시,아파트,감정희영무지개,감정동,521-1,1997-07-24,15,3,298,Y
김포시,아파트,강변마을월드메르디앙,고촌읍 신곡리,1280,2010-02-04,15,11,560,Y
김포시,아파트,고창마을KCC스위첸,장기동,1886-2,2011-10-31,20,13,1090,Y
김포시,아파트,고촌강변마을동일하이빌,고촌읍 신곡리,1111,2006-09-25,15,4,220,Y
김포시,아파트,고촌길훈1차,고촌읍 신곡리,539-1,1991-12-24,14,2,275,Y
김포시,아파트,고촌길훈2차,고촌읍 신곡리,469-3,1995-04-15,15,2,238,Y
김포시,아파트,고촌등촌마을청구,고촌읍 신곡리,1055,2000-12-15,15,4,183,Y
김포시,아파트,고촌센트럴자이,고촌읍 신곡리,968-1,2024-06-03,16,17,1297,Y
김포시,아파트,고촌숲속마을대우,고촌읍 신곡리,1052,2000-11-20,13,10,438,Y
김포시,아파트,고촌오룡마을한화,고촌읍 신곡리,1058,2002-11-26,13,8,432,Y
김포시,아파트,고촌행정타운 한양수자인 아파트,고촌읍 신곡리,1079,2017-08-10,15,6,420,Y
김포시,아파트,곡촌희영무지개,양촌읍 양곡리,865-1,1999-07-16,15,3,220,Y
김포시,아파트,구래역화성파크드림아파트,구래동,6888,2015-06-29,29,7,820,Y
김포시,연립,그린씨티,풍무동,425,2011-06-20,4,1,87,N
김포시,연립,김포 고촌 솔리힐더테리스,고촌읍,1202,2018-08-31,5,7,140,N
김포시,아파트,김포 반도유보라6차 아파트,운양동,1340-7,2017-10-25,12,4,199,Y
김포시,아파트,김포 사우 아이파크,사우동,1481,2018-04-25,24,14,1300,Y
김포시,아파트,김포 센트럴 헤센 2단지,감정동,626-18,2022-03-10,18,2,145,N
김포시,아파트,김포e편한세상캐널시티주상복합,장기동,2031,2017-08-30,25,11,639,Y
김포시,아파트,김포고창마을신영지웰,장기동,1624,2008-05-30,18,5,267,Y
김포시,아파트,김포고촌양우내안애,고촌읍 신곡리,474,2024-03-11,15,8,399,Y
김포시,아파트,김포고촌우방아이유쉘,고촌읍 신곡리,1284,2014-11-26,14,8,347,Y
김포시,아파트,김포마송 디에트르 퍼스티지,통진읍 마송리,568,2023-06-23,18,6,539,Y
김포시,아파트,김포마송1차 대방엘리움 센트럴파크,통진읍 마송리,536,2023-04-26,17,13,841,Y
김포시,아파트,김포북변대우,북변동,688,1995-03-30,13,6,543,Y
김포시,아파트,김포센트럴헤센아파트,감정동,631,2020-03-01,17,12,700,Y
김포시,연립,김포아파트1,사우동,238-5,1986-12-30,4,3,152,N
김포시,연립,김포아파트2,사우동,238-10,1986-12-30,4,2,87,N
김포시,아파트,김포양촌자연앤데시앙,양촌읍 학운리,3019,2010-12-02,15,13,743,Y
김포시,아파트,김포전원마을월드1단지,운양동,1436,1999-04-27,17,17,1206,Y
김포시,아파트,김포전원마을월드2단지,운양동,1435,2000-04-07,17,6,442,Y
김포시,아파트,김포전원마을월드3단지,운양동,1439,2000-04-07,17,4,324,Y
김포시,아파트,김포전원마을월드4단지,운양동,1434,2000-10-18,17,5,282,Y
김포시,아파트,김포청송마을현대1차,장기동,1339,2001-12-08,20,5,418,Y
김포시,아파트,김포풍무 꿈에그린 더 포레듀 3단지아파트,풍무동,795,2018-12-27,21,3,179,Y
김포시,아파트,김포풍무 꿈에그린 더 포레듀5단지,풍무동,784,2018-12-27,23,4,231,Y
김포시,아파트,김포풍무 꿈에그린 더포레듀4단지,풍무동,797,2018-12-27,23,9,660,Y
김포시,아파트,김포풍무푸르지오,풍무동,284-8,2016-06-24,35,23,2712,Y
김포시,아파트,김포한가람우미린,구래동,Aug-73,2011-10-28,21,14,1058,Y
김포시,아파트,김포한강 경남아너스빌,마산동,639-8,2013-01-10,30,12,976,Y
김포시,아파트,김포한강 신원 아침도시고다니마을,양촌읍 양곡리,1316,2010-07-09,17,6,380,Y
김포시,아파트,김포한강 호반베르디움 더 퍼스트,장기동,1865-4,2020-02-03,25,11,696,Y
김포시,아파트,김포한강삼정그린코아더베스트,양촌읍 양곡리,1551,2020-02-20,19,8,446,Y
김포시,아파트,김포한강신도시 레이크에일린의 뜰,마산동,616-3,2017-09-15,18,10,578,Y
김포시,아파트,김포한강신도시 모아엘가 2차아파트,구래동,Jun-88,2017-11-23,22,5,493,Y
김포시,연립,김포한강신도시 범양레우스라세느,장기동,1894-9,2022-09-01,4,28,286,Y
김포시,아파트,김포한강신도시반도유보라,장기동,1642,2008-06-27,18,8,447,Y
김포시,아파트,김포한강신도시반도유보라2차,운양동,1300-3,2013-11-14,30,13,1498,Y
김포시,아파트,김포한강신도시제일풍경채,장기동,1636,2008-03-28,18,6,360,Y
김포시,아파트,김포한강아이파크,구래동,6874-20,2018-02-19,21,14,1230,Y
김포시,아파트,김포한강우미린,장기동,1655,2008-06-12,18,7,402,Y
김포시,아파트,김포한양수자인리버팰리스,장기동,1885-10,2012-02-28,26,17,1473,Y
김포시,아파트,김포한화유로메트로1단지,풍무동,770,2014-05-23,23,14,965,Y
김포시,아파트,김포한화유로메트로2단지,풍무동,775,2014-05-23,21,12,845,Y
김포시,아파트,김포현대힐스테이트1단지,고촌읍 신곡리,1269,2008-04-14,15,27,1253,Y
김포시,아파트,당곡월드메르디앙,풍무동,748,2002-08-09,15,27,1846,Y
김포시,연립,대광연립,사우동,412-1,1985-09-07,3,3,45,N
김포시,연립,대원 칸타빌,장기동,1762,2009-03-27,4,5,79,N
김포시,연립,대지연립,감정동,456-1,1985-09-23,3,2,30,N
김포시,연립,동광연립,통진읍,445-1,1985-10-15,2,1,16,N
김포시,아파트,동변마을1차,북변동,902,2006-02-24,9,3,143,N
김포시,아파트,동변마을2차,북변동,904,2009-06-25,9,6,133,N
김포시,연립,동변연립,북변동,438-3,1981-06-08,3,4,46,N
김포시,연립,동성연립,하성면,산35-3,1984-11-06,2,2,20,N
김포시,아파트,동양신명아파트,사우동,912,1999-04-12,20,4,384,Y
김포시,연립,디아이빌,고촌읍,577-12,2016-06-17,6,4,80,N
김포시,연립,디아이빌,고촌읍,577-15,2012-06-20,6,4,80,N
김포시,연립,디아이빌,고촌읍,577-21,2014-04-30,6,4,99,N
김포시,아파트,리슈빌,구래동,Feb-88,2012-12-27,22,6,572,Y
김포시,아파트,마송1차현대,통진읍 마송리,134,1997-11-04,15,8,612,Y
김포시,아파트,마송현대2차,통진읍 마송리,130,1999-08-28,15,4,228,Y
김포시,아파트,메트로타워예미지아파트,구래동,Apr-86,2021-02-17,46,4,701,Y
김포시,연립,무림연립,고촌읍,593-2,1985-09-27,3,1,30,N
김포시,아파트,백석마을신일해피트리,통진읍 도사리,972,2004-05-29,15,7,446,Y
김포시,연립,봉림무지개연립,고촌읍,488-1,1984-04-18,3,2,30,N
김포시,아파트,북변건영,감정동,672,1995-05-10,15,2,150,Y
김포시,아파트,북변산호,북변동,690,1995-06-03,13,9,909,Y
김포시,아파트,북변삼환아파트,감정동,659,1995-05-30,15,6,493,Y
김포시,아파트,북변풍년마을대림,북변동,808,1999-04-15,20,4,468,Y
김포시,아파트,북변풍년마을동남,북변동,816,1999-03-04,20,4,292,Y
김포시,아파트,북변풍년마을삼성,북변동,806,2000-11-28,20,5,450,Y
김포시,아파트,북변풍년마을신일,북변동,812,1999-04-29,20,5,396,Y
김포시,아파트,북변풍년마을영풍,북변동,832,1999-05-03,20,5,288,Y
김포시,아파트,북변한국,감정동,676,1995-09-22,15,5,600,Y
김포시,아파트,사우 현대아파트,사우동,911,1998-11-23,15,5,500,Y
김포시,아파트,사우길훈4차,사우동,385,1996-12-06,20,2,351,Y
김포시,아파트,사우농장마을신안,사우동,1224,1998-12-31,15,10,651,Y
김포시,아파트,사우다솜마을한신휴플러스,사우동,1479,2006-07-06,18,6,228,Y
김포시,연립,사우연립,풍무동,88-1번지,1986-01-18,3,3,43,N
김포시,아파트,사우풍년마을건영,사우동,1474,2001-08-31,19,4,226,Y
김포시,아파트,사우풍년마을삼보,사우동,856,1998-11-18,20,3,308,Y
김포시,아파트,사우풍년진흥흥화,사우동,857,1998-11-27,15,11,740,Y
김포시,아파트,삼환,감정동,671,1995-05-10,13,1,71,N
김포시,아파트,성창,운양동,999-2,1994-11-30,6,4,162,N
김포시,아파트,수기마을 힐스테이트 2단지,고촌읍 신곡리,1256,2008-04-14,15,23,1149,Y
김포시,아파트,수기마을힐스테이트3단지,고촌읍 신곡리,1248,2008-04-14,14,7,203,Y
김포시,아파트,신곡동부센트레빌,고촌읍 신곡리,1110,2006-11-13,15,6,294,Y
김포시,아파트,신안실크밸리3차,감정동,696,2012-12-27,18,15,1074,Y
김포시,아파트,신한,감정동,550-1,1992-11-21,6,2,202,N
김포시,아파트,쌍용예가,장기동,04-Apr,2011-06-29,21,19,1474,Y
김포시,아파트,양곡더숲아파트,양촌읍 양곡리,1238,2010-07-22,17,8,345,Y
김포시,아파트,오스타파라곤1단지,걸포동,1558,2010-12-30,22,10,606,Y
김포시,아파트,오스타파라곤2단지,걸포동,1561,2010-12-30,22,10,590,Y
김포시,아파트,오스타파라곤3단지,걸포동,1555,2010-12-30,21,9,440,Y
김포시,아파트,우남퍼스트빌,장기동,Jan-65,2011-06-15,26,15,1202,Y
김포시,연립,은행연립,양촌읍,280-3외1,2007-01-24,2,3,38,N
김포시,아파트,이니스더원,장기동,1635,2008-05-01,18,6,315,Y
김포시,아파트,이랜드타운힐스아파트,운양동,1304-1,2018-01-11,27,8,550,Y
김포시,연립,인창연립,북변동,235-11,1983-05-14,3,1,21,N
김포시,연립,일성트루엘타운하우스,운양동,1294-2,2012-04-12,5,8,168,Y
김포시,연립,자이더빌리지 포레스트,마산동,670-7,2018-06-19,3,15,184,Y
김포시,연립,자이더빌리지메트로1,마산동,619-2,2018-06-19,3,8,79,N
김포시,연립,자이더빌리지메트로2,마산동,620-2,2018-06-19,3,8,64,N
김포시,연립,자이더빌리지어반5,운양동,1329-11,2018-06-19,3,11,99,N
김포시,연립,자이더빌리지포레스트3,마산동,620-3,2018-06-19,3,12,99,N
김포시,아파트,장기이지더원,장기동,1626,2008-04-25,18,5,290,Y
김포시,아파트,청도솔리움,고촌읍 신곡리,1102,2006-09-29,15,4,232,Y
김포시,아파트,청송 현대홈타운3단지,장기동,1312,2001-03-08,20,12,767,Y
김포시,아파트,청송마을6단지중흥S클래스,장기동,1866-1,2012-02-08,26,15,1007,Y
김포시,아파트,청송마을모아미래도엘가,장기동,1869-5,2014-06-16,26,10,1060,Y
김포시,아파트,청송현대홈타운2단지,장기동,1342,2001-12-08,20,15,1326,Y
김포시,아파트,초당마을래미안한강,장기동,Feb-71,2012-02-21,25,7,579,Y
김포시,아파트,초당마을중흥S클래스리버티,장기동,Jan-58,2012-06-28,26,20,1470,Y
김포시,아파트,초록마을효성,감정동,662,1996-07-19,14,3,242,Y
김포시,연립,칠성아파트,사우동,255-1,1985-06-10,4,2,76,N
김포시,연립,칠성연립,사우동,255-10,1985-07-09,3,1,20,N
김포시,아파트,캐슬&파밀리에시티 2단지,고촌읍 신곡리,944-4,2020-02-24,16,26,1872,Y
김포시,아파트,캐슬앤파밀리에시티1단지,고촌읍 신곡리,923-2,2020-11-23,16,36,2255,Y
김포시,아파트,태산,사우동,222-2,1986-07-08,5,1,40,N
김포시,연립,태일포로미,통진읍,43-2번지,2006-11-30,4,11,138,N
김포시,연립,테라하우스,장기동,1761,2017-03-28,7,7,87,N
김포시,연립,통진연립,통진읍,746-3,1984-10-01,3,1,20,N
김포시,아파트,푸른마을신안실크벨리1차,감정동,685,2001-04-25,15,27,1786,Y
김포시,아파트,푸른마을신안실크벨리2차,감정동,694,2001-12-27,15,5,206,Y
김포시,아파트,풍경마을 래미안 한강2차,운양동,1304-5,2014-06-03,21,22,1711,Y
김포시,아파트,풍경마을한강신도시e편한세상,운양동,1250-3,2012-07-13,29,14,955,Y
김포시,아파트,풍년대우,사우동,1475,2002-12-27,19,2,138,N
김포시,아파트,풍년마을서광신안아파트,북변동,802,1999-07-03,20,8,624,Y
김포시,아파트,풍년마을청구한라,북변동,815,1998-12-17,15,15,900,Y
김포시,아파트,풍무당곡마을범양,풍무동,598-8,1998-12-15,15,11,538,Y
김포시,아파트,풍무당곡마을현대,풍무동,743,2001-12-27,18,10,600,Y
김포시,아파트,풍무삼용아파트,풍무동,449-2,1997-10-31,19,3,376,Y
김포시,아파트,풍무센트럴푸르지오,풍무동,289,2018-06-22,35,22,2467,Y
김포시,아파트,풍무신안,풍무동,100,1997-08-14,20,9,792,Y
김포시,아파트,풍무양도마을대림,풍무동,757,2003-09-29,15,8,575,Y
김포시,아파트,풍무양도마을서해,풍무동,147,2000-09-08,18,19,1265,Y
김포시,아파트,풍무유현마을신동아,풍무동,583-6,1999-11-29,15,21,1256,Y
김포시,아파트,풍무유현마을현대프라임빌,풍무동,759,2003-12-09,20,17,1351,Y
김포시,아파트,풍무자이1단지,풍무동,764,2010-06-17,19,8,445,Y
김포시,아파트,풍무자이2단지,풍무동,766,2010-06-17,18,8,373,Y
김포시,아파트,풍무장릉마을길훈1차,풍무동,1,1993-05-03,15,4,496,Y
김포시,아파트,풍무장릉마을삼성,풍무동,740,2002-05-15,15,14,794,Y
김포시,연립,하늘빛마을 한신더휴테라스 11블럭,운양동,1337-1,2017-02-27,5,7,157,Y
김포시,연립,하늘빛마을 한신더휴테라스 8블럭,운양동,1339-1,2017-02-27,5,13,232,Y
김포시,연립,하성연립,하성면,638-2,1986-06-18,4,2,26,N
김포시,아파트,한강금호어울림1단지,양촌읍 양곡리,1268,2020-03-16,20,5,406,Y
김포시,아파트,한강금호어울림2단지,양촌읍 양곡리,1241,2020-03-16,20,6,467,Y
김포시,아파트,한강동일스위트더파크뷰1단지아파트,마산동,638-4,2020-12-17,29,12,1021,Y
김포시,아파트,한강동일스위트더파크뷰2단지,마산동,672-1,2020-12-17,26,8,711,Y
김포시,아파트,한강메트로자이 1단지,걸포동,264-4,2020-08-11,44,6,1142,Y
김포시,아파트,한강메트로자이2단지 아파트,걸포동,180,2020-07-14,36,22,2456,Y
김포시,아파트,한강메트로자이3단지,걸포동,191,2020-07-14,29,4,431,Y
김포시,아파트,한강센트럴블루힐,마산동,637-3,2017-08-14,25,15,1763,Y
김포시,아파트,한강센트럴자이1단지,장기동,28-Jan,2017-01-20,29,35,3481,Y
김포시,아파트,한강센트럴자이2차,장기동,867,2017-05-29,27,8,598,Y
김포시,아파트,한강신도시 반도유보라3차,마산동,640-5,2017-02-13,12,14,662,Y
김포시,아파트,한강신도시 반도유보라4차아파트,구래동,Jun-86,2018-01-24,34,4,461,Y
김포시,아파트,한강신도시 반도유보라5차아파트,구래동,6873-19,2018-01-23,30,6,480,Y
김포시,아파트,한강신도시 운양역 푸르지오,운양동,1306-2,2016-02-05,13,5,242,Y
김포시,아파트,한강신도시2차 KCC 스위첸 아파트,운양동,1331-1,2018-02-14,29,13,1296,Y
김포시,아파트,한강신도시3차푸르지오,구래동,Feb-95,2017-05-23,29,15,1510,Y
김포시,아파트,한강신도시롯데캐슬,운양동,1301-1,2014-04-09,29,14,1136,Y
김포시,아파트,한강신도시리버에일린의 뜰,운양동,1305-1,2017-11-21,21,7,439,Y
김포시,아파트,한강신도시자연앤어울림(고창마을),장기동,1629,2009-05-15,18,9,574,Y
김포시,아파트,한강신도시푸르지오,운양동,1407-5,2013-06-14,21,11,812,Y
김포시,아파트,한강파크뷰 우방아이유쉘아파트,걸포동,298-38,2019-04-29,20,9,540,Y
김포시,아파트,한강한라비발디,운양동,1249-1,2013-06-26,19,12,857,Y
김포시,아파트,한강현대성우오스타,장기동,1868-2,2012-05-30,26,7,465,Y
김포시,아파트,한강호반베르디움,장기동,1885-6,2012-06-15,20,15,1584,Y
김포시,아파트,한강힐스테이트아파트,마산동,636-1,2013-02-28,29,14,1382,Y
김포시,연립,한신더휴테라스 9블럭,운양동,1293-4,2017-02-27,5,10,184,Y
김포시,연립,한신더휴테라스12BL아파트,운양동,1288-1,2017-04-28,5,19,351,Y
김포시,연립,한양연립,통진읍,"704-6,5,2",1987-03-17,3,3,84,N
김포시,연립,할렐루야연립,사우동,201-10,1985-10-31,4,2,20,N
김포시,아파트,함성2차,북변동,"216-5,6,7",1991-06-18,5,7,140,N
김포시,아파트,현대,북변동,267,1995-02-11,10,1,130,N
김포시,아파트,호반베르디움 더 레이크 2차,구래동,Jan-87,2018-11-02,23,5,344,Y
김포시,아파트,호반베르디움 더 레이크 3차 아파트,구래동,Mar-87,2018-12-04,24,5,336,Y
김포시,아파트,호반베르디움 더 레이크5차,구래동,Feb-77,2018-08-31,18,4,266,Y
김포시,아파트,호수마을e편한세상,구래동,6874-17,2013-02-26,29,12,1167,Y
김포시,아파트,호수마을이편한세상3단지,구래동,Jun-74,2014-02-25,29,5,559,Y
김포시,아파트,화성파크드림,운양동,1325-7,2012-06-25,28,8,648,Y
김포시,아파트,화수싱그리아,통진읍,1107,2004-09-01,14,1,93,N
김포시,연립,훼미리연립,사우동,220-5,1986-01-06,3,4,69,N
김포시,아파트,힐스테이트 리버시티1단지,고촌읍 향산리,Jan-83,2020-07-30,21,24,1568,Y
김포시,아파트,힐스테이트리버시티2단지,고촌읍 향산리,Jan-83,2020-07-30,21,28,1942,Y
남양주시,아파트,LH 남양주금곡 홍유마을,금곡동,778,2022-12-15,9,3,352,N
남양주시,아파트,e편한세상 다산,다산1동,6091,2017-12-22,29,13,1615,Y
남양주시,아파트,e편한세상 평내매트로원,평내동,667,2022-06-24,27,15,1108,Y
남양주시,아파트,가운휴먼시아1단지,다산2동,669,2008-09-05,15,16,1417,N
남양주시,아파트,가운휴먼시아2단지,다산2동,671,2008-09-05,14,4,388,N
남양주시,아파트,강남2차아파트,퇴계원읍,퇴계원리 250-3,1997-09-02,15,1,204,Y
남양주시,아파트,강산마을코오롱대성아파트,와부읍,덕소리 145-4,1999-12-10,20,17,1256,Y
남양주시,연립,개나리연립주택,진접읍,부평리 745-2,1985-12-20,3,5,90,N
남양주시,아파트,거환아파트,금곡동,676-10,1989-12-12,6,1,42,N
남양주시,아파트,경남아너스빌,와부읍,덕소리 614,2007-06-29,15,4,267,Y
남양주시,아파트,경남아너스빌(가운휴먼시아5단지),다산2동,683,2008-09-19,15,12,495,Y
남양주시,아파트,경성큰마을아파트 1단지,화도읍,묵현리 596,1998-05-21,11,8,372,Y
남양주시,아파트,경성큰마을아파트 2단지,화도읍,묵현리 604-4,1998-05-21,15,8,462,Y
남양주시,연립,경춘연립주택,화도읍,마석우리 474,1985-12-30,3,9,216,N
남양주시,아파트,경향아파트,화도읍,창현리 765,1997-12-13,13,4,312,Y
남양주시,아파트,광릉아파트,진접읍,팔야리 731-1,1989-07-06,5,2,60,N
남양주시,연립,광일아파트,금곡동,164-15,1986-12-20,4,4,112,N
남양주시,연립,광일아파트,와부읍,덕소리 436-5,1986-01-13,3,3,84,N
남양주시,아파트,극동마이다스빌,별내면,청학리 472,2004-08-31,15,1,30,N
남양주시,아파트,극동아파트,오남읍,양지리 193-1,1992-07-31,6,13,498,Y
남양주시,아파트,금곡GS아파트,금곡동,603,1997-09-29,20,3,260,Y
남양주시,아파트,금곡금강아파트,금곡동,654,1997-05-30,18,4,244,Y
남양주시,아파트,금곡동 명지해드는터,금곡동,612,2005-02-11,15,2,171,Y
남양주시,연립,금곡빌라,금곡동,158-7,1985-12-02,3,4,75,N
남양주시,아파트,금곡신도브래뉴,금곡동,776,2008-12-19,20,3,182,Y
남양주시,아파트,금곡역 디에브스,금곡동,777,2020-07-22,21,1,96,N
남양주시,아파트,금곡역 한신더휴,금곡동,404-20,2025-02-11,21,6,406,Y
남양주시,아파트,금성훼미리아파트,금곡동,168-1,1992-12-09,10,1,90,N
남양주시,연립,나라키움 복합청사 행복주택,다산2동,672,2023-07-13,5,2,74,N
남양주시,아파트,남양아파트,호평동,196-1,1984-12-31,5,2,80,N
남양주시,아파트,남양아파트,호평동,196-4,1984-12-31,5,4,140,N
남양주시,아파트,남양주진건주공1차아파트,진건읍,사능리 625,1990-08-15,5,7,300,Y
남양주시,아파트,녹촌 라온프라이빗 1단지,화도읍,녹촌리 563,2019-01-24,25,5,373,Y
남양주시,아파트,녹촌 라온프라이빗 2단지,화도읍,녹촌리 564,2019-01-24,25,8,469,Y
남양주시,아파트,녹촌 라온프라이빗 3단지,화도읍,녹촌리 565,2019-01-24,25,4,283,Y
남양주시,아파트,녹촌 라온프라이빗 4단지,화도읍,녹촌리 566,2019-01-24,25,5,356,Y
남양주시,아파트,녹촌 라온프라이빗 5단지,화도읍,녹촌리 567,2019-01-24,25,7,520,Y
남양주시,아파트,녹촌두산위브,화도읍,녹촌리 554,2006-10-26,15,6,385,Y
남양주시,아파트,녹촌삼신아파트,화도읍,녹촌리 235-2,1995-09-29,15,3,345,Y
남양주시,아파트,다산 롯데캐슬,다산1동,5908-2,2017-12-22,29,10,1186,Y
남양주시,아파트,다산 매트로3단지,다산1동,6076,2021-08-31,29,6,1257,N
남양주시,아파트,다산 반도유보라 메이플타운,화도읍,6014,2018-03-14,30,11,1085,Y
남양주시,아파트,다산 센트럴파크6단지,다산1동,6107,2021-07-28,29,6,2075,N
남양주시,아파트,다산 아이파크,다산1동,5808-1,2017-12-22,29,5,467,Y
남양주시,아파트,다산 유보라 마크뷰,다산2동,4133,2024-07-15,33,2,194,Y
남양주시,아파트,다산 유승한내들 골든뷰,다산1동,6025,2018-07-18,15,6,316,Y
남양주시,아파트,다산 유승한내들 센트럴,다산1동,6090,2018-04-26,29,5,642,Y
남양주시,아파트,다산 펜테리움 리버테라스 1차,다산2동,6215,2018-12-21,30,8,944,Y
남양주시,아파트,다산 한양수자인 리버파크,다산1동,6075,2018-07-25,15,6,291,Y
남양주시,아파트,다산 한양수자인 리버팰리스,다산1동,5978,2017-12-22,15,13,640,Y
남양주시,아파트,다산 효성해링턴타워,다산2동,4434,2010-03-15,40,2,234,Y
남양주시,아파트,다산e편한세상자이,다산1동,6133,2018-06-27,29,12,1685,Y
남양주시,아파트,다산롯데낙천대아파트,다산1동,4433,2005-10-31,24,9,708,Y
남양주시,아파트,다산리버펠리체1단지,다산1동,4432,2005-05-31,25,5,382,Y
남양주시,아파트,다산리버펠리체2단지,다산1동,4432-2,2005-05-31,25,6,584,Y
남양주시,아파트,다산리버펠리체3단지,다산1동,4432-4,2005-05-31,24,1,94,N
남양주시,아파트,다산센트레빌,다산1동,4436,2016-11-30,22,9,457,Y
남양주시,아파트,다산신안인스빌 퍼스트포레,다산2동,6213,2020-01-21,29,11,1282,Y
남양주시,아파트,다산신안인스빌 퍼트스리버,다산2동,6251,2019-06-27,29,8,800,Y
남양주시,아파트,다산역 경기행복주택,다산1동,6027,2019-09-02,29,4,970,N
남양주시,아파트,다산역자연앤푸르지오,다산1동,6084,2024-02-22,29,7,1272,N
남양주시,아파트,다산자연앤E편한세상3차,다산1동,6132,2019-07-26,29,10,1394,N
남양주시,아파트,다산자연앤e편한세상 2차,다산1동,6151,2019-06-28,29,5,491,Y
남양주시,아파트,다산자이 아이비플레이스,다산1동,6028,2021-01-07,40,7,967,Y
남양주시,아파트,다산자이 폴라리스,다산1동,6015,2021-07-29,29,7,878,Y
남양주시,아파트,다산지금A5 경기행복주택,다산1동,6110,2022-04-07,29,7,2078,N
남양주시,아파트,다산지금데시앙,다산1동,6109,2022-08-19,29,6,961,N
남양주시,아파트,다산지금센트럴에일린의뜰,다산2동,6208,2019-04-11,30,5,759,Y
남양주시,아파트,다산진건데시앙,다산1동,6026,2022-08-19,29,4,651,N
남양주시,아파트,다산펜테리움 리버테라스 2차,다산1동,6235,2019-06-12,30,15,1304,Y
남양주시,아파트,다산포레스트2단지아파트,다산1동,6013,2023-10-04,29,5,928,N
남양주시,아파트,다산푸르지오,다산1동,6163,2021-10-27,29,10,1614,Y
남양주시,아파트,다산한강반도유보라,다산2동,6234,2019-03-21,30,11,1261,Y
남양주시,아파트,다산한신더휴 6단지,다산2동,682,2009-10-28,15,3,111,N
남양주시,아파트,다산한신더휴 7단지,다산2동,681,2009-10-28,8,7,114,N
남양주시,아파트,다산한신더휴 8단지,다산2동,690,2009-10-28,8,3,63,N
남양주시,아파트,다산한신휴플러스,다산1동,4026-6,1999-11-15,22,2,270,Y
남양주시,아파트,다산해모로,다산1동,6297,2021-02-19,29,5,449,Y
남양주시,연립,대농연립주택,금곡동,674-1,1986-07-24,3,4,48,N
남양주시,연립,대복연립주택,화도읍,마석우리 373-3,1985-06-20,3,1,24,N
남양주시,아파트,더샵 남양주 퍼스트시티,진접읍,부평리 771,2021-11-29,33,10,1153,Y
남양주시,아파트,더힐포레 3단지(가운휴먼시아3단지),다산2동,674,2008-09-19,15,7,189,Y
남양주시,아파트,더힐포레 4단지(가운휴먼시아4단지),다산2동,673,2008-09-19,15,10,358,Y
남양주시,아파트,덕소 강변 신일해피트리,와부읍,511-8,2025-07-30,26,4,212,Y
남양주시,아파트,덕소 건영리버파크,와부읍,도곡리 1117,2002-05-25,20,5,652,Y
남양주시,아파트,덕소 세양청마루 한강,와부읍,덕소리 600-14,2007-10-31,22,2,216,Y
남양주시,아파트,덕소강변라온프라이빗,와부읍,덕소리 541-11,2023-11-23,26,5,295,Y
남양주시,아파트,덕소강변삼익,와부읍,덕소리 600-3,1996-04-16,20,9,880,Y
남양주시,아파트,덕소강변서희스타힐스,와부읍,도곡리 981-3,2024-05-31,19,7,423,Y
남양주시,아파트,덕소강변해태아파트,와부읍,도곡리 1010-1,1999-12-24,19,4,309,Y
남양주시,아파트,덕소강변현대아파트,와부읍,덕소리 554-1,1997-12-23,21,10,982,Y
남양주시,아파트,덕소강변현대홈타운,와부읍,덕소리 600-15,2001-06-11,20,6,387,Y
남양주시,아파트,덕소동부센트레빌,와부읍,덕소리 613,2006-12-14,20,17,1220,Y
남양주시,아파트,덕소두산위브,와부읍,도곡리 986-1,2002-12-07,15,25,1253,Y
남양주시,아파트,덕소리버뷰진도아파트,와부읍,덕소리 537,1998-07-25,20,7,571,Y
남양주시,아파트,덕소벽산아파트,와부읍,도곡리 976-1,1999-12-29,21,6,579,Y
남양주시,아파트,덕소성일우리미,와부읍,덕소리 615,2008-01-18,21,2,159,Y
남양주시,아파트,덕소신암밀리안,와부읍,덕소리 611,2005-06-13,24,1,68,N
남양주시,아파트,덕소신한토탈아파트,와부읍,덕소리 528-9,1998-12-18,20,3,212,Y
남양주시,아파트,덕소쌍용,와부읍,도곡리 993,2000-11-10,20,8,528,Y
남양주시,아파트,덕소쌍용스윗닷홈리버아파트,와부읍,도곡리 1093,2005-05-31,25,7,593,Y
남양주시,아파트,덕소아이파크,와부읍,덕소리 612,2007-02-27,20,18,1239,Y
남양주시,아파트,덕소우림루미아트아파트,와부읍,덕소리 520,2005-06-03,17,1,79,N
남양주시,연립,덕소전원빌라,와부읍,도곡리 1024-16,1989-01-31,3,3,57,N
남양주시,아파트,덕소주공1단지,와부읍,덕소리 110-1,1996-04-23,15,9,910,Y
남양주시,아파트,덕소주공2단지,와부읍,덕소리 111-1,1998-04-16,15,10,694,Y
남양주시,아파트,덕소주공3단지,와부읍,덕소리 606-1,1998-08-13,20,10,782,Y
남양주시,아파트,덕소한강 벽산 메가트리움,와부읍,덕소리 462-9,2007-05-31,28,2,208,Y
남양주시,아파트,덕소한솔강변마을,와부읍,덕소리 528-14,2003-02-28,25,2,473,Y
남양주시,아파트,도농 부영사랑으로7단지,다산1동,4435,2013-12-30,18,6,317,Y
남양주시,아파트,도심역 한양수자인 리버파인,와부읍,931-5,2025-06-30,22,12,908,Y
남양주시,아파트,동부일신아파트,별내면,별내면 청학리 476,1996-09-23,20,4,456,Y
남양주시,연립,동부주택,진접읍,장현리 593,1985-09-14,3,9,171,N
남양주시,연립,동원그린빌라,다산2동,617-47,1986-01-11,3,2,33,N
남양주시,아파트,동원베네스트,다산1동,3395,2005-11-02,15,5,196,Y
남양주시,아파트,동익미라벨38단지,별내동,1058,2013-02-27,15,10,369,Y
남양주시,아파트,동익미라벨39단지,별내동,1060,2013-02-27,15,11,433,Y
남양주시,연립,두봉아파트,화도읍,묵현리 580,1988-08-08,4,5,68,N
남양주시,연립,두승주택,금곡동,404-168,1987-01-23,3,3,39,N
남양주시,연립,라이파이주택,금곡동,700-25,1988-04-06,3,1,24,N
남양주시,아파트,라인그린아파트,호평동,371,1997-08-05,20,4,467,Y
남양주시,아파트,마석 파크힐즈 푸르지오,화도읍,마석우리 600,2018-01-31,27,7,620,Y
남양주시,아파트,마석LIG,화도읍,묵현리 47-3,2005-11-18,18,8,444,Y
남양주시,아파트,마석건영아파트,화도읍,묵현리 42-1,1994-01-15,19,1,213,Y
남양주시,아파트,마석그랜드힐1차,화도읍,마석우리 71,2004-03-30,18,4,550,Y
남양주시,아파트,마석그랜드힐2차,화도읍,마석우리 71-4,2007-05-31,15,18,330,Y
남양주시,아파트,마석대림,화도읍,마석우리 448-1,2001-02-28,15,6,370,Y
남양주시,연립,마석빌라,화도읍,마석우리 219-13,1986-06-25,3,2,39,N
남양주시,아파트,마석삼익파크힐스아파트,화도읍,묵현리 48,2003-01-07,15,6,422,Y
남양주시,아파트,마석신명스카이뷰그린,화도읍,마석우리 396,2005-10-28,20,9,657,Y
남양주시,아파트,마석역신도브래뉴1차,화도읍,마석우리 598,2009-10-26,15,7,330,Y
남양주시,아파트,마석역신도브래뉴2차,화도읍,묵현리 625,2010-04-09,18,9,350,Y
남양주시,아파트,마석역신도브래뉴3차,화도읍,묵현리 626,2010-11-29,15,11,476,Y
남양주시,아파트,마석주공,화도읍,마석우리 531,2003-04-28,15,5,488,N
남양주시,아파트,마석중흥S클래스,화도읍,마석우리 349,2004-11-09,20,5,464,Y
남양주시,연립,문산연립주택,화도읍,마석우리 525-1,1986-01-10,3,3,54,N
남양주시,아파트,미라보아파트,금곡동,402-1,1996-07-24,21,1,184,Y
남양주시,아파트,미리내마을 4-2단지,별내동,1048,2016-12-19,19,7,1058,N
남양주시,아파트,미리내마을 4-3단지,별내동,556-10,2016-12-19,18,3,368,N
남양주시,아파트,미리내마을4-4단지,별내동,1037,2014-01-09,25,10,1331,N
남양주시,아파트,반도유보라아파트,별내면,청학리 580,2010-02-03,15,2,116,N
남양주시,아파트,별가람마을 1-2단지,별내동,806,2019-03-11,21,4,1220,N
남양주시,아파트,별가람마을 1-8단지,별내동,822,2021-07-06,22,5,872,N
남양주시,아파트,별가람마을1-3단지,별내동,807,2013-11-20,19,5,679,N
남양주시,아파트,별내 별헤임,별내동,805-2,2023-10-23,20,8,576,N
남양주시,아파트,별내 푸르지오,별내동,871,2015-12-04,21,14,1100,Y
남양주시,아파트,별내남광하우스토리,별내동,872,2012-07-24,18,14,720,Y
남양주시,아파트,별내대원칸타빌,별내동,900,2012-03-30,25,8,486,Y
남양주시,아파트,별내리슈빌,별내동,914,2013-03-25,20,13,627,Y
남양주시,아파트,별내모아미래도아파트,별내동,899,2014-01-24,23,10,558,Y
남양주시,아파트,별내별가람역 한라비발디,별내동,808,2013-12-16,22,10,478,Y
남양주시,아파트,별내스위첸,별내동,1072,2012-06-27,28,9,679,Y
남양주시,아파트,별내신안인스빌,별내동,1047,2012-10-29,21,15,874,Y
남양주시,아파트,별내신일유토빌,별내동,1050,2012-04-05,20,8,547,Y
남양주시,아파트,별내쌍용예가,별내동,1056,2012-01-27,22,10,652,Y
남양주시,아파트,별내아이파크,별내동,854,2012-01-27,25,13,753,Y
남양주시,아파트,별내아이파크2차,별내동,852,2015-07-29,29,9,1083,Y
남양주시,아파트,별내역우미린더퍼스트,별내동,1035,2012-11-28,22,5,396,Y
남양주시,아파트,별내우미린 스타포레,별내동,895,2019-12-23,30,8,585,Y
남양주시,아파트,별내유승한내들 이노스타,별내동,893,2014-09-25,15,4,204,Y
남양주시,아파트,별내유승한내들 이든힐즈,별내동,869,2014-01-24,23,5,378,Y
남양주시,아파트,별내자이 더 스타,별내동,999,2023-12-13,46,5,740,Y
남양주시,아파트,별내퍼스트포레,별내동,822-1,2022-04-15,21,5,380,Y
남양주시,아파트,별내포스코더샵,별내동,922,2012-05-25,26,10,644,Y
남양주시,연립,별내효성해링턴코트,별내동,919,2017-03-24,4,18,307,Y
남양주시,아파트,별빛마을 3-6단지,별내동,1030,2021-09-08,23,6,787,N
남양주시,아파트,별빛마을3-5단지,별내동,1054,2014-12-02,24,5,752,N
남양주시,아파트,별빛마을3단지,별내동,1049,2013-10-23,25,9,1144,N
남양주시,아파트,별사랑마을 2-5단지,별내동,897,2017-07-02,21,4,626,N
남양주시,아파트,별사랑마을2-10단지,별내동,913,2014-10-30,25,8,886,N
남양주시,아파트,별사랑마을2-2단지,별내동,905,2014-10-30,21,6,574,N
남양주시,아파트,별사랑마을2-7단지,별내동,921,2015-05-14,20,7,772,N
남양주시,아파트,별사랑마을2-9단지,별내동,925,2015-05-14,23,5,483,N
남양주시,아파트,보미청광플러스원,화도읍,마석우리 552,2005-12-14,15,12,758,Y
남양주시,아파트,보영아파트,오남읍,오남리 749-1,1991-12-31,6,2,100,N
남양주시,아파트,부영사랑으로아파트,다산1동,3717,2007-02-14,11,3,86,N
남양주시,아파트,부영애시앙,다산1동,4001-29,2008-05-21,18,4,364,Y
남양주시,연립,부흥연립주택,화도읍,창현리 677,1988-07-12,4,2,33,N
남양주시,연립,삼금아파트,진접읍,금곡리 878-1,1986-12-29,4,6,160,N
남양주시,아파트,삼청장미9차아파트,화도읍,묵현리 24-11,1995-05-06,15,1,195,Y
남양주시,아파트,서울아파트,금곡동,159-59,1986-12-15,5,7,365,Y
남양주시,아파트,성도아파트,오남읍,오남리 166,1993-02-02,14,2,250,Y
남양주시,연립,세림아파트,금곡동,161-6,1985-06-28,4,2,48,N
남양주시,아파트,수락산거성아파트,별내면,별내면 청학리 488,1995-12-26,18,3,320,Y
남양주시,연립,승원빌라,진접읍,팔야리 797-1,1986-12-30,3,2,51,N
남양주시,아파트,신대림아파트,금곡동,167-4,1989-02-24,5,2,85,N
남양주시,아파트,신동아아파트,진접읍,장현리 225-6,1997-01-17,20,3,402,Y
남양주시,아파트,신마석 서희스타힐스,화도읍,마석우리 599,2011-06-30,14,4,278,Y
남양주시,아파트,신마석신도브래뉴,화도읍,가곡리 598,2008-06-05,10,8,302,Y
남양주시,아파트,신성푸른솔아파트,금곡동,628,1997-05-30,18,10,696,Y
남양주시,아파트,신우가든아파트,금곡동,694-22,1990-12-13,6,4,135,N
남양주시,아파트,신우가든아파트,다산1동,4026-16,1990-08-02,5,2,98,N
남양주시,아파트,신우가든아파트,퇴계원읍,퇴계원리 288-11,1992-04-22,6,4,198,N
남양주시,아파트,신우아이딜1차,오남읍,오남리 429,2004-03-08,15,9,595,Y
남양주시,아파트,신우아이딜2차,오남읍,오남리 439,2004-12-06,15,11,593,Y
남양주시,아파트,신일해피트리아파트 1차,오남읍,오남리 425,2004-11-09,15,5,476,Y
남양주시,아파트,신일해피트리아파트 2차,오남읍,오남리 426,2004-11-09,15,7,498,Y
남양주시,아파트,신창현 풍림아이원1차,화도읍,차산리 875,2009-06-30,15,7,388,Y
남양주시,아파트,신창현 풍림아이원2차,화도읍,차산리 874,2009-06-30,15,5,236,Y
남양주시,아파트,신창현두산위브,화도읍,녹촌리 555,2008-02-11,22,7,478,Y
남양주시,아파트,신한미아파트,진접읍,부평리 613-4,1991-06-04,5,1,70,N
남양주시,아파트,실로암아파트,금곡동,700-25,1989-03-13,5,2,45,N
남양주시,아파트,심미에셈빌,진건읍,진건읍 용정리 780-4,2003-03-07,12,1,29,N
남양주시,아파트,양지e-편한세상1단지,오남읍,양지리 807,2009-02-27,20,15,832,Y
남양주시,아파트,양지e-편한세상2단지,오남읍,양지리 807-2,2009-02-27,20,10,470,Y
남양주시,아파트,양지삼신아파트,오남읍,양지리 105,1995-09-29,19,3,348,Y
남양주시,아파트,엘리시아,퇴계원읍,퇴계원리 178,2005-11-09,15,3,234,Y
남양주시,아파트,영남탑스빌아파트,화도읍,창현리 329-1,2000-06-09,15,7,410,Y
남양주시,아파트,영진그린필,화도읍,묵현리 286-3,2003-12-24,15,8,588,Y
남양주시,아파트,예당마을 신안인스빌,진접읍,금곡리 1117,2010-02-24,20,23,1240,Y
남양주시,아파트,오남 성도르피스 더스테이,오남읍,오남리 892,2021-04-29,18,3,212,N
남양주시,아파트,오남1차 청구아파트,오남읍,양지리 111-2,2000-10-10,17,6,429,Y
남양주시,아파트,오남대한아파트,오남읍,오남리 267-3,1998-12-26,20,3,452,Y
남양주시,아파트,오남동부아파트,오남읍,오남리 222,1998-10-24,18,6,464,Y
남양주시,아파트,오남두산1차,오남읍,오남리 785,1998-10-29,20,7,491,Y
남양주시,아파트,오남두산2차,오남읍,오남리 765-3,1998-11-28,15,8,321,Y
남양주시,아파트,오남두산위브,오남읍,오남리 888,2006-05-17,15,6,356,Y
남양주시,아파트,오남리 금호어울림,오남읍,오남리 464,2006-03-02,15,14,711,Y
남양주시,아파트,오남성호아파트,오남읍,양지리 193-4,1998-08-14,20,2,192,Y
남양주시,아파트,오남신동아파밀리에,오남읍,오남리 887,2004-05-27,15,4,214,Y
남양주시,아파트,오남쌍용스윗닷홈1단지,오남읍,양지리 620,2005-08-31,15,6,450,Y
남양주시,아파트,오남쌍용스윗닷홈2단지,오남읍,양지리 623,2005-08-31,15,8,451,Y
남양주시,아파트,오남아이파크,오남읍,오남리 891,2009-09-30,20,9,584,Y
남양주시,아파트,오남양지,오남읍,양지리 234,2001-01-17,19,2,352,Y
남양주시,아파트,오남파라다이스빌,오남읍,오납읍 오남리 250,2004-12-10,15,7,490,Y
남양주시,아파트,오남푸르지오,오남읍,오남리 889,2009-07-31,20,10,453,Y
남양주시,아파트,오남푸른솔롯데,오남읍,오남리 721,2002-03-15,18,4,416,Y
남양주시,아파트,오남한국1차아파트,오남읍,오남리 744,1999-02-10,20,4,494,Y
남양주시,아파트,오남한신1차아파트,오남읍,오남리 362,1997-12-31,19,2,283,Y
남양주시,아파트,오남한신2차,오남읍,오남리 519,1998-08-01,20,5,416,Y
남양주시,아파트,오남현대아파트,오남읍,양지리 109,1996-10-30,21,3,361,Y
남양주시,아파트,우남아파트,진접읍,내각리 736-1,1992-05-11,5,4,170,N
남양주시,연립,우남연립,퇴계원읍,퇴계원리 299-5,1987-11-30,3,2,48,N
남양주시,연립,우남연립주택,퇴계원읍,퇴계원리 287,1986-12-19,3,3,96,N
남양주시,아파트,우송그린아파트,와부읍,덕소리 604-3,1992-09-09,12,1,62,N
남양주시,연립,우신연립주택,와부읍,덕소리 409-2,1984-06-20,3,1,24,N
남양주시,연립,원일연립주택,다산2동,4113-39,1985-06-17,3,4,57,N
남양주시,아파트,원일플로라아파트,진접읍,금곡리 984,2009-12-01,12,7,231,Y
남양주시,아파트,월산사랑으로부영1단지,화도읍,월산리 1528,2015-11-09,33,16,1997,Y
남양주시,아파트,월산사랑으로부영2단지,화도읍,답내리 1074,2015-11-05,33,8,937,Y
남양주시,아파트,위스테이 별내,별내동,805,2020-05-27,22,7,491,N
남양주시,아파트,유호엔플러스빌,오남읍,오남리 315-1,2003-05-16,15,7,499,Y
남양주시,연립,은성연립주택,금곡동,700-56,1986-07-21,3,46,276,N
남양주시,아파트,이안남양주,화도읍,창현리 777,2009-08-31,18,7,388,Y
남양주시,연립,인정빌라,금곡동,164-1,1985-09-27,3,4,60,N
남양주시,연립,인정연립맨숀,와부읍,덕소리 421,1985-01-10,3,2,60,N
남양주시,아파트,인정프린스아파트,금곡동,산 108-1,1986-11-17,5,3,240,N
남양주시,아파트,인정하이츠 1단지,와부읍,덕소리 458-15,1987-12-30,5,3,60,N
남양주시,아파트,일성맨션아파트,와부읍,덕소리 191-1,1985-07-18,5,2,50,N
남양주시,아파트,일신건영휴먼빌,오남읍,오남리 605,2003-10-22,13,3,218,Y
남양주시,아파트,장미아파트,진접읍,장현리 203-6,1992-09-22,5,3,119,N
남양주시,아파트,장현대명아파트,진접읍,장현리 637,1995-09-30,18,3,405,Y
남양주시,아파트,장현삼신아파트,진건읍,장현리 633-1,1992-04-06,15,5,825,Y
남양주시,아파트,장현신우아파트,진접읍,장현리 79-1,1999-10-13,20,6,572,Y
남양주시,아파트,장현주공1단지아파트,진접읍,장현리 678-1,1999-07-30,20,12,980,Y
남양주시,아파트,장현행복주택2단지,진접읍,장현리 50-3,2019-06-10,21,4,870,N
남양주시,아파트,정광산호아파트,진접읍,장현리 51-1,1994-11-07,19,5,728,Y
남양주시,아파트,제일아파트,다산1동,4027-5,1988-12-31,5,2,80,N
남양주시,아파트,진건금강아파트,진건읍,용정리 369-1,1999-05-29,22,7,404,Y
남양주시,아파트,진건동성아파트,진건읍,신월리 99-1,1999-04-22,20,2,343,Y
남양주시,아파트,진건세아아파트,진건읍,용정리 757-1,1997-07-21,25,2,440,Y
남양주시,아파트,진건주공2단지,진건읍,용정리 855,1998-12-30,18,5,499,Y
남양주시,아파트,진건현대아파트,진건읍,용정리 816-5,1998-04-30,22,4,399,Y
남양주시,아파트,진건화성아파트,진건읍,진관리 130-2,1999-04-15,19,4,249,Y
남양주시,아파트,진접 광릉숲 금강펜테리움,진접읍,장현리 701,2007-10-31,22,10,500,Y
남양주시,아파트,진접금강펜테리움아파트,진접읍,금곡리 1108,2010-03-12,15,15,790,Y
남양주시,아파트,진접길훈아파트,진접읍,장현리 621,2009-12-30,20,6,426,Y
남양주시,아파트,진접남양휴튼1단지,진접읍,금곡리 961,2010-02-21,20,7,443,Y
남양주시,아파트,진접동부센트레빌1단지,진접읍,부평리 764,2009-10-09,22,16,1176,Y
남양주시,아파트,진접롯데캐슬,진접읍,장현리 702,2009-07-28,18,6,484,Y
남양주시,아파트,진접부영사랑으로,진접읍,금곡리 1107,2009-09-25,15,22,1080,Y
남양주시,아파트,진접삼부르네상스 더퍼스트,진접읍,금곡리 527-4,2023-03-31,27,3,348,Y
남양주시,아파트,진접센트레빌시티2단지,진접읍,부평리 756,2009-11-03,19,7,266,Y
남양주시,아파트,진접센트레빌시티3단지,진접읍,부평리 758,2009-11-03,18,6,239,Y
남양주시,아파트,진접스타힐스,진접읍,부평리 772,2022-01-28,33,13,1266,Y
남양주시,아파트,진접신도브래뉴,진접읍,금곡리 1115,2009-12-18,15,10,538,Y
남양주시,아파트,진접신영지웰,진접읍,금곡리 1075,2009-10-21,12,11,434,Y
남양주시,아파트,진접신창비바패밀리,진접읍,진벌리 657,2006-11-30,15,12,775,Y
남양주시,아파트,진접원일궁의문,진접읍,연평리 846,2010-12-31,18,7,431,Y
남양주시,아파트,진접원일대궐터,진접읍,내각리 192,2004-04-26,15,6,471,Y
남양주시,아파트,진접원일에이플러스아파트,진접읍,장현리 71-1,1999-11-26,15,3,270,Y
남양주시,연립,진접유승한내들 더테라스,진접읍,금곡리 968,2023-02-08,4,17,236,N
남양주시,아파트,진접자연앤어울림,진접읍,부평리 965,2009-11-04,20,9,509,Y
남양주시,아파트,진접하우스토리,진접읍,장현리 710,2010-01-29,20,12,639,Y
남양주시,아파트,진접한신아파트,진접읍,내각리 226,1999-10-19,15,5,395,Y
남양주시,아파트,진접한일아파트,진접읍,부평리 735-3,2000-02-10,17,2,281,Y
남양주시,아파트,진접휴먼시아16단지,진접읍,금곡리 1093,2010-04-06,15,13,1129,N
남양주시,아파트,진접휴먼시아17단지,진접읍,금곡리 1098,2010-05-06,15,16,1479,N
남양주시,아파트,진접휴먼시아24단지,진접읍,금곡리 995,2010-06-04,20,12,1138,N
남양주시,아파트,진주10차아파트,오남읍,오남리 683-36,1991-09-10,5,5,200,N
남양주시,아파트,진주1차아파트,오남읍,오남리 683-5,1988-11-05,5,4,285,N
남양주시,아파트,진주2차아파트,오남읍,오남리 683-25,1990-04-25,5,3,190,N
남양주시,아파트,진주3차아파트,오남읍,오남리 683-12,1990-04-25,5,3,198,N
남양주시,아파트,진주4차아파트,오남읍,오남리 683-11,1990-04-25,5,3,198,N
남양주시,아파트,진주5차아파트,오남읍,오남리 683-1,1990-07-26,5,4,198,N
남양주시,아파트,진주6차아파트,오남읍,오남리 632,1990-07-26,5,2,198,N
남양주시,아파트,진주7차아파트,오남읍,오남리 683-40,1990-10-11,5,6,299,N
남양주시,아파트,진주8차아파트,오남읍,오남리 683-30,1990-12-22,5,5,290,N
남양주시,아파트,진주9차아파트,오남읍,오남리 683-37,1991-05-10,5,5,240,N
남양주시,연립,진주동부아파트,진접읍,내각리 산31-7,1986-11-11,4,7,228,N
남양주시,아파트,창조아파트,다산1동,4296-15,1995-07-10,9,3,74,N
남양주시,아파트,창현 도뮤토,화도읍,창현리 558,2017-05-12,27,5,446,Y
남양주시,아파트,창현대주피오레,화도읍,창현리 774,2006-10-31,15,3,216,Y
남양주시,아파트,창현두산1차아파트,화도읍,창현리 757,1997-12-15,15,6,350,Y
남양주시,아파트,창현두산2차아파트,화도읍,창현리 745,1997-12-24,18,11,800,Y
남양주시,아파트,창현신명아파트,화도읍,창현리 749,1997-12-13,17,6,811,Y
남양주시,아파트,창현주공아파트,화도읍,창현리 769,1997-03-25,15,7,480,Y
남양주시,아파트,창현청구,화도읍,창현리 683,2000-12-19,15,2,168,Y
남양주시,아파트,창현현대1차아파트,화도읍,창현리 산46,1991-09-16,5,5,220,N
남양주시,아파트,창현현대2차아파트,화도읍,창현리 산47-4,1993-07-07,15,1,152,Y
남양주시,아파트,청학주공1단지아파트,별내면,별내면 청학리 420,1999-08-28,20,5,360,Y
남양주시,아파트,청학주공2단지아파트,별내면,별내면 청학리 419,1999-10-18,20,9,800,Y
남양주시,아파트,청학주공3단지아파트,별내면,별내면 청학리 409,1999-09-29,20,10,776,Y
남양주시,아파트,청학주공4단지아파트,별내면,별내면 청학리 411,1999-09-29,20,9,642,Y
남양주시,아파트,청학주공5단지아파트,별내면,별내면 청학리 412,2000-09-08,20,10,592,Y
남양주시,아파트,청학주공6단지,별내면,별내면 청학리 350-1,2002-04-16,18,5,316,Y
남양주시,아파트,청학주공7단지,별내면,별내면 청학리 353-1,2002-07-11,18,11,851,Y
남양주시,연립,청화빌라,진접읍,장현리 205,1986-12-26,3,4,70,N
남양주시,아파트,충일아파트,다산2동,3135-3,1994-09-28,12,1,96,N
남양주시,연립,태평연립주택,퇴계원읍,"퇴계원면,리 70-12",1985-12-18,3,1,18,N
남양주시,아파트,퇴계원 쌍용예가,퇴계원읍,퇴계원리 365,2007-06-27,25,8,552,Y
남양주시,아파트,퇴계원강남1차,퇴계원읍,퇴계원리 221,1994-03-10,15,7,913,Y
남양주시,아파트,퇴계원극동아파트,퇴계원읍,퇴계원리 303,1999-03-31,11,11,498,Y
남양주시,아파트,퇴계원금호어울림,퇴계원읍,퇴계원리 55-10,2012-12-24,18,9,578,Y
남양주시,아파트,퇴계원성원아파트,퇴계원읍,퇴계원리 232,1999-07-03,20,8,731,Y
남양주시,아파트,퇴계원신도브래뉴,퇴계원읍,퇴계원리 70-3,2000-10-06,20,4,578,Y
남양주시,아파트,퇴계원쌍용스윗닷홈,퇴계원읍,퇴계원리 111-10,2002-05-31,19,6,305,Y
남양주시,아파트,퇴계원일신건영아파트,퇴계원읍,퇴계원리 64,2000-05-31,21,3,291,Y
남양주시,아파트,퇴계원주공3단지,퇴계원읍,퇴계원리 367,2007-12-20,15,5,330,N
남양주시,아파트,퇴계원주공4단지,퇴계원읍,퇴계원리 366,2007-12-20,15,5,386,N
남양주시,아파트,퇴계원힐스테이트,퇴계원읍,퇴계원리 142,2014-04-30,22,21,1076,Y
남양주시,아파트,평내대명아파트,평내동,107-1,2000-05-08,20,8,664,Y
남양주시,아파트,평내대주파크빌 1차,평내동,581,2005-03-25,20,11,595,Y
남양주시,아파트,평내마을 금호어울림,평내동,550,2005-11-21,24,17,924,Y
남양주시,아파트,평내마을 대주파크빌2차,평내동,602,2005-08-03,20,10,606,Y
남양주시,아파트,평내마을 상록데시앙,평내동,592,2005-06-15,20,9,657,Y
남양주시,아파트,평내마을 신명스카이뷰,평내동,601,2004-09-18,19,11,738,Y
남양주시,아파트,평내마을 우남퍼스트빌,평내동,561,2004-06-23,18,6,378,Y
남양주시,아파트,평내마을 주공아파트,평내동,562,2004-07-02,20,12,1050,Y
남양주시,아파트,평내마젤란21아파트,평내동,551,2005-10-07,20,9,499,Y
남양주시,아파트,평내세종리젠시빌,평내동,59,2000-10-24,20,5,312,Y
남양주시,아파트,평내중흥S클래스 1단지,평내동,599,2005-03-24,20,13,942,Y
남양주시,아파트,평내중흥S클래스 3단지,평내동,608,2005-04-25,20,7,424,Y
남양주시,아파트,평내중흥S클래스2단지,평내동,606,2004-12-15,20,7,416,Y
남양주시,아파트,평내호평역 대명루첸 포레스티움,평내동,191-1,2020-06-03,32,11,1008,Y
남양주시,아파트,평내화성파크힐즈,평내동,564,2004-11-12,17,5,328,Y
남양주시,아파트,평내효성타운,평내동,87,1998-12-31,10,7,607,Y
남양주시,아파트,포레나별내,별내동,1041,2012-10-29,24,11,729,Y
남양주시,아파트,플루리움1단지,다산1동,4002-1,2001-09-13,30,11,1086,Y
남양주시,아파트,플루리움2단지,다산1동,4002-1,2002-01-22,30,16,1484,Y
남양주시,아파트,플루리움3단지,다산1동,4002-1,2001-05-09,30,12,1144,Y
남양주시,아파트,플루리움4단지,다산1동,4002-1,2000-11-09,30,4,601,Y
남양주시,아파트,플루리움5단지,다산1동,4002-1,2000-11-09,30,14,1441,Y
남양주시,아파트,한강우성아파트,와부읍,도곡리 1012,1998-07-31,21,20,1488,Y
남양주시,연립,한림미소가,화도읍,묵현리 627,2014-07-03,4,7,94,N
남양주시,연립,한림주택,금곡동,172-23,1985-11-26,3,4,90,N
남양주시,연립,한성주택,금곡동,694-4,1989-04-17,3,2,22,N
남양주시,아파트,한신그린1차,진건읍,용정리 750-1,1991-09-10,15,6,706,Y
남양주시,아파트,한신그린2차,진건읍,용정리 750-5,1992-04-19,15,3,258,Y
남양주시,아파트,한신그린3차,진건읍,용정리 751-5,1995-11-16,20,2,299,Y
남양주시,아파트,한신그린4차,진건읍,용정리 790,1996-12-24,22,3,200,Y
남양주시,아파트,한신그린조합아파트,진건읍,용정리 751-2,1991-09-06,15,2,228,Y
남양주시,아파트,한양아파트,금곡동,159-67,1990-12-24,8,1,45,N
남양주시,아파트,한화꿈에그린,다산2동,3718,2008-08-29,22,10,767,Y
남양주시,아파트,해링턴플레이스 다산파크,다산1동,3473,2024-02-22,30,3,350,Y
남양주시,아파트,해밀마을 신안인스빌,진접읍,금곡리 1080,2010-02-24,20,18,1100,Y
남양주시,아파트,해밀마을5단지 진접반도유보라 메이플타운,진접읍,금곡리 971,2009-12-29,7,33,873,Y
남양주시,아파트,현대아파트,진접읍,장현리 95,1991-11-25,5,4,240,N
남양주시,아파트,호평 두산알프하임,호평동,730,2021-01-28,28,49,2894,Y
남양주시,아파트,호평 메이플카운티,호평동,617-2,2011-08-31,8,1,146,N
남양주시,연립,호평 쁘띠하임,호평동,725,2012-10-10,4,1,96,N
남양주시,아파트,호평 오네뜨 센트럴,호평동,729,2019-08-16,21,8,616,Y
남양주시,아파트,호평KCC스위첸,호평동,728,2017-04-21,20,6,333,Y
남양주시,아파트,호평금강펜테리움,호평동,668,2004-10-12,20,14,892,Y
남양주시,아파트,호평동대명루첸1차,호평동,410-6,2015-10-20,33,12,1130,N
남양주시,아파트,호평마을 동원로얄듀크,호평동,676,2005-07-21,20,9,593,Y
남양주시,아파트,호평마을 신명스카이뷰하트,호평동,615,2006-06-02,19,7,399,Y
남양주시,아파트,호평마을 쌍용스윗닷홈,호평동,215-1,2006-02-23,23,2,184,Y
남양주시,아파트,호평마을 우림필유,호평동,711,2005-12-30,15,6,291,Y
남양주시,아파트,호평마을 우미린,호평동,619,2004-12-10,20,5,352,Y
남양주시,아파트,호평마을 중흥S클래스2차 로하스,호평동,680,2006-11-08,20,9,484,Y
남양주시,아파트,호평마을 한라비발디,호평동,678,2005-11-21,20,9,636,Y
남양주시,아파트,호평마을 한화꿈에그린,호평동,618,2005-11-25,15,6,414,Y
남양주시,아파트,호평마을 현대아이파크,호평동,612,2004-10-29,20,12,920,Y
남양주시,아파트,호평마을대주파크빌,호평동,613,2004-12-31,20,10,673,Y
남양주시,아파트,호평임광그대가,호평동,723,2008-06-05,15,7,429,Y
남양주시,아파트,호평주공1단지,호평동,726,2014-01-22,15,8,600,N
남양주시,아파트,호평주공20단지,호평동,624,2006-04-14,20,5,456,N
남양주시,아파트,호평주공23단지,호평동,681,2004-07-29,20,5,496,N
남양주시,아파트,호평중흥S클래스,호평동,616,2005-02-17,20,17,1054,Y
남양주시,아파트,호평파라곤,호평동,724,2010-12-31,20,25,1275,Y
남양주시,아파트,호평해링턴플레이스,호평동,671,2004-09-23,20,11,608,Y
남양주시,아파트,호평휴먼시아6단지,호평동,712,2010-08-17,20,8,755,N
남양주시,아파트,화도 두산위브 트레지움,화도읍,묵현리 628,2020-09-28,35,13,1620,Y
남양주시,아파트,화도 센트럴 우방아이유쉘,화도읍,녹촌리 556,2018-03-29,24,14,808,Y
남양주시,아파트,화도 효성해링턴플레이스,화도읍,월산리 1527,2015-08-28,35,7,635,Y
남양주시,아파트,화도삼신17차푸른솔아파트,화도읍,묵현리 147-3,1998-08-13,20,4,757,Y
남양주시,아파트,화도신한토탈아파트,화도읍,창현리 764,1997-12-13,20,7,628,Y
남양주시,아파트,효창금곡아파트,금곡동,402-6,1989-06-10,6,4,150,N
남양주시,아파트,휴먼시아,진접읍,장현리 703,2009-08-19,22,8,822,N
남양주시,아파트,희망아파트,평내동,230-4,1986-11-07,5,3,105,N
남양주시,아파트,힐스테이트 다산,다산1동,6092,2018-12-28,29,13,1283,Y
남양주시,아파트,힐스테이트 황금산,다산2동,3720,2017-06-30,23,19,1008,Y
동두천시,다세대,가온파크빌,광암동,203-1,2009-09-22,4,3,33,N
동두천시,다세대,골든파크빌2,송내동,703-3,2017-11-01,5,2,32,N
동두천시,다세대,골든파크빌라,송내동,703-2,2016-03-08,5,2,32,N
동두천시,연립,"광암국민주택가,나동",광암동,482-1,1985-08-22,3,2,45,N
동두천시,연립,광암동미군연립1-8동,광암동,476,1986-07-05,3,8,102,N
동두천시,연립,광장타운,보산동,370-20,2018-04-18,5,3,48,N
동두천시,연립,국민복지주택,지행동,283-2,1984-12-21,4,4,54,N
동두천시,연립,국민연립주택,생연동,704,1982-09-15,3,7,120,N
동두천시,아파트,근남아파트,생연동,403-1,1990-11-24,6,1,44,N
동두천시,연립,금강운수국민주택,생연동,247,1984-12-14,3,1,24,N
동두천시,연립,금호연립주택,생연동,786-2,1985-07-26,3,3,54,N
동두천시,연립,노조국민주택,지행동,302,1985-12-04,3,4,64,N
동두천시,다세대,뉴로젠빌,지행동,372,2021-11-26,5,5,48,N
동두천시,다세대,뉴로즈빌,지행동,385,2019-12-18,5,4,36,N
동두천시,다세대,다세대주택,송내동,700-2,2018-04-26,5,4,49,N
동두천시,다세대,다세대주택,지행동,253-2,2021-08-30,4,3,40,N
동두천시,아파트,대방노블랜드1차,생연동,360-2,2000-10-30,19,1,226,Y
동두천시,아파트,"대방샤인힐7,8단지",지행동,692-1,2004-04-28,20,12,852,Y
동두천시,연립,대성연립주택,지행동,275-4,1982-11-20,3,3,31,N
동두천시,다세대,대운빌라,지행동,357,2015-11-10,5,3,36,N
동두천시,연립,대원빌라,생연동,363-2,1986-11-19,3,4,76,N
동두천시,연립,"대진빌라맨숀가동,나동",생연동,282-1,1986-12-29,3,2,36,N
동두천시,연립,더힐팰리스,생연동,160-4,2019-01-29,4,1,40,N
동두천시,아파트,동남아파트,상패동,2-53,1993-12-27,14,1,82,N
동두천시,아파트,동두천 센트레빌,생연동,833,2020-11-17,21,5,376,Y
동두천시,아파트,동두천 파인아미스,생연동,389,2025-03-10,24,1,185,N
동두천시,아파트,동두천 헤라시티 중흥S클래스,송내동,264-3,2025-03-27,26,5,466,N
동두천시,아파트,동두천1차부영,지행동,691,2003-07-25,15,7,380,Y
동두천시,아파트,동두천건영,생연동,787-2,1995-12-04,19,2,397,Y
동두천시,아파트,동두천기상아파트,생연동,85,1994-02-18,15,2,253,Y
동두천시,아파트,동두천동양엔파트,지행동,172,2011-12-02,15,8,500,Y
동두천시,아파트,동두천부영6단지,생연동,715-7,2003-07-25,14,5,419,Y
동두천시,아파트,동두천부영9단지,지행동,692-6,2004-07-23,13,5,298,Y
동두천시,아파트,동두천상우,생연동,296-1,1991-11-12,15,2,252,Y
동두천시,아파트,동두천세아,생연동,809,1993-02-13,18,1,240,Y
동두천시,아파트,동두천에이스1차,생연동,334-1,1992-09-18,15,3,292,Y
동두천시,아파트,동두천에이스2차,생연동,335,1993-06-02,15,3,286,Y
동두천시,아파트,동두천에이스4차,생연동,352,1995-07-29,18,2,246,Y
동두천시,아파트,동두천에이스5차,생연동,356,1999-08-28,22,2,391,Y
동두천시,아파트,동두천우성,생연동,464-9,1992-12-30,15,1,163,Y
동두천시,아파트,동두천월드메르디앙,생연동,231,2009-07-30,15,7,361,Y
동두천시,아파트,동두천중앙역 엘크루 더퍼스트,생연동,592-2,2024-04-03,20,1,168,Y
동두천시,아파트,동두천현대1차2차,지행동,282-3,1999-06-30,22,3,373,Y
동두천시,아파트,동두천현진에버빌,지행동,691-3,2005-04-01,15,12,628,Y
동두천시,연립,동방국민주택A-C동,생연동,254,1986-09-11,3,3,60,N
동두천시,다세대,동양빌라,생연동,511-53,1991-05-14,4,5,38,N
동두천시,아파트,동양아파트,생연동,251,1992-05-12,6,2,132,N
동두천시,아파트,동원아파트,생연동,464-8,1991-05-06,7,1,36,N
동두천시,연립,동원연립주택,상봉암동,111-1,1996-02-08,4,3,39,N
동두천시,다세대,동진빌라,지행동,406-14,1997-08-25,4,3,36,N
동두천시,아파트,로뎀빌,생연동,643-2,2011-09-26,10,1,69,N
동두천시,아파트,명품하우스,생연동,442-1외2필지,2012-08-07,10,1,136,N
동두천시,다세대,무궁화타운,상패동,259-10,2000-05-31,4,11,88,N
동두천시,연립,무지개연립,생연동,441-1외1필지,1981-07-10,2,3,30,N
동두천시,다세대,베스트빌,동두천동,529-13,2015-12-21,5,4,36,N
동두천시,연립,보민연립주택,생연동,792-1,1981-11-07,3,3,50,N
동두천시,다세대,보배중앙빌라,생연동,613-111,1996-12-04,4,5,36,N
동두천시,다세대,보산리버빌,상패동,2-99 외2필지,2017-02-16,5,4,40,N
동두천시,아파트,보산주공아파트,보산동,400-1,1990-04-25,5,4,190,N
동두천시,아파트,부영1단지,생연동,714-2,2004-10-26,15,13,938,Y
동두천시,아파트,브라운스톤 인터포레,생연동,284,2024-12-17,25,6,576,Y
동두천시,아파트,브라운스톤동두천,생연동,832,2014-09-12,20,4,278,Y
동두천시,연립,"삼원국민주택A,B동",동두천동,527-1,1986-05-14,3,2,24,N
동두천시,다세대,삼익빌라,생연동,532-2,1995-05-24,4,5,47,N
동두천시,다세대,삼익빌라,탑동동,683-6,1996-12-11,4,3,33,N
동두천시,다세대,삼익빌라,하봉암동,16-10,2000-04-22,4,8,88,N
동두천시,연립,"삼화국민주택A,B동",상패동,201-1,1990-07-25,3,2,37,N
동두천시,아파트,상패조흥아파트,상패동,"53-3,13",1991-05-06,6,2,84,N
동두천시,아파트,상패주공,상패동,61,1997-06-19,15,6,498,Y
동두천시,연립,새은혜주택1-4동,상패동,Feb-30,1985-08-23,3,4,60,N
동두천시,아파트,생연대방노블랜드,생연동,714-5,2005-10-20,15,5,330,Y
동두천시,아파트,생연부영5차,생연동,715-1,2004-09-23,15,9,668,Y
동두천시,아파트,생연조흥아파트,생연동,268-5,1990-05-28,6,4,180,N
동두천시,아파트,생연주공,생연동,163,1996-10-19,15,6,504,Y
동두천시,아파트,생연휴먼시아3단지,생연동,831,2010-04-12,15,7,525,N
동두천시,연립,서창맨숀가동나동,생연동,786-3,1988-07-02,3,2,36,N
동두천시,다세대,성보다세대주택,상봉암동,153,1994-05-06,4,7,64,N
동두천시,연립,성우주택,광암동,산93-2,1996-01-20,4,1,80,N
동두천시,다세대,성운빌라,생연동,793-9,2014-11-07,5,4,48,N
동두천시,다세대,소요그린빌라,상봉암동,204-6,1997-08-29,4,3,30,N
동두천시,연립,소요맨션가-바동,상봉암동,May-69,1986-11-14,2,6,48,N
동두천시,아파트,송내3단지,송내동,664-6,2005-10-28,20,10,1018,N
동두천시,아파트,송내4단지주공,송내동,665-3,2003-05-20,18,17,1386,Y
동두천시,아파트,송내아이파크,송내동,664-4,2005-07-22,25,7,424,Y
동두천시,아파트,송내주공1단지,지행동,717-2,2004-08-06,20,17,1862,Y
동두천시,아파트,송내주공2단지,지행동,722-5,2004-07-29,20,10,878,Y
동두천시,아파트,송내주공5단지,송내동,696-3,2003-06-17,20,9,577,Y
동두천시,다세대,수정빌라,지행동,344-7,2016-12-15,5,4,44,N
동두천시,연립,수정타운,동두천동,79-22,2011-11-22,4,5,64,N
동두천시,다세대,스마트빌,송내동,699-19,2015-10-21,5,3,60,N
동두천시,다세대,스위트빌,지행동,387-7,2021-11-26,5,4,40,N
동두천시,다세대,스타빌리지,보산동,370-12,2012-07-25,6,7,70,N
동두천시,다세대,스타필라,상패동,69-37,2018-11-21,5,5,40,N
동두천시,다세대,시대빌라,생연동,263-1,1991-04-25,3,7,41,N
동두천시,아파트,"신창비바패밀리1,2단지",동두천동,524,2009-12-29,15,8,485,Y
동두천시,연립,아이다빌,지행동,358-2,2013-04-24,4,1,111,N
동두천시,연립,안흥국민주택A동B동,안흥동,Jan-43,1990-02-26,2,2,32,N
동두천시,아파트,에이스3,생연동,350,1993-06-14,15,2,270,Y
동두천시,아파트,에코휴먼빌2차,지행동,196,2018-01-17,20,7,492,Y
동두천시,다세대,영신빌라,지행동,357-3,2015-11-10,5,4,48,N
동두천시,다세대,영진빌라,지행동,406-31,1996-11-29,4,6,66,N
동두천시,다세대,영진아트빌라,생연동,222-13,1997-11-14,4,3,36,N
동두천시,연립,예림빌리지,생연동,435-6,2003-09-02,5,4,36,N
동두천시,아파트,우방아이유쉘,동두천동,524-2,2009-12-24,15,4,221,Y
동두천시,아파트,월드메르디앙 신화센트럴,생연동,425,2024-12-06,19,1,224,Y
동두천시,연립,유니온주택A-D동,동두천동,217-3,1985-10-30,3,4,72,N
동두천시,연립,"은혜주택조합1동,2동",생연동,273,1984-08-10,3,4,80,N
동두천시,다세대,이담빌리지,탑동동,762-7,1999-01-11,4,4,39,N
동두천시,다세대,이화아이빌,송내동,702,2015-11-27,5,1,54,N
동두천시,다세대,자유타운,보산동,370,2016-07-18,6,4,47,N
동두천시,다세대,재광다세대주택,상패동,56-16,1990-10-12,3,8,54,N
동두천시,다세대,재광타운,지행동,330,1994-10-29,4,5,41,N
동두천시,다세대,정원아트빌,동두천동,211-7,2008-11-13,5,3,31,N
동두천시,다세대,정화빌라,보산동,403-10,2009-02-05,4,3,32,N
동두천시,다세대,정화빌라,지행동,306,2009-09-07,4,4,40,N
동두천시,연립,제일국민주택,동두천동,214-1,1990-02-26,3,1,30,N
동두천시,다세대,제일빌라,동두천동,208-14,1998-12-15,4,5,40,N
동두천시,다세대,조흥빌라,상패동,Nov-53,1991-07-30,3,9,43,N
동두천시,다세대,주주아트빌,상패동,02-28,2015-07-16,5,5,52,N
동두천시,아파트,지행동원베네스트,지행동,354,2009-07-31,15,11,486,Y
동두천시,아파트,지행역더퍼스트,송내동,664-1,2021-08-11,21,3,420,Y
동두천시,아파트,지행역센트레빌,지행동,691-2,2023-09-25,20,5,314,Y
동두천시,아파트,지행역휴먼빌,지행동,308,2009-03-27,15,6,272,Y
동두천시,아파트,지행주공1단지,지행동,270-4,2000-04-20,15,4,269,Y
동두천시,아파트,지행주공2단지,지행동,270-3,1999-08-28,18,7,491,Y
동두천시,다세대,천성다세대,상패동,30-11,1997-03-08,4,6,57,N
동두천시,다세대,청구빌라,상봉암동,285-12,1997-12-12,4,6,60,N
동두천시,연립,청운국민주택,지행동,292-1외1필지,1985-07-16,3,4,51,N
동두천시,연립,청학연립,동두천동,519-5,2006-03-16,3,2,63,N
동두천시,아파트,태양1차아파트,생연동,"280-2,281",1990-02-17,6,1,48,N
동두천시,연립,파크타운,보산동,304-32,2000-11-24,4,3,96,N
동두천시,아파트,파크타운주상복합아파트,생연동,664-59,2003-07-22,12,1,60,N
동두천시,연립,팔팔연립주택,생연동,264-3,1996-04-04,3,3,60,N
동두천시,다세대,푸른솔,지행동,325-13 외 1필지,2017-07-04,7,2,48,N
동두천시,아파트,하이텍아파트,지행동,292-10,1990-12-10,5,1,30,N
동두천시,아파트,한성아파트,광암동,484-3,1989-10-23,5,2,98,N
동두천시,다세대,한양그린맨션,상패동,243-3,1997-09-02,4,5,38,N
동두천시,아파트,한영아파트,생연동,"246-1,20",1992-04-10,6,2,52,N
동두천시,다세대,한전맨션,생연동,826-2,1997-05-31,4,7,55,N
동두천시,아파트,한전아파트,보산동,404,1990-07-02,6,2,58,N
동두천시,다세대,해성빌라,지행동,344-9,2016-09-09,5,4,44,N
동두천시,다세대,현대빌라,생연동,222-8,1997-12-09,4,3,36,N
동두천시,다세대,현대주택1동,동두천동,209-2,1987-07-09,2,7,42,N
동두천시,아파트,현성아파트,지행동,339-1,1993-11-25,6,1,60,N
동두천시,아파트,화성1차아파트,생연동,497-1,1989-11-10,5,1,30,N
동두천시,아파트,화성2차아파트,생연동,473-9,1990-01-13,5,1,30,N
동두천시,아파트,화성3차아파트,생연동,531-4,1991-01-15,6,1,42,N
동두천시,아파트,화성5차아파트,생연동,790-5,1991-01-15,5,1,50,N
부천시,아파트,(건우3차아파트),소사구 송내동,328-1,1986-06-14,5,1,40,N
부천시,아파트,(국경아파트),소사구 괴안동,Feb-73,1988-02-12,5,1,45,N
부천시,아파트,(대성아파트),소사구 괴안동,120-12,1986-12-29,5,1,35,N
부천시,아파트,(대성아파트),소사구 괴안동,175-6,1988-12-06,5,1,40,N
부천시,아파트,(대양아파트),소사구 송내동,299-16,1987-05-19,5,1,30,N
부천시,아파트,(대현8차아파트),소사구 괴안동,107-11,1987-12-04,5,1,30,N
부천시,아파트,(대현아파트),소사구 괴안동,118,1987-12-04,5,1,50,N
부천시,아파트,(동아아파트),소사구 송내동,592-3,1984-05-18,5,1,45,N
부천시,아파트,(부안아파트),소사구 괴안동,104-3,1986-11-07,5,1,30,N
부천시,아파트,(삼우아파트),소사구 송내동,405,1986-03-26,5,1,40,N
부천시,아파트,(진우아파트),소사구 송내동,366-4,1987-03-16,5,1,30,N
부천시,연립,(청운아파트),소사구 괴안동,25-3,1985-11-28,4,1,32,N
부천시,아파트,(현대아파트),소사구 괴안동,88,1986-06-12,5,1,40,N
부천시,연립,(현대아파트),소사구 송내동,400-31,1985-12-30,4,1,24,N
부천시,아파트,2차한양수자인아파트(201동),원미구 역곡동,33,2006-10-27,9,1,54,N
부천시,아파트,BYC 부천 위더스빌,소사구 송내동,577-1,2016-01-04,15,1,163,N
부천시,아파트,KS건영 아느칸빌,원미구 심곡동,Nov-36,2004-08-11,8,1,28,N
부천시,아파트,LOFT APARTMENTS,소사구 송내동,722,2024-01-15,14,1,66,N
부천시,아파트,SJ성진힐스,원미구 약대동,137-1,2018-10-25,11,1,40,N
부천시,아파트,e-좋은아침,오정구 삼점동,276,2007-08-30,15,1,96,N
부천시,아파트,e편한세상 부천심곡,소사구 심곡본동,820-2,2018-09-20,19,6,354,Y
부천시,아파트,가야아파트,오정구 고강동,409-1,1989-02-27,5,2,60,N
부천시,아파트,가온팰리스,원미구 심곡동,382-6,2015-02-09,13,1,186,Y
부천시,아파트,거산아파트,소사구 괴안동,171-8,1992-10-12,5,7,260,N
부천시,아파트,건우로얄아파트,오정구 작동,Feb-75,1987-10-19,5,1,30,N
부천시,아파트,건우아파트,소사구 송내동,331-4,1985-12-27,5,2,105,N
부천시,아파트,건우아파트,오정구 고강동,307,1986-12-03,5,3,190,N
부천시,아파트,건우아파트,오정구 원종동,361-2,1986-12-29,5,1,30,N
부천시,연립,건우아파트,원미구 역곡동,21,1983-12-29,4,2,104,N
부천시,아파트,건일아파트,오정구 고강동,367-5,1987-09-25,5,1,30,N
부천시,아파트,경인아파트,오정구 원종동,341-3,1988-07-20,5,2,90,N
부천시,아파트,계남랑데뷰,오정구 내동,352,2017-08-29,13,1,48,N
부천시,아파트,"고강1차,2차아파트",오정구 고강동,246-5,1986-06-03,5,9,338,Y
부천시,아파트,고강아파트,오정구 고강동,249,1986-10-08,5,5,210,N
부천시,연립,광남빌라,오정구 여월동,08-08,1986-12-30,3,3,48,N
부천시,아파트,광백드림빌,원미구 춘의동,Feb-69,2014-04-11,5,1,36,N
부천시,아파트,광성상가아파트,원미구 춘의동,127,1994-01-07,13,1,147,N
부천시,아파트,광희아파트,소사구 심곡본동,617-140,1981-05-20,5,1,131,N
부천시,아파트,괴안동 금광포란재아파트,소사구 괴안동,Apr-89,2006-11-06,14,2,99,N
부천시,연립,국민연립,원미구 원미동,167-1,1982-06-11,2,17,68,N
부천시,아파트,"그린타운 금호,한양아파트",원미구 중동,1185-2,1994-06-17,25,13,712,Y
부천시,아파트,"그린타운 삼성,우성1차아파트",원미구 중동,1182,1993-09-16,25,12,592,Y
부천시,아파트,그린타운 우성2차아파트,원미구 중동,1184-6,1994-12-16,22,5,340,Y
부천시,아파트,그린타운 한신아파트,원미구 중동,1183,1993-02-26,25,11,474,Y
부천시,연립,근영아파트,소사구 송내동,593-5,1982-10-27,4,1,20,N
부천시,아파트,근화아파트,원미구 도당동,134-2,1994-04-14,6,2,84,N
부천시,아파트,글로리아,원미구 심곡동,388-5,2023-01-04,20,1,196,Y
부천시,아파트,금강마을아파트,원미구 중동,1030,1995-11-10,25,19,1962,Y
부천시,연립,금강맨숀,원미구 역곡동,19,1983-05-19,3,7,98,N
부천시,아파트,금강아파트,소사구 심곡본동,620-4,1984-11-12,5,3,100,N
부천시,아파트,금강아파트,원미구 소사동,16-19,1983-12-28,5,2,51,N
부천시,아파트,금보아파트,오정구 여월동,Nov-53,1989-05-27,5,1,40,N
부천시,아파트,기용아파트,오정구 원종동,212-4,1989-10-12,5,1,60,N
부천시,아파트,길성그랑프리텔,오정구 원종동,284-3,2020-03-05,14,3,155,Y
부천시,아파트,꿈동산마을 신안아파트,원미구 상동,445,1994-06-11,26,9,668,Y
부천시,아파트,"꿈마을 건영,서안아파트",원미구 중동,1102,1994-02-25,20,8,492,Y
부천시,아파트,꿈마을 동아아파트,원미구 중동,1103,1994-07-29,22,8,382,Y
부천시,아파트,"꿈마을 삼환,한진아파트",원미구 중동,1104,1994-07-09,22,10,698,Y
부천시,아파트,남향아파트,소사구 괴안동,117-7,2007-10-18,10,1,40,N
부천시,아파트,네오빌,소사구 괴안동,129,2002-02-28,15,1,208,Y
부천시,아파트,누리안아파트,오정구 오정동,590-2,2007-11-28,11,1,81,N
부천시,아파트,뉴서울 송내동아파트,소사구 송내동,368,1995-10-31,22,9,971,Y
부천시,아파트,뉴월드아파트,원미구 역곡동,97,2002-09-17,9,1,46,N
부천시,아파트,다온하브,원미구 심곡동,458-2,2005-03-05,13,1,283,Y
부천시,아파트,다정한마을 경남아너스빌,원미구 상동,500-1,2002-10-17,22,8,588,Y
부천시,아파트,다정한마을 금강KCC아파트,원미구 상동,500-2,2003-02-15,26,5,560,Y
부천시,아파트,다정한마을 삼성래미안아파트,원미구 상동,500-4,2002-09-24,24,9,718,Y
부천시,아파트,다정한마을 쌍용아파트,원미구 상동,500-5,2003-02-15,25,8,561,Y
부천시,아파트,당진정우아파트,오정구 원종동,292,1989-07-24,5,1,30,N
부천시,아파트,대건아파트,원미구 도당동,Apr-50,1998-04-16,6,1,36,N
부천시,아파트,대덕아파트,오정구 작동,Jan-71,1987-10-23,5,1,30,N
부천시,아파트,대도아파트,오정구 원종동,213-2,1988-03-17,5,1,70,N
부천시,아파트,대림e편한세상1차아파트,원미구 역곡동,202-1,2004-03-24,12,3,249,Y
부천시,아파트,대림방배아파트,원미구 심곡동,107-5,1985-09-20,5,1,24,N
부천시,아파트,대명앙뜨레빌아파트,원미구 역곡동,414,2010-05-31,11,1,80,N
부천시,아파트,대성아파트,소사구 소사본동,Mar-55,1987-12-31,5,1,45,N
부천시,아파트,대성아파트,오정구 원종동,273-6,1987-12-15,5,1,25,N
부천시,아파트,대신아파트,원미구 중동,852-2,1984-08-02,5,1,40,N
부천시,아파트,대은팰리스뷰아파트,소사구 소사본동,Feb-55,2010-10-06,11,1,42,N
부천시,연립,대진빌라,소사구 심곡본동,803,1986-07-19,3,6,124,N
부천시,아파트,대진아파트,소사구 괴안동,171-6,1987-04-20,5,6,290,N
부천시,아파트,대진아파트,오정구 고강동,309-2,1991-07-06,5,1,55,N
부천시,아파트,대진아파트,원미구 역곡동,22-1,1983-12-01,5,2,60,N
부천시,연립,대진아파트,원미구 역곡동,227-2,1983-11-25,4,2,60,N
부천시,아파트,대풍푸른들아파트,오정구 원종동,May-67,2008-03-06,12,1,68,N
부천시,아파트,대한아파트,소사구 송내동,463-60,1994-10-22,12,1,161,Y
부천시,연립,대현아파트,소사구 괴안동,102-2,1985-09-10,4,2,36,N
부천시,아파트,대현아파트,소사구 괴안동,106-1,1987-04-20,5,5,190,N
부천시,아파트,대화아파트,원미구 도당동,Jan-46,1986-09-29,5,1,50,N
부천시,아파트,대화아파트,원미구 소사동,26-2,1985-12-28,5,2,56,N
부천시,아파트,대화파크아파트,원미구 원미동,Jan-58,1999-08-23,13,1,98,N
부천시,아파트,대흥아파트,오정구 오정동,134-1,1991-11-15,5,4,145,N
부천시,아파트,더원 루미에르,오정구 원종동,476,2022-11-14,11,2,110,N
부천시,아파트,덕림현대아파트,소사구 괴안동,14,1987-08-19,5,4,190,N
부천시,아파트,덕유마을 주공1단지,원미구 중동,1041,1994-11-30,15,4,956,N
부천시,아파트,덕유마을 주공2단지,원미구 중동,1041,1996-08-01,15,5,509,Y
부천시,아파트,덕유마을 주공3단지,원미구 중동,1040,1996-05-03,25,8,852,Y
부천시,아파트,덕유마을 주공4단지,원미구 중동,1041,1997-05-26,25,8,1046,Y
부천시,아파트,덕현해밀아파트,원미구 역곡동,Feb-84,2013-02-25,8,1,28,N
부천시,아파트,동광모닝스카이아파트1차,오정구 고강동,306,2007-06-27,10,4,138,N
부천시,아파트,동광모닝스카이아파트2차,오정구 고강동,305-13,2007-06-27,8,1,44,N
부천시,아파트,동문굿모닝힐아파트,오정구 원종동,121,1998-07-30,6,6,216,N
부천시,아파트,동문미도아파트,오정구 고강동,327-7,1989-10-06,5,5,300,Y
부천시,아파트,동문아파트,오정구 고강동,417,1989-11-29,5,1,40,N
부천시,아파트,동문아파트,오정구 원종동,Jan-70,1990-07-07,5,6,280,N
부천시,아파트,동문아파트,오정구 원종동,67,1991-05-22,5,2,70,N
부천시,아파트,동부센트레빌1단지아파트/2단지,원미구 역곡동,409,2006-06-22,14,10,697,Y
부천시,아파트,동부센트레빌3단지아파트,원미구 역곡동,411,2006-07-27,14,5,432,Y
부천시,아파트,동성아파트,원미구 역곡동,247-2,1987-12-04,5,1,90,N
부천시,아파트,동신고층아파트,소사구 송내동,441-8,1985-11-26,10,5,380,Y
부천시,아파트,동신아파트,소사구 송내동,331-6,1985-12-30,5,2,50,N
부천시,아파트,동신아파트,원미구 도당동,266-3,1984-06-30,5,2,65,N
부천시,아파트,동아아파트,원미구 도당동,120,1990-08-27,5,2,80,N
부천시,아파트,동영아파트,오정구 오정동,139,1986-08-18,4,1,24,N
부천시,아파트,동원아파트,오정구 고강동,363,1989-12-30,5,1,30,N
부천시,아파트,동원아파트,오정구 고강동,364,1989-12-21,5,4,130,N
부천시,아파트,동원아파트,원미구 중동,816,1982-11-06,5,2,80,N
부천시,아파트,동원아파트,원미구 중동,805-6,1982-11-06,5,2,66,N
부천시,아파트,동원아파트,원미구 중동,825,1982-11-06,5,2,40,N
부천시,아파트,동제이지안2차아파트,오정구 원종동,295,2005-08-16,12,1,61,N
부천시,아파트,동제이지안아파트,오정구 원종동,270,2005-01-10,11,1,49,N
부천시,아파트,동진아파트,오정구 원종동,334-1,1987-11-03,5,2,70,N
부천시,아파트,동진아파트,오정구 원종동,180-3,1987-11-03,5,3,250,N
부천시,아파트,동진아파트,오정구 원종동,378-1,1987-08-06,5,1,40,N
부천시,아파트,동화아파트,오정구 원종동,269-1,1986-10-07,5,1,60,N
부천시,아파트,동화프리미아아파트,원미구 역곡동,104-6,2014-06-05,8,1,26,N
부천시,아파트,"두산,삼성아파트",소사구 소사본동,403,1995-03-25,15,10,524,Y
부천시,아파트,두산아파트,원미구 원미동,151-1,1999-05-23,23,6,820,Y
부천시,아파트,두산위브트레지움1단지아파트,원미구 약대동,196,2012-07-09,25,10,620,Y
부천시,아파트,두산위브트레지움2단지아파트,원미구 약대동,209,2012-04-13,25,14,1013,Y
부천시,아파트,두산위브트레지움3단지아파트,원미구 약대동,204,2012-04-13,15,3,210,N
부천시,아파트,라이프아파트,오정구 오정동,612-1,1991-02-28,5,2,60,N
부천시,아파트,라이프아파트,오정구 오정동,613,1991-02-28,5,1,20,N
부천시,아파트,라일락마을 경남아너스빌,원미구 상동,525-1,2002-10-17,21,7,474,Y
부천시,아파트,"라일락마을 대우이안,유림아파트",원미구 상동,528-1,2002-08-10,25,8,572,Y
부천시,아파트,라일락마을 동양덱스빌,원미구 상동,525-6,2002-09-10,22,5,370,Y
부천시,아파트,라일락마을 서해그랑블,원미구 상동,528-3,2002-05-27,22,8,454,Y
부천시,아파트,라일락마을 신성미소지움,원미구 상동,525-3,2002-10-17,25,10,955,Y
부천시,아파트,래미안 부천어반비스타,소사구 송내동,427-32,2021-08-29,29,8,831,Y
부천시,아파트,래미안부천중동,원미구 중동,1293-1,2015-10-26,27,7,616,Y
부천시,아파트,로얄아파트,소사구 송내동,389-8,1985-12-28,5,2,90,N
부천시,아파트,로얄아파트,소사구 심곡본동,783-2,1986-12-20,7,1,91,N
부천시,아파트,로얄아파트,오정구 작동,5,1990-12-31,5,4,220,N
부천시,아파트,롯데아파트,소사구 심곡본동,617-11,1984-11-09,13,5,463,Y
부천시,아파트,롯데아파트,오정구 원종동,348,1986-05-26,5,3,60,N
부천시,연립,루다아파트,원미구 도당동,246-56,1983-03-31,4,1,24,N
부천시,아파트,리첸시아,원미구 중동,1116,2012-01-30,66,2,572,Y
부천시,아파트,리치 캐슬,원미구 심곡동,391-6,2011-01-17,9,1,42,N
부천시,아파트,리파인빌,원미구 상동,531-7,2004-12-03,20,1,238,Y
부천시,아파트,명성로즈빌아파트,원미구 도당동,Mar-71,2004-07-03,11,1,47,N
부천시,아파트,모아아파트,소사구 괴안동,171-10,1986-12-19,5,3,200,N
부천시,아파트,목련마을 상록아파트,원미구 상동,589-1,2003-08-07,25,18,1251,N
부천시,아파트,무궁화아파트,오정구 원종동,384-3,1987-06-09,5,1,30,N
부천시,아파트,무지개마을 LG아파트,원미구 중동,1175-2,1993-05-08,17,5,390,Y
부천시,아파트,무지개마을 동신아파트,원미구 중동,1176-2,1993-07-30,25,8,580,Y
부천시,아파트,문화4차 유림아파트,오정구 원종동,138-12,1989-02-02,5,2,85,N
부천시,아파트,문화목화아파트,오정구 원종동,211,1988-07-01,5,1,60,N
부천시,아파트,문화아파트,오정구 원종동,27-1,1987-11-18,5,1,60,N
부천시,아파트,문화아파트,오정구 원종동,214-7,1986-12-20,5,1,50,N
부천시,아파트,"미리내마을 금호,한신,한양아파트",원미구 중동,1179,1994-12-31,25,9,1008,Y
부천시,아파트,미리내마을 동성아파트,원미구 중동,1181,1993-08-27,25,13,970,Y
부천시,아파트,미리내마을 롯데아파트,원미구 중동,1180-1,1993-08-31,26,9,756,Y
부천시,아파트,미리내마을은하수타운,원미구 중동,1178,1993-02-27,20,12,1540,Y
부천시,연립,미성아파트,오정구 원종동,352,1983-02-09,4,7,296,N
부천시,연립,미주연립,원미구 심곡동,347-16,1985-08-20,3,2,36,N
부천시,아파트,반달마을 건영아파트,원미구 상동,397,1993-03-30,19,8,912,Y
부천시,아파트,반달마을 극동아파트,원미구 상동,399,1994-05-13,25,11,1390,Y
부천시,아파트,반달마을 동아아파트,원미구 상동,397,1993-03-30,19,8,915,Y
부천시,아파트,반달마을 삼익아파트,원미구 상동,395,1993-10-08,25,9,828,Y
부천시,아파트,반달마을 선경아파트,원미구 상동,397,1993-03-30,19,7,915,Y
부천시,아파트,방배아파트,오정구 원종동,384-4,1986-09-12,5,1,35,N
부천시,아파트,방배아파트,오정구 원종동,383-7,1985-12-17,5,1,40,N
부천시,아파트,"백송마을 GS,SK아파트",원미구 상동,571-3,2002-03-25,21,8,496,Y
부천시,아파트,백송마을 동남디아망,원미구 상동,571-4,2002-12-14,23,8,582,Y
부천시,아파트,백송마을 상동자이,원미구 상동,571-1,2003-08-14,24,5,476,Y
부천시,아파트,백송마을 풍림아이원,원미구 상동,571-6,2002-03-26,23,9,812,Y
부천시,아파트,범박파밀리에포레스트,소사구 범박동,234-1,2011-03-21,15,12,672,Y
부천시,아파트,범박휴먼시아1단지,소사구 괴안동,251-1,2011-05-04,15,17,1473,N
부천시,아파트,범양아파트,원미구 중동,756-6,1986-08-13,5,1,30,N
부천시,연립,벚꽃마을 세종그랑시아,원미구 상동,591,2002-04-25,4,16,216,Y
부천시,아파트,보람마을 동남아파트,원미구 중동,1173-1,1995-03-03,20,7,494,Y
부천시,아파트,보람마을 아주아파트,원미구 중동,1172,1996-06-02,25,19,1398,Y
부천시,아파트,보람쉬움,원미구 역곡동,26-5,2005-09-09,13,1,76,N
부천시,아파트,보화아파트,오정구 오정동,566-1,1989-06-20,5,1,30,N
부천시,아파트,복사골마을 건영아이숲아파트,원미구 중동,1186,1992-12-31,12,10,700,Y
부천시,아파트,복사골마을 건영캐스빌아파트,원미구 중동,1186,1993-03-24,15,5,330,Y
부천시,아파트,복사골아파트,소사구 괴안동,16-7,1988-10-31,5,2,97,N
부천시,아파트,복사골아파트,원미구 도당동,124,1989-09-29,5,1,85,N
부천시,아파트,복사골아파트,원미구 도당동,125,1991-01-19,5,2,119,N
부천시,아파트,복사골아파트,원미구 중동,715-2,1987-09-24,5,1,50,N
부천시,아파트,복지아파트,소사구 괴안동,171-18,1986-12-16,5,3,256,N
부천시,아파트,봉림아파트,원미구 도당동,48,1990-05-26,5,2,60,N
부천시,아파트,부강아파트,오정구 고강동,303-2,1988-11-30,5,2,40,N
부천시,아파트,부강아파트,오정구 고강동,304-3,1987-07-02,5,2,90,N
부천시,아파트,부천 송내 동양 N'PART 아파트,소사구 송내동,456-5,2010-01-18,17,3,119,N
부천시,아파트,부천 우방 유쉘아파트,소사구 송내동,587,2010-01-29,19,3,142,N
부천시,아파트,"부천 중동역 2차 푸르지오 A, B단지",소사구 송내동,377-7,2008-08-25,20,11,812,Y
부천시,아파트,부천 한신더휴 메트로,소사구 소사본동,70-16,2020-04-29,41,2,299,Y
부천시,아파트,부천3차 아이파크아파트,원미구 약대동,218,2017-08-21,25,2,184,Y
부천시,아파트,부천Y CITY,소사구 괴안동,291,2024-11-14,20,4,289,Y
부천시,아파트,부천극동아파트,소사구 심곡본동,566-1,1980-01-01,10,6,495,Y
부천시,아파트,부천동도센트리움까치울숲,오정구 작동,05-01,2021-05-24,14,8,238,Y
부천시,아파트,부천범박힐스테이트1단지,소사구 범박동,154-2,2004-06-25,25,13,1070,Y
부천시,아파트,부천범박힐스테이트2단지,소사구 범박동,153-2,2004-06-25,25,5,490,Y
부천시,아파트,부천범박힐스테이트3단지,소사구 범박동,155-1,2004-06-25,25,11,1012,Y
부천시,아파트,부천범박힐스테이트4단지,소사구 범박동,152-2,2003-06-27,25,11,1387,Y
부천시,아파트,부천범박힐스테이트5단지,소사구 범박동,151-2,2003-06-27,25,8,836,Y
부천시,아파트,부천범박힐스테이트6단지,소사구 범박동,150-2,2003-01-01,25,9,669,Y
부천시,연립,부천블루하임,소사구 심곡본동,821-1,2022-05-18,5,2,80,N
부천시,아파트,부천상동 행복주택,원미구 상동,463-2,2023-02-20,34,2,630,N
부천시,아파트,부천소사 현진에버빌아파트,소사구 소사본동,428,2023-02-03,19,4,170,Y
부천시,아파트,부천소사역 푸르지오,소사구 소사본동,133-12,2012-11-05,30,9,797,Y
부천시,아파트,부천아름다운나날아파트,소사구 심곡본동,573-3,2005-12-29,15,1,97,N
부천시,아파트,부천아이파크,원미구 약대동,217-1,2017-07-31,25,23,1613,Y
부천시,아파트,부천역 푸르지오시티,원미구 심곡동,145-6,2014-06-27,17,1,162,Y
부천시,아파트,부천역곡대주파크빌,원미구 역곡동,213-7,2003-06-25,14,1,152,Y
부천시,아파트,부천옥길엘에이치1단지,소사구 옥길동,701-1,2016-09-28,28,8,1454,N
부천시,아파트,부천옥길엘에이치8단지,소사구 옥길동,786,2019-02-15,20,2,270,N
부천시,아파트,부천옥길자이,소사구 옥길동,776-1,2018-01-26,29,5,566,Y
부천시,아파트,부천우림필유에듀파크,원미구 심곡동,Jan-36,2019-08-16,15,1,73,N
부천시,아파트,부천원미 동문 디 이스트 101동,원미구 원미동,224,2024-01-15,14,1,108,N
부천시,아파트,부촌아파트,오정구 고강동,292-8,1988-07-15,5,2,90,N
부천시,아파트,부촌아파트,오정구 고강동,292-6,1988-05-04,5,2,95,N
부천시,아파트,부촌아파트,오정구 오정동,140-6,1989-05-09,5,2,80,N
부천시,아파트,부촌아파트,오정구 오정동,140-5,1989-02-27,5,1,90,N
부천시,아파트,부촌아파트,오정구 원종동,152-6,1989-07-24,5,1,40,N
부천시,아파트,브라운스톤 여월,오정구 성곡동,142,2023-12-28,13,3,142,N
부천시,아파트,브라운스톤 원종,오정구 원종동,475,2022-10-21,13,2,137,N
부천시,아파트,비잔티움,원미구 상동,534-6,2007-07-24,37,2,152,Y
부천시,아파트,"사랑마을 벽산,삼익,선경아파트",원미구 상동,415,1994-05-27,25,15,938,Y
부천시,아파트,사랑마을 청구아파트,원미구 상동,417,1993-05-29,25,9,440,Y
부천시,아파트,삼덕진주아파트,오정구 원종동,336-2,1986-08-23,5,1,110,N
부천시,아파트,삼두아파트,오정구 고강동,333-2,1986-07-28,5,3,165,N
부천시,아파트,삼두아파트,오정구 오정동,547-4,1983-10-13,5,6,230,N
부천시,아파트,삼두아파트,오정구 오정동,558-4,1983-10-13,5,3,90,N
부천시,아파트,삼보아파트,원미구 도당동,109,1989-09-22,5,3,190,N
부천시,아파트,삼신아파트,오정구 원종동,366-3,1988-10-25,5,2,90,N
부천시,아파트,삼신아파트,오정구 원종동,361-6,1988-11-16,5,1,80,N
부천시,아파트,삼신아파트,오정구 원종동,207,1989-11-15,5,3,165,N
부천시,아파트,삼우아파트,오정구 고강동,396,1988-02-11,5,3,160,N
부천시,아파트,삼우아파트,오정구 고강동,389-1,1987-01-22,5,2,100,N
부천시,연립,삼욱빌라,오정구 원종동,180-1,1987-03-24,3,1,45,N
부천시,아파트,삼원아파트,오정구 고강동,372-18,1988-09-27,5,1,30,N
부천시,아파트,삼익세라믹아파트,소사구 괴안동,204-5,1988-12-24,11,10,781,Y
부천시,아파트,삼익아파트,소사구 괴안동,204-1,1992-05-06,11,11,682,Y
부천시,아파트,삼익아파트,소사구 송내동,595,1979-05-15,12,1,97,N
부천시,아파트,"삼익아파트(1,2,5동)",소사구 송내동,607,1979-05-15,12,3,550,Y
부천시,아파트,삼익플라주,소사구 심곡본동,576-4,2007-09-14,10,1,32,N
부천시,아파트,삼익플라주아파트,원미구 도당동,287,2010-12-27,12,1,49,N
부천시,아파트,삼일아파트,오정구 원종동,363-8,1989-07-26,5,1,45,N
부천시,아파트,삼일우남아파트,원미구 상동,238-3,1989-05-04,5,2,90,N
부천시,아파트,삼정 뷰그리안,오정구 삼점동,276-6,2010-06-16,14,1,65,N
부천시,아파트,삼풍아파트,소사구 괴안동,183-5,2003-02-20,11,1,47,N
부천시,아파트,삼화 아르떼뷰 101동,오정구 원종동,478,2023-12-27,14,1,50,N
부천시,아파트,삼화 아르떼파크,오정구 고강동,599,2024-09-25,11,2,100,N
부천시,아파트,상동스카이뷰자이,원미구 상동,413,2018-09-20,45,2,405,Y
부천시,아파트,상록센트럴타워,원미구 중동,1152,2002-02-02,10,1,218,Y
부천시,아파트,상우아파트,오정구 고강동,380,1989-09-12,5,1,70,N
부천시,아파트,상우아파트,오정구 고강동,411-2,1989-01-24,5,2,60,N
부천시,아파트,상우아파트,오정구 원종동,227-8,1989-05-01,5,1,45,N
부천시,아파트,새보미아파트,오정구 고강동,397,1986-08-19,5,2,93,N
부천시,아파트,새한 아파트,오정구 고강동,598,2023-06-28,13,1,65,N
부천시,아파트,샬렛아파트,오정구 오정동,553-5,2009-05-25,8,2,98,N
부천시,아파트,서림아파트,오정구 원종동,270-5,1983-05-19,5,4,158,N
부천시,아파트,서울아파트,오정구 고강동,416-5,1987-03-02,5,1,70,N
부천시,아파트,서울아파트,오정구 내동,Apr-54,2004-08-27,8,1,49,N
부천시,아파트,서원아파트,오정구 고강동,333-3,1986-08-19,5,4,160,N
부천시,아파트,서초아파트,오정구 내동,349,1992-03-25,5,1,55,N
부천시,아파트,서초아파트,원미구 도당동,Jan-92,1994-08-11,6,1,30,N
부천시,아파트,선우아파트,오정구 고강동,407-6,1989-02-03,5,2,99,N
부천시,아파트,설악마을 주공아파트,원미구 중동,1051,1993-08-06,15,11,1590,Y
부천시,아파트,성도아파트,오정구 원종동,130-3,1987-06-22,5,2,90,N
부천시,아파트,성라아파트,소사구 송내동,596-4,1988-11-23,5,2,80,N
부천시,아파트,성옥아파트,오정구 원종동,200,1989-10-07,5,1,60,N
부천시,아파트,성우아파트,소사구 괴안동,165,1987-04-06,5,4,144,N
부천시,아파트,성우아파트,소사구 송내동,365-1,1985-04-26,5,2,100,N
부천시,아파트,성원아파트,원미구 도당동,266-4,1984-06-30,5,6,200,N
부천시,아파트,성주아파트,소사구 심곡본동,643-1,1979-10-06,5,2,60,N
부천시,아파트,성지아파트,소사구 소사본동,91-68,1988-01-23,12,3,264,Y
부천시,아파트,성지아파트,오정구 원종동,206,1989-06-12,5,3,70,N
부천시,아파트,성진리치빌아파트,오정구 원종동,200-2,2009-01-07,10,1,40,N
부천시,연립,성진빌라,오정구 오정동,562,1986-12-08,3,1,42,N
부천시,아파트,성진힐스아파트,소사구 송내동,387-2,2020-02-05,10,1,153,Y
부천시,아파트,세영타워메카,소사구 소사본동,78,2009-01-05,14,1,154,Y
부천시,아파트,세종아파트,오정구 오정동,179,1995-08-22,6,5,384,Y
부천시,아파트,세종아파트,오정구 오정동,177-1,1994-10-22,6,2,90,N
부천시,아파트,세창짜임아파트,오정구 원종동,468,2004-09-03,12,3,270,Y
부천시,아파트,소라아파트,소사구 소사본동,190-3,1989-12-22,5,2,95,N
부천시,아파트,소사에스케이뷰아파트,소사구 소사본동,135,2004-07-06,20,14,1172,Y
부천시,아파트,소사역 한라비발디 프레스티지,소사구 소사본동,Dec-70,2024-01-15,36,1,166,Y
부천시,아파트,소사주공2단지아파트,소사구 소사본동,408-1,2006-06-08,20,7,557,N
부천시,아파트,소사주공3단지아파트,소사구 소사본동,407-1,2006-06-08,20,4,348,Y
부천시,아파트,소사주공뜨란채4단지아파트,소사구 소사본동,411-1,2006-06-30,20,14,1104,Y
부천시,아파트,소사주공아파트,소사구 소사본동,400-8,1995-01-01,15,14,1210,Y
부천시,아파트,소사청구아파트,소사구 소사본동,400-7,1995-03-16,15,3,202,Y
부천시,아파트,소사풍림아파트,소사구 소사본동,401-7,1996-09-16,19,7,714,Y
부천시,아파트,소새울KCC스위첸,소사구 소사본동,424,2012-09-17,15,4,226,Y
부천시,아파트,소새울역 신일해피트리,원미구 소사동,427,2021-11-19,15,3,118,N
부천시,아파트,송내 e-편한세상,소사구 송내동,463-106,2008-07-17,15,11,371,Y
부천시,아파트,송내 승윤 노블리안,소사구 송내동,598-3,2020-06-15,15,1,87,N
부천시,아파트,송내 자이,소사구 송내동,409,2009-07-28,20,9,436,Y
부천시,아파트,송내대우아파트,소사구 송내동,457-1,2001-10-22,15,7,408,Y
부천시,아파트,송내동 우남푸르미아,소사구 송내동,605-20,2009-06-01,13,1,98,N
부천시,아파트,송내동성호아파트,소사구 송내동,327-2,1995-11-15,19,3,238,Y
부천시,아파트,송내복사골뜨란채아파트,소사구 송내동,304-6,2004-10-07,20,3,301,Y
부천시,아파트,"송내역파인푸르지오 1단지,2단지",소사구 송내동,315,2016-10-26,25,6,539,Y
부천시,아파트,수정아파트,오정구 원종동,132-1,1987-09-23,5,1,75,N
부천시,아파트,스타팰리스,원미구 상동,531-4,2004-07-23,20,1,204,Y
부천시,아파트,스타팰리움,원미구 중동,1118-1,2017-07-28,19,3,275,Y
부천시,아파트,승윤 노블리안,오정구 원종동,474,2022-05-23,14,1,136,N
부천시,아파트,신도그랑피아아파트,원미구 역곡동,115-11,2004-05-07,9,1,48,N
부천시,아파트,신영아파트,오정구 내동,348,1990-12-22,5,1,70,N
부천시,아파트,신일해피트리,원미구 역곡동,406,2005-05-25,12,1,87,N
부천시,아파트,신일해피트리아파트,소사구 괴안동,Jan-99,2005-07-28,14,6,320,Y
부천시,아파트,신한아파트,원미구 도당동,250-3,1984-04-14,5,1,40,N
부천시,아파트,신한일아파트,오정구 삼점동,311-1,1987-07-18,5,6,190,N
부천시,아파트,신한카사피아아파트,오정구 오정동,566-4,2001-07-26,11,1,39,N
부천시,아파트,신호아파트,소사구 괴안동,187-5,1995-12-21,6,1,72,N
부천시,아파트,심곡중앙하이츠,원미구 심곡동,803,2024-11-29,15,1,84,N
부천시,아파트,심환홈빌리지 아파트,원미구 원미동,105-2,2002-05-09,8,1,49,N
부천시,아파트,아남아파트,소사구 심곡본동,634,1992-05-23,10,1,128,N
부천시,아파트,아주아파트,소사구 괴안동,99,1995-05-04,6,4,139,N
부천시,아파트,양우아파트,소사구 소사본동,323,2003-08-22,23,3,244,Y
부천시,아파트,에리트아파트,오정구 오정동,549,1986-12-04,5,1,70,N
부천시,아파트,엘에이치옥길센트럴힐,소사구 범박동,748-1,2017-07-10,28,12,913,Y
부천시,아파트,엘에이치옥길헤일라움,소사구 옥길동,747-1,2016-09-08,29,10,924,Y
부천시,아파트,여월휴먼시아1단지아파트,오정구 여월동,296,2007-11-23,13,13,1044,N
부천시,아파트,여월휴먼시아2단지아파트,오정구 여월동,320,2007-11-23,13,12,781,N
부천시,아파트,여월휴먼시아3단지아파트,오정구 여월동,340,2007-11-20,15,13,899,Y
부천시,아파트,여월휴먼시아4단지아파트,오정구 여월동,313,2010-06-30,13,6,244,Y
부천시,아파트,여월휴먼시아5단지아파트,오정구 여월동,316,2010-06-30,12,11,334,Y
부천시,아파트,역곡 e-편한세상3차아파트,원미구 역곡동,213-25,2004-12-09,12,1,113,N
부천시,아파트,역곡 e-편한세상4차아파트,원미구 역곡동,407,2005-07-12,14,2,181,Y
부천시,아파트,역곡 e편한세상2차아파트,원미구 역곡동,213-5,2004-07-23,12,1,150,Y
부천시,아파트,역곡 세창 짜임아파트,원미구 역곡동,114,2005-10-28,12,1,68,N
부천시,아파트,역곡 푸르내 아파트,소사구 괴안동,167-10,2020-01-23,13,1,79,N
부천시,아파트,역곡1차 한양수자인아파트 101동,원미구 역곡동,412,2006-10-27,14,1,73,N
부천시,아파트,역곡3차 한양수자인아파트,원미구 역곡동,413,2007-06-19,13,1,79,N
부천시,아파트,역곡e-편한세상5차아파트,원미구 역곡동,408,2005-07-12,14,1,150,Y
부천시,아파트,역곡역이편한세상,원미구 역곡동,Feb-74,2011-08-18,17,8,445,Y
부천시,연립,역곡조공2차아파트,소사구 괴안동,32,1985-04-20,4,16,320,Y
부천시,연립,역곡조공아파트,소사구 괴안동,36,1984-04-16,4,5,223,N
부천시,아파트,역곡현대아파트,원미구 역곡동,51-19,1989-12-23,5,2,80,N
부천시,아파트,역곡현대아파트,원미구 역곡동,51-18,1989-12-23,5,2,80,N
부천시,아파트,역곡현대아파트1차,소사구 괴안동,105-4,1989-02-18,5,2,90,N
부천시,아파트,역곡현대아파트2차,소사구 괴안동,105-3,1989-02-18,5,2,90,N
부천시,아파트,역곡현대아파트3차,소사구 괴안동,105,1989-03-09,5,1,40,N
부천시,아파트,역곡현대아파트5차,소사구 괴안동,125-3,1989-02-18,5,2,40,N
부천시,아파트,역곡현대아파트6차,소사구 괴안동,125,1989-02-18,5,1,30,N
부천시,아파트,역곡현대아파트7차,소사구 괴안동,126-2,1989-02-18,5,2,80,N
부천시,아파트,역곡휴먼빌 아파트,소사구 괴안동,269,2022-12-23,20,2,108,N
부천시,아파트,연화마을 건영캐스빌아파트,원미구 중동,1099-2,1994-03-31,24,5,424,Y
부천시,아파트,연화마을 대원아파트,원미구 중동,1100,1995-10-11,23,8,386,Y
부천시,아파트,연화마을 쌍용아파트,원미구 중동,1101,1994-07-09,25,8,438,Y
부천시,아파트,염광아파트,소사구 괴안동,164-6,1989-06-02,12,3,382,Y
부천시,아파트,영안아파트,오정구 원종동,273-1,1987-03-20,5,1,70,N
부천시,아파트,영안아파트,원미구 중동,680,1985-10-26,5,1,45,N
부천시,아파트,영화아파트,오정구 여월동,02-15,1990-12-06,5,2,105,N
부천시,아파트,영화아파트,오정구 원종동,129-8,1998-04-30,6,6,228,N
부천시,아파트,영화참마음아파트,오정구 여월동,01-01,2000-10-28,10,1,80,N
부천시,아파트,예원아파트,원미구 역곡동,204,1985-12-26,5,5,182,N
부천시,연립,오익연립,오정구 원종동,365,1983-11-28,3,2,48,N
부천시,아파트,오정생활휴먼시아1단지아파트,오정구 오정동,717,2006-10-17,15,9,612,Y
부천시,아파트,오정생활휴먼시아2단지아파트,오정구 오정동,726,2006-10-17,15,9,501,Y
부천시,아파트,오정생활휴먼시아3단지아파트,오정구 오정동,732,2006-07-06,15,8,550,Y
부천시,아파트,오화아파트,오정구 고강동,333,1989-09-29,5,1,49,N
부천시,아파트,옥길브리즈힐,소사구 옥길동,751-1,2016-07-13,29,14,1304,Y
부천시,아파트,옥길센트리뷰,소사구 옥길동,771-1,2017-12-08,28,15,1318,Y
부천시,아파트,옥길호반베르디움,소사구 옥길동,780-1,2017-12-07,29,16,1420,Y
부천시,아파트,용상아파트,오정구 원종동,150-18,1999-12-08,6,1,36,N
부천시,아파트,우남APT,원미구 도당동,Jan-57,1990-06-02,5,2,110,N
부천시,아파트,우남아파트,원미구 도당동,69,1990-12-21,5,2,80,N
부천시,아파트,우남아파트,원미구 약대동,119,1994-05-24,11,1,92,N
부천시,아파트,우남푸르미아아파트,원미구 춘의동,141-2,2006-04-14,21,5,268,Y
부천시,아파트,우림루미아트,원미구 역곡동,202,2004-10-18,14,1,190,Y
부천시,아파트,우민 늘사랑 아파트,원미구 춘의동,491,2004-11-22,20,1,285,Y
부천시,아파트,우민 늘사랑 아파트 2차,원미구 춘의동,172-2,2006-04-13,18,2,98,N
부천시,아파트,우민늘사랑아파트,원미구 심곡동,799,2004-11-19,15,1,96,N
부천시,아파트,우성아파트,소사구 송내동,340,1990-07-19,15,11,798,Y
부천시,아파트,우진아파트,원미구 원미동,177-20,1987-12-31,5,2,82,N
부천시,아파트,욱일아파트,소사구 송내동,316,1983-10-17,5,2,120,N
부천시,아파트,욱일아파트,오정구 원종동,69-18,1986-12-16,5,3,140,N
부천시,아파트,욱일아파트,오정구 원종동,220-3,1987-08-01,5,2,95,N
부천시,아파트,욱일아파트,오정구 원종동,221-8,1987-11-19,5,1,60,N
부천시,아파트,운양주택,오정구 오정동,565-2,1990-09-13,5,1,45,N
부천시,연립,원미상가아파트,원미구 원미동,Jan-89,1982-07-09,3,13,33,N
부천시,아파트,원종 e편한세상,오정구 원종동,469,2005-10-26,12,2,158,Y
부천시,아파트,원종동 금호 어울림,오정구 원종동,470,2011-02-07,15,9,404,Y
부천시,아파트,원종주공아파트,오정구 원종동,129-19,1988-11-20,5,13,490,Y
부천시,아파트,원종파르크아파트,오정구 원종동,334-2,2022-05-23,7,1,54,N
부천시,아파트,원진아파트,소사구 소사본동,Dec-54,1986-12-02,5,1,40,N
부천시,아파트,월산장미아파트,오정구 여월동,02-16,1992-07-11,5,2,105,N
부천시,연립,유정연립,원미구 심곡동,407-2,1983-06-15,2,10,34,N
부천시,아파트,유호아파트,오정구 고강동,327-3,1989-09-30,5,1,95,N
부천시,아파트,유호아파트,오정구 원종동,139-1,1988-12-27,5,1,55,N
부천시,아파트,유호아파트,오정구 원종동,140,1988-09-16,5,1,30,N
부천시,아파트,윤성아파트,오정구 고강동,425-25,1996-11-20,6,1,58,N
부천시,아파트,은성아파트,오정구 원종동,139-2,1988-11-15,5,2,90,N
부천시,아파트,은성아파트,오정구 원종동,200-3,1987-02-03,5,2,115,N
부천시,아파트,은성아파트,원미구 역곡동,Jan-46,1986-12-04,5,5,117,N
부천시,아파트,"은하마을 대우,동부아파트",원미구 중동,1037,1993-12-16,25,12,632,Y
부천시,아파트,"은하마을 쌍용, 효성아파트",원미구 중동,1036,1994-02-16,25,10,540,Y
부천시,아파트,은하마을 주공1단지아파트,원미구 중동,1039,1995-07-25,20,8,795,Y
부천시,아파트,은하마을 주공2단지아파트,원미구 중동,1038,1995-09-22,15,5,420,Y
부천시,아파트,이룸이루미아파트,오정구 내동,345,2008-05-01,9,1,48,N
부천시,아파트,이안 시그니처 역곡,소사구 괴안동,99,2024-08-19,16,2,99,N
부천시,아파트,이안더부천,원미구 원미동,222,2021-11-26,25,3,219,Y
부천시,아파트,이편한세상 온수역,소사구 괴안동,268,2020-04-22,29,8,921,Y
부천시,아파트,인성아파트,오정구 고강동,378,1986-12-05,5,2,140,N
부천시,아파트,일두맨션아파트,원미구 역곡동,75,1983-06-01,5,9,315,Y
부천시,아파트,일루미스테이트,소사구 범박동,327,2024-01-15,29,37,3724,Y
부천시,아파트,일해늘푸른 아파트,원미구 심곡동,184-4,2001-12-18,12,1,70,N
부천시,아파트,자연앤한양립스,원미구 역곡동,416,2024-03-27,14,1,81,N
부천시,아파트,장미아파트,오정구 고강동,327,1986-01-21,5,2,90,N
부천시,아파트,장미아파트,오정구 원종동,369,1984-10-17,5,2,130,N
부천시,아파트,장미아파트,원미구 역곡동,21-3,1984-02-21,5,2,60,N
부천시,연립,장안연립,오정구 원종동,387-3,1983-02-07,3,3,51,N
부천시,아파트,적성아파트,오정구 작동,Mar-74,1989-06-14,5,1,45,N
부천시,아파트,적성아파트,오정구 작동,75,1989-06-12,5,2,60,N
부천시,아파트,정다움아파트,소사구 괴안동,110-5,2005-08-11,10,1,36,N
부천시,아파트,정도아파트,오정구 고강동,400-1,1989-08-14,5,1,50,N
부천시,아파트,제이드카운티 1단지,소사구 옥길동,742-1,2017-10-27,29,6,616,Y
부천시,아파트,제이드카운티 2단지,소사구 옥길동,739-1,2017-10-26,29,6,574,Y
부천시,아파트,주왕노빌리움,오정구 원종동,138-30,2018-01-05,13,1,36,N
부천시,아파트,중동대림아파트,원미구 중동,3-207,2000-08-16,15,5,401,Y
부천시,아파트,중동센트럴파크푸르지오아파트,원미구 중동,1300,2020-01-22,49,6,999,Y
부천시,아파트,중동역푸르지오아파트,소사구 송내동,372,2005-09-06,25,12,1001,Y
부천시,아파트,중동해링턴플레이스,원미구 중동,1298,2019-11-27,29,3,339,Y
부천시,아파트,중동행복주택,원미구 중동,814,2018-12-14,9,1,26,N
부천시,아파트,중앙그린빌아파트101동,원미구 춘의동,Jan-66,2002-06-18,14,1,112,N
부천시,아파트,중앙리치빌,소사구 소사본동,Jan-78,2004-08-18,7,1,28,N
부천시,아파트,중앙아파트,오정구 원종동,218-6,1986-11-05,5,2,80,N
부천시,아파트,"중흥마을 극동,두산아파트",원미구 중동,1054,1993-11-01,25,10,516,Y
부천시,아파트,중흥마을 신동아아파트,원미구 중동,1055,1993-12-01,25,11,640,Y
부천시,아파트,중흥마을 주공아파트,원미구 중동,1052,1995-11-16,25,7,863,Y
부천시,아파트,지석 Rose Ville,소사구 송내동,568,2003-02-26,14,1,66,N
부천시,아파트,진달래마을 대림e-편한세상,원미구 상동,526-4,2002-08-09,25,8,639,Y
부천시,아파트,진달래마을 대우푸르지오아파트,원미구 상동,526-1,2002-06-21,25,10,580,Y
부천시,아파트,진달래마을 신동아아파트,원미구 상동,526-6,2002-04-25,17,5,256,Y
부천시,아파트,진달래마을 써미트빌,원미구 상동,527-1,2002-09-26,25,11,559,Y
부천시,아파트,진달래마을 효성센트럴,원미구 상동,527-3,2002-09-26,25,12,708,Y
부천시,아파트,진성그린테라스,원미구 도당동,Jan-69,2009-08-17,10,2,43,N
부천시,아파트,진영아파트,오정구 고강동,391-1,1987-04-30,5,2,80,N
부천시,아파트,진주아파트,소사구 송내동,335-13,1984-04-06,5,2,60,N
부천시,아파트,창보아파트,오정구 오정동,373,1999-11-13,6,5,290,Y
부천시,아파트,천경아파트,오정구 고강동,372-2,1988-05-14,5,1,20,N
부천시,아파트,청광플러스원,오정구 고강동,328,2010-09-06,10,2,101,N
부천시,아파트,청년문화마을 예술인 및 웹툰융합센터,원미구 상동,702,2023-11-27,25,2,850,N
부천시,아파트,청수1차아파트,소사구 괴안동,107-7,2006-03-17,10,2,70,N
부천시,아파트,청수이지빌,소사구 괴안동,123-4,2007-05-11,12,1,53,N
부천시,아파트,청실고층아파트,소사구 송내동,380,1986-08-13,12,1,165,Y
부천시,아파트,청암아파트,원미구 역곡동,114-3,1986-10-20,5,2,52,N
부천시,아파트,초원아파트,소사구 괴안동,163-4,2001-01-20,6,1,48,N
부천시,아파트,춘의동 리치빌,원미구 춘의동,184-2,2004-05-12,15,1,84,N
부천시,아파트,춘의주공아파트,원미구 춘의동,237,1991-10-17,15,4,976,N
부천시,아파트,코오롱이데아폴리스,원미구 상동,547-1,2007-03-20,33,2,288,Y
부천시,아파트,클레버아파트,소사구 괴안동,Feb-94,2005-08-12,9,1,43,N
부천시,아파트,태경삼익아파트,소사구 심곡본동,562-115,1985-04-29,10,2,128,N
부천시,아파트,태송팰리채아파트,소사구 괴안동,162-2,2008-01-31,14,1,147,N
부천시,아파트,태승훼미리아파트,원미구 심곡동,801,2006-10-27,15,2,99,N
부천시,아파트,태양아파트,오정구 원종동,269-2,1987-02-09,5,2,70,N
부천시,아파트,태영스카이 아파트,오정구 원종동,296-5,2021-10-01,11,1,50,N
부천시,아파트,태진아파트,오정구 원종동,292-4,1993-06-04,5,1,45,N
부천시,아파트,트윈파크아파트,소사구 괴안동,104,2004-09-17,14,1,125,N
부천시,아파트,팰리스카운티,원미구 중동,1289,2009-07-27,30,29,3090,Y
부천시,아파트,포도마을 뉴서울아파트,원미구 중동,1171,1993-10-11,25,6,310,Y
부천시,아파트,포도마을 삼보아파트,원미구 중동,1170,1995-06-05,26,12,918,Y
부천시,아파트,포도마을 영남아파트,원미구 중동,1170,1995-06-30,26,12,918,Y
부천시,아파트,푸른마을 창보밀레시티,원미구 상동,551-1,2002-04-30,15,5,330,Y
부천시,아파트,푸른마을 한라비발디,원미구 상동,551-2,2002-06-27,15,5,382,Y
부천시,아파트,푸른빌 아파트,소사구 송내동,559,2008-08-14,14,1,48,N
부천시,아파트,푸른솔아파트,원미구 도당동,105-3,1989-11-27,5,1,85,N
부천시,아파트,풍남아파트,소사구 괴안동,86,1987-02-09,5,1,70,N
부천시,아파트,풍남아파트,원미구 중동,596,1985-12-16,5,1,60,N
부천시,아파트,풍림아파트,원미구 원미동,114-1,1999-04-23,21,6,808,Y
부천시,아파트,풍원아파트,소사구 괴안동,176-1,2005-01-25,12,1,49,N
부천시,아파트,프라움시티,원미구 중동,1161-2,2011-04-28,13,1,112,N
부천시,아파트,하나리아벨아파트,원미구 춘의동,142-5,2005-07-27,15,1,79,N
부천시,아파트,하림골든뷰,소사구 소사본동,Apr-54,2018-04-03,15,1,56,N
부천시,아파트,하얀마을 경남아너스빌,원미구 상동,570-5,2002-04-29,25,4,414,Y
부천시,아파트,하얀마을 주공뜨란채아파트,원미구 상동,570-3,2002-12-10,22,7,636,N
부천시,아파트,하얀마을 현대아이파크,원미구 상동,570-1,2002-03-26,23,10,511,Y
부천시,아파트,한국아파트,원미구 역곡동,212-2,1996-11-25,22,2,497,Y
부천시,연립,한남빌리지,원미구 도당동,119,2014-04-03,5,3,72,N
부천시,아파트,한도아파트,원미구 역곡동,25-32,1983-11-24,5,2,100,N
부천시,아파트,한도아파트,원미구 역곡동,23-1,1986-12-24,5,5,150,N
부천시,아파트,한라마을 주공1단지,원미구 중동,1028,1995-09-24,15,5,925,N
부천시,아파트,한라마을 주공2단지,원미구 중동,1028,1995-09-25,15,14,1246,Y
부천시,아파트,한라마을 주공3차아파트,원미구 중동,1027,1996-04-09,20,11,1201,Y
부천시,아파트,한솔아파트,소사구 소사본동,55,2003-12-10,12,1,44,N
부천시,아파트,한솔아파트,오정구 원종동,300,2003-12-30,8,1,35,N
부천시,아파트,한신아파트,소사구 소사본동,277-12,1984-12-29,13,9,916,Y
부천시,아파트,"한아름마을 동성,동아,삼환아파트",원미구 상동,393,1994-11-07,22,18,1428,Y
부천시,아파트,한아름마을 동원아파트,원미구 상동,394-1,1996-04-27,19,4,296,Y
부천시,아파트,한아름마을 한국아파트,원미구 상동,394,1996-12-13,23,6,500,Y
부천시,아파트,한아름마을 현대1차아파트,원미구 상동,392,1994-05-27,25,15,1236,Y
부천시,아파트,한아름아파트,소사구 괴안동,110-21,1986-02-06,5,1,43,N
부천시,아파트,한아름아파트,소사구 괴안동,03-16,1983-07-01,5,2,60,N
부천시,아파트,한아름아파트,오정구 원종동,135-2,1989-04-10,5,2,65,N
부천시,아파트,한양아파트,오정구 오정동,581-1,1998-09-30,6,1,40,N
부천시,아파트,한오아파트,오정구 고강동,289,1989-11-16,5,1,45,N
부천시,아파트,한울에이치밸리움 디그니어스,소사구 심곡본동,660-2,2022-08-31,15,4,66,N
부천시,아파트,한일아파트,오정구 고강동,408-7,1987-08-24,5,1,50,N
부천시,아파트,한화미리움,원미구 원미동,101-1,2007-08-29,11,1,73,N
부천시,아파트,함태 스위트빌,오정구 내동,22-4,2006-11-30,15,1,60,N
부천시,아파트,해강로디안 아파트,오정구 원종동,477,2023-03-20,10,1,63,N
부천시,아파트,해맑은아파트,원미구 원미동,197-2,2004-01-30,7,1,49,N
부천시,아파트,해주아파트,오정구 원종동,262-3,1998-07-02,6,3,118,N
부천시,아파트,해주아파트2차,오정구 원종동,171,2003-06-23,10,2,119,N
부천시,아파트,해주아파트3차,오정구 작동,Sep-69,2004-06-04,12,1,49,N
부천시,아파트,행복한마을 금호어울림,원미구 상동,550-1,2002-07-13,24,5,422,Y
부천시,아파트,행복한마을 서해그랑블,원미구 상동,550-3,2002-05-23,22,8,402,Y
부천시,아파트,행복한마을 한양하이타운로즈빌1차,원미구 상동,550-7,2002-09-17,25,7,396,Y
부천시,연립,현대부러운아파트,소사구 소사본동,Feb-56,1984-03-28,4,1,53,N
부천시,아파트,현대아파트,소사구 괴안동,15,1988-06-27,5,3,149,N
부천시,아파트,현대아파트,소사구 송내동,450-1,1988-10-29,15,6,717,Y
부천시,아파트,현대아파트,오정구 고강동,367,1988-05-20,5,2,70,N
부천시,아파트,현대아파트,오정구 원종동,211-1,1987-08-19,5,1,80,N
부천시,아파트,현대아파트,오정구 원종동,362-4,1987-02-16,5,1,40,N
부천시,아파트,현대아파트,오정구 원종동,211-3,1987-08-31,5,1,30,N
부천시,아파트,현대아파트,원미구 약대동,Apr-33,1988-06-02,5,4,290,N
부천시,아파트,현대아파트,원미구 약대동,169-6,1988-06-02,5,3,130,N
부천시,아파트,현대아파트,원미구 중동,813,1985-10-30,5,1,25,N
부천시,아파트,현대아파트,원미구 중동,772-2,1984-04-07,5,1,50,N
부천시,아파트,현대프라힐스 소사역 더프라임,소사구 소사본동,Jun-70,2024-06-28,29,2,160,Y
부천시,아파트,현진 아파트,원미구 역곡동,Feb-98,1986-02-19,5,1,80,N
부천시,아파트,협성아파트,오정구 원종동,201,1987-11-24,5,1,60,N
부천시,아파트,형진아파트,오정구 원종동,360-8,1986-06-19,5,1,45,N
부천시,아파트,형진아파트,원미구 중동,732-1,1987-07-01,5,2,80,N
부천시,연립,혜원연립,오정구 원종동,383-8,1985-10-05,2,16,64,N
부천시,아파트,홍익아파트,오정구 고강동,409-5,1989-03-07,5,2,80,N
부천시,아파트,효마을아파트,오정구 오정동,559-2,2008-02-04,15,1,50,N
부천시,아파트,효자아파트,오정구 원종동,138-1,1987-02-11,5,2,130,N
부천시,아파트,효행복마을아파트,오정구 오정동,415-4,2013-06-13,10,1,150,Y
부천시,아파트,흥립약대아파트,원미구 약대동,169-38,1984-08-22,5,4,210,N
부천시,아파트,힐스테이트 소사역,소사구 소사본동,Feb-65,2025-06-27,49,4,629,Y
부천시,아파트,힐스테이트 중동,원미구 중동,1301,2022-02-16,47,6,999,Y
성남시,아파트,LH동분당센트럴파크,도촌동,700,2013-02-20,15,17,842,Y
성남시,아파트,LH위례36단지,수정구 창곡동,501,2021-01-04,15,3,470,N
성남시,아파트,LIG건영,운중동,899,2009-02-04,25,3,222,Y
성남시,아파트,MD아파트,수정구 수진동,2220,2001-12-10,11,1,63,N
성남시,주상복합,SK VIEW(SK뷰),야탑동,188,2003-11-11,20,4,175,Y
성남시,아파트,SR HIGHONE 하이원,중원구 성남동,3755,2004-05-21,12,1,44,N
성남시,아파트,e편한세상금빛그랑메종1단지,금광동,1001,2022-11-23,29,9,1135,Y
성남시,아파트,e편한세상금빛그랑메종2단지,금광동,1003,2022-11-23,22,4,443,Y
성남시,아파트,e편한세상금빛그랑메종3단지,금광동,1008,2022-11-23,25,6,784,Y
성남시,아파트,e편한세상금빛그랑메종4단지,금광동,1016,2022-11-23,29,8,948,Y
성남시,아파트,e편한세상금빛그랑메종5단지,금광동,1020,2022-11-28,29,8,1102,Y
성남시,아파트,e편한세상금빛그랑메종6단지,중원구 금광동,1009,2022-11-23,24,4,908,N
성남시,아파트,가천대두산위브,태평동,7346,2018-10-12,15,8,503,Y
성남시,아파트,가천대역동부센트레빌1단지,태평동,7343,2006-10-27,14,6,248,Y
성남시,아파트,가천대역동부센트레빌2단지,수정구 태평동,7344,2007-02-09,14,4,115,N
성남시,아파트,가천대역쌍용스윗닷홈,태평동,7342,2005-12-07,15,4,191,Y
성남시,아파트,고등마을 행복주택,수정구 고등동,578,2019-07-15,15,11,1520,N
성남시,아파트,굿모닝 파크빌,수정구 양지동,6,2004-07-09,13,1,35,N
성남시,아파트,금광시장,중원구 금광동,4622,1990-12-15,5,2,42,N
성남시,아파트,금오베스트샵,중원구 하대원동,105-7,2005-08-31,10,1,29,N
성남시,아파트,금오아파트,중원구 성남동,3747,2001-09-25,12,1,90,N
성남시,아파트,금호어울림,성남동,31326,2006-08-29,15,11,507,Y
성남시,아파트,까치마을1단지대우롯데선경,구미동,77,1995-11-25,25,16,976,Y
성남시,아파트,까치마을4단지롯데선경,구미동,63,1995-07-28,22,16,1124,Y
성남시,연립주택,"까치마을건영빌라3,6단지",구미동,13,1995-06-23,4,16,332,Y
성남시,연립주택,까치마을건영빌라5단지,구미동,12,1995-06-22,4,9,208,Y
성남시,연립,까치마을금성백조연립,분당구 구미동,20,1995-03-30,4,6,112,N
성남시,아파트,까치마을신원,구미동,66,1995-08-30,25,14,882,Y
성남시,연립,까치마을우방우성빌라,분당구 구미동,75,1994-11-30,3,8,108,N
성남시,아파트,까치마을주공2단지,구미동,88,1995-04-24,25,9,768,Y
성남시,아파트,나래주상복합아파트,중원구 성남동,2258,2006-03-16,10,1,24,N
성남시,아파트,낙원스카이뷰2,수정구 태평동,6146,2005-05-31,15,1,52,N
성남시,아파트,낙원아파트,수정구 단대동,"3, 3-2",2001-09-05,10,1,45,N
성남시,아파트,"느티마을3,4단지",정자동,88,1995-11-15,25,28,1776,Y
성남시,연립주택,느티마을경남선경빌라,정자동,29,1995-09-30,4,16,200,Y
성남시,아파트,늘푸른산성,상대원동,174,1997-09-20,21,4,360,Y
성남시,아파트,다솜마을,중원구 금광동,2528,2005-11-15,15,3,200,N
성남시,아파트,단남,금광동,92,2000-12-14,15,2,160,Y
성남시,아파트,단대동 행복주택,수정구 단대동,130,2021-03-10,7,1,60,N
성남시,아파트,단대동휴먼시아,수정구 단대동,101,2012-09-07,18,2,213,N
성남시,아파트,단대진로,단대동,124,1998-12-16,15,6,499,Y
성남시,아파트,단대푸르지오,단대동,100,2012-09-07,25,13,1015,Y
성남시,아파트,대동다숲아파트,중원구 성남동,3757,2006-03-03,14,1,62,N
성남시,아파트,대원아파트,중원구 하대원동,155-2,1987-06-30,6,1,96,N
성남시,아파트,더블레스,분당구 이매동,346-4,2022-06-22,4,5,32,N
성남시,아파트,더샵판교퍼스트파크,백현동,516,2021-06-09,25,15,1223,Y
성남시,아파트,더샵판교포레스트11단지,대장동,181-1,2021-05-31,20,7,448,Y
성남시,아파트,더샵판교포레스트12단지,대장동,287,2021-05-31,20,9,542,Y
성남시,연립,동명빌라,수정구 수진동,4781,1985-05-17,4,3,66,N
성남시,아파트,동부주택 브리앙뜨,중원구 성남동,2292,2004-06-23,15,1,36,N
성남시,아파트,동부주택 브리앙뜨2,중원구 성남동,2163,2006-06-08,15,1,84,N
성남시,아파트,동분당 KCC스위첸파티오 1단지,중원구 도촌동,639,2019-12-06,3,17,153,N
성남시,아파트,동분당 KCC스위첸파티오 2단지,중원구 도촌동,705,2019-12-06,3,11,50,N
성남시,아파트,동분당더퍼스트,도촌동,704,2010-03-02,15,12,633,Y
성남시,아파트,동분당포레스트,도촌동,702,2007-12-10,15,7,408,Y
성남시,아파트,"동양정자파라곤 1단지(101, 102동)",분당구 정자동,14-3,2004-10-02,17,1,112,N
성남시,아파트,"동양정자파라곤 2단지(103, 104동)",분당구 정자동,14-1,2004-10-02,17,1,112,N
성남시,아파트,"동양정자파라곤 3단지(105, 106동)",분당구 정자동,13-1,2004-10-02,17,1,120,N
성남시,아파트,동인트루빌2,수정구 태평동,6455,2005-06-30,14,1,72,N
성남시,아파트,띠아모아파트,중원구 성남동,3753,2004-05-24,10,1,21,N
성남시,아파트,래미안금광,금광동,2500,2006-11-13,17,11,1098,Y
성남시,아파트,로그인한진아파트,중원구 성남동,4859,2007-10-16,6,1,48,N
성남시,주상복합,로얄팰리스,정자동,28-1,2003-02-07,32,4,566,Y
성남시,연립,르씨트빌모트(Le Site Wilmotte),분당구 운중동,379-4,2005-06-08,4,5,36,N
성남시,연립주택,매화마을건영1차,야탑동,265,1995-01-20,4,11,248,Y
성남시,연립,매화마을대창,분당구 야탑동,267,1995-07-31,4,6,112,N
성남시,아파트,매화마을동신건영2차,야탑동,266,1995-03-31,4,12,240,Y
성남시,연립주택,매화마을벽산연립,야탑동,218,1994-11-29,4,10,252,Y
성남시,아파트,매화마을주공1단지,야탑동,201,1995-12-26,20,6,562,Y
성남시,아파트,매화마을주공2단지,야탑동,215,1995-07-15,21,17,1185,Y
성남시,아파트,매화마을주공3단지,야탑동,207,1993-05-17,15,16,851,Y
성남시,아파트,매화마을주공4단지,야탑동,211,1993-05-17,15,7,643,Y
성남시,연립,매화마을청구빌라,분당구 야탑동,217,1995-06-02,4,7,136,N
성남시,연립,매화마을화성빌리지,분당구 야탑동,270,1994-10-31,4,7,116,N
성남시,아파트(도시형),모란아이하우스,수정구 수진동,4809,2012-11-20,13,1,149,N
성남시,연립주택,목련마을대원빌라,야탑동,173,1994-11-29,4,6,172,Y
성남시,연립주택,목련마을대원빌라3단지(자영빌라),야탑동,177,1994-11-29,4,9,216,Y
성남시,연립,목련마을대진빌라,분당구 야탑동,158,1994-12-07,4,5,75,N
성남시,연립,목련마을두원빌라,분당구 야탑동,182,1994-11-30,4,7,124,N
성남시,연립,목련마을미원빌라,분당구 야탑동,183,1994-10-31,4,4,108,N
성남시,연립,목련마을성환빌라,분당구 야탑동,176,1995-02-25,4,7,136,N
성남시,아파트,목련마을영남,야탑동,156,1995-09-30,17,4,294,Y
성남시,아파트,목련마을주공1단지,분당구 야탑동,165,1993-05-17,15,12,1460,N
성남시,아파트,목련마을한신,야탑동,163,1994-12-28,15,5,264,Y
성남시,아파트,목련마을한일,야탑동,162,1995-10-31,18,4,278,Y
성남시,연립주택,목련마을화성빌리지,야탑동,185,1994-12-26,4,11,224,Y
성남시,아파트,무지개마을LG,구미동,202,1995-08-17,20,14,888,Y
성남시,아파트,무지개마을건영6단지(건영3차),구미동,225,1995-08-31,16,4,208,Y
성남시,아파트,무지개마을금강,구미동,213,1995-09-01,19,3,216,Y
성남시,아파트,무지개마을대림,구미동,211,1995-07-07,27,11,778,Y
성남시,아파트,무지개마을동아아파트,분당구 구미동,240,1995-06-26,17,3,132,N
성남시,아파트,무지개마을라이프,구미동,242,1995-11-30,19,4,222,Y
성남시,아파트,무지개마을삼성건영,구미동,222,1996-02-26,19,8,498,Y
성남시,아파트,무지개마을신한건영,구미동,201,1996-02-05,20,12,964,Y
성남시,아파트,무지개마을제일,구미동,243,1995-07-27,18,3,172,Y
성남시,아파트,무지개마을주공12단지,구미동,212,1995-11-03,25,9,905,Y
성남시,아파트,무지개마을주공4단지,구미동,220,1995-11-29,25,5,563,Y
성남시,아파트,무지개마을청구,구미동,221,1995-09-04,23,13,932,Y
성남시,아파트,미래타운,수정구 신흥동,Mar-42,2006-03-02,12,1,24,N
성남시,주상복합,미켈란쉐르빌,정자동,180,2003-09-17,39,4,803,Y
성남시,아파트,밀란체1,수정구 수진동,4557,2005-02-15,15,1,45,N
성남시,아파트,밀란체2,수정구 수진동,4002,2006-02-03,14,1,96,N
성남시,연립,백산오페라하우스,분당구 서현동,320,2004-08-16,4,2,42,N
성남시,아파트,백현마을1단지판교푸르지오그랑블,백현동,542,2011-07-28,25,14,948,Y
성남시,아파트,백현마을2단지,백현동,545,2009-12-21,25,13,772,Y
성남시,아파트,백현마을3단지,분당구 백현동,546,2011-01-26,25,23,1722,N
성남시,아파트,백현마을4단지,분당구 백현동,553,2011-01-26,25,20,1974,N
성남시,아파트,백현마을5단지,백현동,554,2009-10-20,22,11,584,Y
성남시,아파트,백현마을6단지,백현동,555,2009-10-20,22,6,396,Y
성남시,아파트,백현마을7단지,백현동,556,2009-11-02,24,7,464,Y
성남시,아파트,백현마을8단지,백현동,558,2009-09-14,22,6,340,Y
성남시,아파트,백현마을9단지,백현동,525,2009-09-14,10,15,348,Y
성남시,연립,베스티아6차 연립,분당구 이매동,334-1,2012-10-19,4,5,24,N
성남시,주상복합,보미리전빌3,성남동,2508,2003-05-13,12,1,150,Y
성남시,아파트,봇들마을1단지판교신미주,삼평동,705,2009-02-13,15,25,1147,Y
성남시,아파트,봇들마을2단지이지더원,삼평동,717,2009-02-20,15,16,721,Y
성남시,아파트,봇들마을3단지,삼평동,722,2009-07-28,18,12,870,Y
성남시,아파트,봇들마을4단지,삼평동,718,2009-07-20,18,12,748,Y
성남시,아파트,봇들마을5단지,분당구 삼평동,726,2010-01-04,17,9,775,N
성남시,아파트,봇들마을6단지,분당구 삼평동,728,2011-01-26,20,13,1297,N
성남시,아파트,봇들마을7단지,삼평동,738,2009-08-20,22,11,585,Y
성남시,아파트,봇들마을8단지,삼평동,742,2009-11-17,22,7,447,Y
성남시,아파트,봇들마을9단지금호어울림,삼평동,744,2009-07-10,24,14,850,Y
성남시,아파트,부남프라자,중원구 성남동,3279,2002-08-31,13,1,34,N
성남시,주상복합,분당 두산위브트레지움,금곡동,192,2003-09-27,20,9,656,Y
성남시,아파트,분당더샵파크리버,정자동,2015,2021-10-21,34,5,506,Y
성남시,주상복합,분당더?스타파크,정자동,174-1,2007-02-06,36,4,378,Y
성남시,아파트,분당동원로얄듀크,야탑동,190,2003-09-05,22,4,166,Y
성남시,주상복합,분당지웰푸르지오,수내동,01-01,2022-02-23,28,3,166,Y
성남시,연립,분당풍림아이원,분당구 분당동,92,2002-10-28,3,3,35,N
성남시,주상복합,분당하우스토리,금곡동,202,2004-10-18,20,3,212,Y
성남시,아파트,비제이 위채아파트,중원구 하대원동,111,2008-10-17,4,1,48,N
성남시,연립,빌라트Y,분당구 구미동,278-1,2010-10-04,4,6,36,N
성남시,아파트,산들마을2단지,여수동,602,2015-10-08,15,16,1171,Y
성남시,아파트,산성역 포레스티아 아파트,신흥동,6951,2020-07-30,28,39,4089,Y
성남시,아파트,산성역자이푸르지오1단지,신흥동,6961,2023-11-30,29,13,1852,Y
성남시,아파트,산성역자이푸르지오2단지,신흥동,6963,2023-11-30,29,10,1270,Y
성남시,아파트,산성역자이푸르지오3단지,신흥동,6971,2023-11-30,29,5,840,Y
성남시,아파트,산성역자이푸르지오4단지,수정구 신흥동,6970,2023-11-30,26,3,812,N
성남시,아파트,산운마을10단지대광로제비앙,운중동,949,2009-01-30,18,4,257,Y
성남시,아파트,산운마을11단지판교포레라움,운중동,922,2009-07-23,18,10,504,Y
성남시,아파트,산운마을12단지,운중동,921,2009-07-23,18,10,510,Y
성남시,아파트,산운마을13단지,운중동,918,2010-06-07,35,12,1396,Y
성남시,아파트,산운마을14단지경남아너스빌,운중동,916,2009-08-20,18,12,492,Y
성남시,연립,산운마을1단지  월드힐스,분당구 운중동,875,2010-12-07,4,8,98,N
성남시,연립,산운마을2단지 월든힐스,분당구 운중동,874,2010-12-03,4,9,100,N
성남시,연립,산운마을3단지 월든힐스,분당구 운중동,873,2010-10-15,4,9,102,N
성남시,아파트,산운마을5단지한성필하우스,운중동,989,2010-06-09,18,5,268,Y
성남시,아파트,산운마을6단지,운중동,988,2010-06-08,17,10,256,Y
성남시,연립주택,산운마을7단지,운중동,987,2010-06-07,4,21,206,Y
성남시,아파트,산운마을8단지 판교부영,운중동,956,2008-12-31,21,6,371,Y
성남시,아파트,산운마을9단지판교대방노블랜드,운중동,958,2008-12-31,18,4,266,Y
성남시,아파트,산호,상대원동,산19-4,1992-01-27,12,1,158,Y
성남시,아파트,산호아파트,수정구 수진동,4660,1998-07-11,14,1,78,N
성남시,아파트,삼능스페이스향,수정구 태평동,6513,2005-12-14,15,1,64,N
성남시,아파트,삼라마이다스빌,분당구 금곡동,208,2004-06-04,16,1,74,N
성남시,아파트,삼부르네상스 파크 I,수정구 신흥동,179,2006-02-28,15,1,108,N
성남시,아파트,삼부르네상스파크Ⅱ,수정구 신흥동,2476,2006-06-09,20,1,134,N
성남시,아파트,삼성래미안위례,창곡동,528,2015-11-27,19,7,410,Y
성남시,주상복합,삼성아데나루체,정자동,170-1,2004-12-13,25,3,259,Y
성남시,아파트,삼오아트빌,수정구 태평동,3505,2004-11-23,12,1,28,N
성남시,아파트,삼익금광,금광동,3950,1991-12-24,12,4,498,Y
성남시,아파트,삼익상대원,상대원동,152-3,1991-12-24,12,2,264,Y
성남시,아파트,삼정그린뷰,수진동,4678,2003-12-20,10,5,274,Y
성남시,아파트,상대원선경(2차 시영),상대원동,279-1,1994-04-10,15,19,2510,Y
성남시,아파트,상록마을라이프1단지,정자동,"124, 125",1995-05-27,25,13,750,Y
성남시,아파트,상록마을보성임광,정자동,181,1995-05-30,18,8,568,Y
성남시,아파트,상록마을우성,정자동,121,1995-01-14,25,27,1762,Y
성남시,아파트,상일아파트,중원구 하대원동,137-5,1986-06-29,5,1,40,N
성남시,아파트,샛별마을동성,분당동,35,1993-03-08,20,9,582,Y
성남시,아파트,샛별마을라이프,분당동,34,1993-07-24,25,9,796,Y
성남시,아파트,샛별마을삼부,분당동,39,1993-06-14,25,14,588,Y
성남시,아파트,샛별마을우방,분당동,38,1994-03-21,20,12,811,Y
성남시,연립,샛별마을현대빌라,분당구 분당동,41,1994-12-30,3,8,66,N
성남시,아파트,샤르망,수정구 신흥동,5180,2006-03-02,15,1,117,N
성남시,연립,서울국제학교 교사주택,수정구 복정동,657-3,2006-05-19,4,4,55,N
성남시,주상복합,서현미래타운,서현동,307,1994-08-30,22,4,160,Y
성남시,연립,서현포스파크,분당구 서현동,"145,146-1",2003-07-29,4,7,128,N
성남시,아파트,서현효자촌그린타운,서현동,308,1994-08-30,25,22,1774,Y
성남시,아파트,선경논골,단대동,6,1991-12-14,13,3,426,Y
성남시,아파트,선경단대아파트,수정구 단대동,188,1991-12-14,5,1,60,N
성남시,아파트,성남 밀란체3,수정구 수진동,3991,2006-06-08,15,1,52,N
성남시,아파트,성남동 S.N블르버드,중원구 성남동,2334,2005-07-29,12,1,39,N
성남시,아파트,성남동 그린빌아파트,중원구 성남동,2493,2006-12-28,13,1,37,N
성남시,아파트,성남동 세종그랑시아,중원구 성남동,2487,2005-07-01,13,1,62,N
성남시,아파트,성남동 현대,성남동,3121,1992-10-10,15,2,375,Y
성남시,아파트,성남동렉스아파트,중원구 성남동,3301,2016-04-25,13,1,44,N
성남시,아파트,성남동여수LH1단지(임대),중원구 성남동,4700,2017-08-01,14,7,658,N
성남시,아파트,성남미도,단대동,182,1982-11-16,14,2,280,Y
성남시,아파트,성남산단3단지,중원구 상대원동,252-1,2023-08-01,4,1,194,N
성남시,아파트,성남자이,하대원동,539,2007-07-24,22,14,910,Y
성남시,아파트,성남중동3휴먼시아,중원구 중앙동,711,2012-07-20,16,2,127,N
성남시,아파트,성남코오롱하늘채,단대동,6986,2013-02-21,15,4,186,Y
성남시,아파트,성남통보3차양지아파트,수정구 양지동,743-1,1983-12-26,6,1,78,N
성남시,아파트,성남판교 경기행복주택,분당구 삼평동,700,2020-08-10,8,3,300,N
성남시,아파트,"성원 상떼뷰리젠시 (101, 102동)",분당구 정자동,12-03,2004-07-09,17,1,53,N
성남시,아파트,성원 상떼뷰리젠시 (201동),분당구 정자동,12-02,2004-07-09,16,1,33,N
성남시,아파트,성원초원,하대원동,115-3,1995-12-30,12,3,281,Y
성남시,아파트,세븐빌,수정구 수진동,4569,2005-11-02,7,1,26,N
성남시,아파트,세일띠아모아아파트,수정구 수진동,4539,2004-12-06,13,1,30,N
성남시,아파트(도시형),센트럴아파트,수정구 태평동,7345,2013-09-16,6,1,38,N
성남시,아파트,센트럴타운3단지,여수동,600,2012-12-20,15,23,1039,Y
성남시,아파트,셀레스빌,수정구 신흥동,125-2,2007-03-09,15,1,117,N
성남시,아파트,수산리치빌,중원구 성남동,3141,2003-06-25,13,1,22,N
성남시,아파트,수진동 낙원스카이뷰,수정구 수진동,2934,2004-07-01,15,1,39,N
성남시,아파트,수진삼부,수진동,4663,1996-10-30,15,9,834,Y
성남시,아파트,쉐르진아파트,중원구 성남동,3264,2004-12-10,14,1,36,N
성남시,아파트,시범단지삼성한신,서현동,87,1992-08-29,28,33,1781,Y
성남시,아파트,시범단지우성,서현동,96,1992-08-31,30,29,1874,Y
성남시,아파트,시범단지한양,서현동,91,1992-10-31,30,32,2419,Y
성남시,아파트,시범단지현대,서현동,92,1992-09-30,30,29,1695,Y
성남시,아파트,신동아 파밀리에,중원구 성남동,2396,2005-06-27,14,1,87,N
성남시,주상복합,신동아파라디움,신흥동,Jul-65,2006-02-17,20,3,272,Y
성남시,아파트,신동아파밀리에,태평동,7341,2005-07-29,13,2,168,Y
성남시,주상복합,신세계쉐덴,태평동,7336,2010-06-28,14,6,182,Y
성남시,아파트,신흥동 미래타운2차아파트,수정구 신흥동,65,2017-10-10,13,1,48,N
성남시,아파트,신흥동 세일띠아모아파트,수정구 신흥동,950,2017-09-06,15,1,52,N
성남시,아파트,신흥두산,신흥동,2024,1993-04-29,15,6,570,Y
성남시,아파트,신흥센트리움,수정구 신흥동,3765,2018-10-18,13,1,24,N
성남시,아파트,신흥역하늘채랜더스원1단지,중앙동,3001,2022-09-20,24,14,1267,Y
성남시,아파트,신흥역하늘채랜더스원2단지,중앙동,3006,2022-09-20,27,3,332,Y
성남시,아파트,신흥역하늘채랜더스원3단지,중앙동,3007,2022-09-20,25,4,400,Y
성남시,아파트,신흥역하늘채랜더스원4단지,중원구 중앙동,3005,2022-09-20,25,2,412,N
성남시,아파트,신흥청구,신흥동,Jan-64,1994-12-15,15,3,493,Y
성남시,주상복합,아데나팰리스,정자동,169-1,2003-04-30,27,3,203,Y
성남시,아파트,아름마을건영,이매동,132,1992-11-30,28,12,706,Y
성남시,아파트,아름마을두산삼호,이매동,133,1993-06-14,22,24,1132,Y
성남시,아파트,아름마을선경,이매동,142,1993-10-18,17,5,370,Y
성남시,아파트,아름마을태영,이매동,132,1992-11-30,17,8,414,Y
성남시,아파트,아름마을풍림,이매동,140,1993-08-17,22,16,876,Y
성남시,아파트,아름마을한성,이매동,132,1992-11-30,5,8,240,Y
성남시,아파트,아름마을효성,이매동,143,1995-05-19,25,7,388,Y
성남시,아파트,아이파크,야탑동,391,2003-11-10,15,5,270,Y
성남시,주상복합,아이파크분당,정자동,9,2003-05-30,34,4,540,Y
성남시,주상복합,아이파크분당2,정자동,10-01,2003-05-30,31,2,224,Y
성남시,주상복합,아이파크분당3,정자동,11,2003-05-30,34,2,307,Y
성남시,아파트,아테라,야탑동,134-1,1998-08-12,21,5,242,Y
성남시,아파트,아튼빌,하대원동,249,2003-10-16,23,17,1541,Y
성남시,주상복합,알파리움1단지,백현동,531,2015-11-24,19,5,417,Y
성남시,주상복합,알파리움2단지,백현동,530,2015-11-24,20,6,514,Y
성남시,아파트,"야탑동,목련마을SK",야탑동,147,1998-08-12,15,5,272,Y
성남시,아파트,양우내안에아파트,수정구 양지동,1021,2010-12-15,15,2,67,N
성남시,아파트,"양지마을금호1,6단지(602동)",수내동,34,1992-04-30,26,17,1076,Y
성남시,아파트,양지마을금호3단지,수내동,27,1992-05-06,21,6,414,Y
성남시,아파트,양지마을청구,수내동,36,1992-10-15,25,14,896,Y
성남시,아파트,양지마을한양1단지(501~514동),수내동,24,1992-05-21,15,13,1010,Y
성남시,아파트,"양지마을한양2단지(515~529동), 603동",수내동,24,1993-03-31,25,16,996,Y
성남시,아파트,양지참빛아파트,중원구 성남동,3283,2003-09-24,14,1,40,N
성남시,아파트,엘리프하이디움1단지,중원구 하대원동,119,1986-06-29,13,2,117,N
성남시,아파트,엘리프하이디움2단지,중원구 하대원동,120-1,2002-05-24,15,2,145,N
성남시,아파트,연꽃마을4단지,여수동,601,2012-11-16,14,10,456,Y
성남시,아파트,연홍채,수정구 양지동,222,2019-04-10,10,1,27,N
성남시,아파트,예건체리쉬,중원구 성남동,3754,2003-10-24,10,1,27,N
성남시,아파트,예일 위-플러스아파트,수정구 신흥동,72,2005-10-28,14,1,49,N
성남시,아파트,와이엠프라젠,중원구 하대원동,100-3,2005-04-25,15,1,52,N
성남시,아파트,와이엠프라젠1,수정구 수진동,3016,2005-06-20,14,1,72,N
성남시,아파트,우리빌,수정구 수진동,2965,2005-08-26,14,1,84,N
성남시,아파트,우성에비뉴,양지동,1022,2011-09-05,15,4,181,Y
성남시,아파트,우원아파트(우원파크빌),중원구 성남동,3300,2003-04-03,11,1,30,N
성남시,아파트,위례 보미리즌빌,수정구 창곡동,507,2017-06-27,15,4,131,N
성남시,아파트,위례 아트리버 푸르지오 1단지,수정구 창곡동,530,2016-12-30,15,4,124,N
성남시,아파트,위례 아트리버 푸르지오 2단지,수정구 창곡동,529,2016-12-30,14,4,90,N
성남시,아파트,위례31단지,수정구 창곡동,500,2017-07-07,15,13,2334,N
성남시,아파트,위례35단지,수정구 창곡동,510,2016-05-30,22,14,2568,N
성남시,아파트,위례더힐55단지,창곡동,521,2015-12-31,20,21,1380,Y
성남시,아파트,위례센트럴자이,창곡동,504,2017-06-28,15,19,1413,Y
성남시,주상복합(아파트),"위례역푸르지오4,5,6단지",창곡동,563,2017-10-16,20,13,620,Y
성남시,아파트,위례자연앤래미안e편한세상,창곡동,567,2016-06-30,21,21,1540,Y
성남시,아파트,위례자이,창곡동,531,2016-10-27,19,11,517,Y
성남시,아파트,위례자이더시티,창곡동,512,2023-03-27,10,12,800,Y
성남시,아파트,위례포레스트부영,수정구 창곡동,597,2019-02-15,14,14,566,N
성남시,아파트,위례호반써밋에비뉴,창곡동,515,2016-12-06,25,15,1137,Y
성남시,주상복합,위브제니스,정자동,15-4,2003-03-29,30,2,157,Y
성남시,아파트,은빛마을두산위브,은행동,1740,2003-05-27,15,6,432,Y
성남시,아파트,은행동 주공 2차,중원구 은행동,550,1987-06-05,5,3,110,N
성남시,아파트,은행동현대,은행동,Jun-32,1995-06-30,15,14,1258,Y
성남시,아파트,은행주공,은행동,550,1987-06-05,15,23,1900,Y
성남시,아파트,이매촌금강,이매동,122,1993-06-28,23,7,588,Y
성남시,아파트,이매촌동부코오롱,이매동,121,1993-06-28,20,4,264,Y
성남시,아파트,이매촌동신3단지,이매동,117,1992-08-31,20,9,460,Y
성남시,아파트,이매촌동신9단지,이매동,110,1992-10-27,18,10,458,Y
성남시,아파트,이매촌삼성,이매동,100,1994-04-23,21,27,1162,Y
성남시,아파트,이매촌삼환,이매동,99,1995-03-27,25,10,572,Y
성남시,아파트,이매촌성지,이매동,116,1992-09-28,18,4,304,Y
성남시,아파트,이매촌진흥,이매동,111,1993-10-09,25,13,828,Y
성남시,아파트,이매촌청구,이매동,123,1992-08-31,25,13,710,Y
성남시,아파트,이매촌한신,이매동,124,1993-11-30,25,12,1184,Y
성남시,연립,이매포스파크,분당구 이매동,296,2003-07-21,4,7,144,N
성남시,아파트,이안 모란 센트럴파크 아파트,중원구 하대원동,147-5,2022-02-28,13,3,74,N
성남시,아파트,이편한세상테라스위례,수정구 창곡동,575,2017-11-28,4,15,360,N
성남시,아파트,일성,상대원동,178-6,1993-10-12,15,1,270,Y
성남시,주상복합,일성오퍼스원,태평동,13-Jul,2013-03-22,13,1,161,Y
성남시,아파트,장미마을동부,야탑동,"330, 331",1993-02-24,17,21,1134,Y
성남시,아파트,장미마을코오롱,야탑동,"330, 331",1993-02-24,16,18,1082,Y
성남시,아파트,장미마을현대,야탑동,335,1993-12-04,20,25,2136,Y
성남시,아파트,장안타운건영2차,분당동,68,1994-05-27,20,27,1688,Y
성남시,연립,장안타운건영빌라,분당구 분당동,113,1995-01-16,4,7,144,N
성남시,연립주택,장안타운두산건영,분당동,95,1995-01-07,4,10,224,Y
성남시,연립주택,장안타운한신라이프,분당동,96,1994-11-30,4,10,264,Y
성남시,아파트,정든마을동아1단지,정자동,200,1995-05-24,23,7,300,Y
성남시,아파트,정든마을동아2단지,정자동,199,1995-05-24,23,8,706,Y
성남시,아파트,정든마을신화,정자동,192,1995-06-30,25,8,564,Y
성남시,아파트,정든마을우성4차,정자동,197,1995-01-14,25,6,270,Y
성남시,아파트,정든마을우성6차,정자동,198,1995-05-24,23,8,706,Y
성남시,아파트,정든마을한진6단지,정자동,191,1995-06-13,25,6,298,Y
성남시,아파트,정든마을한진7단지,정자동,194,1995-06-13,20,5,382,Y
성남시,아파트,정든마을한진8단지,정자동,193,1995-06-13,25,9,512,Y
성남시,아파트,제일아파트,중원구 하대원동,111-7,1984-12-11,6,2,132,N
성남시,연립,제일연립,중원구 중앙동,06-05,1982-01-28,3,1,42,N
성남시,아파트,주민태평동락커뮤니티,수정구 태평동,Nov-88,2013-03-21,12,1,78,N
성남시,아파트,주원파크빌,중원구 하대원동,105-2,2006-02-15,15,1,70,N
성남시,아파트,주원파크빌아파트,수정구 양지동,93,2004-07-27,15,1,88,N
성남시,아파트,주원파크빌아파트(동양연립재건축),수정구 양지동,94,2004-07-27,15,1,62,N
성남시,아파트,중앙동롯데캐슬,중앙동,710,2012-07-20,21,9,545,Y
성남시,아파트,중앙아파트,중원구 성남동,2992,1988-06-09,6,1,36,N
성남시,아파트,중앙하이츠금광프리미엄 아파트,중원구 금광동,4863,2023-02-28,15,1,41,N
성남시,연립,중일빌라,분당구 야탑동,408,2001-06-15,4,2,38,N
성남시,아파트,진흥더블파크,단대동,78,2005-05-27,15,3,188,Y
성남시,아파트,진흥더블파크아파트,분당구 야탑동,519,2005-05-20,15,2,142,N
성남시,아파트,"창곡동,위례센트럴푸르지오",창곡동,519,2016-04-11,25,8,687,Y
성남시,아파트,청솔마을계룡,금곡동,176,1996-06-12,24,6,492,Y
성남시,아파트,청솔마을대원,금곡동,141,1995-02-20,25,14,820,Y
성남시,아파트,청솔마을동아,금곡동,132,1995-02-25,18,4,204,Y
성남시,아파트,청솔마을서광영남,금곡동,177,1995-07-08,21,6,408,Y
성남시,아파트,청솔마을성원,금곡동,143,1994-08-06,25,9,454,Y
성남시,아파트,청솔마을주공5단지 공무원,금곡동,125,1995-05-03,20,8,474,Y
성남시,아파트,청솔마을주공6단지,분당구 금곡동,126,1994-11-29,20,9,1250,N
성남시,아파트,청솔마을주공9단지,금곡동,133,1996-03-06,20,6,1020,Y
성남시,아파트,청솔마을한라,금곡동,181,1995-12-02,22,10,768,Y
성남시,아파트,청솔마을화인,금곡동,180,1995-11-04,25,8,624,Y
성남시,아파트,초이스탑,중원구 하대원동,332,2021-10-29,15,1,60,N
성남시,주상복합,코오롱더프라우,금곡동,201,2004-03-26,33,1,164,Y
성남시,연립,코오롱린든그로브,수정구 시흥동,320,2005-11-30,4,3,52,N
성남시,아파트,크란츠 힐,수정구 태평동,7337,2003-04-29,9,1,63,N
성남시,아파트,크란츠빌2,중원구 성남동,3287,2004-10-28,15,1,85,N
성남시,아파트,탑마을경남,야탑동,526,1993-02-24,23,16,884,Y
성남시,아파트,탑마을대우,야탑동,535,1992-12-26,17,12,654,Y
성남시,연립,탑마을동아연립주택,분당구 야탑동,512,1994-11-30,4,6,115,N
성남시,아파트,탑마을벽산,야탑동,517,1993-02-24,23,12,646,Y
성남시,아파트,탑마을선경,야탑동,536,1992-08-22,16,16,976,Y
성남시,아파트,탑마을주공8단지,야탑동,518,1993-04-30,15,9,701,Y
성남시,아파트,"탑마을타워빌(경향,기산,진덕,남광)",야탑동,511,1993-06-30,22,20,1166,Y
성남시,아파트,태연스카이빌,중원구 하대원동,143-1,2002-05-24,17,1,120,N
성남시,아파트,태평동 낙원스카이뷰,수정구 태평동,3659,2004-09-14,15,1,72,N
성남시,연립,태평맨션,수정구 태평동,7113,1983-01-21,3,2,30,N
성남시,아파트,태평선경,태평동,7308,1991-12-14,5,9,312,Y
성남시,아파트,태평아파트,수정구 태평동,7330,1983-12-31,5,3,80,N
성남시,아파트,통보아파트2차,수정구 태평동,Feb-91,1983-09-14,5,1,45,N
성남시,주상복합,파크뷰,정자동,6,2004-07-01,35,13,1829,Y
성남시,아파트,파크타운롯데,수내동,55,1993-12-01,30,41,3028,Y
성남시,연립,판교 동양파크타운,분당구 운중동,327,2012-07-12,4,1,20,N
성남시,연립,판교 파크하임 에비뉴,분당구 운중동,357-1 외4,2018-01-04,4,7,49,N
성남시,아파트,판교 풍경채 어바니티7단지,대장동,623,2021-11-01,20,7,444,Y
성남시,연립주택,판교SK뷰테라스,대장동,590,2023-09-06,4,16,292,Y
성남시,연립주택,판교TH212,대장동,596,2025-11-03,4,12,212,Y
성남시,연립,판교금강펜테리움레전드,분당구 운중동,926,2011-03-25,5,3,32,N
성남시,아파트,판교밸리자이 1단지,수정구 고등동,582,2023-02-27,14,3,130,N
성남시,아파트,판교밸리자이 2단지,수정구 고등동,585,2023-02-27,14,3,130,N
성남시,아파트,판교밸리자이 3단지,수정구 고등동,601,2023-02-27,14,2,90,N
성남시,아파트,판교밸리제일풍경채,고등동,590,2020-04-10,15,9,543,Y
성남시,아파트,판교밸리포레자이,고등동,576,2021-09-17,15,12,603,Y
성남시,연립주택,판교원마을10단지,판교동,552,2009-05-22,4,22,248,Y
성남시,아파트,판교원마을11단지현대힐스테이트,판교동,513,2009-05-22,15,13,605,Y
성남시,아파트,판교원마을12단지,판교동,494,2009-05-22,15,8,428,Y
성남시,연립주택,판교원마을13단지,판교동,492,2009-12-23,4,16,170,Y
성남시,아파트,판교원마을1단지,판교동,622,2009-09-23,15,12,402,Y
성남시,아파트,판교원마을2단지,판교동,623,2009-10-12,15,6,202,Y
성남시,아파트,판교원마을3단지,판교동,629,2009-10-12,35,5,486,Y
성남시,연립,판교원마을4단지,분당구 판교동,631,2009-10-12,3,6,48,N
성남시,아파트,판교원마을5단지,판교동,634,2009-10-12,35,7,567,Y
성남시,아파트,판교원마을6단지판교대광로제비앙,판교동,635,2009-05-25,21,6,470,Y
성남시,아파트,판교원마을7단지모아미래도,판교동,637,2009-01-30,20,9,585,Y
성남시,아파트,판교원마을8단지상록아파트,분당구 판교동,638,2009-06-17,20,7,466,N
성남시,아파트,판교원마을9단지한림풀에버,판교동,585,2009-03-27,20,23,1045,Y
성남시,아파트,판교제2테크노밸리LH1단지,수정구 시흥동,324,2020-05-22,10,1,200,N
성남시,다세대,판교파크하임테라스,분당구 운중동,336-1,2024-02-02,4,4,38,N
성남시,아파트,판교퍼스트힐푸르지오1단지,대장동,50,2021-05-31,20,10,529,Y
성남시,아파트,판교퍼스트힐푸르지오2단지,대장동,54,2021-05-31,20,8,445,Y
성남시,아파트,판교포레나인9단지,분당구 대장동,625,2023-07-12,18,4,221,N
성남시,아파트,판교푸르지오월드마크,분당구 삼평동,741,2013-06-21,13,1,142,N
성남시,아파트,판교풍경채어바니티5단지아파트,대장동,299,2021-11-02,20,8,589,Y
성남시,아파트,판교해링턴플레이스,대장동,636,2024-09-19,20,14,1123,Y
성남시,주상복합,판교호반써밋플레이스,삼평동,740,2012-12-27,18,3,178,Y
성남시,연립(도시형),푸르지오하임,분당구 운중동,307,2012-03-02,4,11,144,N
성남시,아파트,푸른마을 신성벽산쌍용,수내동,73,1993-03-19,22,50,2598,Y
성남시,연립,프라임힐즈,분당구 율동,272,2017-10-13,4,4,34,N
성남시,아파트(도시형),프레젠티아,중원구 성남동,4949,2014-01-10,6,1,71,N
성남시,아파트,하대원동현대,하대원동,190,1995-03-18,14,3,314,Y
성남시,연립주택,하얀마을그랜드빌라,구미동,111,1995-08-31,4,37,324,Y
성남시,아파트,하얀마을주공5단지,구미동,110,1995-08-04,21,7,779,Y
성남시,아파트,하얀마을주공6단지,분당구 구미동,112,1996-05-02,21,14,1489,N
성남시,연립주택,하얀마을화이트빌,구미동,121,1995-04-27,4,18,192,Y
성남시,아파트,한빛스위트아파트,중원구 성남동,4031,2005-01-19,12,1,123,N
성남시,아파트,한솔마을2단지 LG,정자동,111,1995-06-19,25,11,598,Y
성남시,아파트,한솔마을주공4단지,정자동,102,1994-08-11,25,17,1651,Y
성남시,아파트,한솔마을주공5단지,정자동,112,1994-10-25,25,12,1156,Y
성남시,아파트,한솔마을주공6단지,정자동,117,1995-06-14,25,12,1039,Y
성남시,아파트,한솔마을주공7단지,분당구 정자동,101,1994-11-25,20,12,1668,N
성남시,아파트,한솔마을청구,정자동,110,1994-04-30,25,14,858,Y
성남시,아파트,한솔마을한일,정자동,107,1993-10-18,23,7,416,Y
성남시,아파트,한신,신흥동,Jan-63,1990-09-03,15,5,585,Y
성남시,아파트,한양수자인성남마크뷰,금광동,2600,2021-02-17,25,7,711,Y
성남시,연립,한양시티빌,분당구 구미동,116,2001-12-03,3,3,30,N
성남시,연립,현대노블리스,분당구 구미동,85,2000-12-26,4,2,24,N
성남시,연립,현대노블리스,분당구 구미동,82,2000-12-26,4,2,22,N
성남시,연립,현대노블리스,분당구 구미동,84,2000-12-26,4,2,24,N
성남시,연립,현대노블리스,분당구 구미동,83,2000-12-26,4,2,22,N
성남시,아파트,현대아파트,수정구 수진동,3379,1994-09-25,13,1,107,N
성남시,아파트,현대아파트,중원구 금광동,2627,1994-10-04,13,2,124,N
성남시,아파트,현성아름빌아파트,중원구 상대원동,Mar-93,2005-02-21,11,1,40,N
성남시,아파트,호반써밋판교밸리,고등동,592,2019-07-26,14,19,768,Y
성남시,아파트,황송마을,금광동,Jan-50,1993-10-10,15,11,990,Y
성남시,연립,효자촌대명빌라,분당구 서현동,323,1995-06-02,4,6,144,N
성남시,아파트,효자촌동아,서현동,291,1992-11-28,19,15,648,Y
성남시,아파트,효자촌삼환,서현동,301,1992-05-29,20,14,632,Y
성남시,아파트,효자촌임광,서현동,292,1993-04-27,22,14,732,Y
성남시,연립,효자촌정도빌라,분당구 서현동,322,1995-11-30,4,7,144,N
성남시,아파트,효자촌현대,서현동,300,1993-03-20,22,14,710,Y
성남시,아파트,훼밀리웰빙아파트,수정구 단대동,"185-13,-20",2004-07-12,12,1,49,N
성남시,아파트,휴먼시아섬마을2단지,중원구 도촌동,701,2008-02-04,15,6,534,N
성남시,아파트,휴먼시아섬마을4단지,중원구 도촌동,703,2008-02-04,15,5,458,N
성남시,아파트,휴먼시아섬마을7단지,도촌동,706,2013-02-20,15,12,528,Y
성남시,아파트,휴먼시아섬마을8단지,중원구 도촌동,707,2008-02-04,15,10,762,N
성남시,아파트,휴먼시아섬마을9단지,중원구 도촌동,708,2008-02-04,15,12,1005,N
성남시,아파트,희망아파트(통보 5차),수정구 단대동,127,1984-11-26,5,1,72,N
성남시,아파트,힐스테이트 판교 엘포레 3단지,분당구 대장동,144,2021-06-07,20,4,121,N
성남시,아파트,힐스테이트1차,중앙동,578,2012-02-16,15,7,356,Y
성남시,아파트,힐스테이트2차,중앙동,577,2014-07-07,15,15,751,Y
성남시,아파트,힐스테이트위례,창곡동,572,2015-11-27,14,14,621,Y
성남시,아파트,힐스테이트판교엘포레4단지,대장동,260-3,2021-06-07,20,5,251,Y
성남시,아파트,힐스테이트판교엘포레6단지,대장동,산19-2,2021-07-30,20,8,464,Y
수원시,아파트,LH수원당수1단지,당수동,388-19,2023-04-28,21,8,1500,N
수원시,아파트,LH수원당수2단지,금곡동,861,2024-02-15,20,6,1150,N
수원시,아파트,LH수원센트럴타운2단지,권선구 세류동,1270,2015-07-29,15,8,792,Y
수원시,아파트,Y CITY(와이시티),권선구 금곡동,1100,2014-08-11,25,10,660,Y
수원시,아파트,e편한세상광교,영통구 이의동,1326,2012-12-06,39,22,1970,Y
수원시,아파트,e편한세상영통2차1단지,영통구 망포동,726,2016-12-12,24,5,392,Y
수원시,아파트,e편한세상영통2차2단지,영통구 망포동,727,2016-12-12,24,5,270,Y
수원시,연립주택,e편한세상테라스광교웨스트힐,영통구 이의동,1197,2017-04-03,4,21,317,Y
수원시,연립주택,e편한세상테라스광교이스트힐,영통구 이의동,1214,2017-04-03,4,14,259,Y
수원시,아파트,경성1단지,연무동,252 외2,1987-10-22,5,1,65,N
수원시,아파트,경성2단지,연무동,257 외1,1987-10-22,5,1,60,N
수원시,아파트,경원,영화동,430-1,1985-12-03,5,3,90,N
수원시,아파트,경원아파트,정자동,Dec-41,1985-03-28,5,1,48,N
수원시,아파트,경일,세류동,526,1983-01-13,5,1,42,N
수원시,아파트,경일,화서동,208,1985-11-18,4,2,32,N
수원시,아파트,고색2차태산,권선구 고색동,887-56,1998-01-20,15,8,450,Y
수원시,아파트,고색거산,권선구 고색동,306-1,2000-05-10,16,2,323,Y
수원시,아파트,고색대한,권선구 고색동,368-1,1998-01-31,16,6,713,Y
수원시,아파트,고색상우,권선구 고색동,05-04,2000-05-26,13,3,199,Y
수원시,아파트,고색연합대원,권선구 고색동,291,1998-08-05,14,7,474,Y
수원시,아파트,고색우림필유,권선구 고색동,915,2005-09-30,15,10,488,Y
수원시,아파트,고색태산1차,권선구 고색동,886-83,1997-12-17,15,7,623,Y
수원시,아파트,곡반정삼성래미안,권선구 곡반정동,580,2000-10-27,15,6,442,Y
수원시,아파트,곡반정한솔,권선구 곡반정동,579,2000-11-17,15,8,391,Y
수원시,아파트,곡반정현대아이파크,권선구 곡반정동,578,2002-04-25,15,9,484,Y
수원시,아파트,공우,세류동,456-8,1979-10-25,5,2,40,N
수원시,연립,공우아파트,영화동,334-5,1980-11-17,4,2,44,N
수원시,아파트,공작,금곡동,243-1,1987-08-25,5,3,80,N
수원시,아파트,광교2차E-편한세상,영통구 이의동,1200,2011-12-02,15,8,442,Y
수원시,아파트,광교더리브,영통구 하동,1013,2013-11-04,27,9,612,Y
수원시,아파트,광교더샵,영통구 원천동,604,2018-08-01,49,5,686,Y
수원시,아파트,광교더포레스트,영통구 하동,1001,2013-12-12,29,16,1659,Y
수원시,아파트,광교레이크파크수자인,영통구 하동,1027,2012-07-13,34,5,453,Y
수원시,아파트,광교모아엘가레이크뷰,영통구 하동,1028,2014-01-24,27,3,253,Y
수원시,아파트,광교모아엘가레이크파크,영통구 하동,1032,2014-01-24,29,4,379,Y
수원시,아파트,광교산스위첸,장안구 조원동,910,2010-06-09,22,4,218,Y
수원시,아파트,광교산임광그대가,장안구 조원동,912,2010-06-29,22,7,482,Y
수원시,아파트,광교상록,하동,992,2012-06-08,26,6,533,N
수원시,아파트,광교센트럴뷰,영통구 이의동,1334,2013-11-04,26,13,683,Y
수원시,아파트,광교시티아이,이의동,1253,2015-04-13,7,3,80,N
수원시,아파트,광교아이파크,영통구 원천동,593,2018-09-28,49,5,958,Y
수원시,아파트,광교에듀포레,영통구 이의동,1370,2014-06-26,29,3,223,Y
수원시,아파트,광교역참누리포레스트,영통구 이의동,1252,2015-07-30,7,11,356,Y
수원시,아파트,광교오드카운티,영통구 이의동,1303,2012-02-17,32,7,668,Y
수원시,아파트,광교원천 경기행복주택,원천동,559,2020-10-27,14,2,300,N
수원시,아파트,광교자연앤힐스테이트,영통구 이의동,1344,2012-11-29,35,18,1764,Y
수원시,아파트,광교중흥에스클래스,영통구 원천동,589,2019-06-07,49,10,2231,Y
수원시,연립주택,광교파크자이더테라스,영통구 이의동,1177,2017-02-24,4,12,268,Y
수원시,아파트,광교푸르지오월드마크,영통구 이의동,1331,2015-08-06,48,3,350,Y
수원시,아파트,광교한양수자인,영통구 이의동,1211,2011-07-29,15,4,214,Y
수원시,아파트,광교해모로,영통구 이의동,1226,2011-10-07,15,11,466,Y
수원시,아파트,광교호반베르디움,영통구 원천동,606,2014-06-02,31,10,1330,Y
수원시,아파트,광교호반베르디움,영통구 이의동,1184,2011-12-15,15,12,555,Y
수원시,아파트,광교호반베르디움트라엘,영통구 이의동,1229,2017-04-28,15,8,444,Y
수원시,아파트,광교호수마을 호반써밋,영통구 하동,994,2011-09-30,36,10,1188,Y
수원시,아파트,광교호수마을휴먼시아32단지,하동,956,2011-11-07,25,13,2289,N
수원시,아파트,광교휴먼시아20단지,하동,1034,2011-10-24,23,5,375,N
수원시,아파트,광교휴먼시아32단지,하동,956,2011-11-07,25,13,2289,N
수원시,아파트,교동풍림아이원,팔달구 교동,185-7,2005-04-07,10,1,156,Y
수원시,아파트,구운강남,권선구 구운동,463,1991-02-13,15,6,552,Y
수원시,아파트,구운삼환,권선구 구운동,462,1991-04-16,15,15,1680,Y
수원시,아파트,구운선경,권선구 구운동,466,1990-05-24,10,4,260,Y
수원시,아파트,구운성원,권선구 구운동,893,1999-10-29,18,7,458,Y
수원시,아파트,구운일월청구,권선구 구운동,889,2001-03-12,23,6,524,Y
수원시,연립,궁전,서둔동,150-12,1984-02-24,3,3,66,N
수원시,아파트,궁전,세류동,1152-6,1988-04-20,4,2,96,N
수원시,아파트,궁전,파장동,148-1외2,1986-05-13,5,2,130,N
수원시,아파트,권선 꿈에그린,오목천동,834-3,2018-02-26,20,34,2400,N
수원시,아파트,권선3단지상록,권선구 권선동,1303,2001-09-17,20,5,468,Y
수원시,아파트,권선3주공1단지,권선구 권선동,1314,2001-05-03,14,7,397,Y
수원시,아파트,권선3지구대림,권선구 권선동,1321,2001-03-29,15,7,322,Y
수원시,아파트,권선3지구현대,권선구 권선동,1306,2000-09-22,15,3,253,Y
수원시,아파트,권선5단지상록,권선구 권선동,1298,2001-06-15,15,5,256,Y
수원시,아파트,권선대우,권선구 권선동,1305,2000-07-25,15,5,358,Y
수원시,아파트,권선데시앙,권선구 세류동,1249,2009-09-11,13,4,222,Y
수원시,아파트,권선두산동아,권선구 권선동,1199-1,1994-04-23,12,10,714,Y
수원시,아파트,권선벽산,권선구 권선동,1270,1996-02-17,14,3,368,Y
수원시,아파트,권선벽산한성,권선구 권선동,1267,1995-12-26,11,12,562,Y
수원시,아파트,권선삼성,권선구 권선동,1185-1,1993-07-01,10,9,634,Y
수원시,아파트,권선삼천리1차,권선구 권선동,1186,1994-05-09,11,7,496,Y
수원시,아파트,권선삼천리2차,권선구 권선동,1238,1996-02-01,12,5,546,Y
수원시,아파트,권선성지,권선구 권선동,1188-1,1994-11-19,13,6,650,Y
수원시,아파트,권선신동아,권선구 권선동,1274,1996-04-20,12,14,1020,Y
수원시,아파트,권선신우,권선구 권선동,1263,1996-04-25,12,8,518,Y
수원시,아파트,권선신현대,권선구 권선동,1187-1,1993-11-03,11,2,188,Y
수원시,아파트,권선써미트빌,권선구 권선동,1323,2001-09-19,15,7,223,Y
수원시,아파트,권선유원보성,권선구 권선동,1265,1996-02-28,12,16,1200,Y
수원시,아파트,권선일신우남,권선구 권선동,1320,2000-08-09,15,3,179,Y
수원시,아파트,권선자이e편한세상,권선구 권선동,1330,2011-09-21,15,34,1753,Y
수원시,아파트,권선풍림신안,권선구 권선동,1235,1996-05-31,14,8,552,Y
수원시,아파트,권선한양,권선구 권선동,1188,1994-08-26,13,6,664,Y
수원시,아파트,권선한효,권선구 권선동,1063-1,1991-11-23,10,3,240,Y
수원시,아파트,권선현대,권선구 권선동,1240,1996-04-25,15,10,809,Y
수원시,아파트,그대가센트럴파크,영통구 망포동,722,2010-08-31,23,4,270,Y
수원시,아파트,그대가프리미어,영통구 망포동,720,2010-08-03,21,10,602,Y
수원시,아파트,극동스타클래스,권선구 호매실동,1352,2017-11-21,25,12,999,Y
수원시,아파트,극동아파트,망포동,704,2005-07-27,15,2,134,N
수원시,아파트,금곡강남,권선구 금곡동,66,1996-12-10,20,8,794,Y
수원시,아파트,금곡거산,권선구 금곡동,104-3,1995-11-27,15,2,237,Y
수원시,아파트,금곡동성,권선구 금곡동,243,1999-06-25,20,3,219,Y
수원시,아파트,금곡삼익1차,권선구 금곡동,241,1995-05-29,18,4,400,Y
수원시,아파트,금곡삼익3차,권선구 금곡동,79,1998-06-23,18,7,712,Y
수원시,아파트,금곡신미주,권선구 금곡동,262-10,1994-12-01,19,4,646,Y
수원시,아파트,금곡엘지빌리지,권선구 금곡동,520,1998-11-28,20,38,3234,Y
수원시,아파트,금곡일신건영,권선구 금곡동,252,1998-11-21,19,2,237,Y
수원시,아파트,금성,우만동,Jan-58,1985-03-27,5,1,65,N
수원시,아파트,금성3차,권선동,1044-1,1989-07-13,5,3,138,N
수원시,연립,금성연립,인계동,819-2,1978-12-30,2,4,44,N
수원시,아파트,기산,정자동,13 외1,1992-03-31,12,1,134,N
수원시,아파트,꽃뫼노을마을대동,장안구 정자동,888-2,2000-07-26,23,3,292,Y
수원시,아파트,꽃뫼노을마을신안,장안구 정자동,883-6,1999-10-01,20,4,358,Y
수원시,아파트,꽃뫼노을마을장안,장안구 정자동,900-1,1999-08-16,20,3,188,Y
수원시,아파트,꽃뫼노을마을한마루,장안구 정자동,881-4,2000-10-26,25,3,291,Y
수원시,아파트,꽃뫼버들마을 신동아,팔달구 화서동,684-2,1999-10-29,25,3,332,Y
수원시,아파트,꽃뫼버들마을 코오롱,팔달구 화서동,730,2002-03-11,24,4,538,Y
수원시,아파트,노블레스아파트,정자동,Feb-45,2003-04-01,8,1,42,N
수원시,아파트,노송,파장동,560 외1,1990-07-04,5,2,140,N
수원시,아파트,당수삼정,권선구 당수동,218-1,1997-04-08,20,8,898,Y
수원시,아파트,당수인정프린스,권선구 당수동,287,1998-11-09,23,7,481,Y
수원시,아파트,당수한라비발디2단지,권선구 당수동,742,2004-11-30,25,6,499,Y
수원시,아파트,대광로제비앙,이의동,1182,2012-06-28,5,10,145,N
수원시,연립,대동하이츠타운,매탄동,1216-1,1995-04-29,4,4,87,N
수원시,아파트,대성,정자동,Aug-45,1987-11-21,5,1,40,N
수원시,아파트,대월마을대림진흥,장안구 정자동,914,2001-11-09,24,6,534,Y
수원시,아파트,대한대우,팔달구 매산로2가,90,1999-12-14,12,28,1293,Y
수원시,아파트,더샵광교산퍼스트파크,장안구 조원동,925,2022-05-27,21,8,619,Y
수원시,아파트,더포레스트,정자동,08-19,2024-02-23,21,3,128,N
수원시,연립주택,동남빌라,팔달구 매탄동,197,1992-07-21,4,12,496,Y
수원시,아파트,동도센트리움아파트,우만동,533-1,2007-06-19,15,2,115,N
수원시,연립,동산연립,정자동,08-15,1987-02-17,3,2,27,N
수원시,아파트,동성영화타운,장안구 영화동,308-1,1997-05-10,18,1,178,Y
수원시,아파트,동수원2차쌍용스윗닷홈,영통구 망포동,702,2004-11-29,15,4,274,Y
수원시,아파트,동수원CJ,팔달구 인계동,209-7,2001-05-29,15,1,211,Y
수원시,아파트,동수원신도브래뉴,팔달구 우만동,606,2007-08-22,15,4,200,Y
수원시,아파트,동수원월드메르디앙,팔달구 우만동,600,2004-07-12,30,14,2063,Y
수원시,아파트,동수원자이1차,영통구 망포동,686,2001-12-05,23,14,1829,Y
수원시,아파트,동수원자이2차,영통구 망포동,690,2002-07-24,25,9,816,Y
수원시,아파트,동신3차,장안구 정자동,303,1989-12-15,15,4,330,Y
수원시,연립,동양연립,영화동,339-1,1978-12-20,3,2,24,N
수원시,다세대,동일빌라,파장동,377,1987-02-24,4,3,24,N
수원시,아파트,뜨레모아아파트,조원동,664-8,2021-07-07,9,1,48,N
수원시,아파트,래미안광교,영통구 이의동,1304,2012-02-17,34,6,629,Y
수원시,아파트,래미안노블클래스1단지2단지,팔달구 인계동,384,2009-08-26,26,23,1333,Y
수원시,아파트,래미안영통마크원1단지,영통구 망포동,939,2013-11-08,23,5,367,Y
수원시,아파트,래미안영통마크원2단지,영통구 망포동,940,2013-11-08,27,11,963,Y
수원시,연립,래미안클래식,화서동,330-10,2005-08-25,4,5,48,N
수원시,아파트,로얄타워,팔달구 우만동,Mar-85,2012-10-17,14,1,159,Y
수원시,아파트,루체스타,팔달구 고등동,305-10,2020-09-17,13,1,275,Y
수원시,아파트,마젤란21(1단지),망포동,509-1,2006-11-29,15,1,108,N
수원시,아파트,망포 휴먼빌,망포동,716,2006-07-14,15,2,105,N
수원시,아파트,망포2차현대아이파크,영통구 망포동,683,2002-10-31,25,5,489,Y
수원시,아파트,망포늘푸른벽산,영통구 망포동,488,2000-11-30,20,19,1380,Y
수원시,아파트,망포쌍용에듀파크,영통구 망포동,700,2004-09-24,15,3,287,Y
수원시,아파트,망포역마을쌍용1차,영통구 망포동,691,2002-04-25,24,8,531,Y
수원시,아파트,망포역아이파크,영통구 망포동,693,2002-06-28,19,9,554,Y
수원시,아파트,매교문화맨션,팔달구 매교동,158-6,1979-05-30,12,2,175,Y
수원시,아파트,매교역푸르지오SK뷰,팔달구 매교동,209-14,2022-07-27,20,52,3482,Y
수원시,아파트,매산,매산로1가,24,1978-09-14,5,3,30,N
수원시,아파트,매탄권선역 리버파크,권선구 권선동,1304,2001-08-10,19,6,582,Y
수원시,아파트,매탄극동,팔달구 매탄동,50,1998-10-30,10,6,210,Y
수원시,아파트,매탄금성5차,팔달구 매탄동,1211-1,1993-12-09,6,4,180,Y
수원시,아파트,매탄동남,팔달구 매탄동,810-2,1989-07-05,15,4,892,Y
수원시,아파트,매탄레이크파크,팔달구 매탄동,1230,1999-08-10,20,7,702,Y
수원시,아파트,매탄삼성1차,팔달구 매탄동,810-3,1988-10-27,15,6,930,Y
수원시,아파트,매탄삼성2차,팔달구 매탄동,810,1989-07-25,13,6,624,Y
수원시,아파트,매탄삼성3차,팔달구 매탄동,1217-7,1993-12-09,5,14,595,Y
수원시,아파트,매탄성일,팔달구 매탄동,810-4,1989-08-25,15,6,990,Y
수원시,아파트,매탄에듀파크시티1단지,팔달구 매탄동,1258,2002-01-19,18,9,659,Y
수원시,아파트,매탄우남퍼스트빌,팔달구 매탄동,1274,2002-01-29,18,8,456,Y
수원시,아파트,매탄우성,팔달구 매탄동,164-10,1998-04-21,16,1,230,Y
수원시,아파트,매탄원천성일,팔달구 매탄동,1199,1992-12-17,10,7,850,Y
수원시,아파트,매탄위브하늘채,팔달구 매탄동,1352,2008-05-09,30,35,3391,Y
수원시,아파트,매탄이편한세상,팔달구 매탄동,1209,2010-06-17,25,6,580,Y
수원시,아파트,매탄임광,팔달구 매탄동,1162,1990-12-28,15,10,1320,Y
수원시,아파트,매탄주공 그린빌6단지,매탄동,1285,2001-12-11,20,6,710,N
수원시,아파트,매탄주공그린빌2단지,팔달구 매탄동,1260,2002-01-19,18,6,568,Y
수원시,아파트,매탄주공그린빌3단지,팔달구 매탄동,1277,2002-05-07,20,8,656,Y
수원시,아파트,매탄주공그린빌4단지,팔달구 매탄동,1280,2002-05-07,20,7,461,Y
수원시,아파트,매탄주공그린빌5단지,팔달구 매탄동,1282,2002-05-07,18,8,732,Y
수원시,아파트,매탄주공그린빌6단지,매탄동,1285,2001-12-11,20,6,710,N
수원시,아파트,매탄한국1차,팔달구 매탄동,1211,1994-01-17,10,6,496,Y
수원시,아파트,매탄한국2차,팔달구 매탄동,1217,1993-10-29,6,18,768,Y
수원시,아파트,매탄현대,팔달구 매탄동,810-1,1989-07-06,15,6,690,Y
수원시,아파트,매탄현대힐스테이트,팔달구 매탄동,176,2006-02-28,25,33,2328,Y
수원시,아파트,매탄희성연인,매탄동,110-14,2006-01-25,11,1,67,N
수원시,아파트,맥스빌,조원동,908,2005-03-23,15,1,60,N
수원시,연립,목단연립,정자동,42-6 외1,1985-11-16,2,6,44,N
수원시,아파트,무궁화,인계동,245-3,1986-06-10,5,2,45,N
수원시,아파트,무진아파트,파장동,597-18,1994-12-24,7,1,70,N
수원시,아파트,문영,권선동,944-13 외1,1988-05-28,5,2,34,N
수원시,아파트,민영 루이스,화서동,213-27,2005-01-28,11,1,59,N
수원시,아파트,반석,율전동,161-9,1987-06-26,10,2,70,N
수원시,아파트,밤꽃마을뜨란채,장안구 율전동,546,2005-09-13,23,13,1078,Y
수원시,아파트,밤꽃마을주공,율전동,545,2005-09-08,22,4,389,N
수원시,아파트,"백설마을 성지, 동양고속",장안구 정자동,879-1,1999-10-20,20,6,576,Y
수원시,아파트,백설에듀빌,장안구 정자동,871-4,2001-08-06,24,3,348,Y
수원시,아파트,백설주공2단지,정자동,871-3,2001-08-06,24,3,341,N
수원시,아파트,백자,매탄동,1217-5,1994-12-15,5,3,120,N
수원시,아파트,벨섬시티14단지,호매실동,1380,2017-12-07,25,15,1300,N
수원시,아파트,벽산e빌리지,영통구 망포동,696,2002-07-25,16,5,344,Y
수원시,아파트,벽적골두산한신,영통구 영통동,973-3,1997-12-16,20,18,1842,Y
수원시,아파트,벽적골롯데,영통구 영통동,971-1,2002-03-30,20,6,1040,Y
수원시,아파트,벽적골주공 휴먼시아8단지,영통구 영통동,972-2,1997-12-10,20,12,948,Y
수원시,아파트,벽적골주공8-2단지,영통구 영통동,972-2,1997-12-15,20,6,600,Y
수원시,아파트,벽적골주공9단지,영통구 영통동,970-3,1999-11-10,20,15,1265,Y
수원시,아파트,보은아주,우만동,479-1,1986-05-27,10,2,107,N
수원시,아파트,보은아파트,정자동,31-3,1985-06-28,9,1,81,N
수원시,아파트,보훈복지타운(보훈원 임대),조원동,476-1,1998-06-29,12,33,452,N
수원시,아파트,북수원리버파크,장안구 정자동,913,2002-10-25,25,8,805,Y
수원시,아파트,북수원자이렉스비아,장안구 정자동,530-6,2024-03-28,29,21,2423,Y
수원시,아파트,비단마을베스트타운,장안구 천천동,511,2001-11-22,25,12,1032,Y
수원시,아파트,비단마을신명,장안구 천천동,482,2001-11-22,24,7,594,Y
수원시,아파트,비단마을영풍마드레빌,장안구 천천동,514,2001-05-25,15,4,212,Y
수원시,아파트,비단마을현대성우우방,장안구 천천동,531,2002-06-04,23,6,501,Y
수원시,아파트,살구골 동아서광성지진덕,영통구 영통동,988-2,1998-01-26,20,18,1248,Y
수원시,연립,삼경노송,탑동,03-01,1986-05-27,3,3,90,N
수원시,연립,삼덕연립,세류동,979-2,1980-06-18,3,4,34,N
수원시,연립,삼덕연립,세류동,1015-1,1980-03-11,3,2,38,N
수원시,아파트,삼성미도,장안구 정자동,378,1997-08-09,20,1,251,Y
수원시,아파트,삼우,송죽동,458-3 외1,1989-11-08,7,1,59,N
수원시,아파트,삼원,영화동,31 외1,1986-06-13,6,2,60,N
수원시,연립,삼원빌라,탑동,14-1,1986-11-17,3,2,60,N
수원시,아파트,삼익세라믹,우만동,494,1989-10-26,5,2,110,N
수원시,연립,삼전연립,율전동,290-14,1980-07-11,3,4,32,N
수원시,아파트,삼청,파장동,422-2,1985-06-04,5,1,40,N
수원시,다세대,삼호빌라,송죽동,445-13 외3,1990-12-05,3,6,48,N
수원시,연립,삼호연립,매탄동,883,1993-08-27,4,2,37,N
수원시,아파트,삼호진덕,장안구 천천동,565,1998-03-20,15,12,789,Y
수원시,아파트,삼화,신풍동,23,1985-09-23,5,1,21,N
수원시,연립,삼화연립,세류동,485-1,1983-11-14,3,2,36,N
수원시,아파트,삼환나우빌,장안구 정자동,880-3,1999-11-25,23,8,772,Y
수원시,아파트,상송마을주공,오목천동,946,2005-10-31,15,13,1185,N
수원시,아파트,상훈휴팰리스,조원동,778,2015-07-29,13,1,48,N
수원시,연립,새마을연립,서둔동,17-44,1979-10-24,3,3,36,N
수원시,아파트,서광교 파크 스위첸,장안구 연무동,244,2023-05-25,29,9,1130,Y
수원시,아파트,서둔센트라우스,권선구 서둔동,371,2005-11-24,15,17,1094,Y
수원시,아파트,서수원레이크푸르지오1단지,권선구 입북동,814,2014-02-04,29,5,569,Y
수원시,아파트,서수원레이크푸르지오2단지,권선구 입북동,815,2014-02-04,30,8,797,Y
수원시,아파트,서수원쌍용스윗닷홈,권선구 당수동,745,2005-09-23,15,6,420,Y
수원시,아파트,서수원엠코타운르본느,권선구 구운동,973,2013-02-08,15,5,204,Y
수원시,아파트,서수원자이,권선구 입북동,810,2009-02-26,15,17,921,Y
수원시,아파트,서수원한라비발디3단지,권선구 당수동,333,2023-05-25,20,6,266,Y
수원시,연립,서호연립,서둔동,39-32,1979-02-02,2,1,30,N
수원시,아파트,서희스타힐스3단지,장안구 율전동,560,2010-12-24,15,2,180,Y
수원시,연립,선우장미연립,매탄동,101-56,1994-03-02,4,3,88,N
수원시,아파트,성균관대역 동문 디 이스트,장안구 율전동,600,2017-12-07,24,7,699,Y
수원시,아파트,성신,매탄동,172-181,1989-08-31,5,2,85,N
수원시,아파트,성신아파트,조원동,668-4,1986-01-20,5,2,66,N
수원시,아파트,성영,세류동,1138-1,2000-06-28,7,1,39,N
수원시,아파트,세류미영,권선구 세류동,1147,1988-06-20,4,9,600,Y
수원시,아파트,세류삼익,권선구 세류동,840,1999-07-15,12,6,344,Y
수원시,아파트,세류성원,권선구 세류동,141,1996-04-29,12,3,366,Y
수원시,연립,세류연립,세류동,360-3,1980-11-12,3,4,34,N
수원시,아파트,세류한라녹턴,권선구 세류동,1248,2006-07-27,10,3,195,Y
수원시,아파트,세류한주,권선구 세류동,1021-4,1995-06-28,9,2,180,Y
수원시,아파트,세류현대,권선구 세류동,846-1,1990-04-30,10,4,276,Y
수원시,아파트,세양청마루,탑동,896,2005-12-30,15,2,124,N
수원시,아파트,센트럴하이츠,영통구 망포동,718,2011-01-14,22,9,549,Y
수원시,아파트,소망주택,송죽동,500-33,2015-03-25,5,2,48,N
수원시,아파트,송죽)희성연인,송죽동,444-5,2009-06-24,15,1,99,N
수원시,아파트,송죽동진맨션,장안구 송죽동,462,1990-04-16,15,2,180,Y
수원시,아파트,송학아파트,정자동,36-23,1982-10-21,6,1,152,N
수원시,아파트,수양,원천동,30-5,1990-10-30,5,1,30,N
수원시,아파트,수원SK스카이뷰,장안구 정자동,945,2013-05-27,40,26,3498,Y
수원시,아파트,수원고등LH2단지,고등동,272-50,2021-01-15,15,2,500,N
수원시,아파트,수원광교 공공실버주택,원천동,565,2019-02-18,10,2,152,N
수원시,아파트,수원광교 행복주택,이의동,1284,2018-06-18,12,2,204,N
수원시,아파트,수원광교공공실버,원천동,565,2019-02-18,10,1,152,N
수원시,연립주택,수원광교에일린의뜰,영통구 원천동,590,2012-12-17,4,28,240,Y
수원시,아파트,수원광교행복주택,이의동,1284,2018-06-18,12,2,204,N
수원시,아파트,수원권선어울림,권선구 세류동,1255,2010-04-22,15,3,160,Y
수원시,아파트,수원당수라포리엘4단지,권선구 당수동,336-1,2023-06-16,20,8,406,Y
수원시,아파트,수원로얄팰리스,장안구 송죽동,514,2006-01-27,31,7,614,Y
수원시,아파트,수원모아미래도센트럴타운,권선구 금곡동,1078,2017-09-08,25,14,1452,Y
수원시,아파트,수원센트럴아이파크자이,팔달구 인계동,847-3,2023-07-28,25,30,3191,Y
수원시,아파트,수원시청역SK뷰,권선구 권선동,1035,2008-11-07,15,21,1018,Y
수원시,아파트,수원아너스빌위즈,장안구 송죽동,517,2017-04-18,45,2,798,Y
수원시,아파트,수원아이파크시티1단지,권선구 권선동,1360,2011-10-31,14,10,543,Y
수원시,아파트,수원아이파크시티2단지,권선구 권선동,1361,2012-01-20,14,26,1135,Y
수원시,아파트,수원아이파크시티3단지,권선구 권선동,1359,2011-10-31,14,15,793,Y
수원시,아파트,수원아이파크시티4단지,권선구 권선동,1357,2012-01-20,14,18,889,Y
수원시,아파트,"수원아이파크시티5,6단지",권선구 권선동,1355,2015-08-25,15,20,1152,Y
수원시,아파트,수원아이파크시티7단지,권선구 권선동,1337,2016-08-22,15,23,1596,Y
수원시,아파트,수원아이파크시티8단지,권선구 권선동,1364,2017-06-29,15,3,282,Y
수원시,아파트,수원아이파크시티9단지,권선구 권선동,1362,2017-06-29,15,2,268,Y
수원시,아파트,수원역센트럴어반시티,권선구 세류동,1280,2015-07-29,15,17,1019,Y
수원시,아파트,수원역푸르지오더스마트,고등동,201-38,2022-05-03,15,10,285,N
수원시,아파트,수원역푸르지오자이,팔달구 고등동,156-117,2021-01-29,20,43,3472,Y
수원시,아파트,수원역한라비발디퍼스트,권선구 서둔동,418,2021-06-17,15,2,288,Y
수원시,아파트,수원역해모로,권선구 세류동,1260,2015-07-29,15,15,863,Y
수원시,아파트,수원영통 행복주택,망포동,769,2019-06-07,5,2,100,N
수원시,아파트,수원장안STX칸,장안구 이목동,918,2013-02-28,26,13,947,Y
수원시,아파트,수원장안힐스테이트,장안구 이목동,916,2012-02-28,19,15,927,Y
수원시,아파트,수원하늘채더퍼스트1단지,권선구 곡반정동,652,2022-06-13,15,20,1403,Y
수원시,아파트,수원하늘채더퍼스트2단지,권선구 곡반정동,654,2022-06-13,15,28,1833,Y
수원시,아파트,수원한일타운,장안구 조원동,881,1999-08-27,24,58,5282,Y
수원시,아파트,수정,정자동,Jun-72,1985-10-15,3,1,35,N
수원시,아파트,수정아파트,영화동,405-3,1984-12-21,5,2,60,N
수원시,연립,수정연립,정자동,Jun-45,1978-09-16,2,3,24,N
수원시,아파트,스페이스향,율전동,544,2005-06-03,24,1,140,N
수원시,아파트,신나무실건영2차,영통구 영통동,966-2,2000-07-20,17,7,470,Y
수원시,아파트,신나무실극동풍림,영통구 영통동,967-2,1999-09-30,20,10,776,Y
수원시,아파트,신나무실신명동보,영통구 영통동,968,1997-12-16,20,8,836,Y
수원시,아파트,신나무실신성신안쌍용진흥,영통구 영통동,963-2,1997-12-16,20,16,1616,Y
수원시,아파트,신나무실신원미주,영통구 영통동,965-2,1999-12-29,20,7,574,Y
수원시,아파트,신나무실주공5단지,영통구 영통동,964-5,1997-12-15,20,18,1504,Y
수원시,아파트,신명,권선구 권선동,1185,1994-07-23,12,2,156,Y
수원시,아파트,신반포수원,팔달구 인계동,319-6,1980-12-02,12,10,1185,Y
수원시,아파트,신부 눈이부신뷰,정자동,80-18,2008-03-27,15,1,98,N
수원시,아파트,신안한일,장안구 천천동,563,1997-12-17,17,6,456,Y
수원시,아파트,신우,화서동,206-8,1997-12-15,8,1,39,N
수원시,연립,신원연립,세류동,572-1,1990-02-07,3,2,42,N
수원시,아파트,신일유토빌,권선구 곡반정동,548,2013-04-12,15,6,243,Y
수원시,연립,신흥연립,영화동,423-2,1985-10-11,2,1,25,N
수원시,연립,심우연립,연무동,11-05,1985-12-03,4,3,33,N
수원시,연립,심우연립1차,세류동,343-2,1981-06-10,3,3,24,N
수원시,연립,심우연립2차,세류동,342,1981-05-20,3,3,54,N
수원시,아파트,쌍용더플래티넘오목천역,권선구 오목천동,482-2,2022-10-20,22,10,863,Y
수원시,아파트,쌍용스윗닷홈2차,당수동,744,2005-09-23,15,2,138,N
수원시,아파트,써밋플레이스광교,영통구 이의동,1332,2015-02-26,29,7,508,Y
수원시,아파트,씨즈더원,권선구 권선동,1011-9,2015-03-13,14,1,228,Y
수원시,아파트,아이엘오페라하우스,구운동,971,2006-12-27,18,1,129,N
수원시,아파트,아이파크,파장동,632,2005-08-24,15,2,143,N
수원시,아파트,아주,원천동,Jan-71,1983-12-24,6,4,228,N
수원시,아파트,양우내안애애플,팔달구 우만동,607,2013-09-03,12,1,284,Y
수원시,아파트,양지,세류동,456-1 외1,1982-04-21,5,1,39,N
수원시,아파트,엘에이치호매실스타힐스,권선구 호매실동,1408,2018-04-05,21,10,700,Y
수원시,아파트,엘지동수원자이,영통구 망포동,698,2003-06-27,25,7,924,Y
수원시,아파트,여울,지동,312-6,1979-12-01,5,3,62,N
수원시,아파트,연꽃마을벽산,장안구 정자동,873-3,2000-06-30,25,5,392,Y
수원시,아파트,연꽃마을풍림,장안구 정자동,872-1,1999-11-02,21,9,792,Y
수원시,아파트,연무목화,연무동,214,1994-09-29,9,1,112,N
수원시,아파트,연무성원,장안구 연무동,10,1999-02-22,13,1,177,Y
수원시,아파트,연무신미주,장안구 연무동,04-20,1997-12-24,20,1,300,Y
수원시,아파트,연무청호아파트,연무동,664-8,1995-09-18,9,1,72,N
수원시,아파트,연안,고색동,7-114,1986-09-29,5,3,190,N
수원시,아파트,연향,매교동,142-1,2004-04-20,15,1,112,N
수원시,아파트,영광,송죽동,65,1995-05-17,17,1,139,N
수원시,아파트,영통3차풍림아이원,영통구 영통동,1093,2002-10-25,25,5,494,Y
수원시,아파트,영통SK뷰,영통구 망포동,725,2016-06-10,26,8,710,Y
수원시,아파트,영통e편한세상,영통구 영통동,987-1,2007-08-03,15,5,230,Y
수원시,아파트,영통건영1차,영통구 영통동,1047-1,1999-02-18,19,6,502,Y
수원시,아파트,영통대우월드마크,영통구 영통동,996-3,2008-06-09,36,2,208,Y
수원시,아파트,영통동 도시형생활주택,영통동,1114,2016-04-12,4,2,41,N
수원시,아파트,영통뜨란채,영통구 망포동,707,2005-09-21,25,6,699,Y
수원시,아파트,영통라온프라이빗,영통구 영통동,1154,2017-09-26,28,4,351,Y
수원시,아파트,영통롯데캐슬엘클래스1단지,영통구 망포동,805,2022-12-12,20,8,642,Y
수원시,아파트,영통롯데캐슬엘클래스2단지,영통구 망포동,810,2022-12-12,17,9,609,Y
수원시,아파트,영통마젤란21,영통구 망포동,509-2,2006-11-29,15,5,267,Y
수원시,아파트,영통벽산풍림,영통구 영통동,1053-2,1997-12-12,20,10,928,Y
수원시,아파트,영통삼성태영,영통구 영통동,969-1,1997-12-12,18,12,832,Y
수원시,아파트,영통삼정라츠,영통구 망포동,717,2008-09-05,20,2,185,Y
수원시,아파트,영통센트럴파크뷰,영통구 영통동,948-4,1999-05-03,20,14,1190,Y
수원시,아파트,영통아이파크,영통구 영통동,1153,2006-07-28,28,2,212,Y
수원시,아파트,영통아이파크캐슬1단지,영통구 망포동,766,2019-03-12,27,16,1783,Y
수원시,아파트,영통아이파크캐슬2단지,영통구 망포동,760,2019-01-21,24,10,1162,Y
수원시,아파트,영통아이파크캐슬3단지,영통구 망포동,790,2022-09-29,19,9,664,Y
수원시,아파트,영통에듀파크,영통구 영통동,957-6,1997-12-12,20,14,1242,Y
수원시,아파트,영통자이,영통구 망포동,800,2022-08-31,27,7,653,Y
수원시,아파트,영통포레스트,영통구 영통동,1054-3,1997-12-31,20,8,952,Y
수원시,아파트,영통포레파크원,영통구 영통동,955-1,1997-12-16,20,39,3129,Y
수원시,아파트,영통푸르지오트레센츠,영통구 망포동,234-9,2025-03-28,24,13,796,Y
수원시,아파트,영통푸르지오파인베르,영통구 망포동,234-6,2025-03-28,22,12,770,Y
수원시,아파트,영통현대,영통구 영통동,989-2,1998-05-28,20,10,612,Y
수원시,아파트,영화벽산,영화동,101-7,1998-09-02,17,1,126,N
수원시,아파트,영화태영,영화동,418,1992-12-26,10,2,117,N
수원시,아파트,영흥숲푸르지오파크비엔,영통구 원천동,628,2023-06-28,25,13,1509,Y
수원시,아파트,오목천남광하우스토리,권선구 오목천동,962,2007-09-05,15,7,381,Y
수원시,아파트,오목천대우푸르지오1단지,권선구 오목천동,951,2006-01-24,15,5,380,Y
수원시,아파트,오목천대우푸르지오2단지,권선구 오목천동,956,2006-01-24,15,4,413,Y
수원시,아파트,오목천상송마을주공,오목천동,946,2005-10-31,15,13,1185,N
수원시,아파트,오목천역서희스타힐스,권선구 오목천동,1170,2016-12-28,24,13,844,Y
수원시,아파트,오목천영조아름다운나날,권선구 오목천동,961,2006-12-15,15,5,372,Y
수원시,아파트,오목천청구1차,권선구 오목천동,542,2000-10-14,18,5,314,Y
수원시,아파트,오목천청구2차,권선구 오목천동,381,2002-09-30,21,7,490,Y
수원시,아파트,오목천태산,권선구 오목천동,323-2,1997-12-10,20,2,278,Y
수원시,아파트,우남1차,권선구 권선동,1315,2002-06-07,13,5,290,Y
수원시,아파트,우만삼성,팔달구 우만동,Jul-76,1995-12-26,15,1,173,Y
수원시,아파트,우만선경,팔달구 우만동,98,1995-10-30,18,3,372,Y
수원시,아파트,우만신미주,우만동,517,1989-12-28,6,2,144,N
수원시,아파트,우만신성미소지움,팔달구 우만동,138,2002-12-18,25,3,272,Y
수원시,아파트,우만주공1단지,팔달구 우만동,28,1988-06-10,5,13,500,Y
수원시,아파트,우만주공2단지,팔달구 우만동,28,1989-08-28,15,8,984,Y
수원시,아파트,우만주공3단지,우만동,301,1992-03-11,15,6,1213,N
수원시,아파트,우만주공4단지,팔달구 우만동,300,1992-03-28,15,8,1152,Y
수원시,아파트,우만풍림,팔달구 우만동,496,1987-12-26,5,12,390,Y
수원시,아파트,우만한효,우만동,526-12,1996-11-15,9,1,42,N
수원시,아파트,우만현대,팔달구 우만동,129-1,1985-06-28,5,19,404,Y
수원시,아파트,웅비,입북동,150-1,1985-12-19,5,4,183,N
수원시,아파트,원천1차삼성,영통구 원천동,333-3,1992-12-11,15,6,684,Y
수원시,아파트,원천레이크파크,영통구 원천동,548,1999-09-18,20,21,1835,Y
수원시,아파트,원천신미주,영통구 원천동,300-3,1996-09-30,20,2,275,Y
수원시,아파트,원천주공,영통구 원천동,35,1987-07-14,15,8,1320,Y
수원시,아파트,유천프라자 가동,연무동,21,1991-01-10,9,1,66,N
수원시,아파트,유천프라자 나동,연무동,21-5,1991-03-07,6,1,34,N
수원시,아파트,율전 스타힐스1단지,율전동,561,2010-10-27,14,6,113,N
수원시,아파트,율전 스타힐스2단지,율전동,562,2011-12-15,12,3,72,N
수원시,아파트,율전늘푸른벽산,장안구 율전동,322,1998-06-12,18,1,183,Y
수원시,아파트,율전밤꽃마을주공2단지,율전동,545,2005-09-08,22,4,389,N
수원시,아파트,율전벽산블루밍,장안구 율전동,543,2005-05-02,22,4,318,Y
수원시,아파트,율전삼성1단지,장안구 율전동,468,1998-08-28,20,6,364,Y
수원시,아파트,율전삼성2단지,장안구 율전동,419,1998-08-28,20,9,700,Y
수원시,아파트,율전신일,장안구 율전동,319,1997-12-03,20,7,824,Y
수원시,아파트,율전아파트,율전동,439-8,1985-10-23,5,1,40,N
수원시,아파트,율전이안,장안구 율전동,375-2,2005-10-13,15,7,383,Y
수원시,아파트,율전화남,장안구 율전동,334-13,1997-12-24,20,1,200,Y
수원시,아파트,은하아파트,송죽동,190-2,1989-01-24,5,1,50,N
수원시,아파트,익주,화서동,79-30,2003-03-21,8,1,48,N
수원시,아파트,인계 선경2차,인계동,158-30,1994-09-03,10,1,90,N
수원시,아파트,인계극동스타클래스,팔달구 인계동,945,2009-06-02,15,3,165,Y
수원시,아파트,인계동동문굿모닝힐,팔달구 인계동,1171,2020-11-25,33,3,298,Y
수원시,아파트,인계리치안,팔달구 인계동,1035-7,2019-04-29,11,1,180,Y
수원시,아파트,인계베스트빌,인계동,968-6,2004-08-16,12,1,64,N
수원시,아파트,인계삼성,팔달구 인계동,371-1,1996-04-30,20,3,582,Y
수원시,아파트,인계선경1차,팔달구 인계동,163,1993-06-28,17,4,360,Y
수원시,아파트,인계선경3차,팔달구 인계동,159,1996-04-30,17,8,604,Y
수원시,아파트,인계수정,팔달구 인계동,303-3,2009-02-16,19,1,166,Y
수원시,아파트,인계신미주,인계동,374-14,1995-05-26,11,1,113,N
수원시,아파트,인계파밀리에,팔달구 인계동,865-10,2009-06-04,20,7,431,Y
수원시,아파트,인계푸르지오,팔달구 인계동,1169,2012-12-18,34,2,190,Y
수원시,아파트,인계한양수자인,팔달구 인계동,1170,2019-04-29,25,3,279,Y
수원시,아파트,자연앤자이1단지,영통구 이의동,1367,2012-12-05,33,4,273,Y
수원시,아파트,자연앤자이2단지,영통구 이의동,1353,2012-12-05,32,6,522,Y
수원시,아파트,자연앤자이3단지,영통구 이의동,1339,2012-12-05,34,3,378,Y
수원시,아파트,장미1,세류동,531,1983-12-24,5,3,80,N
수원시,아파트,장미2,세류동,532,1988-12-24,5,2,60,N
수원시,아파트,장미3,세류동,530-3,1983-12-24,5,1,30,N
수원시,아파트,장미5차,율전동,163-2,1986-06-02,5,4,96,N
수원시,아파트,장미6차,율전동,142-5,1987-06-02,5,3,155,N
수원시,연립,장미연립,매탄동,111-165,1991-11-30,4,5,136,N
수원시,아파트,장안,인계동,261-1,1995-12-06,18,1,102,N
수원시,아파트,장안,파장동,422-1,1986-01-21,5,2,60,N
수원시,아파트,장안아파트,율전동,109,1986-10-02,5,2,155,N
수원시,아파트,장안아파트,조원동,459-11,1989-06-17,5,2,90,N
수원시,연립,장안연립,화서동,220-37,1985-10-31,3,1,24,N
수원시,아파트,재왕아파트,매탄동,194-4,2003-02-13,12,1,88,N
수원시,아파트,전원,권선동,1059-6 외3,1989-05-19,5,1,50,N
수원시,아파트,전원,세류동,1010-1,1989-12-20,5,1,98,N
수원시,아파트,정자1차)희성연인,정자동,Jul-74,2006-06-29,13,1,59,N
수원시,아파트,정자KTe편한세상,장안구 정자동,24-1,2008-01-30,15,5,288,Y
수원시,아파트,정자그린맨션,장안구 정자동,417,1990-02-02,15,2,282,Y
수원시,아파트,정자금강에스쁘아,장안구 정자동,69-45,2005-04-29,18,2,164,Y
수원시,아파트,정자동남,정자동,390,1997-03-20,18,1,126,N
수원시,아파트,정자동신1차,장안구 정자동,395,1987-05-30,15,11,1548,Y
수원시,아파트,정자동신2차,장안구 정자동,313-1,1988-05-30,15,15,1992,Y
수원시,아파트,정자두견마을벽산3차,장안구 정자동,884-4,2000-08-16,25,5,389,Y
수원시,아파트,정자백설마을주공2단지,정자동,871-3,2001-08-06,20,3,341,N
수원시,아파트,정자백설마을코오롱현대,장안구 정자동,870-1,1999-08-27,20,8,692,Y
수원시,아파트,정자백설마을효성,장안구 정자동,880-2,2000-01-21,23,3,262,Y
수원시,아파트,정자벽산블루밍,장안구 정자동,423-1,2007-04-17,15,12,481,Y
수원시,주상복합,정자신미주,장안구 정자동,29-1,1991-08-13,15,1,189,Y
수원시,아파트,정자신호,장안구 정자동,840-98,1996-12-09,18,2,173,Y
수원시,아파트,정자아너스빌,장안구 정자동,297-2,2006-04-26,15,5,422,Y
수원시,연립,정자연립,정자동,44-13,1981-12-21,3,2,36,N
수원시,아파트,정자현대,장안구 정자동,30-1,1989-12-14,10,2,227,Y
수원시,아파트,조원벽산,장안구 조원동,510,1989-07-18,10,11,740,Y
수원시,아파트,조원주공뉴타운1단지,장안구 조원동,855,2001-12-11,23,9,768,Y
수원시,아파트,조원주공뉴타운2단지,장안구 조원동,861,2001-12-11,23,17,1586,Y
수원시,아파트,지동동오,지동,354-35,1987-11-19,5,1,60,N
수원시,아파트,참누리울트라(1단지),서둔동,375,2009-02-27,15,3,119,N
수원시,아파트,참누리울트라(2단지),서둔동,377,2009-02-27,15,3,132,N
수원시,아파트,천록,율전동,276-3,1984-06-05,5,8,230,N
수원시,아파트,천천삼성래미안,장안구 천천동,544,2002-04-26,23,12,876,Y
수원시,아파트,천천일성,장안구 천천동,569,1997-09-30,15,4,401,Y
수원시,아파트,천천현대,장안구 천천동,566,1997-11-28,15,7,594,Y
수원시,아파트,청도,율전동,408-9,1987-04-21,5,3,85,N
수원시,아파트,청명마을대우,영통구 영통동,956-2,1998-06-23,20,6,492,Y
수원시,아파트,청명마을동신,영통구 영통동,956-2,1998-06-23,20,6,492,Y
수원시,아파트,청명마을삼성,영통구 영통동,1046-1,2001-10-30,20,9,714,Y
수원시,아파트,청명센트레빌,영통구 영통동,1166,2013-06-04,20,3,233,Y
수원시,아파트,청명주공,영통구 영통동,1048-2,1997-12-12,20,11,946,Y
수원시,아파트,청솔마을SK한화,장안구 정자동,918,2002-01-21,25,6,520,Y
수원시,아파트,청솔마을한라,장안구 정자동,919,2001-07-30,23,9,845,Y
수원시,연립,청수연립,파장동,386-1,1985-12-27,2,4,26,N
수원시,아파트,청와아파트,망포동,291,1988-12-31,5,4,250,N
수원시,아파트,칠성,화서동,Jan-84,1985-09-19,5,1,39,N
수원시,아파트,코스모골드,인계동,939-5,2014-07-22,16,1,266,N
수원시,아파트,코스모골드,팔달구 인계동,939-5,2014-07-22,16,1,266,Y
수원시,아파트,코오롱하늘채,권선구 구운동,890,1999-11-01,21,8,676,Y
수원시,아파트,탑동삼성,권선구 탑동,763,1998-09-24,13,3,299,Y
수원시,아파트,탑동우방파크타운,권선구 탑동,860,1999-09-28,13,9,458,Y
수원시,아파트,탑월드,탑동,05-04,2000-12-22,9,1,97,N
수원시,연립,태광연립,매탄동,172-8,1978-10-10,2,5,41,N
수원시,아파트,파장동진,파장동,213-5,1995-12-24,10,1,81,N
수원시,아파트,파장삼익,장안구 파장동,212-5,1978-11-09,11,2,220,Y
수원시,아파트,파장익주,파장동,281,1997-06-09,15,1,81,N
수원시,아파트,파장현대,파장동,622 외2,1992-04-30,6,6,225,N
수원시,아파트,파장화남2차,장안구 파장동,470,1991-05-24,11,1,203,Y
수원시,아파트,평동동남,권선구 평동,151,1999-11-27,13,12,489,Y
수원시,아파트,포레나북수원,장안구 파장동,640,2023-09-27,27,11,1063,Y
수원시,아파트,포레나영흥숲,영통구 원천동,632,2023-11-23,20,2,157,Y
수원시,아파트,포레스트,팔달구 지동,365-20,2014-03-27,10,1,184,Y
수원시,아파트,한라비발디1단지,권선구 당수동,743,2004-11-30,25,6,473,Y
수원시,아파트,한양수자인에듀파크,영통구 망포동,723,2013-12-04,21,8,530,Y
수원시,주상복합,한일베라체에코플러스,팔달구 우만동,139-18,2022-06-20,36,2,202,Y
수원시,연립,한일연립,조원동,769,1987-03-09,3,2,30,N
수원시,아파트,한화꿈에그린파크,팔달구 인계동,1127-1,2010-03-18,20,3,212,Y
수원시,아파트,해창,고등동,Jan-94,1979-05-02,5,6,190,N
수원시,연립,현대연립,세류동,563-4,1978-12-20,3,4,47,N
수원시,아파트,현대연립,조원동,781-16,1981-01-14,5,2,24,N
수원시,아파트,형우럭스빌,조원동,756-5,2008-08-27,10,1,44,N
수원시,아파트,호매실GS,권선구 호매실동,377,1998-06-11,20,16,1754,Y
수원시,아파트,호매실경남아너스빌,권선구 호매실동,1388,2011-11-18,20,19,865,Y
수원시,아파트,호매실금호어울림에듀포레,권선구 호매실동,1420,2019-08-14,25,9,532,Y
수원시,아파트,호매실능실마을22단지,호매실동,1415,2016-01-29,25,4,712,N
수원시,아파트,호매실더센트라고,권선구 금곡동,1076,2014-06-10,19,8,450,Y
수원시,아파트,호매실마을13단지,권선구 호매실동,1371,2015-02-05,25,15,1368,Y
수원시,아파트,호매실벨섬시티14단지,호매실동,1380,2017-12-07,25,13,1300,N
수원시,아파트,호매실삼익2차,권선구 호매실동,May-82,1998-06-23,20,2,354,Y
수원시,아파트,호매실스위첸,권선구 호매실동,1394,2014-08-11,25,11,1050,Y
수원시,아파트,호매실신미주,권선구 호매실동,452,1994-08-02,15,1,178,Y
수원시,아파트,호매실쌍용,권선구 호매실동,453-6,1998-07-29,18,5,294,Y
수원시,아파트,호매실엔루체,권선구 호매실동,1414,2016-12-30,25,4,430,Y
수원시,아파트,호매실역서희스타힐스,권선구 금곡동,1081,2011-11-18,20,25,1239,Y
수원시,아파트,호매실한양수자인파크원,권선구 호매실동,1361,2018-05-31,25,15,1394,Y
수원시,아파트,호매실휴먼시아16단지,호매실동,1389,2011-11-12,20,11,880,N
수원시,아파트,호매실휴먼시아4단지,금곡동,374,2011-07-19,20,9,980,N
수원시,아파트,호매실휴먼시아7단지,호매실동,1340,2011-08-19,20,10,980,N
수원시,아파트,호매실휴먼시아8단지,금곡동,1095,2011-08-19,20,11,1270,N
수원시,아파트,호매실힐스테이트,호매실동,1393,2018-11-30,25,8,800,N
수원시,연립주택,호반가든하임,영통구 이의동,1212,2011-12-15,5,22,320,Y
수원시,아파트,호반베르디움더센트럴,권선구 금곡동,1147,2017-06-16,25,13,1100,Y
수원시,아파트,호반써밋수원,권선구 금곡동,1146,2017-04-03,25,8,567,Y
수원시,아파트,호수마을광교상록,하동,992,2012-06-08,26,6,533,N
수원시,아파트,화남1차,파장동,569-3 외2,1989-11-27,6,2,120,N
수원시,아파트,화서3단지주공,팔달구 화서동,646,1997-04-09,18,8,582,Y
수원시,아파트,화서꽃뫼노을마을풍림,팔달구 화서동,674-1,1999-09-17,20,2,275,Y
수원시,아파트,화서꽃뫼버들마을금강KCC,팔달구 화서동,709,2002-04-19,25,3,312,Y
수원시,아파트,화서꽃뫼버들마을엘지,팔달구 화서동,713,2001-05-12,15,8,665,Y
수원시,아파트,화서꽃뫼버들마을진흥,팔달구 화서동,706,2002-01-17,25,9,824,Y
수원시,아파트,화서꽃뫼양지마을대우,팔달구 화서동,703,2001-06-26,15,4,236,Y
수원시,아파트,화서꽃뫼양지마을현대,팔달구 화서동,700,2002-07-12,23,3,260,Y
수원시,아파트,화서동남,권선구 서둔동,361,1987-12-03,5,7,380,Y
수원시,아파트,화서동문굿모닝힐,팔달구 화서동,761,2010-07-09,28,3,293,Y
수원시,아파트,화서맨션,화서동,212-1,1985-11-01,5,3,115,N
수원시,아파트,화서벽산,팔달구 화서동,11-41,1991-11-20,15,3,238,Y
수원시,아파트,화서성원상떼빌,팔달구 화서동,11-11,2001-12-04,17,7,508,Y
수원시,아파트,화서성일,권선구 서둔동,361-1,1987-12-03,5,6,370,Y
수원시,아파트,화서수정,화서동,Feb-97,1990-06-04,5,2,77,N
수원시,아파트,화서역 파크푸르지오,장안구 정자동,950,2021-08-23,46,14,2355,Y
수원시,아파트,화서역블루밍푸른숲,팔달구 화서동,250-4,2009-07-28,18,31,1743,Y
수원시,아파트,화서역우방센트럴파크,장안구 정자동,887-1,1999-08-27,22,15,1335,Y
수원시,아파트,화서역위너스파크,장안구 정자동,922,2002-09-14,25,7,583,Y
수원시,아파트,화서역파크뷰,장안구 정자동,882-5,2000-12-15,23,5,530,Y
수원시,아파트,화서역푸르지오더에듀포레,장안구 천천동,333,2008-12-09,30,33,2569,Y
수원시,아파트,화서역푸르지오브리시엘,장안구 정자동,961,2023-09-26,41,3,665,Y
수원시,아파트,화서역현대벽산,장안구 정자동,886-1,1999-08-03,24,8,792,Y
수원시,아파트,화서영광,팔달구 화서동,220-4,1993-04-21,20,2,459,Y
수원시,아파트,화서위브하늘채,팔달구 화서동,743,2009-05-25,25,10,807,Y
수원시,아파트,화서주공4단지,팔달구 화서동,650,1997-05-02,20,13,1314,Y
수원시,아파트,화서주공5단지,팔달구 화서동,650,1997-05-02,20,3,386,Y
수원시,아파트,화서한신더휴,팔달구 화서동,769,2014-06-27,19,3,198,Y
수원시,아파트,화서한진현대,팔달구 화서동,656,1997-12-15,20,7,516,Y
수원시,다세대,화성,화서동,184,1985-12-31,2,5,28,N
수원시,아파트,화성아파트,조원동,761-5,1996-09-25,12,1,79,N
수원시,아파트,황골마을쌍용,영통구 영통동,1052-2,1998-03-10,20,10,872,Y
수원시,연립,황금,정자동,23-5,1987-02-06,3,1,30,N
수원시,아파트,효성,정자동,11-01,1986-01-06,6,1,64,N
수원시,연립,효원연립,매탄동,873,1993-05-20,4,3,61,N
수원시,아파트,효자마을 삼호,지동,138-24,1995-11-01,11,2,89,N
수원시,아파트,희성연인,서둔동,374,2006-01-27,14,1,105,N
수원시,아파트,희성연인(2차),정자동,Feb-69,2009-04-24,15,1,84,N
수원시,아파트,희훈루체팰리스,장안구 송죽동,513,2005-12-07,15,4,176,Y
수원시,아파트,힐스테이트 영통,영통구 망포동,728,2017-08-30,29,21,2140,Y
수원시,아파트,힐스테이트광교,영통구 하동,1021,2018-05-29,49,6,928,Y
수원시,아파트,힐스테이트광교중앙역퍼스트,영통구 이의동,1333,2024-09-27,20,4,211,Y
수원시,연립주택,힐스테이트수원테라스,권선구 서둔동,459,2023-04-27,4,13,257,Y
수원시,아파트,힐스테이트수원파크포레,권선구 서둔동,465,2024-12-30,14,10,482,Y
수원시,아파트,힐스테이트푸르지오수원,팔달구 매교동,292,2022-08-26,15,33,2404,Y
수원시,아파트,힐스테이트호매실,호매실동,1393,2018-11-30,25,8,800,N
수원시,연립,힐타운빌라,율전동,303,1985-06-14,3,2,30,N
시흥시,아파트,(둥지)동진아파트,신천동,858,1991-02-13,6,3,240,N
시흥시,아파트,LH가온수플,조남동,663,2018-07-03,25,10,678,N
시흥시,아파트,LH네이처뷰,장현동,170-2,2019-09-09,25,6,620,N
시흥시,아파트,LH네이처포레,은행동,03-01,2018-07-16,29,14,1594,N
시흥시,아파트,LH리벤티움,조남동,678,2017-07-04,21,12,944,N
시흥시,아파트,LH트리플센텀,장현동,160,2022-04-15,20,8,546,Y
시흥시,아파트,LH포레하임,조남동,680,2016-07-01,25,5,345,N
시흥시,아파트,MS스타리움 1단지,신천동,954,2023-11-03,15,1,56,N
시흥시,아파트,MS스타리움 2단지,신천동,955,2023-11-03,16,1,51,N
시흥시,아파트,SK뷰(배곧),배곧동,135,2015-07-28,29,17,1442,Y
시흥시,아파트,e편한세상 시흥 센텀하임,대야동,692,2019-09-27,35,9,659,Y
시흥시,아파트,e편한세상 시흥장현 퍼스트베뉴,군자동,821,2024-07-29,25,4,431,Y
시흥시,아파트,가야아파트,조남동,171-2,1990-04-14,6,4,189,N
시흥시,아파트,거모녹원아파트,거모동,1765-5,1992-10-31,14,2,220,Y
시흥시,아파트,거모동보아파트,거모동,612-1,1999-11-04,20,7,1392,Y
시흥시,아파트,거모동원아파트,거모동,1769-1,1991-12-09,15,3,416,Y
시흥시,아파트,건영1차,정왕동,1785-1,1997-08-02,10,21,770,Y
시흥시,아파트,건영2차,정왕동,1875-5,1997-09-27,10,21,710,Y
시흥시,아파트,건영3차,정왕동,1871-1,2002-06-19,10,7,210,Y
시흥시,아파트,건영4차,정왕동,1871-5,2000-12-08,10,6,240,Y
시흥시,아파트,건영5차,정왕동,1788-1,2002-07-10,10,11,340,Y
시흥시,아파트,건영7차,정왕동,1867-1,2001-01-31,10,3,140,N
시흥시,아파트,경남아너스빌,신천동,943-1,2005-06-14,15,6,369,Y
시흥시,아파트,경신둥지,신천동,852-16,1991-01-21,6,2,132,N
시흥시,아파트,경신아파트,미산동,64,1992-08-29,6,2,186,N
시흥시,아파트,계룡1차아파트,정왕동,1846,1997-07-18,10,21,620,Y
시흥시,아파트,계룡2차아파트,정왕동,Jan-42,1998-04-27,10,20,630,Y
시흥시,아파트,고합아파트,정왕동,1886-5,1998-04-27,10,12,400,Y
시흥시,아파트,관곡마을 동아아파트,하중동,826-1,2000-05-29,20,4,503,Y
시흥시,아파트,관곡마을 성원아파트,하중동,827,1999-10-30,19,8,498,Y
시흥시,아파트,광덕1차,은행동,276-13,1989-11-01,5,1,20,N
시흥시,아파트,광덕2차,은행동,99-16,1991-09-16,12,1,84,N
시흥시,아파트,군자서희스타힐스,거모동,1859,2023-10-31,20,15,916,Y
시흥시,아파트,극동아파트,대야동,332-13,2000-07-14,19,5,350,Y
시흥시,아파트,극동아파트,은행동,289-37,1986-05-15,5,2,120,N
시흥시,아파트,금강1차아파트,매화동,361-6,1994-12-31,12,2,159,Y
시흥시,아파트,금강2차아파트,매화동,289-1,1997-08-30,18,1,152,Y
시흥시,아파트,금강아파트,정왕동,1789,1996-08-30,10,21,730,Y
시흥시,아파트,금강펜테리움 오션베이,정왕동,2737,2023-02-22,30,7,930,Y
시흥시,아파트,금보아파트,신천동,828-4,1990-09-06,5,2,110,N
시흥시,아파트,나보나시티,월곶동,991-28,2020-05-08,18,1,286,Y
시흥시,아파트,네이처하임,조남동,720,2016-07-19,24,8,592,Y
시흥시,아파트,뉴월드 아파트,신천동,869-2,1997-07-26,20,2,216,Y
시흥시,아파트,늘푸른 벽산아파트,대야동,570-2,1995-06-29,18,5,324,Y
시흥시,아파트,능곡 신안인스빌,능곡동,782,2008-12-04,12,9,394,Y
시흥시,아파트,능곡 자연앤,능곡동,554,2009-05-25,15,7,239,Y
시흥시,아파트,대림1차,정왕동,1863,1998-03-25,10,21,660,Y
시흥시,아파트,대림2차,정왕동,1851,1998-02-19,10,17,690,Y
시흥시,아파트,대림3차,정왕동,1878-4,1998-03-20,10,9,280,Y
시흥시,아파트,대림4차,정왕동,1878-8,1997-09-27,10,13,400,Y
시흥시,아파트,대명아파트,목감동,242-9,1990-12-14,15,1,195,Y
시흥시,아파트,대보아파트,신천동,848-5,1989-12-27,5,2,70,N
시흥시,아파트,대야우남한신,대야동,288,1996-12-14,19,2,172,Y
시흥시,아파트,대우2차,은행동,543-1,1997-09-06,19,4,292,Y
시흥시,아파트,대우3차,은행동,550,1998-10-26,20,11,1272,Y
시흥시,아파트,대우아파트,은행동,297,1987-09-05,5,2,79,N
시흥시,아파트,대원아파트,매화동,241-8,1990-04-17,5,3,75,N
시흥시,아파트,데코빌아파트,하중동,878-4,2003-05-01,15,1,154,Y
시흥시,아파트,동경1차,신천동,Mar-37,1987-09-12,6,1,48,N
시흥시,아파트,동경2차,신천동,Jun-37,1988-04-23,6,1,24,N
시흥시,아파트,동경3차,신천동,264-2,1988-11-06,5,1,50,N
시흥시,아파트,동경4차,신천동,384-2,1989-07-10,5,2,70,N
시흥시,아파트,동경5차,은행동,241,1989-12-22,5,2,60,N
시흥시,아파트,동경6차,은행동,272-1,1990-08-20,6,1,72,N
시흥시,아파트,동남아파트,정왕동,1862,1998-05-25,10,16,720,Y
시흥시,아파트,동보아파트,정왕동,Feb-42,1997-05-23,10,14,560,Y
시흥시,아파트,동신아파트,대야동,639,2004-06-28,20,4,229,Y
시흥시,아파트,동우아파트,목감동,239-15,1986-09-25,5,2,75,N
시흥시,아파트,동원로얄듀크1차,광석동,270,2020-04-24,23,5,447,Y
시흥시,아파트,동진아파트,매화동,194-1,1993-03-10,13,1,93,N
시흥시,아파트,동진아파트,신천동,829,1991-06-21,6,2,168,N
시흥시,아파트,동진아파트,신천동,832-2,1990-12-30,5,5,196,N
시흥시,아파트,동진아파트,포동,13-2,1992-11-03,5,3,192,N
시흥시,아파트,두산아파트,은행동,542,1997-11-14,20,5,438,Y
시흥시,아파트,두산위브더파크,대야동,303,2020-07-31,24,15,1382,Y
시흥시,아파트,루벤시아1차,장곡동,May-96,2020-07-03,25,7,786,N
시흥시,아파트,루벤시아2차,장현동,Jun-97,2020-07-03,25,5,526,N
시흥시,아파트,매꼴마을 동양아파트,장곡동,804,1999-11-29,20,5,414,Y
시흥시,아파트,매꼴마을 삼성아파트,장곡동,805,1999-04-16,20,7,574,Y
시흥시,아파트,매화마을 홍익아파트,매화동,367외6,2000-12-29,24,2,285,Y
시흥시,아파트,명성아파트,신천동,882-5,1984-11-19,6,1,30,N
시흥시,아파트,명신아파트,목감동,239-3,1985-09-30,5,1,60,N
시흥시,아파트,모아미래도에듀포레,장현동,608,2020-07-21,25,11,928,Y
시흥시,아파트,목감 레이크푸르지오,산현동,502,2018-01-04,25,9,629,Y
시흥시,아파트,목감 신안인스빌,조남동,676,2017-12-19,25,6,576,Y
시흥시,아파트,목감 중흥S-클래스,산현동,496,2018-10-29,25,10,806,Y
시흥시,아파트,목감LH13단지,조남동,700,2017-11-08,25,6,1204,N
시흥시,아파트,목감그레미움,조남동,682,2017-11-20,25,5,413,N
시흥시,아파트,목감역호반써밋,조남동,721,2018-02-14,25,6,415,Y
시흥시,아파트,목감지음재파크뷰,목감동,397,2021-02-25,25,2,154,Y
시흥시,아파트,목감퍼스트리움,조남동,257-2,2015-08-21,25,8,625,Y
시흥시,아파트,목감한양수자인,논곡동,160-59,2016-11-03,27,7,536,Y
시흥시,아파트,목감호수품애,산현동,514,2018-09-15,25,6,590,N
시흥시,아파트,무궁화,포동,1-74,1988-09-23,5,2,75,N
시흥시,아파트,무지개,신천동,892-1,1987-11-16,5,1,40,N
시흥시,아파트,문영센스빌아파트,정왕동,1877-1,2002-05-25,10,12,410,Y
시흥시,아파트,미덕아파트,목감동,240-6,1987-02-19,4,2,64,N
시흥시,아파트,배곧 골드클래스,배곧동,58,2016-06-29,25,10,690,Y
시흥시,아파트,배곧 센텀베이1차(배곧),배곧동,7,2019-01-10,28,7,689,N
시흥시,아파트,배곧 센텀베이2차(배곧),배곧동,57,2019-01-16,28,9,540,N
시흥시,아파트,배곧 중흥S클래스,배곧동,5,2019-02-22,29,20,1208,Y
시흥시,아파트,배곧대방노블랜드(배곧),배곧동,55,2019-05-07,29,11,1089,N
시흥시,아파트,배곧호반써밋플레이스 C1,배곧동,191,2019-06-28,35,6,890,Y
시흥시,아파트,배곧호반써밋플레이스 C2,배곧동,221,2019-06-28,35,6,905,Y
시흥시,아파트,벽산1차아파트,대야동,278,1992-02-07,15,3,246,Y
시흥시,아파트,벽산3차아파트,은행동,547-1,1998-03-20,20,4,350,Y
시흥시,아파트,보우아파트,거모동,1741-1,1995-06-21,18,1,131,N
시흥시,아파트,부강아파트,신천동,27-2,1989-11-01,5,2,80,N
시흥시,아파트,부국아파트,미산동,산15-1,1991-04-22,6,3,200,N
시흥시,아파트,부성파스텔,정왕동,1876-3,1997-12-20,10,21,600,Y
시흥시,아파트,부성파인하버뷰,월곶동,1008-2,2019-12-04,27,2,297,Y
시흥시,아파트,산호1차,은행동,243-1,1989-11-22,5,2,70,N
시흥시,아파트,산호1차아파트,논곡동,160-7,1992-03-17,16,1,260,Y
시흥시,아파트,산호2차,은행동,241-1,1990-03-05,5,2,92,N
시흥시,아파트,산호아파트,신천동,870-5,1997-06-26,19,1,114,N
시흥시,아파트,산호아파트(2차),논곡동,280,1999-08-31,12,1,92,N
시흥시,아파트,삼보아파트,대야동,275,1991-03-06,6,6,335,Y
시흥시,아파트,삼성홈타운,은행동,289-11,2008-05-02,17,3,165,Y
시흥시,아파트,삼호아파트(101동),대야동,479,1986-11-19,6,1,60,N
시흥시,아파트,삼호아파트(102동),대야동,480-18,1986-12-05,5,1,55,N
시흥시,아파트,삼호아파트(103동),대야동,481-18,1987-08-21,6,1,48,N
시흥시,아파트,삼호아파트(104~106동),대야동,482,1987-12-24,6,3,170,N
시흥시,아파트,삼호아파트(조남동),조남동,169,1997-05-28,25,2,362,Y
시흥시,아파트,삼화그린아파트,매화동,260-1,1998-04-27,16,1,141,N
시흥시,아파트,삼환나우빌아파트,신천동,949,2012-03-06,23,8,419,Y
시흥시,아파트,상아그린아파트,미산동,82-14,1995-11-16,20,1,170,Y
시흥시,아파트,상아아파트,신천동,827-2,1996-11-13,20,1,120,N
시흥시,아파트,새재마을 대동아파트,장현동,540,1999-08-25,20,6,480,Y
시흥시,아파트,새재마을 청구아파트,장현동,540,2001-12-12,20,7,478,Y
시흥시,아파트,샛말대우4차,하중동,858,2002-08-24,20,2,256,Y
시흥시,아파트,서강1차아파트,대야동,568-4,1995-06-23,16,1,176,Y
시흥시,아파트,서강2차아파트,대야동,564,1997-12-06,19,4,582,Y
시흥시,아파트,서능1차,매화동,207,1991-01-21,5,3,199,N
시흥시,아파트,서능2차,매화동,220-1,1992-11-16,6,3,144,N
시흥시,아파트,서해1차,정왕동,1886-3,1997-10-23,10,17,530,Y
시흥시,아파트,서해2차,정왕동,1886-4,1998-07-25,10,18,570,Y
시흥시,아파트,서해아파트,대야동,563,1997-11-14,20,5,615,Y
시흥시,아파트,성원아파트,은행동,538-2,1995-08-31,18,5,660,Y
시흥시,아파트,세우아파트,조남동,171,1986-12-02,6,3,156,N
시흥시,아파트,세원아파트,조남동,169-12,1986-12-19,6,1,84,N
시흥시,아파트,세종1차,정왕동,1877-3,1996-11-29,10,19,460,Y
시흥시,아파트,세종2차,정왕동,1877-2,1997-08-29,10,11,330,Y
시흥시,아파트,세종3차,정왕동,1849-6,1998-06-27,10,9,279,Y
시흥시,아파트,수정아파트,조남동,171-20,1994-09-12,18,1,152,Y
시흥시,아파트,숲속마을 1단지,장곡동,807,1999-08-30,18,18,1246,Y
시흥시,아파트,숲속마을 2단지,장곡동,806,1999-10-30,20,12,856,Y
시흥시,아파트,승윤노블리안시티,월곶동,999-2,2014-10-20,16,1,195,Y
시흥시,아파트,시화 대우아파트,정왕동,1788-3,1996-08-30,10,5,176,Y
시흥시,아파트,시화 동원아파트,정왕동,1878-5,1998-03-20,10,10,358,Y
시흥시,아파트,시화 두산아파트,정왕동,1786,1996-03-30,10,25,930,Y
시흥시,아파트,시화 모아아파트,정왕동,1876-2,1997-07-11,10,14,386,Y
시흥시,아파트,시화 무진아파트,정왕동,1629,1996-07-27,10,11,488,Y
시흥시,아파트,시화 미주아파트,정왕동,1875-2,1996-11-28,10,14,492,Y
시흥시,아파트,시화 보성아파트,정왕동,1877-5,1998-12-26,10,18,760,Y
시흥시,아파트,시화 삼성아파트,정왕동,1872-5,1996-04-15,10,9,320,Y
시흥시,아파트,시화 삼환아파트,정왕동,1876-1,1997-11-28,10,8,350,Y
시흥시,아파트,시화 신호아파트,정왕동,1867-3,1997-04-15,10,11,330,Y
시흥시,아파트,시화 아주아파트,정왕동,1394,1994-12-19,25,2,534,Y
시흥시,아파트,시화 영남1차,정왕동,1875-1,1996-02-28,10,10,390,Y
시흥시,아파트,시화 영남2차,정왕동,1873-2,1996-02-28,10,17,600,Y
시흥시,아파트,시화 영남3차,정왕동,1872-4,1996-02-28,10,13,520,Y
시흥시,아파트,시화 영남4차,정왕동,1394-2,1996-02-28,10,10,330,Y
시흥시,아파트,시화 영남5차,정왕동,1866-6,1996-09-25,10,11,330,Y
시흥시,아파트,시화 영남6차,정왕동,1790,1997-07-29,10,20,820,Y
시흥시,아파트,시화 한일아파트,정왕동,1865,1996-07-30,10,18,580,Y
시흥시,아파트,시흥 센트럴 헤센,월곶동,1064-1,2022-09-27,25,7,494,Y
시흥시,아파트,시흥 은계브리즈힐,은행동,620,2018-09-22,29,10,835,Y
시흥시,아파트,시흥5차푸르지오,신천동,709-32,2011-05-11,33,1,426,Y
시흥시,아파트,시흥6차푸르지오1단지,죽율동,759,2014-07-30,23,20,1221,Y
시흥시,아파트,시흥6차푸르지오2단지,죽율동,752,2013-10-31,23,13,769,Y
시흥시,아파트,시흥목감LH7단지,조남동,662,2016-06-02,19,6,756,N
시흥시,아파트,시흥배곧한신더휴(배곧),배곧동,155,2018-01-19,29,18,1358,Y
시흥시,아파트,시흥센트럴푸르지오,대야동,693,2020-05-28,49,10,2003,Y
시흥시,아파트,시흥은계LH7단지,은행동,230-2,2018-12-31,21,9,1445,N
시흥시,아파트,시흥은계엘에이치2단지,대야동,658,2019-12-26,25,3,820,N
시흥시,아파트,시흥장현 데시앙,장곡동,942,2024-02-08,25,6,534,Y
시흥시,아파트,시흥장현LH4단지,능곡동,190-6,2019-07-11,25,4,996,N
시흥시,아파트,시흥장현금강펜테리움센트럴파크,군자동,222-1,2021-01-04,25,6,590,Y
시흥시,아파트,시흥장현제일풍경채센텀,능곡동,203-2,2020-12-31,25,7,698,Y
시흥시,아파트,신동아1차,정왕동,Jan-40,1996-10-31,10,8,310,Y
시흥시,아파트,신동아2차,정왕동,Feb-40,1996-10-31,10,13,480,Y
시흥시,아파트,신명아파트,은행동,538-1,1995-10-06,20,2,460,Y
시흥시,아파트,신성아파트,은행동,289-31,1990-06-28,5,1,70,N
시흥시,아파트,신우아파트,정왕동,1870-1,1996-11-14,10,6,200,Y
시흥시,아파트,신일해피트리,능곡동,712,2009-06-11,15,8,315,Y
시흥시,아파트,신천센트럴아파트,신천동,706-1,2016-09-22,12,1,50,N
시흥시,아파트,신천역 에피트 아파트,은행동,694,2025-09-25,47,6,1297,Y
시흥시,아파트,신천우남한신,신천동,871-1,1996-12-30,21,1,186,Y
시흥시,아파트,신천코아루웰라움,신천동,953,2020-02-27,23,3,169,Y
시흥시,아파트,신천팰리스,신천동,705-1,2017-04-11,10,1,24,N
시흥시,아파트,신천휴먼시아,신천동,946,2010-07-29,18,7,313,Y
시흥시,아파트,신한아파트,정왕동,1874-1,1997-08-29,10,7,240,Y
시흥시,아파트,아주1차,거모동,1470-1,1989-10-01,6,1,72,N
시흥시,아파트,아주2차,거모동,1731-1,1991-02-05,7,1,82,N
시흥시,아파트,아주3차아파트,거모동,1734-2,1992-06-29,18,1,180,Y
시흥시,아파트,아주4차(402동),거모동,1736-1,1993-07-15,18,1,180,Y
시흥시,아파트,아주4차401동,거모동,1735-2,1993-07-15,17,1,119,N
시흥시,아파트,아주5차,거모동,1740-3,1994-10-01,17,1,136,N
시흥시,아파트,알파시티,월곶동,992-5,2013-12-26,15,1,274,Y
시흥시,아파트,에이스,도창동,65,1997-08-30,20,9,798,Y
시흥시,아파트,엘드수목토아파트,능곡동,789,2008-10-14,15,7,272,Y
시흥시,아파트,엘에이치17단지,장곡동,553-2,2020-10-12,25,5,1292,N
시흥시,아파트,엘에이치18단지,장곡동,424-1,2021-08-13,25,4,528,N
시흥시,아파트,엘에이치19단지,장곡동,863,2020-09-10,20,3,671,N
시흥시,아파트,엘에이치23단지,장현동,568,2022-10-18,25,7,1058,N
시흥시,아파트,엘에이치시흥시청역트리플포레,능곡동,116,2020-12-07,21,7,614,Y
시흥시,아파트,엘에이치아란트리,은행동,662,2020-10-12,26,7,839,N
시흥시,아파트,엘에이치어반리더스,대야동,659,2019-12-06,29,14,1198,Y
시흥시,아파트,엘에이치은계파크자이,은행동,647,2020-12-03,29,17,1719,Y
시흥시,아파트,연꽃마을 금호아파트,하상동,369,1999-05-20,19,9,822,Y
시흥시,아파트,"연꽃마을 대우,삼호",하상동,368,1999-11-19,20,11,1044,Y
시흥시,아파트,연꽃마을 태평아파트,하상동,383,2003-04-10,20,2,194,Y
시흥시,아파트,연성쉐르빌,장곡동,811-3,2002-06-18,14,1,194,Y
시흥시,아파트,연희2차,은행동,293-1,1986-04-21,5,2,115,N
시흥시,아파트,연희아파트,신천동,277-4,1987-03-18,5,6,245,N
시흥시,아파트,영남아파트(14동),대야동,274-24,1987-10-23,5,1,40,N
시흥시,아파트,영남아파트(15동),대야동,280-7,1987-10-23,6,1,60,N
시흥시,아파트,영동아파트,매화동,265-17,1990-01-05,5,1,30,N
시흥시,아파트,영무예다음,장곡동,924,2022-12-29,25,8,747,Y
시흥시,아파트,영화아파트,정왕동,1870-3,2002-04-01,10,5,210,Y
시흥시,아파트,예스라이프아파트,은행동,105-13,2008-03-07,15,1,134,N
시흥시,아파트,요진아파트,정왕동,1850,1997-09-09,10,22,580,Y
시흥시,아파트,우남아파트,은행동,599,2001-09-05,19,5,346,Y
시흥시,아파트,우남퍼스트빌 1차,능곡동,802,2008-10-21,15,7,300,Y
시흥시,아파트,우남퍼스트빌 2차,능곡동,493,2011-08-30,15,5,236,Y
시흥시,아파트,우성1차아파트,대야동,567-2,1995-12-15,20,3,188,Y
시흥시,아파트,우성2차아파트,대야동,569-1,1995-10-31,19,5,541,Y
시흥시,아파트,우진둥지아파트,신천동,860-1,1991-01-19,6,1,84,N
시흥시,아파트,월곶 유호 N플러스빌,월곶동,1006-3,2008-06-11,15,1,198,Y
시흥시,아파트,월곶역 블루밍더마크,월곶동,1008,2021-10-15,39,2,270,Y
시흥시,아파트,월곶풍림1차 아파트,월곶동,1010-4,2002-12-04,20,16,2560,Y
시흥시,아파트,월곶풍림2차 아파트,월곶동,1010-1,2005-02-21,20,15,1725,Y
시흥시,아파트,월곶풍림3차 아파트,월곶동,1016,2005-03-28,15,7,560,Y
시흥시,아파트,월곶풍림4차 아파트,월곶동,994,2006-11-20,25,7,683,Y
시흥시,아파트,월드아파트,정왕동,1873-3,1995-12-09,10,14,594,Y
시흥시,아파트,유승한내들퍼스트파크,장곡동,936,2022-11-23,25,7,676,Y
시흥시,아파트,유천아파트,정왕동,1628,1996-09-09,10,16,580,Y
시흥시,아파트,유호아파트,거모동,1715-2,1998-03-31,20,3,457,Y
시흥시,아파트,유호엔플러스빌 2차,월곶동,1012-1,2009-05-22,25,4,298,Y
시흥시,아파트,은계센트럴타운,은행동,619,2017-11-01,20,11,1025,Y
시흥시,아파트,은계우미린더퍼스트,은행동,621,2018-09-18,29,7,731,Y
시흥시,아파트,은계우미린레이크,대야동,679,2018-09-20,29,6,448,Y
시흥시,아파트,은계한양수자인더클래스,은행동,661,2018-12-27,29,10,1090,Y
시흥시,아파트,은하수드림힐,신천동,833-9,2009-01-29,13,1,64,N
시흥시,아파트,은행 녹원아파트,은행동,289-33,1997-11-15,20,2,299,Y
시흥시,아파트,은행 대우 푸르지오4차,은행동,599-1,2004-07-30,20,16,1216,Y
시흥시,아파트,은행 대우아파트,은행동,546,1996-10-07,20,5,418,Y
시흥시,아파트,이지더원1차(배곧),배곧동,14,2017-08-11,27,9,840,N
시흥시,아파트,이지더원2차(배곧),배곧동,279,2017-10-27,16,15,904,Y
시흥시,아파트,일우아파트,거모동,1474-1,1988-01-14,5,8,410,Y
시흥시,아파트,장미아파트,신천동,375-3,1986-12-29,5,2,90,N
시흥시,아파트,장미아파트,조남동,171-5,1985-12-30,5,1,80,N
시흥시,아파트,장현 N플러스빌 I,장현동,541-4,2004-09-24,15,1,252,Y
시흥시,아파트,장현 N플러스빌 II,장현동,542,2004-09-24,15,1,252,Y
시흥시,아파트,장현 더 포레마제,장곡동,913,2023-09-12,25,15,1232,N
시흥시,아파트,장현 동원로얄듀크 메트로포레,군자동,827,2021-12-27,24,5,345,Y
시흥시,아파트,장현 서희스타힐스,장곡동,946,2022-04-13,25,9,887,N
시흥시,아파트,장현리슈빌퍼스트클래스,장현동,636,2020-07-24,25,10,891,Y
시흥시,아파트,장현마을2단지 리슈빌더스테이,능곡동,09-01,2019-06-28,25,8,651,N
시흥시,아파트,장현호반써밋,장현동,591,2020-07-03,25,9,712,Y
시흥시,아파트,제나하임아파트,하중동,877-3,2016-09-09,9,1,28,N
시흥시,아파트,제성1차,매화동,200-1,1985-11-28,5,1,60,N
시흥시,아파트,제성2차,신천동,749-1,1987-08-04,5,2,60,N
시흥시,아파트,제성3차,신천동,26-3,1986-10-13,4,2,32,N
시흥시,아파트,제일풍경채 더숲,은행동,625,2020-03-23,29,5,429,Y
시흥시,아파트,제일풍경채에듀,장현동,632,2020-07-24,25,5,489,Y
시흥시,아파트,조양휴캐슬프라자,신천동,765,2010-12-07,13,1,46,N
시흥시,아파트,주공1단지,정왕동,1864,1997-10-21,10,18,690,Y
시흥시,아파트,주공2단지,정왕동,1868,1997-10-21,10,19,680,Y
시흥시,아파트,주공3단지,정왕동,1869,1997-10-21,10,18,630,Y
시흥시,아파트,주공4단지,정왕동,1843,1998-10-19,10,15,610,Y
시흥시,아파트,주공5단지,정왕동,1844,1998-10-19,10,17,690,Y
시흥시,아파트,주공6단지,정왕동,1787-1,1998-11-16,10,13,490,Y
시흥시,아파트,진로아파트,정왕동,1848-4,1997-08-20,10,9,330,Y
시흥시,아파트,"진말 대우, 우성아파트",장곡동,828,1999-06-29,20,10,640,Y
시흥시,아파트,진말 삼환.한진아파트,장곡동,829,1999-09-27,20,10,799,Y
시흥시,아파트,진말대우3차아파트,장곡동,824,2000-11-28,15,7,518,Y
시흥시,아파트,진양6차,매화동,262-1,1990-11-26,6,2,156,N
시흥시,아파트,진양아파트,은행동,109-105,1986-12-29,5,2,50,N
시흥시,아파트,진주아파트,은행동,293-2,1986-05-01,5,1,100,N
시흥시,아파트,참이슬,하중동,855,1999-10-30,20,12,944,Y
시흥시,아파트,철산아파트(C동),은행동,244-2,1986-07-15,4,1,28,N
시흥시,아파트,청구1차아파트,대야동,570-1,1995-08-31,21,5,324,Y
시흥시,아파트,청구2차아파트(1),대야동,547,1997-07-29,19,3,266,Y
시흥시,아파트,청구2차아파트(2),대야동,548,1997-07-29,17,3,196,Y
시흥시,아파트,청담아이리스아파트,신천동,706,2016-05-11,10,1,32,N
시흥시,아파트,청도아파트,목감동,202-14,1986-03-20,5,2,70,N
시흥시,아파트,청솔,정왕동,1847,1999-08-20,10,12,750,Y
시흥시,아파트,태광아파트,신천동,387,1986-08-13,5,3,180,N
시흥시,아파트,태산아파트,포동,13-3,1993-11-12,20,4,954,Y
시흥시,아파트,태평아파트,하상동,382,2003-04-10,20,5,368,Y
시흥시,아파트,태헌1차,포동,1-36,1991-05-15,6,2,168,N
시흥시,아파트,태헌2차,포동,2,1991-10-17,6,2,144,N
시흥시,아파트,태헌3차,포동,1-71,1992-05-01,6,3,252,N
시흥시,아파트,파라곤 센트럴 오션시티,정왕동,2711,2023-02-23,29,7,656,Y
시흥시,아파트,포동서강아파트,포동,1-63,1997-01-10,18,3,197,Y
시흥시,아파트,풍림아파트,은행동,250-5,2003-12-05,15,2,264,Y
시흥시,아파트,한라비발디캠퍼스1차(배곧),배곧동,243,2017-08-23,40,12,2701,Y
시흥시,아파트,한라비발디캠퍼스2차(배곧),배곧동,245,2018-02-23,40,17,2695,Y
시흥시,아파트,한라비발디캠퍼스3차(배곧),배곧동,262,2018-09-20,40,6,1304,Y
시흥시,아파트,한미아파트,신천동,844-10,1994-09-17,6,1,48,N
시흥시,아파트,한신더휴센트럴파크,조남동,669,2017-02-02,25,7,693,Y
시흥시,아파트,한신아파트,정왕동,1872-6,1996-04-25,10,10,406,Y
시흥시,아파트,한영둥지,신천동,857-2,1991-01-14,6,2,96,N
시흥시,아파트,한영아파트,은행동,276-8,1986-06-30,5,3,100,N
시흥시,아파트,해가든 더클래식(구 대주),미산동,350-15,2009-10-01,20,5,289,Y
시흥시,아파트,현대아파트,대야동,344,1986-09-06,5,4,95,N
시흥시,아파트,현대아파트,신천동,458,1988-07-11,5,4,99,N
시흥시,아파트,현진1차,신천동,780,1995-04-30,6,2,168,N
시흥시,아파트,현진2차,신천동,782-1,1998-05-09,6,2,96,N
시흥시,아파트,현진에버빌,능곡동,548,2010-02-22,15,6,203,Y
시흥시,아파트,호반베르디움 더 레이크,조남동,660,2017-07-18,25,7,766,Y
시흥시,아파트,호반베르디움 더 프라임,목감동,406,2017-02-02,25,7,580,Y
시흥시,아파트,호반베르디움 센트로하임(배곧),배곧동,174,2017-11-10,29,20,1647,Y
시흥시,아파트,호반베르디움더숲,산현동,520,2019-04-03,25,12,968,Y
시흥시,아파트,호반베르디움더프라임,배곧동,150,2016-11-02,29,14,1206,Y
시흥시,아파트,호반베르디움센트럴파크(호반1차),배곧동,139,2015-07-13,29,15,1414,Y
시흥시,아파트,호반써밋 더 프라임,정왕동,2732,2023-01-26,29,9,826,Y
시흥시,아파트,호반써밋더퍼스트오션,정왕동,2712,2022-12-23,29,6,578,Y
시흥시,아파트,호반써밋플레이스,은행동,150,2019-05-08,35,7,816,Y
시흥시,아파트,화성아파트,정왕동,1874-2,1997-08-08,10,11,420,Y
시흥시,아파트,황제아파트,논곡동,160-29,1986-12-30,6,2,132,N
시흥시,아파트,효성해링턴플레이스(목감),논곡동,162-3,2023-11-29,26,3,145,N
시흥시,아파트,휴먼시아 13단지,능곡동,800,2008-10-20,10,9,556,N
시흥시,아파트,휴먼시아 2단지,능곡동,502,2009-04-22,12,6,323,N
시흥시,아파트,휴먼시아 5단지,능곡동,557,2008-12-01,10,9,506,N
시흥시,아파트,휴먼시아 6단지,능곡동,768,2009-04-15,12,8,438,N
시흥시,아파트,휴먼시아 7단지,능곡동,772,2008-12-15,11,9,539,N
시흥시,아파트,휴먼시아 9단지,능곡동,787,2009-04-15,12,10,591,N
시흥시,아파트,힐스테이트,능곡동,775,2009-11-13,15,8,321,Y
안산시,아파트,e편한세상 상록,상록구 사동,1423,2019-12-24,47,6,559,Y
안산시,아파트,e편한세상 선부역 어반스퀘어,단원구 선부동,1189,2020-09-25,36,7,719,Y
안산시,아파트,e편한세상 선부파크플레이스,단원구 선부동,1186,2018-10-28,29,5,414,Y
안산시,아파트,e편한세상 초지역센트럴포레,단원구 원곡동,838,2021-07-23,35,12,1450,Y
안산시,아파트,건건 e-편한세상,상록구 건건동,987,2006-09-29,30,19,1886,Y
안산시,아파트,건양,상록구 장상동,05-18,1995-07-21,16,1,128,N
안산시,아파트,경남 아너스빌 (재건축),단원구 원곡동,938,2005-10-25,23,12,1370,Y
안산시,아파트,고잔6,단원구 고잔동,676-2,1986-05-20,5,17,590,Y
안산시,아파트,고잔7,단원구 고잔동,670,1987-08-17,15,11,1020,Y
안산시,아파트,고잔8,단원구 고잔동,671,1987-04-30,15,10,1020,Y
안산시,아파트,고잔9,단원구 고잔동,672,1986-12-01,15,12,1320,Y
안산시,아파트,고잔한화포레나,단원구 고잔동,631,2023-11-29,29,3,449,Y
안산시,아파트,고향마을1,상록구 사동,1534,2000-02-02,15,8,489,N
안산시,연립주택,광신,단원구 선부동,965,1989-06-07,3,7,102,N
안산시,연립주택,광신6,단원구 고잔동,"611, 611-1",1990-06-25,3,5,90,N
안산시,연립주택,광신7차,단원구 고잔동,"606-3,7",1992-04-22,4,3,72,N
안산시,연립주택,광운,단원구 선부동,964-1,1990-11-09,3,4,78,N
안산시,연립주택,광운9,단원구 고잔동,660,1989-10-10,3,6,120,N
안산시,아파트,군자10(공동관리),단원구 선부동,1083,1989-11-01,5,19,790,Y
안산시,아파트,군자11,단원구 선부동,1078,1990-04-29,5,26,1190,Y
안산시,아파트,군자12,단원구 선부동,1078,1991-10-01,15,9,1620,Y
안산시,아파트,군자13,단원구 선부동,1079,1992-04-21,15,2,588,N
안산시,아파트,군자14,단원구 선부동,1079,1992-05-01,5,15,770,Y
안산시,아파트,군자15,단원구 선부동,1080,1992-05-29,5,15,1210,Y
안산시,아파트,군자9(공동관리),단원구 선부동,967,1989-11-01,5,11,540,Y
안산시,아파트,그랑시티자이 1차,상록구 사동,1639-7,2020-02-18,49,14,3728,Y
안산시,아파트,그랑시티자이 2차,상록구 사동,1639,2020-10-29,49,11,2872,Y
안산시,아파트,그린빌10,상록구 이동,664,2003-03-17,15,5,267,Y
안산시,아파트,그린빌11,단원구 초지동,723,2003-08-29,15,14,876,Y
안산시,아파트,그린빌12,단원구 초지동,730,2003-08-29,15,12,715,Y
안산시,아파트,그린빌13,단원구 초지동,724,2002-11-12,15,20,940,Y
안산시,아파트,그린빌14,단원구 초지동,725,2002-04-10,13,16,1012,Y
안산시,아파트,그린빌15,단원구 초지동,736,2002-04-20,14,15,975,Y
안산시,아파트,그린빌16,단원구 초지동,739,2001-10-22,13,17,759,N
안산시,아파트,그린빌17,단원구 초지동,737,2001-10-30,13,16,796,N
안산시,아파트,그린빌18,단원구 초지동,738,2001-11-16,12,27,1328,Y
안산시,아파트,그린빌7,단원구 고잔동,776,2001-10-31,15,11,570,Y
안산시,아파트,그린빌8,단원구 고잔동,766,2001-10-30,15,11,802,Y
안산시,아파트,그린빌9,단원구 고잔동,765,2001-11-27,15,12,814,Y
안산시,아파트,금강(늘푸른),상록구 사동,1533,1999-11-19,15,10,674,Y
안산시,연립주택,금호,단원구 고잔동,"574,574-1",1986-11-04,3,3,66,N
안산시,아파트,꿈에그린(재건축),단원구 원곡동,847,2006-04-27,21,9,670,Y
안산시,아파트,네오빌6,단원구 고잔동,767,2000-05-15,15,18,1043,Y
안산시,연립주택,녹원,단원구 고잔동,661-4,1990-06-23,3,5,102,N
안산시,아파트,단원마을 (금강3차),단원구 고잔동,714,2002-09-04,15,8,400,Y
안산시,연립주택,대덕,단원구 선부동,966-1,1989-12-12,3,3,84,N
안산시,연립주택,대동,단원구 선부동,966-4,1993-12-24,4,2,48,N
안산시,연립주택,대동 정원,단원구 고잔동,"609, 609-1",1994-07-04,4,5,92,N
안산시,연립주택,대동(삼미),단원구 고잔동,573,1987-02-10,3,2,42,N
안산시,연립주택,대동11,단원구 고잔동,573-1,1989-03-21,3,2,48,N
안산시,연립주택,대동12,단원구 고잔동,666,1989-12-29,3,7,105,N
안산시,연립주택,대동13,단원구 고잔동,612-1,1990-12-29,3,7,122,N
안산시,연립주택,대동15,단원구 고잔동,608,1991-12-31,4,8,191,N
안산시,연립주택,대동7,단원구 고잔동,"575,575-1",1988-07-12,3,3,48,N
안산시,연립주택,대동9,단원구 고잔동,575-2,1989-01-23,3,3,54,N
안산시,아파트,대보,상록구 수암동,"499-7,493-3",1989-12-27,5,2,90,N
안산시,연립주택,대진,단원구 고잔동,605-1,1992-11-25,4,4,88,N
안산시,연립주택,더웰테라스,단원구 신길동,1740,2019-11-06,4,9,141,N
안산시,연립주택,동국3차,단원구 고잔동,578,1988-03-12,3,3,48,N
안산시,연립주택,동국5차,단원구 선부동,963-1,1989-04-02,3,5,102,N
안산시,아파트,동명벽산블루밍,단원구 선부동,1082,2010-12-28,23,12,766,Y
안산시,아파트,동문디이스트,상록구 건건동,894-14,2024-11-08,13,2,133,N
안산시,연립주택,동문아트,단원구 고잔동,606-1,1989-10-18,3,4,72,N
안산시,연립주택,동신,상록구 수암동,189외1필지,1979-12-31,3,2,32,N
안산시,연립주택,동화2,단원구 고잔동,606,1992-07-13,4,3,72,N
안산시,연립주택,동화그린,단원구 고잔동,662,1989-12-13,3,4,90,N
안산시,아파트,두산위브,단원구 신길동,1445,2004-11-22,21,2,212,Y
안산시,연립주택,라성,상록구 월피동,443,1992-07-28,3,7,160,N
안산시,아파트,라프리모,단원구 선부동,1566,2020-01-29,35,21,2017,Y
안산시,아파트,로얄,상록구 수암동,185-8,1987-02-27,5,2,125,N
안산시,연립주택,무진1,단원구 고잔동,667-1,1989-09-28,3,4,96,N
안산시,연립주택,무진2,단원구 고잔동,667,1990-08-04,3,7,105,N
안산시,연립주택,무진3,단원구 고잔동,661-2,1991-10-15,4,6,139,N
안산시,연립주택,무진4차,단원구 와동,829,1993-06-07,4,7,136,N
안산시,연립주택,문화,단원구 고잔동,612,1990-08-18,3,7,120,N
안산시,연립주택,밀리아나1차,단원구 고잔동,606-2,1990-07-05,3,5,66,N
안산시,연립주택,밀리아나2차,단원구 고잔동,"607, 607-1",1991-06-19,3,4,60,N
안산시,연립주택,배원,단원구 와동,829-1,1989-12-09,3,4,119,N
안산시,연립주택,범양,단원구 와동,830-1,1990-11-10,3,5,72,N
안산시,아파트,보광그랑베르,단원구 선부동,1087-16,2015-06-11,10,1,222,Y
안산시,아파트,보네르빌리지 (요진2차),단원구 고잔동,778,2001-09-05,25,10,634,Y
안산시,연립주택,보륭,단원구 와동,723-2,1991-06-19,3,6,80,N
안산시,연립주택,보륭2차,단원구 와동,723-1,1992-10-06,3,5,88,N
안산시,연립주택,보륭하이츠,단원구 와동,851-1,1995-12-14,4,6,124,N
안산시,아파트,본오1차,상록구 사동,1506,1992-11-16,15,6,1000,Y
안산시,아파트,본오2차,상록구 사동,1505,1994-08-18,15,4,585,Y
안산시,아파트,본오주공,상록구 본오동,879,1996-08-13,15,11,519,Y
안산시,연립주택,부원,상록구 월피동,443-1,1990-01-15,3,9,132,N
안산시,아파트,사동엘리지움(주상복합),상록구 사동,1318-4외 1필지,2010-03-07,20,1,99,N
안산시,연립주택,삼두,단원구 고잔동,664,1989-12-09,3,6,117,N
안산시,아파트,삼보(상록마을),상록구 사동,1514,1999-11-25,15,7,352,Y
안산시,연립주택,삼성8,단원구 고잔동,580,1986-12-30,3,3,60,N
안산시,연립주택,삼성9,단원구 고잔동,577-3,1986-12-30,3,2,30,N
안산시,연립주택,삼성중앙,단원구 고잔동,610,1989-11-25,3,14,246,N
안산시,아파트,삼익,단원구 신길동,1438,1998-12-24,25,11,980,Y
안산시,연립주택,삼환,상록구 성포동,585-3,1993-06-27,4,5,136,N
안산시,연립주택,상우,단원구 고잔동,613,1990-01-20,3,7,125,N
안산시,연립주택,상진,단원구 선부동,965-1,1990-10-29,3,4,75,N
안산시,아파트,서해,상록구 건건동,665,1998-09-30,21,7,682,Y
안산시,아파트,선경 성포,상록구 성포동,592,1990-12-27,22,21,1768,Y
안산시,아파트,선경상록,상록구 사동,1345,1994-07-28,21,12,550,Y
안산시,연립주택,선부 라포레,단원구 선부동,966,2023-06-23,5,7,104,N
안산시,아파트,선부 중흥S클래스 더퍼스트,단원구 선부동,1007,2024-01-02,29,9,1021,Y
안산시,연립주택,선부파크,단원구 선부동,964,1990-02-09,3,5,81,N
안산시,연립주택,성동,단원구 선부동,964-2,1990-09-25,3,6,102,N
안산시,아파트,성포10,상록구 성포동,584,1987-04-30,15,15,1380,Y
안산시,아파트,성포11,상록구 성포동,591,1994-11-18,15,33,1975,Y
안산시,아파트,성포4,상록구 성포동,588,1986-08-25,15,8,780,Y
안산시,연립주택,세승,단원구 고잔동,660-1,1990-03-28,3,8,108,N
안산시,아파트,수암 엘리지움,상록구 수암동,490외 1필지,2009-09-09,7,3,56,N
안산시,아파트,수암동 대현그랑시아(주상복합),상록구 수암동,500-1,2021-07-06,18,1,48,N
안산시,아파트,수암동 센트럴타워,상록구 수암동,502-5,2009-11-26,14,1,30,N
안산시,아파트,수암동 펠리체 아파트(주상복합),상록구 수암동,500-2,2011-09-07,15,1,39,N
안산시,아파트,신길아이파크,단원구 신길동,1679,2013-10-24,15,8,441,Y
안산시,아파트,신길휴먼시아 9단지,단원구 신길동,1684,2010-04-19,15,4,477,N
안산시,아파트,신길휴먼시아2단지,단원구 신길동,1509,2009-03-17,15,12,882,N
안산시,아파트,신길휴먼시아3단지,단원구 신길동,1518,2009-04-16,15,8,344,Y
안산시,아파트,신길휴먼시아4단지,단원구 신길동,1537,2012-05-21,15,8,396,Y
안산시,아파트,신길휴먼시아5단지,단원구 신길동,1561,2010-01-04,15,9,615,N
안산시,아파트,신길휴먼시아6단지,단원구 신길동,1563,2009-11-24,15,9,522,Y
안산시,아파트,신길휴먼시아7단지,단원구 신길동,1574,2009-03-06,15,8,470,N
안산시,아파트,신동아종건블루아,상록구 건건동,"536-40,41",2013-04-24,7,1,165,Y
안산시,아파트,신안1차,상록구 본오동,871,1993-06-10,20,25,2132,Y
안산시,아파트,신안2차,상록구 본오동,879-16,1993-05-25,20,9,776,Y
안산시,아파트,신우,상록구 사동,1344-1,1994-10-10,21,11,502,Y
안산시,연립주택,신우1차,상록구 성포동,585-1,1992-01-30,3,4,72,N
안산시,연립주택,신우2차,상록구 성포동,585-4,1992-01-30,3,5,112,N
안산시,연립주택,신원,단원구 고잔동,578-1,1988-07-06,3,3,60,N
안산시,연립주택,신원7,단원구 고잔동,665-1,1989-10-16,3,6,132,N
안산시,연립주택,신유,단원구 고잔동,577,1986-07-25,3,2,48,N
안산시,연립주택,신유2,단원구 고잔동,580-3,1986-06-15,3,2,36,N
안산시,연립주택,신유5,단원구 고잔동,603,1989-12-04,3,8,111,N
안산시,연립주택,신유7차,단원구 와동,830-2,1992-10-05,3,5,104,N
안산시,연립주택,신진피혁사택,단원구 고잔동,577-1,1986-11-25,3,1,24,N
안산시,연립주택,쌍용,단원구 와동,830,1992-01-22,3,5,80,N
안산시,연립주택,쌍용2차,단원구 와동,830-3,1992-01-22,3,5,88,N
안산시,연립주택,안산,단원구 선부동,964-3,1988-05-17,3,5,72,N
안산시,연립주택,안산,상록구 장상동,16-1외1필지,1983-12-15,3,2,48,N
안산시,아파트,안산 롯데캐슬 골드파크,단원구 고잔동,852,2018-10-30,29,9,1005,Y
안산시,아파트,안산 푸르지오 브리파크,단원구 원곡동,830,2023-02-27,38,10,1714,Y
안산시,아파트,안산 한신더휴,단원구 선부동,998,2024-05-13,29,4,377,Y
안산시,아파트,안산레이크타운푸르지오,단원구 고잔동,782,2016-02-01,43,11,1569,Y
안산시,아파트,안산롯데캐슬더퍼스트,단원구 초지동,603-1,2018-05-30,37,4,469,Y
안산시,아파트,안산메트로타운푸르지오힐스테이트,단원구 선부동,1177,2018-08-27,47,9,1600,Y
안산시,아파트,안산생생 아파트,단원구 선부동,978,2021-12-13,15,2,286,N
안산시,아파트,안산센트럴푸르지오,단원구 고잔동,851,2018-04-27,37,7,990,Y
안산시,아파트,안산스마트허브 경기행복주택,단원구 원시동,850,2021-04-30,13,2,232,N
안산시,아파트,안산파크 푸르지오,상록구 성포동,747,2018-09-24,35,8,1129,Y
안산시,아파트,양지마을 (금강2차),단원구 고잔동,780,2001-09-14,15,9,656,Y
안산시,아파트,영무예다음,상록구 건건동,994,2020-06-12,22,6,390,Y
안산시,아파트,예누림(욱일),상록구 사동,1344,1994-09-13,22,14,576,Y
안산시,아파트,예술인,상록구 성포동,583,1985-12-27,15,13,1485,Y
안산시,아파트,요진,상록구 사동,1345-1,1994-08-31,24,15,598,Y
안산시,아파트,요진(숲속마을),상록구 사동,1553,1999-11-30,15,8,554,Y
안산시,아파트,우성,상록구 본오동,872-20,1990-06-19,15,15,1080,Y
안산시,아파트,원곡벽산블루밍,단원구 원곡동,828-5,2004-07-30,23,14,1515,Y
안산시,아파트,원촌,상록구 건건동,625-7,1987-03-24,6,1,48,N
안산시,아파트,월드 상록수타운,상록구 사동,1346,1994-09-16,24,14,626,Y
안산시,아파트,월드1단지,상록구 본오동,872,1989-05-04,5,28,1070,Y
안산시,연립주택,월산장미빌리지,단원구 고잔동,617,1990-03-20,3,5,72,N
안산시,아파트,월피1,상록구 월피동,444,1993-05-18,15,14,860,Y
안산시,아파트,월피2,상록구 월피동,446,1994-06-20,15,8,870,Y
안산시,아파트,월피3,상록구 월피동,446,1995-09-24,5,24,660,Y
안산시,연립주택,융보,단원구 와동,723-3,1992-10-21,3,6,80,N
안산시,연립주택,정원,단원구 고잔동,576,1986-07-26,3,5,120,N
안산시,연립주택,줌테라스,단원구 신길동,1457,2017-08-17,3,10,146,N
안산시,연립주택,진우,단원구 고잔동,665,1992-11-14,4,6,112,N
안산시,연립주택,진우,단원구 고잔동,605,1992-04-27,4,4,80,N
안산시,연립주택,창동,단원구 고잔동,"663,663-1",1990-12-12,3,12,180,N
안산시,연립주택,창동2,단원구 와동,"723-4,5",1990-08-14,3,7,152,N
안산시,아파트,천년가리더스카이,단원구 와동,885,2020-05-20,33,4,449,Y
안산시,아파트,초지두산위브,단원구 초지동,604외 1,2015-07-10,32,8,695,Y
안산시,아파트,초지역 메이저타운 푸르지오 메트로단지,단원구 초지동,592,2019-06-20,35,10,1548,Y
안산시,아파트,초지역 메이저타운 푸르지오 에코단지,단원구 원곡동,851,2019-06-20,37,8,1244,Y
안산시,아파트,초지역 메이저타운 푸르지오 파크단지,단원구 초지동,608,2019-06-20,36,9,1238,Y
안산시,연립주택,태산,단원구 와동,851,1991-09-19,3,7,102,N
안산시,연립주택,태양,단원구 고잔동,"613-1,2",1990-12-31,3,12,216,N
안산시,아파트,태영,상록구 본오동,879-15,1991-07-19,15,11,672,Y
안산시,연립주택,토성,단원구 와동,723,1991-08-20,3,5,103,N
안산시,아파트,팔곡마을,단원구 팔곡일동,681,2005-12-06,13,8,496,N
안산시,아파트,푸르지오1차,단원구 고잔동,781,2001-04-20,15,16,1008,Y
안산시,아파트,푸르지오2차,상록구 이동,664-1,2001-12-05,25,9,443,Y
안산시,아파트,푸르지오3차,단원구 고잔동,728,2003-04-17,24,16,1134,Y
안산시,아파트,푸르지오4차,단원구 고잔동,702,2003-03-15,19,13,608,Y
안산시,아파트,푸르지오5차,단원구 고잔동,712,2003-05-17,15,15,1113,Y
안산시,아파트,푸르지오6차,상록구 사동,1512,2005-07-21,24,23,1790,Y
안산시,아파트,푸르지오7차,상록구 사동,1510,2005-12-09,24,18,1312,Y
안산시,아파트,푸르지오8차 (재건축),단원구 원곡동,937,2006-05-16,23,14,1348,Y
안산시,아파트,푸르지오9차,상록구 사동,1511,2007-09-20,24,10,705,Y
안산시,아파트,푸른마을2,상록구 사동,1532,2000-05-08,14,6,231,Y
안산시,아파트,푸른마을3,상록구 사동,1538-1,2000-05-03,13,3,106,N
안산시,아파트,푸른마을4,상록구 사동,1537,2000-05-08,15,6,327,Y
안산시,아파트,푸른마을5,상록구 사동,1536,2000-05-15,15,21,1343,Y
안산시,연립주택,한국로스트왁스,단원구 선부동,966-2,1989-05-17,3,3,18,N
안산시,아파트,한양 월피,상록구 월피동,447,1990-02-07,20,23,1362,Y
안산시,아파트,한양공작,단원구 선부동,1085,1992-09-21,21,34,2040,Y
안산시,아파트,한양산호,단원구 선부동,1081,1993-05-29,21,9,1086,Y
안산시,아파트,한양상록수,상록구 본오동,880,1991-07-22,17,35,2222,Y
안산시,아파트,한양수정,단원구 선부동,1086,1991-11-23,21,38,1870,Y
안산시,아파트,해오름아파트(주상복합),상록구 월피동,508-4,2008-11-10,15,1,48,N
안산시,아파트,행복한마을,단원구 초지동,741,2004-07-02,25,39,1954,Y
안산시,아파트,현대,상록구 사사동,413외28,2002-04-29,19,9,491,Y
안산시,연립주택,현대1,단원구 고잔동,661-3,1989-07-04,3,7,126,N
안산시,아파트,현대1 성포,상록구 성포동,592-2,1989-03-25,5,10,570,Y
안산시,아파트,현대1상록수,상록구 사동,1345-2,1994-10-31,21,11,478,Y
안산시,연립주택,현대2,단원구 고잔동,661,1990-08-04,3,5,138,N
안산시,아파트,현대2 월피,상록구 월피동,448,1990-02-27,15,18,770,Y
안산시,아파트,현대2상록수,상록구 사동,1343,1995-02-02,23,11,520,Y
안산시,연립주택,현대3차 아트,단원구 고잔동,661-1,1990-12-21,3,4,72,N
안산시,아파트,호수공원,단원구 고잔동,720,2002-06-12,25,39,2073,Y
안산시,아파트,호수마을 (풍림),단원구 초지동,731,2000-12-07,30,38,2001,Y
안산시,아파트,황제,상록구 사사동,239-1,1985-06-21,5,3,101,N
안산시,아파트,효성,단원구 선부동,978-1,1997-05-29,15,1,190,Y
안산시,연립주택,효자,단원구 선부동,963,1989-04-29,3,6,123,N
안산시,연립주택,효자2차,단원구 와동,"736,736-1",1989-12-16,3,8,132,N
안산시,연립주택,효자3,단원구 고잔동,"579-1,2",1990-06-16,3,7,102,N
안산시,연립주택,효정,단원구 고잔동,663-2,1990-11-02,3,3,54,N
안산시,연립주택,효진,단원구 고잔동,664-1,1991-02-06,3,7,102,N
안산시,아파트,휴먼빌(주상복합),단원구 선부동,1028-1,2005-06-30,15,1,224,Y
안산시,아파트,휴먼빌1차,단원구 신길동,1446,2005-07-29,28,9,481,Y
안산시,아파트,휴먼빌2차,단원구 신길동,1447,2007-10-29,22,9,500,Y
안산시,아파트,힐스테이트 중앙,단원구 고잔동,853,2018-11-14,37,8,1152,Y
안성시,아파트,E.TRINITY 공도 센트럴파크,공도읍 만정리,881,2023-04-10,28,7,680,Y
안성시,아파트,G.F아파트,죽산면 장원리,1379-1,2002-06-04,15,4,480,Y
안성시,아파트,e편한세상 그랑루체,당왕동,587,2024-10-30,29,10,1370,Y
안성시,연립,가나안연립,대덕면 내리,산58-1,2001-09-18,4,3,192,N
안성시,아파트,경기도시공사 참아름 2단지,공도읍 만정리,783-2,2008-07-14,22,10,1039,N
안성시,아파트,경기도시공사 참아름 5단지,공도읍 만정리,788-4,2008-05-23,22,6,517,N
안성시,아파트,경동메르빌,미양면 보체리,405,2010-08-19,15,8,488,Y
안성시,아파트,골든스테이,신소현동,184,2023-03-24,14,1,299,Y
안성시,아파트,골든캐슬타워,인지동,7,2016-04-14,14,1,299,Y
안성시,연립,골든프라임,공도읍 만정리,776-1,2016-09-09,5,4,60,N
안성시,아파트,공도 서희스타힐스,공도읍 승두리,936,2024-06-26,29,9,786,Y
안성시,아파트,공도 센트럴카운티 에듀파크,공도읍 용두리,763,2024-07-25,27,5,433,Y
안성시,아파트,공도 쌍용 더 플래티넘 프리미어,공도읍 승두리,73,2023-12-29,35,14,1696,Y
안성시,아파트,공도 우방아이유쉘,공도읍 승두리,889,2020-08-03,26,7,715,Y
안성시,연립,공도연립,공도읍 용두리,157-1,1985-09-23,3,2,21,N
안성시,아파트,공도정보아파트,공도읍 만정리,708,2004-04-13,6,1,54,N
안성시,아파트,공도주은청설아파트,공도읍 진사리,Jan-36,2000-01-31,20,17,2295,Y
안성시,아파트,광신프로그레스,옥산동,557,2018-08-31,24,6,545,Y
안성시,연립,그랜드캐슬,공도읍 만정리,779-2,2015-07-27,4,9,116,N
안성시,연립,금산연립,금산동,168-5,1986-06-14,3,1,21,N
안성시,아파트,금산주공아파트,금산동,100,1987-03-31,5,11,390,Y
안성시,아파트,금산주은청설아파트,금산동,Feb-81,1999-12-01,20,5,457,Y
안성시,아파트,금호어울림더프라임,당왕동,586,2024-01-30,29,12,1240,N
안성시,아파트,금화마을,미양면 양변리,240-19,2000-06-29,14,4,499,Y
안성시,아파트,낙원유웅,낙원동,400-4,1989-06-28,5,2,70,N
안성시,아파트,남룡아파트,대덕면 내리,714-7,1990-06-29,5,1,64,N
안성시,아파트,대림2차,공도읍 마정리,223-140,1991-04-09,5,1,25,N
안성시,연립,대림전원빌라,공도읍 마정리,100-48,1999-05-08,4,6,49,N
안성시,아파트,대림한숲원,공도읍 마정리,Jun-45,1997-03-31,10,3,222,Y
안성시,아파트,대우경남아파트,당왕동,535,1997-04-21,15,10,984,Y
안성시,아파트,대우아파트,당왕동,534,1993-11-10,15,8,762,Y
안성시,아파트,동신아파트,숭인동,88,1994-06-28,17,5,496,Y
안성시,연립,동일제강연립,신소현동,117,1997-01-18,4,3,99,N
안성시,아파트,디자인시티블루밍,공도읍 만정리,880,2010-08-30,20,20,1378,Y
안성시,연립,라비안,미양면 신기리,265,2022-05-04,4,1,32,N
안성시,아파트,라포르테 공도,공도읍 만정리,358-23,2025-06-11,25,12,986,Y
안성시,아파트,로데오아파트,공도읍 마정리,45-17,1989-12-15,6,1,30,N
안성시,아파트,롯데캐슬 센트럴시티,대덕면 신령리,820,2016-02-26,20,30,2320,Y
안성시,아파트,무지개아파트,죽산면 죽산리,343-1,1994-01-31,6,1,34,N
안성시,아파트,베르빌아파트,공도읍 마정리,561,2001-08-31,15,6,218,Y
안성시,연립,봉남연립,봉남동,07-05,1983-11-28,3,1,27,N
안성시,아파트,부영아파트,공도읍 만정리,707-1,2001-08-13,15,6,788,Y
안성시,아파트,산수화아파트,공도읍 용두리 원곡면 반제리,753 743,2003-09-01,20,10,751,Y
안성시,아파트,삼보아파트,낙원동,403-1,1992-07-31,15,1,76,N
안성시,아파트,삼부아파트,금산동,Jan-50,1991-10-04,15,2,226,Y
안성시,아파트,삼성아파트,공도읍 진사리,639-1,2002-10-21,20,5,348,Y
안성시,아파트,삼정그린코아 더베스트,당왕동,584,2018-12-28,32,16,1657,Y
안성시,아파트,서광아파트,낙원동,Mar-68,1992-04-17,15,1,146,N
안성시,아파트,서해그랑블,공도읍 양기리,615,2019-05-23,28,10,976,Y
안성시,아파트,서희스타힐스 NHF,아양동,424,2017-11-29,25,7,963,N
안성시,아파트,센트럴카운티,공도읍 용두리,757,2023-09-26,25,7,533,N
안성시,아파트,송정아파트,공도읍 양기리,567,2001-12-18,20,11,860,Y
안성시,아파트,수에르떼,공도읍 만정리,424-97,2023-05-22,20,1,224,Y
안성시,아파트,수창해뜨레,공도읍 진사리,742,2019-05-03,19,3,213,N
안성시,연립,승두연립,공도읍 승두리,85,1986-05-15,3,1,36,N
안성시,아파트,시티프라디움,옥산동,560,2018-05-02,26,8,688,Y
안성시,아파트,신라아파트,대덕면 내리,675,1999-01-26,15,1,590,Y
안성시,연립,신안연립,신건지동,8,1983-09-02,3,4,96,N
안성시,아파트,신원아침도시,석정동,355,2009-11-27,20,8,614,Y
안성시,아파트,쌍용스윗닷홈아파트,공도읍 진사리,644,2005-05-19,20,12,776,Y
안성시,아파트,쌍용아파트,당왕동,536,1993-10-14,15,5,498,Y
안성시,아파트,아양LH1단지,아양동,416,2016-11-24,20,3,540,N
안성시,아파트,아양LH5단지,아양동,415,2020-08-07,23,2,447,N
안성시,아파트,아양LH6단지,아양동,414,2020-08-07,25,2,699,N
안성시,아파트,아양주공1차,아양동,384,1991-09-14,6,17,936,Y
안성시,아파트,아양주공2차,아양동,384,1995-10-26,15,5,712,Y
안성시,연립,안성공단연립,신건지동,123,1993-07-16,4,2,120,N
안성시,아파트,안성공도금호어울림1단지,공도읍 만정리,785-6,2007-10-05,21,6,474,Y
안성시,아파트,안성공도금호어울림2단지,공도읍 만정리,777-1,2007-12-07,24,5,254,Y
안성시,아파트,안성공도금호어울림3단지,공도읍 만정리,786-1,2008-01-31,25,6,344,Y
안성시,아파트,안성동남타운,금석동,81,1998-10-20,18,2,499,Y
안성시,아파트,안성센트럴파밀리에,석정동,368,2021-10-21,25,5,644,Y
안성시,아파트,안성신소현코아루,신소현동,175,2006-12-01,20,12,829,Y
안성시,아파트,안성아양 흥화하브,아양동,417,2024-04-24,25,7,474,Y
안성시,아파트,안성중리1차 동광아파트,중리동,616,2007-09-19,15,14,930,Y
안성시,아파트,안성중리2차 동광아파트,중리동,618,2009-04-15,15,12,576,N
안성시,아파트,안성청사복합 통합공공임대주택,당왕동,588,2025-02-18,20,2,320,N
안성시,아파트,안성푸르지오,가사동,175,2017-12-21,23,10,759,Y
안성시,연립,안성필드림,신건지동,141-1,2007-12-13,4,1,62,N
안성시,아파트,안성하우스디 NHF,아양동,426,2019-04-25,25,4,443,N
안성시,아파트,양지리치타운,보개면 기좌리,359-1,2003-08-29,13,5,232,Y
안성시,아파트,엘리시아,석정동,Feb-29,2019-07-05,14,1,192,Y
안성시,연립,영림주택,석정동,117-3,1985-12-02,3,2,30,N
안성시,아파트,옥산주공아파트,옥산동,10,1988-04-21,5,11,440,Y
안성시,아파트,우남퍼스트빌,석정동,343,2007-11-29,20,8,486,Y
안성시,아파트,우림루미아트,공도읍 진사리,643,2004-07-12,20,5,550,Y
안성시,아파트,우림아파트,공도읍 진사리,20-14,1997-12-10,20,9,940,Y
안성시,아파트,우미린 더퍼스트,공도읍 용두리,755,2018-07-26,29,14,1358,Y
안성시,아파트,우방아이유쉘 에스티지,공도읍 양기리,635,2025-01-22,29,10,948,Y
안성시,아파트,우정에쉐르,숭인동,83,2006-09-28,19,3,140,N
안성시,아파트,유안아파트,대덕면 진현리,555,2005-08-18,15,6,476,Y
안성시,아파트,일죽IC아파트,일죽면 송천리,610,2002-12-27,15,4,474,Y
안성시,아파트,임광그대가1단지,공도읍 마정리,592,2007-04-12,15,4,250,Y
안성시,아파트,임광그대가2단지,공도읍 마정리,590,2007-04-12,14,3,194,Y
안성시,아파트,제일오투그란데,원곡면 외가천리,361,2018-07-30,21,10,797,Y
안성시,아파트,주은풍림아파트,공도읍 용두리,752,2002-08-05,20,12,2615,Y
안성시,연립,중앙하이츠,석정동,333,1993-07-10,3,2,52,N
안성시,연립,진흥연립,공도읍 용두리,135-1,1987-12-02,4,3,43,N
안성시,연립,창명연립,신건지동,15,1987-10-22,5,3,57,N
안성시,연립,천보연립,일죽면 주천리,469-8,1987-12-18,3,2,24,N
안성시,아파트,케이씨씨스위첸,공도읍 만정리,877,2010-05-28,20,16,1101,Y
안성시,아파트,코스모스아파트,창전동,88,1988-12-31,5,3,98,N
안성시,아파트,태산1차아파트,공도읍 용두리,683,1999-10-08,20,8,593,Y
안성시,아파트,태영아파트,당왕동,462-1,2000-04-27,22,1,234,Y
안성시,연립,평화연립,옥산동,20-3,1987-12-18,3,2,44,N
안성시,연립,필드림2,신건지동,141-2,2018-05-15,4,1,63,N
안성시,아파트,하우스토리 퍼스트시티,죽산면 죽산리,790,2025-10-17,26,5,474,Y
안성시,아파트,한일타운,공도읍 만정리,709-1,2005-03-18,15,2,274,Y
안성시,아파트,한주아파트,봉산동,42,1992-12-31,18,4,420,Y
안성시,아파트,홍익아파트,금광면 신양복리,139-1,2001-04-20,15,18,1719,Y
안성시,아파트,화성하이츠,석정동,42-21,1990-02-24,4,1,60,N
안성시,아파트,효성해링턴 플레이스 안성공도,공도읍 승두리,939,2024-06-26,29,5,705,Y
안양시,아파트,DY town,동안구 호계3동,971-1,2013-01-03,9,2,115,N
안양시,아파트,HHI브라운빌3차아파트,동안구 호계2동,940,2007-07-27,15,2,149,N
안양시,아파트,LD범계마을아파트,동안구 호계2동,923-30,1999-01-13,17,1,113,N
안양시,아파트,LG빌리지,만안구 석수2동,484,2001-05-19,10,34,1872,Y
안양시,아파트,강남6차아파트,동안구 비산2동,566-5,1984-10-25,6,1,54,N
안양시,아파트,경남아너스빌,만안구 안양2동,78,2001-11-10,20,2,248,Y
안양시,연립,경남연립,동안구 평촌동,133-1,1984-12-17,3,2,60,N
안양시,아파트,경일아파트 가동,만안구 석수2동,322-3,1986-07-22,5,2,110,N
안양시,아파트,골든아파트,동안구 관양2동,1471-8,1985-08-31,5,1,50,N
안양시,아파트,공원아파트,만안구 안양2동,823-10,2003-07-23,11,1,55,N
안양시,아파트,공작마을럭키,동안구 부림동,1587,1993-06-23,20,8,773,Y
안양시,아파트,공작마을부영2차,동안구 부림동,1588,1993-03-13,20,14,1710,Y
안양시,아파트,공작마을성일,동안구 부림동,1587-5,1993-02-15,15,7,750,Y
안양시,아파트,관악부영,동안구 부흥동,1102-4,1993-10-28,22,10,796,Y
안양시,아파트,관악산현대홈타운,만안구 석수1동,166,2001-09-17,10,9,376,Y
안양시,아파트,관악성원,동안구 부흥동,1102-7,1993-07-14,15,7,790,Y
안양시,아파트,관악아파트,만안구 석수2동,259-28,2015-01-28,10,1,65,N
안양시,아파트,관악우방유셀아파트,만안구 석수2동,278-1,2008-03-27,13,2,96,N
안양시,아파트,관악이안,만안구 석수1동,101-16,2010-04-01,15,6,271,Y
안양시,아파트,관악주공,동안구 부흥동,1102-9,1992-09-07,15,3,489,N
안양시,아파트,"관악타운(동성,현대,청구)",동안구 부흥동,1102,1992-11-14,26,24,1800,Y
안양시,아파트,관양현대,동안구 관양1동,1396,1985-04-03,14,12,905,Y
안양시,아파트,광신프로그래스리버뷰,만안구 안양7동,1429,2021-06-11,34,3,230,Y
안양시,아파트,구룡주공그린빌,만안구 석수1동,805,2003-09-06,15,7,543,Y
안양시,아파트,귀인마을현대홈타운,동안구 귀인동,314,2002-06-28,25,11,967,Y
안양시,아파트,극동메모리스아파트,만안구 안양9동,1055-1,2006-09-07,8,2,38,N
안양시,아파트,금용,만안구 안양9동,1038-3,1997-11-29,14,1,159,Y
안양시,아파트,금호아파트,동안구 호계2동,282-31,2001-04-02,16,1,136,N
안양시,아파트,꿈마을건영2차,동안구 귀인동,933-6,1993-10-25,19,4,196,Y
안양시,아파트,꿈마을건영3차,동안구 귀인동,933-7,1994-04-29,24,6,386,Y
안양시,아파트,꿈마을금호,동안구 귀인동,932-2,1993-09-17,26,6,250,Y
안양시,아파트,꿈마을동아,동안구 귀인동,933-7,1994-04-29,25,6,372,Y
안양시,아파트,꿈마을라이프,동안구 귀인동,932-6,1992-09-17,25,7,548,Y
안양시,아파트,꿈마을우성,동안구 귀인동,933,1993-11-09,25,8,422,Y
안양시,아파트,꿈마을한신,동안구 귀인동,932-4,1993-08-28,24,10,566,Y
안양시,아파트,꿈마을현대,동안구 귀인동,932-7,1993-11-13,25,7,386,Y
안양시,연립,남광2차아파트,동안구 관양1동,1412,1985-10-15,4,2,80,N
안양시,아파트,남광아파트,동안구 관양2동,1463-4,1984-12-07,6,1,36,N
안양시,아파트,남광하우스토리,만안구 석수2동,485-8,2012-01-03,15,6,281,Y
안양시,아파트,냉천현대,만안구 안양5동,708-9,1997-06-05,22,2,314,Y
안양시,아파트,뉴골든아파트,만안구 안양9동,1024-1,1988-02-04,5,4,222,N
안양시,아파트,뉴골든아파트(가.나),동안구 관양1동,1398,1986-07-15,5,2,70,N
안양시,아파트,뉴골든아파트(다),동안구 관양1동,1397-12,1986-06-27,5,1,70,N
안양시,아파트,다청림카운티,만안구 박달1동,149-12,2016-06-13,5,10,104,N
안양시,연립,대도아파트,동안구 관양2동,1469-0,1984-10-30,4,2,72,N
안양시,아파트,대림한숲아파트,만안구 박달2동,616-9,2001-08-11,26,5,728,Y
안양시,아파트,대명아파트,동안구 호계2동,918-55,1982-12-30,5,1,30,N
안양시,아파트,대안탐스빌산마루아파트,만안구 안양8동,398-35,2005-12-29,9,1,65,N
안양시,아파트,대주파크빌아파트,동안구 비산3동,374,2005-06-09,23,2,131,N
안양시,아파트,대흥아파트,만안구 박달1동,Apr-36,1987-07-09,5,1,50,N
안양시,아파트,더포레스트힐,동안구 비산1동,1155,2003-03-21,25,18,2047,Y
안양시,아파트,덕원8차아파트,동안구 비산3동,1022-2,1988-11-07,5,2,80,N
안양시,아파트,덕원맨숀6차아파트,동안구 관양1동,1425,1986-12-12,5,1,40,N
안양시,아파트,덕원맨숀7차아파트,동안구 관양1동,1415-4,1988-01-13,5,1,55,N
안양시,아파트,덕원아파트,동안구 관양1동,1389-3,1985-08-16,5,1,25,N
안양시,아파트,동신벨로스아파트,만안구 석수2동,297-1,2007-08-22,18,1,77,N
안양시,아파트,동양월드타워아파트,동안구 비산3동,379-3,2000-01-08,24,1,112,N
안양시,아파트,동원베네스트아파트,만안구 박달1동,15-2,2007-07-13,15,2,134,N
안양시,아파트,동편마을1단지,동안구 관양1동,1672,2011-12-12,18,12,1017,N
안양시,아파트,동편마을2단지,동안구 관양1동,1657,2012-11-16,17,11,970,N
안양시,아파트,동편마을3단지,동안구 관양1동,1651,2012-04-27,22,20,1042,Y
안양시,아파트,동편마을4단지,동안구 관양1동,1669,2012-03-19,20,13,711,Y
안양시,아파트,두산위브더아티움,만안구 안양2동,Jan-34,2022-07-05,25,6,558,Y
안양시,아파트,래미안안양 메가트리아,만안구 안양7동,1393,2016-10-26,32,35,4250,Y
안양시,아파트,래미안인덕원더포인트,동안구 평촌동,34,2000-05-29,26,5,535,Y
안양시,아파트,리치밸리주상복합,동안구 호계3동,966-1,2006-08-17,19,1,70,N
안양시,아파트,마빌르스위트아파트,만안구 안양6동,431-3,2007-01-16,10,1,38,N
안양시,아파트,메트로빌 석수,만안구 석수1동,374-12,2015-02-16,10,1,80,N
안양시,아파트,명지캐럿주상복합,만안구 안양6동,534-5,2006-07-28,20,1,162,Y
안양시,아파트,목련1단지선경,동안구 범계동,1053-2,1992-11-27,25,7,504,Y
안양시,아파트,목련2단지대우.선경,동안구 범계동,1052,1992-03-28,15,9,994,Y
안양시,아파트,목련3단지우성1차,동안구 범계동,1052-3,1992-07-30,20,10,902,Y
안양시,아파트,목련5단지우성2차,동안구 범계동,1052-5,1993-03-27,20,7,683,Y
안양시,아파트,목련6단지두산,동안구 범계동,1054-6,1993-07-13,19,10,440,Y
안양시,아파트,목련7단지우성3차,동안구 범계동,1054-8,1992-09-26,21,9,466,Y
안양시,아파트,목련8단지경남.동아,동안구 범계동,1053-4,1992-10-30,20,8,516,Y
안양시,아파트,목련9단지신동아,동안구 범계동,1053-3,1994-07-14,25,10,578,Y
안양시,연립,목련아파트,동안구 관양2동,1481-2,1979-11-28,3,4,48,N
안양시,아파트,무궁화건영,동안구 신촌동,1055-1,1992-09-29,15,6,468,Y
안양시,아파트,무궁화경남,동안구 신촌동,1057,1994-08-23,19,8,590,Y
안양시,아파트,무궁화금호,동안구 신촌동,1056,1992-08-19,15,7,438,Y
안양시,아파트,무궁화진흥,동안구 신촌동,1056-6,1992-09-26,15,6,321,Y
안양시,아파트,무궁화코오롱,동안구 신촌동,1055-1,1992-09-29,21,6,458,Y
안양시,아파트,무궁화태영,동안구 신촌동,1075,1992-08-27,15,8,654,Y
안양시,아파트,무궁화한양.효성,동안구 신촌동,1055,1992-12-05,22,12,800,Y
안양시,아파트,무림아파트,만안구 석수2동,275-2,1983-07-01,6,5,204,N
안양시,아파트,미도아파트,만안구 안양6동,441-17,2001-05-03,9,2,37,N
안양시,연립,미도아파트,만안구 안양8동,371,1982-11-18,4,2,48,N
안양시,아파트,미래엠피아,만안구 안양2동,815-13,2003-10-30,19,1,167,Y
안양시,아파트,미륭,동안구 비산2동,406,1979-09-20,12,6,576,Y
안양시,아파트,미주아파트,만안구 안양6동,432-3,1984-06-07,5,1,60,N
안양시,아파트,박달금호,만안구 박달2동,149-1,1996-10-31,20,6,752,Y
안양시,아파트,박달벽산,만안구 박달1동,107,1996-12-20,26,6,386,Y
안양시,아파트,박달신안,만안구 박달2동,152,1991-09-04,15,2,296,Y
안양시,아파트,박달우성,만안구 박달2동,85,1990-05-29,15,9,1020,Y
안양시,아파트,박달짜임아파트,만안구 박달1동,Jan-64,2005-09-23,12,2,70,N
안양시,아파트,박달한신휴플러스타운1차,만안구 박달1동,7-50,2005-06-29,25,2,178,Y
안양시,아파트,박달한신휴플러스타운2차,만안구 박달1동,34,2006-05-22,24,1,205,Y
안양시,아파트,박달한신휴플러스타운3차,만안구 박달1동,37,2009-12-02,22,5,392,Y
안양시,아파트,범계마을호산아파트,동안구 호계2동,914-37,1999-12-17,17,1,116,N
안양시,아파트,범계마을효성,동안구 호계2동,912,2000-10-14,22,2,370,Y
안양시,아파트,부림아파트,동안구 관양2동,1471-2,1982-08-21,5,1,40,N
안양시,아파트,비산e편한세상,동안구 비산2동,1165,2008-10-27,15,10,486,Y
안양시,아파트,비산대광로제비앙,동안구 비산1동,1167,2017-01-05,24,3,219,Y
안양시,아파트,비산롯데캐슬,동안구 비산2동,408,2003-09-27,25,16,956,Y
안양시,아파트,비산삼성래미안,동안구 비산1동,425,2003-12-24,28,44,3806,Y
안양시,아파트,비산성원,동안구 비산3동,1028-20,1995-12-11,18,1,282,Y
안양시,아파트,비산한신더휴,동안구 비산1동,554-5,2023-05-25,25,2,230,Y
안양시,아파트,비산한화꿈에그린,동안구 비산2동,572,2009-11-19,28,10,774,Y
안양시,아파트,비산힐스테이트,동안구 비산2동,576-7,2005-11-09,23,7,551,Y
안양시,아파트,빌로채주상복합,만안구 안양6동,533-6,2009-11-30,20,1,153,Y
안양시,연립,산정아파트,만안구 석수2동,256-1,1983-12-08,4,1,24,N
안양시,아파트,삼덕진주아파트,동안구 호계3동,969-3,1985-12-24,5,2,90,N
안양시,아파트,삼성래미안,만안구 안양1동,Jan-90,2002-01-25,27,17,1998,Y
안양시,아파트,삼아아파트,동안구 평촌동,118-5,1999-07-14,15,1,49,N
안양시,연립,삼아연립,만안구 안양8동,461-1,1984-06-16,3,2,60,N
안양시,연립,삼원연립,만안구 박달1동,Jul-45,1982-08-27,3,2,28,N
안양시,아파트,삼익아파트,만안구 안양6동,436-1,1978-11-07,12,1,132,N
안양시,아파트,삼천리아파트,동안구 호계3동,843-1,1984-12-11,5,5,190,N
안양시,아파트,삼호수정,만안구 안양8동,377-1,1996-11-22,22,3,250,Y
안양시,아파트,삼호우주아파트,동안구 호계3동,767-3,1994-11-26,16,1,148,N
안양시,아파트,상남아파트,동안구 관양2동,1463-6,1988-05-13,5,1,30,N
안양시,아파트,샘마을대우,동안구 갈산동,1121,1993-11-29,26,10,536,Y
안양시,아파트,샘마을쌍용,동안구 갈산동,1117,1992-09-18,18,8,392,Y
안양시,아파트,샘마을우방,동안구 갈산동,1116,1992-12-17,20,8,488,Y
안양시,아파트,샘마을임광,동안구 갈산동,1115,1994-04-02,24,8,390,Y
안양시,아파트,샘마을한양,동안구 갈산동,1121,1993-11-29,18,10,536,Y
안양시,아파트,샛별한양4-1차,동안구 달안동,1101-2,1993-03-23,20,8,1262,Y
안양시,아파트,샛별한양4-2.3차,동안구 달안동,1101-6,1993-04-30,24,13,1482,Y
안양시,아파트,서광아침의빛아파트,만안구 박달1동,Jul-57,2007-02-08,14,1,62,N
안양시,아파트,서부인터빌아파트,동안구 호계3동,767-2,2003-11-27,14,1,89,N
안양시,아파트,서안이노빌,동안구 호계3동,967-20,2003-08-01,13,1,46,N
안양시,아파트,석수2차e편한세상,만안구 석수1동,382,2006-01-20,27,4,231,Y
안양시,아파트,석수e편한세상,만안구 석수1동,182-2,2002-05-30,27,20,1908,Y
안양시,아파트,석수경남아너스빌,만안구 석수1동,168-4,2002-10-21,20,6,704,Y
안양시,아파트,석수대주파크빌,만안구 석수1동,110-20,2005-04-29,20,2,256,Y
안양시,아파트,석수두산위브,만안구 석수2동,417-3,2010-09-29,18,12,742,Y
안양시,아파트,석수럭키,만안구 석수2동,296,1987-05-20,15,9,735,Y
안양시,아파트,석수아이파크,만안구 석수3동,794,2009-09-30,30,15,1134,Y
안양시,아파트,석수아파트,만안구 석수2동,308-5,1982-11-05,5,3,90,N
안양시,도시형생활주택,석수역유앤리버하임,만안구 석수동,884,2024-04-19,12,1,61,N
안양시,아파트,석수역푸르지오,만안구 석수1동,374-5,2009-06-29,15,10,542,Y
안양시,아파트,석수영풍마드레빌,만안구 석수3동,346-3,2003-05-30,23,1,206,Y
안양시,아파트,석수지웰 101동,만안구 석수2동,864,2016-01-20,15,2,90,N
안양시,아파트,석수청광플러스원,만안구 석수2동,412,2008-10-27,15,1,48,N
안양시,아파트,석수현대,만안구 석수2동,275-1,1999-11-24,26,7,1088,Y
안양시,아파트,석수현진에버빌,만안구 석수2동,413-2,2007-12-14,15,3,154,Y
안양시,아파트,성도아파트,동안구 비산1동,557-7,1982-09-15,5,1,30,N
안양시,아파트,성원1차,만안구 안양3동,767,1995-11-13,25,8,934,Y
안양시,아파트,성원2차,만안구 안양4동,714-27,1996-12-13,16,2,171,Y
안양시,아파트,성원5차,만안구 안양5동,618-77,1997-04-18,21,1,192,Y
안양시,아파트,성원상떼빌3차아파트,만안구 안양3동,773-3,2003-06-11,12,1,87,N
안양시,아파트,성원아파트,만안구 안양1동,164-12,1983-03-18,20,1,130,N
안양시,아파트,세림아파트,만안구 안양2동,Feb-41,1983-12-09,5,3,70,N
안양시,아파트,송림아파트,만안구 석수2동,265-3,1986-10-05,5,1,30,N
안양시,아파트,수리산 흥화브라운빌,만안구 안양9동,1094-1,2003-11-29,15,3,224,Y
안양시,아파트,수리산성원 쌍떼빌2차,만안구 안양5동,708-196,2007-02-13,22,7,436,Y
안양시,아파트,수리산성원쌍떼빌1차,만안구 안양4동,709-16,2006-12-27,23,5,469,Y
안양시,아파트,수리산파크원,만안구 안양6동,588-10,2010-12-17,10,1,54,N
안양시,아파트,수리산현대홈타운,만안구 안양9동,1060,2001-11-12,16,4,356,Y
안양시,아파트,수리산힐스테이트,만안구 안양9동,1059-1,2006-10-30,22,5,441,Y
안양시,아파트,수정아파트,동안구 관양1동,1440-9,1986-06-26,5,1,50,N
안양시,아파트,신라아파트,동안구 관양2동,1469-2,1988-04-14,12,1,30,N
안양시,아파트,신라아파트,만안구 안양2동,Feb-44,1983-01-15,5,1,60,N
안양시,아파트,신라아파트,만안구 안양6동,441-7,2002-08-29,12,1,37,N
안양시,아파트,신성안양미소지움,만안구 안양9동,752-20,2008-07-31,13,3,115,N
안양시,아파트,신일해피트리아파트,동안구 관양1동,1455,2007-05-01,15,1,80,N
안양시,아파트,신태양아파트,동안구 관양2동,1461-9,1984-01-07,5,1,40,N
안양시,아파트,신평촌일성트루엘파크,동안구 호계1동,1280,2018-03-30,29,2,200,Y
안양시,아파트,신흥아파트,만안구 안양2동,30-12.,1985-11-20,5,1,36,N
안양시,아파트,아르테자이,만안구 안양2동,18-1,2022-08-30,28,12,1021,Y
안양시,아파트,아리랑1차아파트,동안구 관양1동,1414-15,1987-09-08,5,1,40,N
안양시,아파트,아리랑3차아파트,동안구 관양1동,1414-14,1988-05-06,5,1,40,N
안양시,아파트,아리랑5차아파트,동안구 관양1동,1421-4,1988-10-26,5,1,34,N
안양시,아파트,아리랑맨션(6차),동안구 관양1동,1404-23,1990-03-24,5,2,65,N
안양시,아파트,아리랑타워아파트,동안구 관양1동,1409,1996-02-13,17,1,46,N
안양시,아파트,아크로리버,동안구 호계3동,713,2007-03-28,23,1,210,Y
안양시,아파트,안양 디오르나인 1BL,만안구 안양5동,627-1,2024-11-18,25,1,66,N
안양시,아파트,안양 명학역유보라 더스마트,만안구 안양6동,1410,2020-01-21,26,2,200,Y
안양시,아파트,안양 벽산,만안구 안양4동,627-72,1985-09-23,11,3,275,Y
안양시,아파트,안양 주공뜨란채,만안구 안양1동,1380,2004-11-15,25,11,1093,Y
안양시,아파트,안양관양 행복주택,동안구 관양2동,1498-21,2018-03-26,9,1,56,N
안양시,아파트,안양극동스타클래스,만안구 박달2동,139-202,1991-12-13,12,3,312,Y
안양시,아파트,안양대우,만안구 안양2동,70,1991-09-20,15,5,498,Y
안양시,아파트,안양동 삼성,만안구 안양2동,Jan-32,1994-12-08,25,4,366,Y
안양시,아파트,안양리버자이르네,만안구 박달2동,942,2022-11-23,20,2,139,N
안양시,아파트,안양세양청마루주상복합,만안구 안양6동,435-9,2008-11-21,19,1,271,Y
안양시,아파트,안양센트럴헤센1차,만안구 안양6동,433-2,2020-07-30,25,2,188,Y
안양시,아파트,안양센트럴헤센2차아파트,만안구 안양7동,433,2021-03-25,24,1,132,N
안양시,아파트,안양씨엘포레자이,만안구 안양6동,585-2,2021-10-07,27,13,1394,Y
안양시,아파트,안양어반포레자연앤e편한세상1단지,만안구 안양5동,618,2025-01-22,17,2,194,N
안양시,아파트,안양어반포레자연앤e편한세상2단지,만안구 안양5동,618,2025-01-22,18,1,91,N
안양시,아파트,안양어반포레자연앤e편한세상3단지,만안구 안양5동,618,2025-01-22,29,12,1676,Y
안양시,아파트,안양어반포레자연앤e편한세상4단지,만안구 안양5동,618,2025-01-22,29,3,368,Y
안양시,아파트,안양역 한양수자인 리버파크,만안구 안양1동,1411,2019-01-25,29,4,419,Y
안양시,아파트,안양역푸르지오더샵,만안구 안양동,Mar-97,2024-10-18,37,23,2736,Y
안양시,아파트,양수아파트,동안구 호계3동,848-2,1984-12-17,5,2,100,N
안양시,아파트,영풍주상복합아파트,동안구 호계3동,801-4,1996-06-26,15,1,47,N
안양시,아파트,영화아이닉스아파트,만안구 안양2동,817-15,2003-06-11,20,1,136,N
안양시,아파트,영화아파트,동안구 비산3동,1015,1988-10-27,6,1,48,N
안양시,아파트,오승아파트,만안구 안양3동,911-46,1988-10-25,5,2,80,N
안양시,아파트,우성1차아파트,만안구 안양9동,735,1988-12-23,5,4,210,N
안양시,아파트,우성2차아파트,만안구 안양9동,730-1,1989-10-12,6,2,168,N
안양시,아파트,우성3차아파트,만안구 안양9동,730-6,1997-05-30,6,1,71,N
안양시,아파트,우양파크빌,만안구 안양6동,522-9,2002-12-31,13,1,69,N
안양시,아파트,원주아파트,동안구 관양1동,1455-2,1986-09-30,5,2,80,N
안양시,아파트,유환3차아파트,동안구 호계3동,970-17,1988-03-02,5,2,75,N
안양시,아파트,율목주공,만안구 안양9동,969-1,2000-06-30,20,4,339,Y
안양시,아파트,은하수벽산,동안구 부흥동,1103,1992-05-30,18,9,620,Y
안양시,아파트,은하수신성,동안구 부흥동,1103-4,1992-11-11,18,8,507,Y
안양시,아파트,은하수청구,동안구 부흥동,1104,1992-06-13,23,6,502,Y
안양시,아파트,이너스내안에아파트,동안구 관양1동,1443-7,2010-03-19,14,1,52,N
안양시,아파트,이너스내안에아파트,만안구 안양2동,845-7,2008-02-12,19,1,131,N
안양시,아파트,인덕원 삼성,동안구 관양2동,1510-1,1998-12-10,25,13,1314,Y
안양시,아파트,인덕원대림1차,동안구 평촌동,Jan-93,2000-10-30,22,2,180,Y
안양시,아파트,인덕원대림2차,동안구 평촌동,101,2004-11-20,23,10,862,Y
안양시,아파트,인덕원센트럴푸르지오,동안구 평촌동,Feb-75,2001-04-28,26,17,1996,Y
안양시,연립,일곡숲연립주택,만안구 석수2동,868,2018-11-14,6,2,60,N
안양시,아파트,일신건영장미,동안구 호계3동,819-2,2000-10-27,19,1,168,Y
안양시,아파트,일신아파트,동안구 호계2동,920-4,1996-11-01,14,1,130,N
안양시,아파트,임곡휴먼시아2차,동안구 비산1동,1163,2007-07-10,20,6,492,Y
안양시,아파트,장은한양아파트,만안구 안양9동,1036-1,2001-05-26,9,1,49,N
안양시,아파트,적성4차아파트,만안구 박달1동,103,1984-10-29,6,3,174,N
안양시,아파트,적성5차아파트,만안구 박달1동,103-1,1985-11-28,5,1,70,N
안양시,아파트,적성아파트,만안구 석수2동,284-1,1983-11-05,6,2,72,N
안양시,아파트,정우,만안구 안양3동,911-1,1985-12-11,13,2,351,Y
안양시,아파트,정화아파트,동안구 호계3동,970-21,1983-11-24,5,1,49,N
안양시,아파트,진우아파트,동안구 호계1동,1002-9,1986-08-04,5,1,30,N
안양시,아파트,진흥5차,만안구 안양3동,908-4,1987-08-03,12,5,432,Y
안양시,아파트,창덕에버빌,동안구 관양2동,1488-39,2000-10-24,20,1,160,Y
안양시,아파트,천평대아파트,동안구 평촌동,113,2003-03-05,15,1,64,N
안양시,아파트,청광플러스원아파트,동안구 평촌동,Jan-97,2008-10-27,8,1,41,N
안양시,아파트,청도아파트,동안구 호계1동,997,1980-10-08,6,1,44,N
안양시,아파트,청운아파트,동안구 비산3동,1030-2,1988-11-19,5,1,20,N
안양시,아파트,청호아파트,만안구 안양9동,734-1,1991-02-25,6,1,72,N
안양시,아파트,초원LG,동안구 평안동,897-7,1993-10-30,23,9,656,Y
안양시,아파트,초원대림,동안구 평안동,898-2,1993-11-15,25,12,1035,Y
안양시,아파트,초원대원,동안구 평안동,898-6,1993-07-31,19,9,752,Y
안양시,아파트,초원부영,동안구 평안동,896-6,1992-10-15,15,13,1743,Y
안양시,아파트,초원성원,동안구 평안동,898,1992-08-22,21,5,368,Y
안양시,아파트,초원세경,동안구 평안동,896-2,1996-07-26,21,6,709,Y
안양시,아파트,초원한양,동안구 평안동,897-5,1993-11-20,23,11,870,Y
안양시,아파트,코오롱하늘채,만안구 석수3동,786,2010-02-12,22,11,553,Y
안양시,아파트,평촌1차한양,동안구 달안동,1109,1993-11-25,20,25,3227,Y
안양시,아파트,평촌e-편한세상,동안구 평촌동,Jan-75,2010-06-11,16,7,220,Y
안양시,아파트,평촌대성유니드,동안구 호계2동,1294,2019-04-25,26,3,203,Y
안양시,아파트,평촌더샵센트럴시티,동안구 관양2동,1815,2016-06-28,32,10,1459,Y
안양시,아파트,평촌더샵아이파크,동안구 호계1동,1287,2019-03-28,33,13,1174,Y
안양시,아파트,평촌더힐즈아파트,동안구 호계2동,932-3,2005-09-29,14,1,83,N
안양시,아파트,평촌두산위브더프라임,동안구 호계3동,651-1,2025-06-27,32,6,456,Y
안양시,아파트,평촌두산위브리버뷰,동안구 호계3동,1309,2022-05-13,37,8,855,Y
안양시,아파트,평촌래미안푸르지오,동안구 비산2동,1180,2022-03-02,37,10,1199,Y
안양시,아파트,평촌비바힐스,동안구 호계1동,960-1,2025-07-31,15,1,44,N
안양시,아파트,평촌센텀퍼스트,동안구 호계1동,992,2023-11-24,38,23,2886,Y
안양시,아파트,평촌신원아침도시,동안구 호계3동,1312,2022-03-28,17,4,144,Y
안양시,아파트,평촌아크로베스티뉴,동안구 호계3동,915,2025-02-25,37,10,1011,Y
안양시,아파트,평촌어바인퍼스트,동안구 호계1동,1296,2021-04-07,29,34,3850,Y
안양시,아파트,평촌어바인퍼스트더샵,동안구 호계1동,1298,2024-09-24,29,5,304,Y
안양시,아파트,평촌엘프라우드,동안구 비산동,281-1,2024-06-19,35,29,2739,Y
안양시,아파트,평촌영풍,동안구 평촌동,130-1,2000-04-26,22,1,230,Y
안양시,아파트,평촌자이아이파크,동안구 비산1동,1185,2021-12-30,29,21,2637,Y
안양시,아파트,평촌트리지아,동안구 호계2동,928-5,2024-08-19,34,22,2417,Y
안양시,아파트,푸른마을삼성,동안구 호계2동,931,1999-01-23,14,4,231,Y
안양시,아파트,프라자,만안구 안양9동,762-2,1987-04-23,15,6,637,Y
안양시,아파트,한가람두산,동안구 부림동,1586-6,1992-11-28,16,6,436,Y
안양시,아파트,한가람삼성,동안구 부림동,1586-5,1995-01-28,25,10,708,Y
안양시,아파트,한가람세경,동안구 부림동,1589,1996-11-25,23,11,1292,Y
안양시,아파트,한가람신라,동안구 부림동,1589-1,1992-07-31,23,9,1068,Y
안양시,아파트,한가람한양6차,동안구 부림동,1586,1995-05-25,23,8,952,Y
안양시,연립,한남아파트,만안구 안양5동,467-24,1982-10-16,4,1,32,N
안양시,아파트,한라비발디,만안구 박달2동,114,2000-09-27,28,12,1385,Y
안양시,아파트,한림시티빌,만안구 안양6동,532-3,2001-03-19,11,1,33,N
안양시,아파트,한마음임광1차,동안구 호계2동,895,1999-07-15,28,6,644,Y
안양시,아파트,한마음임광2차,동안구 호계2동,893-1,2003-04-28,25,5,426,Y
안양시,아파트,한미아파트,동안구 관양2동,1477,1986-05-23,5,5,220,N
안양시,아파트,한미아파트,동안구 평촌동,132-3,1985-07-30,5,3,120,N
안양시,아파트,한솔아파트107동,만안구 안양6동,431-27,2007-08-13,10,1,35,N
안양시,아파트,한승미메이드,만안구 안양7동,155-2,2005-03-30,22,1,218,Y
안양시,아파트,한양수자인아파트,만안구 석수2동,417-1,2009-03-25,15,3,126,N
안양시,아파트,한양수자인에듀파크,만안구 박달2동,939,2017-11-15,29,6,348,Y
안양시,아파트,한양수자인평촌리버뷰,동안구 비산2동,577-1,2021-11-15,29,4,304,Y
안양시,아파트,한일미래아파트,동안구 평촌동,Jun-66,1999-10-29,19,1,129,N
안양시,아파트,한일유앤아이,만안구 박달2동,607-1,2005-02-25,22,6,375,Y
안양시,아파트,해오름아파트,동안구 관양1동,1454-4,2007-10-22,6,1,30,N
안양시,아파트,향촌롯데,동안구 평안동,899,1993-03-27,18,8,530,Y
안양시,아파트,향촌현대4차,동안구 평안동,899-2,1993-07-28,25,8,552,Y
안양시,아파트,향촌현대5차,동안구 평안동,899-7,1993-04-30,25,11,780,Y
안양시,아파트,현암2차아파트,동안구 비산3동,1058,1988-04-01,5,1,40,N
안양시,아파트,호계1차현대홈타운,동안구 호계2동,914-40,2002-11-22,25,7,604,Y
안양시,아파트,호계2차현대홈타운,동안구 호계3동,811,2003-11-18,27,24,1978,Y
안양시,아파트,호계e편한세상,동안구 호계3동,813,2003-12-15,27,20,1752,Y
안양시,아파트,호계동금호어울림,동안구 호계3동,1278,2011-11-19,15,2,136,N
안양시,아파트,호계동미원(美苑)아파트,동안구 호계2동,335-2,2013-02-26,13,1,48,N
안양시,아파트,호계동원베네스트아파트,동안구 호계1동,991,2006-11-09,13,1,59,N
안양시,아파트,호계럭키,동안구 호계2동,570,1992-12-26,15,12,794,Y
안양시,아파트,호계마젤란21아파트,동안구 호계2동,919-2,2006-01-10,14,1,71,N
안양시,아파트,호계삼익,동안구 호계3동,766-4,1996-10-30,22,1,261,Y
안양시,아파트,호계신도브래뉴,동안구 호계2동,923-28,2004-10-15,20,1,203,Y
안양시,아파트,호계신성미소지움,동안구 호계2동,923-21,2004-12-01,22,4,361,Y
안양시,아파트,호계임광3차그대가,동안구 호계2동,923-35,2005-12-29,21,1,148,N
안양시,아파트,호계푸르지오,동안구 호계1동,1279,2015-08-28,18,10,410,Y
안양시,아파트,호계현대,동안구 호계3동,828-4,1999-12-10,22,2,212,Y
안양시,아파트,화성 파크드림,동안구 비산2동,1166,2014-10-24,24,1,191,Y
안양시,아파트,효성화운트빌,만안구 안양9동,976-6,2003-07-30,24,4,350,Y
안양시,아파트,흥화,동안구 호계2동,927,1999-08-18,18,1,196,Y
안양시,아파트,흥화,만안구 안양3동,716-5,1996-04-29,19,1,152,Y
안양시,아파트,흥화브라운빌2차아파트,동안구 호계2동,337,2005-04-16,18,2,149,N
안양시,아파트,힐스테이트 안양 펠루스,만안구 안양6동,395-1,2024-04-29,20,1,55,N
안양시,아파트,힐스테이트비산파크뷰,동안구 비산1동,1198,2022-04-28,29,5,303,Y
안양시,아파트,힐스테이트석수,만안구 석수1동,386-1,2015-07-29,17,5,239,Y
안양시,아파트,힐스테이트인덕원역베르텍스,동안구 평촌동,Jan-54,2024-11-29,34,5,472,Y
양주시,아파트,GS건설제이드웰NHF,옥정동,1085,2018-11-30,29,9,947,N
양주시,아파트,GS건설제이드웰NHF,옥정동,1085,2018-11-30,29,9,947,Y
양주시,아파트,TS 푸른솔2차아파트,고읍동,74,2000-05-01,19,3,204,Y
양주시,아파트,e편한세상 옥정 더 퍼스트,옥정동,936,2020-01-30,25,17,1566,Y
양주시,아파트,e편한세상옥정리더스가든 A-24BL,옥정동,885,2024-04-23,27,14,938,Y
양주시,아파트,㈜리젠시빌주택,옥정동,1026,2018-08-14,27,9,514,Y
양주시,아파트,가야2차아파트,백석읍 복지리,Mar-93,1997-07-25,15,3,289,Y
양주시,아파트,가야아파트,백석읍 복지리,94,1996-04-09,6,5,210,N
양주시,아파트,거산아파트,남면 신산리,332-3,1993-02-15,5,1,60,N
양주시,아파트,광적주공임대,광적면 석우리,708-1,2006-03-24,8,7,390,N
양주시,아파트,금호건설제이드웰NHF,옥정동,1084,2018-11-30,29,5,526,Y
양주시,아파트,금호건설제이드웰NHF,옥정동,1084,2018-11-30,29,5,526,N
양주시,아파트,대교산과내,백석읍 방성리,511-2,1999-12-01,19,5,359,Y
양주시,연립,대명연립,덕정동,135,1986-02-22,3,2,30,N
양주시,아파트,대방노브랜드더시그니처,옥정동,968,2021-01-14,34,13,1483,Y
양주시,아파트,대방노블랜드,광사동,131-4,2003-08-30,15,9,499,Y
양주시,다세대,대성연립,덕계동,422-1,1985-11-19,3,2,30,N
양주시,연립,대원연립,덕계동,668,1988-11-12,3,5,72,N
양주시,연립,대원연립,덕계동,668,1986-01-24,3,2,48,N
양주시,아파트,더파크포레계룡NHF(2단지),옥정동,1099,2020-03-05,29,10,901,N
양주시,아파트,더파크포레태영NHF(1단지),옥정동,1098,2020-03-05,29,9,619,N
양주시,아파트,덕계금용1차,덕계동,670,1991-06-15,12,1,188,Y
양주시,아파트,덕계삼희,덕계동,271-44,1996-09-03,13,1,210,Y
양주시,아파트,덕계신도브래뉴아파트,덕계동,857,2012-01-13,13,5,249,Y
양주시,아파트,덕계역 금강펜테리움 센트럴파크,덕계동,915,2023-01-25,29,6,935,Y
양주시,아파트,덕계역 대광로제비앙 더 메트로팰리스,덕계동,937,2023-04-19,29,6,424,Y
양주시,연립,덕용주택,덕정동,141-2,1986-01-31,3,4,48,N
양주시,아파트,덕정역 서희스타힐스에듀포레뷰,덕정동,84,2025-06-30,23,11,931,Y
양주시,아파트,덕정융보,덕정동,280-5,1992-12-19,15,1,195,Y
양주시,아파트,덕정일성트루엘,덕정동,536,2011-11-28,15,6,272,Y
양주시,아파트,덕정주공1단지,덕정동,164,2000-12-11,25,10,792,Y
양주시,아파트,덕정주공3단지,고암동,122,2001-05-02,25,13,1290,Y
양주시,아파트,덕정주공4단지(청담마을),덕정동,210-2,2001-06-14,24,12,960,Y
양주시,아파트,덕정주공5단지,덕정동,236,2000-08-01,20,20,1732,Y
양주시,아파트,덕정중흥S-클래스,고암동,582,2011-04-01,25,5,314,Y
양주시,연립,도래마을,백석읍 오산리,Jan-33,1997-07-01,4,1,28,N
양주시,연립,동원주택,남면 신산리,279-2,1986-06-05,2,1,22,N
양주시,아파트,동화1차장미,백석읍 복지리,290,1999-02-27,15,5,443,Y
양주시,아파트,동화3차옥시존,백석읍 복지리,292,2003-04-19,15,2,223,Y
양주시,아파트,동화5차,백석읍 가업리,103-1,2005-10-14,15,9,439,Y
양주시,아파트,동화6차옥시존,백석읍 복지리,567,2010-02-26,15,4,205,Y
양주시,연립,라피네트 더테라스1단지,옥정동,880-1,2023-02-06,3,6,37,N
양주시,연립,라피네트 더테라스2단지,옥정동,880-2,2023-02-06,3,5,33,N
양주시,연립,라피네트 더테라스3단지,옥정동,880-3,2023-02-06,3,6,42,N
양주시,연립,라피네트 더테라스4단지,옥정동,880-4,2023-02-06,3,7,36,N
양주시,연립,라피네트 더테라스5단지,옥정동,880-5,2023-02-06,3,5,40,N
양주시,연립,라피아노스위첸옥정1단지,옥정동,890-1,2024-04-19,4,10,138,N
양주시,아파트,라피아노스위첸옥정2단지,옥정동,890-3,2024-04-19,4,16,200,Y
양주시,연립,라피아노스위첸옥정3단지,옥정동,891-1,2024-04-19,4,8,118,N
양주시,아파트,명성아파트,덕계동,707-25,1986-12-22,4,9,216,N
양주시,아파트,명지아파트,덕정동,"146-5,6,7",1996-10-21,15,1,88,N
양주시,아파트,모아미래도 파크뷰,옥정동,1026-1,2021-02-16,26,7,608,N
양주시,아파트,백석가야5차,백석읍 복지리,80,2004-07-12,15,6,497,Y
양주시,아파트,백석세아1차,백석읍 오산리,107-2,1993-09-20,17,2,282,Y
양주시,아파트,백석세아2차,백석읍 방성리,162-4,1997-07-01,14,2,156,Y
양주시,아파트,백석한승,백석읍 오산리,296,2001-08-25,13,6,499,Y
양주시,아파트,백석휴먼시아 1단지,방성리,888,2010-04-27,15,9,324,N
양주시,아파트,범양마더빌,덕계동,854,2006-04-28,15,1,152,Y
양주시,아파트,범양마더빌,덕계동,853,2006-04-28,12,6,356,Y
양주시,아파트,벨라시티,광적면 가납리,905,2017-06-28,14,6,499,Y
양주시,연립,봉암주택,은현면 봉암리,171-1,1989-02-08,3,2,42,N
양주시,아파트,산내들마을한양수자인1단지,고읍동,440,2009-11-10,15,11,598,Y
양주시,아파트,산내들마을휴먼시아4단지,고읍동,452,2010-04-12,15,5,330,N
양주시,연립,삼원연립,남면 신산리,308-2,1987-10-22,3,4,60,N
양주시,아파트,샘터마을태영,백석읍 복지리,Feb-99,1999-12-01,15,4,298,Y
양주시,아파트,서광아침의빛아파트,백석읍 가업리,605,2008-07-10,15,9,492,Y
양주시,연립,선경연립,광적면 가납리,741-59,1996-03-20,4,2,40,N
양주시,연립,성심주택,덕계동,452-1,1986-11-10,3,6,102,N
양주시,아파트,성우아파트아침의미소,삼숭동,569,2004-03-12,15,11,920,Y
양주시,아파트,세아청솔,백석읍 가업리,Jan-99,2001-12-28,15,5,619,Y
양주시,아파트,세영리첼레이크파크,옥정동,970,2020-01-30,28,11,811,N
양주시,아파트,세창리베하우스,옥정동,176,2003-06-20,15,18,998,Y
양주시,아파트,센트럴휴티스,덕계동,928-2,2024-02-20,24,1,97,N
양주시,아파트,송추역북한산 경남아너스빌,장흥면 부곡리,524-2,2022-10-31,24,8,604,Y
양주시,아파트,송추우리마을,장흥면 부곡리,632-6,2011-05-17,10,2,140,N
양주시,아파트,신도브래뉴8차,광사동,313-4,1999-09-22,15,7,400,Y
양주시,아파트,신양주모아엘가니케,백석읍 홍죽리,964,2024-08-06,23,7,570,Y
양주시,아파트,양주TS푸른솔1차,고읍동,77,1999-09-28,19,6,494,Y
양주시,아파트,양주TS푸른솔3차,삼숭동,632-2,2001-10-31,15,5,387,Y
양주시,아파트,양주가야3차,백석읍 복지리,Jan-41,1999-07-05,15,4,203,Y
양주시,아파트,양주고읍 14단지,광사동,716,2023-04-20,15,4,372,N
양주시,아파트,양주고읍LH13단지,광사동,717,2020-06-05,15,4,508,N
양주시,아파트,양주금광1차아파트,덕계동,646-1,2002-02-09,15,7,501,Y
양주시,아파트,양주금광포란제2차,덕계동,424-1,2002-09-26,15,4,408,Y
양주시,아파트,양주나래,삼숭동,564,1999-09-01,15,9,492,Y
양주시,아파트,양주덕계신우,덕계동,417-1,1994-12-05,15,3,491,Y
양주시,아파트,양주덕정주공2단지,고암동,121-2,2000-12-01,25,20,1935,Y
양주시,아파트,양주덕정행복아파트,고암동,583-1,2020-09-10,14,2,280,N
양주시,아파트,양주동화2차초록,백석읍 복지리,322-4,1999-12-03,15,9,572,Y
양주시,아파트,양주서희스타힐스1단지,덕정동,538,2014-05-19,18,4,207,Y
양주시,아파트,양주서희스타힐스2단지,덕정동,540,2014-05-19,21,11,821,Y
양주시,아파트,양주성우헤스티아,광적면 가납리,840,2004-12-08,12,8,444,Y
양주시,아파트,양주송추푸른마을,장흥면 부곡리,579,1999-10-28,15,3,241,Y
양주시,아파트,양주옥정 LH 엘리프,옥정동,945,2023-06-20,29,12,1409,Y
양주시,아파트,양주옥정 더원파크빌리지,옥정동,893,2023-01-27,10,28,930,Y
양주시,아파트,양주옥정 유림노르웨이숲,옥정동,1097,2023-01-26,35,14,1140,Y
양주시,아파트,양주옥정3단지,옥정동,943,2018-07-18,27,9,1500,N
양주시,아파트,양주옥정A25BL,옥정동,886,2024-01-19,25,8,1215,N
양주시,아파트,양주옥정LH엘리프,옥정동,945,2023-06-20,29,12,1409,N
양주시,아파트,양주옥정린파밀리에아파트,옥정동,868,2024-02-07,29,24,2049,Y
양주시,아파트,양주옥정신도시 디에트르 에듀포레,옥정동,869,2023-05-11,37,8,1086,Y
양주시,아파트,양주옥정신도시 디에트르 프레스티지,옥정동,946,2022-10-24,37,15,1859,Y
양주시,아파트,양주옥정신도시 제일풍경채 레이크시티 1단지,옥정동,1043,2023-05-12,28,13,1246,Y
양주시,아파트,양주옥정신도시 제일풍경채 레이크시티 2단지,옥정동,1043-1,2023-04-07,29,13,1228,Y
양주시,아파트,양주옥정신도시 한신더휴,옥정동,938,2023-04-19,29,9,767,Y
양주시,아파트,양주옥정신도시제일풍경채 공공지원민간임대,옥정동,1096,2023-12-26,20,16,1304,N
양주시,아파트,양주우남퍼스트빌,고읍동,455,2009-09-24,15,8,376,Y
양주시,아파트,양주자이1단지,삼숭동,686-1,2005-08-05,15,9,652,Y
양주시,아파트,양주자이2단지,삼숭동,684-1,2005-08-05,15,12,852,Y
양주시,아파트,양주자이3단지,삼숭동,683-1,2005-08-05,15,10,742,Y
양주시,아파트,양주자이4단지,삼숭동,682-1,2005-08-05,15,9,574,Y
양주시,아파트,양주자이5단지,삼숭동,681-1,2005-08-05,15,14,786,Y
양주시,아파트,양주자이6단지,삼숭동,688,2006-04-13,15,8,561,Y
양주시,아파트,양주자이7단지,삼숭동,689,2006-04-13,15,10,735,Y
양주시,아파트,양주푸르지오,덕계동,852,2006-02-28,15,8,498,Y
양주시,아파트,양주푸른옥마을,장흥면 일영리,27-1,2001-10-31,15,7,262,Y
양주시,아파트,양주한승,산북동,1,2001-09-19,15,5,498,Y
양주시,아파트,양주현대,고읍동,94,1999-12-30,18,4,293,Y
양주시,아파트,양주현대아파트,덕계동,203-6,1997-07-09,20,2,350,Y
양주시,아파트,양주현진에버빌1단지,덕계동,855,2007-06-27,15,8,418,Y
양주시,아파트,양주회천 14단지,덕계동,792,2023-02-16,20,7,957,N
양주시,아파트,양주회천 한양수자인(17단지),덕계동,947,2022-12-08,27,10,760,Y
양주시,아파트,양주회천신도시 디에트르 센트럴시티,덕계동,865,2022-12-02,37,7,860,Y
양주시,아파트,옥정 대성베르힐,옥정동,937,2022-10-21,25,9,804,Y
양주시,아파트,옥정16단지,옥정동,1047,2017-05-30,21,8,1618,N
양주시,아파트,옥정8단지,옥정동,1032,2017-05-25,21,10,1550,N
양주시,아파트,옥정센트럴푸르지오아파트,옥정동,955,2016-12-22,29,18,1862,Y
양주시,아파트,옥정역 로제비앙 메트로파크 1차,삼숭동,690,2022-07-26,28,11,946,Y
양주시,아파트,옥정역 로제비앙 메트로파크 2차,삼숭동,693,2022-07-26,25,5,297,Y
양주시,아파트,옥정중앙역 중흥S-클래스 센텀시티 1블럭,옥정동,960,2022-04-08,29,11,849,Y
양주시,아파트,옥정중앙역 중흥S-클래스 센텀시티 3블럭,옥정동,959,2022-04-08,25,8,666,Y
양주시,아파트,우남송추마을아파트,장흥면 부곡리,491,2001-09-19,15,5,395,Y
양주시,아파트,우미린아파트,고읍동,451,2009-08-27,15,11,513,Y
양주시,아파트,유승한내들9단지,광사동,658,2009-10-30,15,8,470,Y
양주시,아파트,윤중,덕계동,201,2002-11-18,20,2,320,Y
양주시,아파트,율정마을13단지,옥정동,1046,2014-11-05,27,10,962,N
양주시,아파트,율정마을13단지,옥정동,1046,2014-11-05,27,10,962,Y
양주시,아파트,율정마을7단지,옥정동,1027,2014-11-14,20,14,1256,N
양주시,아파트,은빛마을유승한내들,만송동,697,2009-10-13,15,6,412,Y
양주시,아파트,은빛마을한양수자인2단지,만송동,696,2010-01-05,15,9,434,Y
양주시,아파트,은빛마을휴먼시아6단지,만송동,698,2010-03-17,15,5,503,N
양주시,아파트,이편한세상 덕정역 더스카이,회정동,911,2023-10-27,41,5,629,Y
양주시,아파트,이편한세상 양주,옥정동,958,2017-08-29,25,8,761,Y
양주시,아파트,이편한세상 양주 2차,옥정동,1051,2018-05-24,25,13,1160,Y
양주시,아파트,이편한세상 옥정메트로포레,옥정동,1095,2020-06-12,25,24,2038,Y
양주시,아파트,장흥역 경남아너스빌북한산뷰 4블럭,장흥면 일영리,Apr-85,2025-03-15,20,8,458,Y
양주시,아파트,장흥역 경남아너스빌북한산뷰 5블럭,장흥면 일영리,143-12,2025-03-15,20,6,283,Y
양주시,아파트,조은마을(6단지),고암동,580,2007-03-19,20,9,977,N
양주시,연립,진산블루시엘,덕계동,928-9,2024-04-26,24,1,54,N
양주시,다세대,진양,남면신산리,258,1995-09-30,2,5,20,N
양주시,아파트,한국아파트,덕정동,221-6,1990-11-20,6,2,96,N
양주시,아파트,한국아파트,덕정동,173-4,1991-07-11,6,1,48,N
양주시,아파트,한국아파트(7통),덕정동,218-1,1989-12-02,6,1,60,N
양주시,아파트,한국아파트(7통),덕정동,286-9,1989-12-02,6,3,156,N
양주시,아파트,한국아파트(8통),덕정동,221-1,1990-08-21,6,1,60,N
양주시,아파트,한주아파트,덕계동,669,1999-02-20,20,2,320,Y
양주시,아파트,해동마을신도브래뉴,광사동,713,2009-11-30,15,14,744,Y
양주시,아파트,해동마을한양수자인3차,광사동,712,2010-07-28,15,14,764,Y
양주시,아파트,행복한마을(8단지),고암동,584,2006-11-13,18,7,550,N
양주시,아파트,현진에버빌2단지,덕계동,856,2007-06-27,15,7,415,Y
양주시,아파트,회정금용,회정동,871,1992-10-19,15,2,184,Y
양주시,아파트,회정범양,회정동,369,2003-07-09,19,19,883,Y
양주시,아파트,회천 LH15단지,덕계동,196-1,2024-02-15,20,5,880,N
양주시,아파트,회천 대광로제비앙 더 센트럴,덕계동,903,2023-09-15,29,5,526,Y
양주시,아파트,회천 베네스트 하우스,덕계동,905,2023-11-21,29,15,995,Y
양주시,아파트,회천 한양수자인(17단지),덕계동,947,2022-12-08,27,10,760,N
양주시,아파트,회천LH10단지,회정동,0,2024-04-19,28,3,680,N
양주시,아파트,회천트루엘시그니처,덕계동,368,2024-06-18,29,8,869,Y
양주시,아파트,회천파밀리에더퍼스트,덕계동,962,2024-01-08,28,16,1304,Y
양주시,아파트,휴먼시아5단지,만송동,694,2010-04-23,15,7,531,N
양주시,아파트,휴먼시아7단지,만송동,701,2010-04-20,15,8,773,N
양주시,아파트,휴먼시아8단지,만송동,700,2010-04-20,15,11,1124,N
양주시,아파트,휴먼시아하늘빛마을,고암동,583,2007-05-21,23,9,608,Y
양주시,아파트,희망아파트,광적면 광석리,01-01,1996-12-21,15,4,436,Y
양주시,연립,힐스테이트양주옥정파티오포레1단지,옥정동,904-1,2024-06-28,3,17,122,N
양주시,아파트,힐스테이트양주옥정파티오포레2단지,옥정동,905-1,2024-06-28,3,16,186,Y
양주시,아파트,힐스테이트양주옥정파티오포레3단지,옥정동,906-1,2024-06-28,3,17,160,Y
양주시,연립,힐스테이트양주옥정파티오포레4단지,옥정동,909-1,2024-06-28,3,8,60,N
양주시,아파트,힐스테이트양주옥정파티오포레5단지,옥정동,910-1,2024-06-28,3,12,156,Y
양주시,연립,힐스테이트양주옥정파티오포레6단지,옥정동,911-1,2024-06-28,3,11,125,N
양평군,아파트,SK VIEW,양평읍,651,2006-02-15,14,4,168,Y
양평군,아파트,그린1차아파트,양평읍,137-29,1992-05-02,15,2,220,Y
양평군,아파트,금광1차아파트,양평읍,170-43,1992-02-01,15,1,135,N
양평군,아파트,금광2차아파트,양평읍,170-7,1995-06-05,13,1,120,N
양평군,연립,까뮤이스테이트,창대리,836,2022-03-18,4,16,233,Y
양평군,아파트,꽃여울아파트,용문면,750,2007-05-01,5,2,75,N
양평군,아파트,대은팰리스뷰,양평읍,657,2013-10-10,15,1,41,N
양평군,아파트,더리버파크,양수리,574,2019-10-23,19,1,64,N
양평군,아파트,더블유캐슬,양수리,1187,2018-10-31,10,1,49,N
양평군,아파트,더? 양평리버포레,양근리,810,2024-04-03,23,6,453,Y
양평군,아파트,리버파크 어반,창대리,529,2023-05-22,21,5,420,Y
양평군,아파트,미담채,양평읍,778-1,2020-07-27,5,1,26,N
양평군,아파트,미르젠아파트,양평읍,653,2008-11-14,12,2,53,N
양평군,아파트,밀레니엄,용문면,325-24,2020-08-13,14,1,72,N
양평군,아파트,반도 유보라,다문리,1107,2023-07-24,23,9,740,Y
양평군,연립,백운연립,양평읍,169-6,1984-12-26,3,3,30,N
양평군,아파트,벽산블루밍1단지,양평읍,875,2010-08-26,18,8,487,Y
양평군,아파트,벽산블루밍2단지,양평읍,876,2010-08-26,19,7,441,Y
양평군,아파트,비바체아파트,개군면,454,2009-12-10,15,1,40,N
양평군,아파트,센트럴시티,양근리,192-58,2023-02-28,20,4,248,Y
양평군,아파트,센트럴파크 써밋,양근리,738,2022-05-25,26,5,486,Y
양평군,연립,송이연립,양평읍,170-10,1987-01-08,3,1,36,N
양평군,아파트,스카이파크,양평읍,656,2013-06-27,15,1,49,N
양평군,아파트,심미에셈빌아파트,용문면,647,2004-02-03,20,1,108,N
양평군,아파트,아틀리에,공흥리,418,2025-02-26,26,4,406,Y
양평군,아파트,양수리 아이파크1단지,양서면,1185,2009-08-24,12,1,42,N
양평군,아파트,양수리 아이파크2단지,양서면,1186,2009-08-24,14,1,50,N
양평군,아파트,양수삼익아파트,양서면,621-13,1999-05-04,17,6,299,Y
양평군,아파트,양평그린2차,양평읍,137-48,1995-06-12,15,1,252,Y
양평군,아파트,에델바움,용담리,704,2018-11-22,15,1,52,N
양평군,아파트,예청그린팰리스,양평읍,441-26,2008-07-02,12,1,29,N
양평군,아파트,용문그린아파트,용문면,691-6,2004-03-03,15,1,120,N
양평군,아파트,용문코아루,용문면,1052,2016-11-25,19,4,280,Y
양평군,아파트,우방아이유쉘,병산리,24-1,2025-02-27,18,3,219,Y
양평군,아파트,코아루리버팰리스,양평읍,655,2010-03-12,15,3,136,N
양평군,연립,태양연립,양평읍,526-10,1983-12-27,3,3,39,N
양평군,아파트,한라비발디,양근리,797,2023-12-20,20,16,1602,Y
양평군,아파트,한신휴플러스,양평읍,885,2016-07-01,18,5,350,Y
양평군,아파트,한화 포레나,창대리,844,2023-04-17,24,7,438,Y
양평군,아파트,해모로아파트,양평읍,652,2007-08-09,12,4,120,N
양평군,아파트,행복마을,양평읍,883,2003-05-21,15,5,490,Y
양평군,아파트,현대,양평읍,140-8,1996-09-30,22,4,358,Y
양평군,아파트,현대성우1단지,강상면,1205,2010-03-31,15,2,168,Y
양평군,아파트,현대성우2단지,강상면,867,2010-03-30,15,7,270,Y
양평군,아파트,현대성우3단지,강상면,1207,2010-04-21,15,6,250,Y
양평군,아파트,현대성우오스타코아루,양평읍,376-8,2012-02-24,38,1,197,Y
양평군,아파트,훼미리아파트,양서면,567-1,1992-05-27,5,2,114,N
양평군,아파트,휴먼빌,양평읍,654,2009-03-19,15,4,168,Y
양평군,아파트,휴먼빌2차,강상면,1208,2017-02-14,20,7,487,Y
여주시,아파트,e-편한세상 여주,현암동,684,2014-08-20,15,5,299,Y
여주시,아파트,"가남현진에버빌 1, 2단지",가남읍,632,2000-11-21,17,13,1067,Y
여주시,아파트,강남아파트,교동,81,1998-10-22,15,4,378,Y
여주시,연립,개나리주택,현암동,219,1987-06-04,2,12,96,N
여주시,연립,국진주택,창동,145-1,1985-09-20,3,2,42,N
여주시,아파트,굿모닝타워아파트,가남읍,268-3,2008-06-30,17,1,185,Y
여주시,연립,낙원주택(5-7),교동,2의 1,1984-10-02,3,3,63,N
여주시,연립,낙원주택(가-라),교동,2의 1,1982-12-30,3,4,48,N
여주시,연립,대신국민주택,율촌리,344-1,1986-11-25,3,1,30,N
여주시,아파트,대우사원아파트,홍문동,286-11,1991-08-27,5,1,25,N
여주시,연립,대원연립,점봉동,466-2,1986-07-30,3,7,120,N
여주시,아파트,동남아파트,가남읍,620-17,1997-12-13,10,4,480,Y
여주시,아파트,동원아파트,홍문동,353,2001-05-25,18,7,504,Y
여주시,아파트,두풍리치빌아파트,월송동,380-5,2003-09-09,14,4,280,Y
여주시,다세대,라이프타운,현암동,164-22,2015-08-20,7,4,32,N
여주시,연립,마이다스주택,태평리,257-2,2008-09-03,4,4,88,N
여주시,아파트,반석아파트,홍문동,303-8,1989-12-29,5,2,50,N
여주시,아파트,벽산아파트,현암동,188-1,1997-11-05,18,2,682,Y
여주시,아파트,보광그랑베르아파트,월송동,388-29,2005-09-05,12,8,384,Y
여주시,연립,부림주택,상동,219-4,1982-04-29,3,4,67,N
여주시,아파트,부영아파트,점봉동,430-6,2000-10-24,15,6,810,Y
여주시,아파트,삼성명가타운아파트,교동,28,2001-08-30,15,6,316,Y
여주시,아파트,삼진아파트(5~8동),현암동,177-3,1991-05-27,5,4,165,N
여주시,연립,삼진주택,태평리,191-4,1989-09-27,3,1,24,N
여주시,아파트,삼한강변아파트,하동,122-7,1993-06-16,18,1,90,N
여주시,연립,상리주택,상동,180,1988-01-23,3,2,33,N
여주시,아파트,상우1차아파트,홍문동,377-1,1993-06-05,16,2,336,Y
여주시,아파트,상우2차아파트,홍문동,377-6,1994-11-29,6,3,132,N
여주시,아파트,서해스카이팰리스,천송동,591-7,2024-04-30,40,2,174,Y
여주시,아파트,성일우리미아파트,오학동,401,2009-10-30,15,5,200,Y
여주시,연립,성일우리미파크,점봉동,429-21,2015-08-05,4,5,68,N
여주시,아파트,세경사원아파트,가남읍 심석리,123-5,1995-03-24,5,2,80,N
여주시,아파트,세광리치타운아파트,가남읍,118,1999-07-24,15,8,678,Y
여주시,연립,세종국민주택,번도리,512-2,1986-12-30,3,2,24,N
여주시,아파트,세종그랑시아아파트,점봉동,291-1,2006-04-06,14,5,244,Y
여주시,연립,세종빌라,창동,139-4,1987-10-05,3,1,30,N
여주시,연립,여성근로자,현암동,193-2,1991-12-07,4,3,53,N
여주시,아파트,여주 신도브래뉴,오학동,361,2009-10-30,15,6,321,Y
여주시,아파트,여주KCC스위첸,천송동,599,2019-09-24,49,3,388,Y
여주시,아파트,여주아이파크,현암동,695,2020-11-27,23,6,526,Y
여주시,아파트,여주역LH3단지,교동,194,2023-04-28,18,8,705,N
여주시,아파트,여주역금호어울림베르티스,교동,572,2022-08-26,27,7,605,Y
여주시,아파트,여주역센트레빌트리니체,교동,673,2024-02-28,20,6,404,Y
여주시,아파트,여주역우남퍼스트빌,교동,670-1,2023-04-14,18,8,602,Y
여주시,아파트,여주역푸르지오클라테르,교동,531,2021-12-30,20,8,551,Y
여주시,아파트,여주역휴먼빌아트라움,교동,662-1,2023-05-26,19,8,640,Y
여주시,아파트,여주오드카운티,오학동,408,2014-03-12,15,11,600,Y
여주시,아파트,여주현진에버빌,오학동,100-5,1998-02-09,20,2,495,Y
여주시,연립,여흥빌라,상동,180-2,1988-01-23,3,3,42,N
여주시,아파트,영동아파트,현암동,177-23,1997-01-14,6,2,96,N
여주시,아파트,영진리버빌아파트,연양동,348-4,2006-03-24,15,6,498,Y
여주시,아파트,예일세띠앙아파트,교동,127,2006-01-27,15,8,472,Y
여주시,아파트,우찬셀레스,신지리,1184,2016-07-20,9,1,69,N
여주시,아파트,월드타워,천송동,515-1,2017-10-20,15,1,119,N
여주시,연립,월송주택,월송동,82,1986-01-22,3,2,42,N
여주시,연립,유일연립,홍문동,428-3,1981-10-27,2,5,36,N
여주시,아파트,을성아파트,태평리,106-1,1986-11-25,3,2,65,N
여주시,아파트,이안여주강변아파트,현암동,195,2009-08-05,25,7,586,Y
여주시,아파트,인창아파트,점봉동,114,1991-11-21,12,1,118,N
여주시,연립,일신연와,연양동,159-21,1993-06-18,4,2,48,N
여주시,연립,장미주택,교동,산4-33,1985-09-20,3,2,36,N
여주시,아파트,정광휴레나아파트,멱곡동,376-8,2008-10-30,15,4,225,Y
여주시,연립,중앙파크타운,천송동,597,2014-01-21,4,5,99,N
여주시,아파트,중앙하이빌,천송동,517-5,2012-06-11,15,1,52,N
여주시,연립,태선연립,태평리,193-2,1987-12-11,3,1,18,N
여주시,연립,토산주택,현암동,152-1,1983-08-27,3,3,36,N
여주시,아파트,하나아파트,하동,121-1,1992-09-14,15,2,99,N
여주시,아파트,하리현대아파트,하동,123,1995-12-02,19,4,305,Y
여주시,연립,한강주택,하동,133-1,1986-12-29,3,4,72,N
여주시,아파트,한성아파트,월송동,127-9,2000-03-27,15,6,420,Y
여주시,연립,현대홈타운2차,창동,141,2021-07-01,6,1,32,N
여주시,연립,현암빌라,현암동,155-4,1991-07-19,3,2,45,N
여주시,아파트,호반리젠시빌아파트,교동,Feb-81,2003-10-18,15,7,549,Y
여주시,아파트,홍문삼한아파트,홍문동,산8-1,1991-11-30,5,4,156,N
여주시,아파트,홍문현대아파트,홍문동,181,1996-10-02,23,6,673,Y
연천군,아파트,LH연천수레울 1단지,연천읍 옥산리,860-3,2022-12-14,15,2,140,N
연천군,아파트,e편한세상연천웰스하임,연천읍 옥산리,860,2023-05-02,23,6,499,Y
연천군,아파트,가람채,전곡읍 은대리,530-9,2009-07-24,14,2,114,N
연천군,아파트,강민,전곡읍 전곡리,449-18,1997-12-23,9,1,73,N
연천군,아파트,대삼,전곡읍 전곡리,392-1,1991-06-19,5,1,40,N
연천군,연립,동원주택,전곡읍 전곡리,415-9,1986-12-24,3,5,78,N
연천군,연립,동화연립,전곡읍 전곡리,318-1,1983-10-12,2,3,30,N
연천군,아파트,로하스,연천읍 현가리,498,2014-11-20,15,2,91,N
연천군,아파트,방림,전곡읍 전곡리,324-43,1991-09-11,5,1,60,N
연천군,연립,백련주택,전곡읍 은대리,513-1,1988-10-11,3,3,54,N
연천군,연립,백산주택,전곡읍 전곡리,295-14,1992-05-28,3,1,36,N
연천군,연립,삼진주택,전곡읍 전곡리,326-1,1986-11-21,2,3,36,N
연천군,아파트,샤인,전곡읍 전곡리,325-10,2009-09-10,9,1,53,N
연천군,아파트,석미모닝파크,전곡읍 전곡리,685,2006-06-02,15,4,171,Y
연천군,아파트,석미모닝파크3차,전곡읍 전곡리,707,2020-07-02,20,3,257,Y
연천군,아파트,아느칸빌,청산면 백의리,Jan-50,2006-02-06,5,6,146,N
연천군,연립,연천BIX행복주택,연천읍 통현리,1073,2025-06-30,5,2,100,N
연천군,아파트,연천전곡1단지휴먼시아,전곡읍 전곡리,704,2009-09-23,10,13,428,N
연천군,아파트,연천조흥,연천읍 옥산리,459-1,1996-06-24,13,2,213,Y
연천군,아파트,영도프라자,전곡읍 전곡리,480-35,1998-12-30,10,1,42,N
연천군,아파트,영풍,전곡읍 전곡리,325-4,1991-09-11,6,1,78,N
연천군,아파트,원철그린빌,연천읍 차탄리,756,2002-11-13,7,1,22,N
연천군,아파트,유명,전곡읍 전곡리,318-7,1994-01-06,11,1,90,N
연천군,아파트,은서,전곡읍 전곡리,324-8,1999-01-09,9,1,48,N
연천군,아파트,전곡명정,전곡읍 전곡리,411-3,1995-11-06,15,3,165,Y
연천군,아파트,전곡석미한아름,전곡읍 전곡리,330-3,2002-06-10,15,2,225,Y
연천군,아파트,전곡예일세띠앙,전곡읍 전곡리,684,2006-04-10,20,5,359,Y
연천군,연립,전곡주택,전곡읍 전곡리,318-41,1986-01-07,3,2,24,N
연천군,연립,전일주택,전곡읍 전곡리,387-1,1986-01-07,3,3,69,N
연천군,아파트,제일풍경채 리버파크,전곡읍 전곡리,82,2024-12-20,27,10,845,Y
연천군,아파트,조흥,전곡읍 전곡리,263-5,1992-06-15,6,7,287,N
연천군,아파트,진상,전곡읍 전곡리,267-6,1993-09-28,5,2,79,N
연천군,아파트,청와,전곡읍 전곡리,324-26외1,1991-05-13,5,3,45,N
연천군,연립,초원주택,연천읍 현가리,Jan-86,1986-11-07,3,4,99,N
연천군,아파트,코아루더클래스,전곡읍 은대리,2502,2020-03-06,17,8,307,Y
연천군,연립,태양주택,연천읍 차탄리,628,1989-01-20,3,2,38,N
연천군,아파트,태창,청산면 초성리,173-12,2003-06-30,5,2,80,N
연천군,연립,평화주택,전곡읍 은대리,539-27,1986-08-12,3,6,66,N
연천군,연립,풍진주택,연천읍 차탄리,625,1989-01-23,3,2,30,N
오산시,아파트,(수청)삼익,수청동,15-1,1992-11-05,15,2,220,Y
오산시,아파트,21리버빌,은계동,117,2004-09-13,20,1,198,Y
오산시,아파트,KS건영아느칸빌,원동,825,2004-12-10,20,4,211,Y
오산시,아파트,LG아파트,청호동,Mar-37,1992-04-16,5,5,160,N
오산시,아파트,e편한세상 오산세교,지곶동,577,2018-03-30,25,23,2050,Y
오산시,아파트,가수늘푸른오스카빌,가수동,398,2006-03-17,15,14,898,Y
오산시,아파트,가수주공,가수동,113,1990-10-05,5,16,620,Y
오산시,아파트,고현 I'PARK,고현동,270,2009-01-14,15,12,648,Y
오산시,아파트,금성아파트,오산동,447-6,1986-12-15,6,3,108,N
오산시,아파트,금암마을3단지(A-2BL),금암동,509,2010-05-20,20,14,1262,N
오산시,아파트,금암마을4단지(A-5BL),금암동,513,2010-04-30,20,12,1071,N
오산시,아파트,금암마을7단지(A-6BL),금암동,522,2009-10-16,15,9,736,N
오산시,아파트,꿈에그린 더 센트럴,금암동,498,2011-04-28,25,3,297,Y
오산시,아파트,대동다숲주상복합아파트,오산동,865-1,2006-04-12,15,1,169,Y
오산시,아파트,"대우(1,2차)",수청동,534(514),1993-10-14,15,16,1144,Y
오산시,아파트,대우(3차),궐동,28-3,1997-10-14,15,2,296,Y
오산시,아파트,대우푸르지오,원동,826-1,2005-09-20,15,12,839,Y
오산시,아파트,대원,원동,30,2000-09-16,15,9,894,Y
오산시,아파트,더샵오산센트럴,수청동,622,2020-07-24,25,7,596,Y
오산시,아파트,더샵오산엘리포레,서동,641,2023-12-29,29,7,927,Y
오산시,아파트,동부(2차),갈곶동,220,2000-07-18,20,8,753,Y
오산시,아파트,동부삼환,원동,807,1996-11-29,15,16,1168,Y
오산시,아파트,두산동아,원동,805-2,1999-07-26,18,8,516,Y
오산시,아파트,미소지움,원동,906,2017-07-11,22,3,192,Y
오산시,아파트,삼미마을16단지(A-7BL),내삼미동,897,2013-12-12,20,10,822,N
오산시,아파트,서동탄역더샵파크시티,외삼미동,650,2019-07-30,29,18,2400,Y
오산시,아파트,세교 서희스타힐스,금암동,499,2011-04-06,18,8,412,Y
오산시,아파트,세교데시앙포레,금암동,515,2010-09-08,20,19,1060,Y
오산시,아파트,세교센트럴파크,금암동,517,2009-10-14,18,14,849,Y
오산시,아파트,세교쌍용예가엔에이치에프,내삼미동,898,2017-07-13,21,9,727,N
오산시,아파트,세교우남퍼스트빌아파트,궐동,616-1,2004-12-13,25,10,1023,Y
오산시,아파트,세마 이편한세상,양산동,668-1,2010-02-02,22,30,1646,Y
오산시,아파트,세마역 에듀파크,세교동,624,2010-06-17,20,13,832,Y
오산시,아파트,세마역트루엘더퍼스트,세교동,622,2013-06-24,22,14,1023,Y
오산시,아파트,센트하임,궐동,681-1,2005-11-10,15,1,168,Y
오산시,아파트,수청주공,수청동,11,1989-05-24,5,8,310,Y
오산시,아파트,신동아(1차),서동,125-2,1995-08-26,16,3,498,Y
오산시,아파트,신동아2차,서동,125-8,1999-11-15,20,11,844,Y
오산시,아파트,신양,원동,214-3,1995-06-08,17,1,170,Y
오산시,아파트,신현대,은계동,Jan-91,1996-08-01,18,1,164,Y
오산시,아파트,안국아파트,궐동,Apr-67,1991-05-08,6,2,36,N
오산시,아파트,양산늘푸른오스카빌,양산동,666,2004-03-13,18,7,600,Y
오산시,아파트,오산 세교2 SK뷰 1차,가수동,437,2024-11-25,18,4,264,Y
오산시,아파트,오산 세교2 SK뷰 2차,가수동,442,2025-01-24,25,4,380,Y
오산시,아파트,오산 세교2 중흥 S클래스 에듀파크,궐동,386,2024-09-12,25,12,1245,Y
오산시,아파트,오산 세교2 중흥 S클래스 에듀하이,누읍동,659,2024-09-12,25,8,659,Y
오산시,아파트,오산 세교2 칸타빌더퍼스트,누읍동,693,2025-03-27,20,10,514,Y
오산시,아파트,오산 케이씨씨 스위첸,갈곶동,713,2010-04-30,21,7,408,Y
오산시,아파트,오산누읍휴먼시아1단지,누읍동,621,2010-05-14,15,14,1179,N
오산시,아파트,오산대역 세교 모아미래도,궐동,772,2025-02-14,25,5,414,Y
오산시,아파트,오산대역 엘크루,수청동,625,2013-11-14,22,7,498,Y
오산시,아파트,오산대역 우미린,수청동,569,2004-11-19,20,10,990,Y
오산시,아파트,오산대역꿈에그린,수청동,581,2011-04-20,15,10,580,Y
오산시,아파트,오산대역세교자이,내삼미동,895,2018-01-25,25,14,1110,Y
오산시,아파트,오산대역호반써밋,내삼미동,899,2017-01-09,25,10,855,Y
오산시,아파트,오산라온프라이빗스위트,고현동,16,2024-06-20,26,4,438,Y
오산시,아파트,오산랜드마크1,궐동,609-2,2012-09-21,13,1,168,Y
오산시,아파트,오산롯데캐슬스카이파크,원동,921,2024-01-30,23,18,2339,Y
오산시,아파트,오산세교 우미린 센트럴시티,탑동,284,2025-11-12,25,11,1532,Y
오산시,아파트,오산세교2 7단지,청학동,312,2023-08-14,18,7,863,N
오산시,아파트,오산세교2 엘에이치12단지,가수동,214-3,2019-01-30,15,7,1136,N
오산시,아파트,오산세교2엘에이치21단지,탑동,175-1,2022-03-22,25,3,694,N
오산시,아파트,오산세교주상1블록,세교동,587,2017-12-01,23,3,720,N
오산시,아파트,오산세교하우스토리더센트럴,궐동,684-2,2025-06-11,26,2,192,Y
오산시,아파트,오산세교한신더휴,탑동,320,2025-03-14,25,10,844,Y
오산시,아파트,오산세교한양수자인,서동,643,2024-05-22,29,8,786,Y
오산시,아파트,오산세마효성백년가약,양산동,667-1,2010-02-01,22,6,392,Y
오산시,아파트,오산센트럴푸르지오,오산동,11-01,2018-10-22,25,10,920,Y
오산시,아파트,오산시티자이1단지,부산동,800,2017-10-27,25,11,1099,Y
오산시,아파트,오산시티자이2단지,부산동,801,2017-10-27,25,8,941,Y
오산시,아파트,오산시티자이2차,부산동,815,2019-10-25,29,10,1090,Y
오산시,아파트,오산역 영무 파라드,원동,771-1,2022-05-25,29,4,404,Y
오산시,아파트,오산역e-편한세상 1단지,원동,888,2007-06-26,29,13,1008,Y
오산시,아파트,오산역e-편한세상 2단지,원동,900,2007-06-26,29,18,1360,Y
오산시,아파트,오산원동한양수자인,원동,30-21,2019-06-07,25,4,495,Y
오산시,아파트,오산자이,청호동,321,2007-08-14,20,14,1060,Y
오산시,아파트,오산청학행복주택,청학동,271,2019-02-01,12,2,178,N
오산시,아파트,오산청호1단지,청호동,340,2011-10-04,15,15,1275,N
오산시,아파트,오산청호엘에이치2단지,청호동,341,2018-12-10,15,2,448,N
오산시,아파트,우경싸이트빌,원동,768-1,2005-01-31,15,1,191,Y
오산시,아파트,우림,갈곶동,251,1998-12-28,20,5,901,Y
오산시,아파트,우방힐타운,갈곶동,110-5,1999-08-14,20,5,386,Y
오산시,아파트,운암대동,오산동,923-2,2000-05-30,21,10,660,Y
오산시,아파트,운암주공1단지,부산동,778-1,2000-03-22,20,21,1755,Y
오산시,아파트,운암주공2단지,오산동,920-2,2000-11-18,24,11,1036,Y
오산시,아파트,운암주공3단지,부산동,779-1,2000-05-20,20,20,1651,Y
오산시,아파트,운암주공4단지,오산동,922-4,2000-11-18,23,7,532,Y
오산시,아파트,운암주공5단지,원동,815-1,1999-04-15,20,13,1186,Y
오산시,아파트,운암주공6단지,원동,815-4,1999-04-15,18,5,571,N
오산시,아파트,운암청구,원동,814-2,2001-07-26,21,5,374,Y
오산시,아파트,운암현대,오산동,922-2,2000-04-14,24,6,530,Y
오산시,아파트,원동 힐스테이트,원동,901,2009-07-20,19,6,433,Y
오산시,아파트,원동주공,원동,299-8,1988-10-09,5,8,320,Y
오산시,아파트,원영아파트,갈곶동,211,1999-04-09,15,1,99,N
오산시,아파트,은계주공,은계동,70,1987-03-31,5,12,460,Y
오산시,아파트,이림,누읍동,561-1,2000-11-17,20,3,650,Y
오산시,아파트,제일하이빌,궐동,616-2,2004-08-23,20,4,370,Y
오산시,아파트,죽미마을10단지(A-4BL),금암동,485,2009-09-17,20,13,1167,N
오산시,아파트,죽미마을8단지(A-3BL),금암동,483,2009-08-13,20,10,836,N
오산시,아파트,죽미마을9단지(B-3BL),금암동,496,2011-07-01,20,12,772,Y
오산시,아파트,청구,원동,805-1,1996-09-11,15,5,320,Y
오산시,아파트,청호 엘리시아,청호동,333,2010-03-11,15,5,275,Y
오산시,아파트,태영,원동,551,1996-11-08,20,5,489,Y
오산시,아파트,피오레 아파트,갈곶동,715,2010-10-29,15,4,226,Y
오산시,아파트,한라그린타운,누읍동,438,2000-06-08,20,10,784,Y
오산시,아파트,한솔솔파크,갈곶동,704,2007-08-10,18,9,511,Y
오산시,아파트,한주,원동,552-4,1992-04-16,15,4,299,Y
오산시,아파트,현대1차아파트(현대아파트),은계동,29,1990-07-23,6,1,60,N
오산시,아파트,호반써밋라센트,궐동,767,2024-03-22,25,14,897,Y
오산시,아파트,호반써밋라테라스,수청동,583,2023-04-06,4,10,208,Y
오산시,아파트,호반써밋라포레,궐동,504,2023-06-30,25,9,867,Y
오산시,아파트,화남,갈곶동,175,1998-12-16,17,4,328,Y
오산시,아파트,힐스테이트오산더퍼스트,갈곶동,234 외,2024-05-08,29,9,927,Y
용인시,아파트,e편한세상 구성역 플랫폼시티,기흥구마북동,659,2024-04-25,32,12,999,Y
용인시,아파트,e편한세상 죽전 프리미어포레,수지구죽전동,산27-1,2024-11-29,24,6,430,Y
용인시,아파트,가현마을 신안아파트,기흥구구갈동,344,2001-12-17,20,5,364,Y
용인시,아파트,갈천마을 신일유토빌아파트,기흥구상하동,656,2004-12-08,19,11,510,Y
용인시,아파트,갈현마을 현대홈타운,기흥구신갈동,159,2001-06-21,13,8,584,Y
용인시,아파트,강남마을 3단지 주공아파트,기흥구구갈동,574,2004-11-30,7,5,138,N
용인시,아파트,강남마을 8단지 주공아파트,기흥구상하동,636,2004-05-28,15,13,1176,N
용인시,아파트,강남마을 계룡리슈빌,기흥구구갈동,604,2004-06-25,25,7,528,Y
용인시,아파트,강남마을 자연앤(4단지),기흥구구갈동,600,2004-08-07,22,4,344,Y
용인시,아파트,강남마을 자연앤(6단지),기흥구구갈동,603,2004-08-05,23,6,437,Y
용인시,아파트,강남마을 코오롱 하늘채 수 아파트,기흥구구갈동,543,2004-10-29,7,4,70,N
용인시,아파트,강남마을 코오롱하늘채아파트,기흥구구갈동,597,2004-09-24,25,6,530,Y
용인시,아파트,강남마을 한라비발디,기흥구상하동,630,2004-05-25,25,8,890,Y
용인시,아파트,강남마을 한라비발디 아델70,기흥구구갈동,544,2005-05-27,7,3,70,N
용인시,아파트,강림아파트,처인구백암면,11-04,1990-12-31,6,1,58,N
용인시,연립,경일,처인구이동읍,149-1,1987-08-24,3,2,72,N
용인시,아파트,계수마을 용인수목원 우림필유,처인구포곡읍,672,2006-12-27,15,5,346,Y
용인시,연립,고현마을 고려에센스빌,기흥구신갈동,160,2003-07-31,4,5,72,N
용인시,아파트,골드빌 아파트,처인구김량장동,254-51,2002-01-08,13,1,53,N
용인시,아파트,골드클래스,처인구역북동,563-18,2017-09-29,29,6,623,Y
용인시,아파트,공세 호수마을 상떼레이크뷰,기흥구공세동,692,2010-01-22,15,7,345,Y
용인시,연립,공신연립주택,처인구김량장동,201-3,1985-10-15,3,4,96,N
용인시,아파트,광교 풍경채 어바니티,기흥구영덕동,1332,2023-10-30,43,10,1766,N
용인시,아파트,광교경남아너스빌,수지구상현동,1115,2011-11-30,30,7,700,Y
용인시,아파트,광교마을 45단지,수지구상현동,1113,2014-01-29,30,8,672,Y
용인시,아파트,광교마을 상록자이 아파트,수지구상현동,1134,2012-07-27,30,10,1035,Y
용인시,아파트,광교마을46단지 광교스타클래스 4621~4623동(광교마을 웅진스타클래스 2단지),수지구상현동,1108,2011-12-28,19,3,220,Y
용인시,아파트,광교마을46단지 광교스타클래스4611~4613동(광교마을 웅진스타클래스 1단지),수지구상현동,1107,2011-12-28,19,3,168,Y
용인시,아파트,광교산 자이아파트,수지구신봉동,796-1,2015-04-23,15,7,445,Y
용인시,연립,광교산 한양수자인 더킨포크,수지구신봉동,1024,2017-05-26,4,30,294,Y
용인시,아파트,광교상떼빌파크뷰(구 상현마을 성원상떼빌아파트),수지구상현동,866,2002-12-16,20,13,968,Y
용인시,아파트,광교상현 꿈에그린,수지구성복동,1206,2018-02-28,20,8,639,Y
용인시,아파트,광교상현 솔하임,수지구상현동,1219,2021-02-04,15,1,224,Y
용인시,아파트,교동마을 구성자이3차,기흥구마북동,638,2010-03-29,15,7,309,Y
용인시,아파트,교동마을 동양파라곤,기흥구마북동,641,2010-10-26,20,8,278,Y
용인시,아파트,교동마을 마북 이-편한세상,기흥구마북동,636,2009-10-01,18,8,404,Y
용인시,아파트,교동마을 마북2차 이편한세상,기흥구마북동,649,2010-11-30,15,3,110,N
용인시,아파트,교동마을 신창아파트,기흥구마북동,143,1996-12-23,18,4,490,Y
용인시,아파트,교동마을 쌍용아파트,기흥구마북동,621,2002-03-08,16,7,340,Y
용인시,아파트,교동마을 엘지자이,기흥구마북동,617,2001-08-11,20,7,450,Y
용인시,아파트,교동마을 정광아파트,기흥구마북동,204-5,1997-11-03,18,6,478,Y
용인시,아파트,교동마을 현대필그린아파트,기흥구마북동,625,2002-01-02,18,10,486,Y
용인시,아파트,교동마을 현대홈타운,기흥구마북동,630,2003-08-01,19,14,795,Y
용인시,아파트,구갈 동부아파트,기흥구구갈동,384-1,1992-12-01,10,3,200,Y
용인시,아파트,구갈 풍림아파트,기흥구구갈동,405-1,1996-07-27,19,1,180,Y
용인시,아파트,구갈 한성1차아파트,기흥구구갈동,380,1992-11-18,6,12,570,Y
용인시,아파트,구갈 한성2차아파트,기흥구구갈동,385-1,1993-07-05,6,7,384,Y
용인시,아파트,구갈 한양아파트,기흥구구갈동,396,1993-12-24,15,10,624,Y
용인시,아파트,구미마을 삼라마이다스빌,처인구남동,684,2004-01-02,12,3,159,Y
용인시,아파트,구성 더포레스트(구성 물푸레마을 휴먼시아 6단지),기흥구청덕동,499,2009-07-27,20,6,367,Y
용인시,아파트,구성 물푸레마을 휴먼시아 1단지,기흥구청덕동,513,2008-07-16,15,8,618,N
용인시,아파트,구성 물푸레마을 휴먼시아 2단지,기흥구청덕동,506,2008-06-03,18,6,389,N
용인시,아파트,구성 물푸레마을 휴먼시아 3단지,기흥구청덕동,488,2008-10-07,17,35,988,Y
용인시,아파트,구성 물푸레마을 휴먼시아 5단지,기흥구청덕동,503,2008-06-03,20,11,712,N
용인시,아파트,구성 물푸레마을 휴먼시아 7단지,기흥구청덕동,565,2009-07-27,20,6,398,Y
용인시,아파트,구성 물푸레마을 휴먼시아 9단지,기흥구청덕동,569,2008-09-11,20,13,948,N
용인시,아파트,구성 우림아파트,기흥구마북동,352,1998-01-14,20,4,362,Y
용인시,아파트,구성역 효성해링턴 플레이스,기흥구마북동,651,2016-11-23,15,6,296,Y
용인시,아파트,금령마을 우남퍼스트빌,처인구삼가동,537,2003-11-28,17,7,451,Y
용인시,아파트,금전마을 계룡리슈빌,처인구포곡읍,447,2006-04-05,15,8,441,Y
용인시,아파트,금평마을 영화2차아파트,처인구고림동,1000,2003-12-23,15,6,428,Y
용인시,아파트,금학마을 금호어울림아파트,처인구김량장동,526,2009-11-24,18,7,484,Y
용인시,아파트,금화마을 대우현대아파트,기흥구상갈동,461,2001-06-22,15,12,664,Y
용인시,아파트,금화마을 주공그린빌 6단지,기흥구상갈동,480,2001-09-07,5,3,228,Y
용인시,아파트,금화마을 주공그린빌3단지,기흥구상갈동,481,2001-10-08,20,10,1070,Y
용인시,아파트,금화마을 주공그린빌4단지,기흥구상갈동,463,2001-10-12,20,8,742,Y
용인시,아파트,금화마을 주공그린빌5단지,기흥구상갈동,454,2001-10-16,20,10,681,Y
용인시,연립,금화마을주공그린빌,기흥구상갈동,479,2001-09-07,4,4,40,N
용인시,아파트,기흥 더샵 프라임뷰,기흥구신갈동,733,2013-09-03,26,8,612,Y
용인시,아파트,기흥 써니밸리 아파트,기흥구고매동,883,2009-12-31,15,4,171,Y
용인시,아파트,기흥 호수청구아파트,기흥구공세동,382-1,1997-11-14,19,7,498,Y
용인시,아파트,기흥 효성해링턴플레이스,기흥구하갈동,1267,2019-03-29,26,17,1679,Y
용인시,아파트,기흥글로리시장아파트,기흥구구갈동,409,1996-08-10,10,1,44,N
용인시,아파트,기흥삼정선비마을,기흥구보라동,289-12,1998-10-29,20,3,299,Y
용인시,아파트,기흥역 더샵 주상복합,기흥구구갈동,234,2018-11-09,47,6,1219,Y
용인시,아파트,기흥역 롯데캐슬 레이시티,기흥구구갈동,227-32,2017-11-29,38,1,260,Y
용인시,아파트,기흥역 롯데캐슬스카이,기흥구신갈동,63,2014-12-22,31,3,625,Y
용인시,아파트,기흥역 힐스테이트,기흥구구갈동,660,2018-08-24,49,5,976,Y
용인시,아파트,기흥역세권 센트럴푸르지오 주상복합,기흥구구갈동,234-2,2018-06-22,49,8,1316,Y
용인시,아파트,기흥역세권 지웰푸르지오 주상복합,기흥구구갈동,658,2017-11-29,38,6,561,Y
용인시,아파트,기흥역세권 파크푸르지오 주상복합,기흥구구갈동,234,2018-07-11,40,6,768,Y
용인시,아파트,기흥푸르지오포레피스,기흥구영덕동,1331,2023-05-30,31,7,677,Y
용인시,아파트,기흥힉스유타워,기흥구영덕동,1315,2019-11-01,24,1,230,Y
용인시,아파트,김량장 주공아파트,처인구김량장동,502-1,1998-11-10,15,6,495,N
용인시,아파트,김량장 현대아파트,처인구김량장동,04-02,1995-12-14,21,7,755,Y
용인시,아파트,까뮤이스테이트(LH청년나래가),수지구죽전동,931,2020-08-31,18,1,193,N
용인시,아파트,꽃메마을 극동스타클래스,수지구죽전동,1311,2004-06-30,23,3,196,Y
용인시,아파트,꽃메마을 금강아파트,수지구죽전동,1300,2004-09-03,15,2,120,N
용인시,아파트,꽃메마을 아이파크,수지구죽전동,1307,2004-07-30,21,5,374,Y
용인시,아파트,꽃메마을 한라신영프로방스,수지구죽전동,1302,2004-06-30,25,5,388,Y
용인시,아파트,꽃메마을 한라프로방스 Ⅱ,수지구죽전동,1306,2004-06-30,22,3,195,Y
용인시,아파트,꽃메마을 현대홈타운 (4차 3단지),수지구죽전동,1304,2004-06-29,22,11,770,Y
용인시,아파트,꽃메마을 현대홈타운 (4차 4단지),수지구죽전동,1303,2004-06-29,19,5,342,Y
용인시,아파트,꽃메마을 현대홈타운 (4차2단지),수지구죽전동,1269,2004-06-29,16,5,254,Y
용인시,아파트,내대지마을 건영캐스빌,수지구죽전동,1182,2004-11-25,25,19,1254,Y
용인시,아파트,내대지마을 광명샤인빌,수지구죽전동,1380,2005-10-10,13,2,91,N
용인시,아파트,내대지마을 용인죽전동부센트레빌,수지구죽전동,172-1,1998-12-01,19,7,536,Y
용인시,아파트,내대지마을 우미이노스빌(601동),수지구죽전동,1194,2004-12-20,15,1,59,N
용인시,아파트,내대지마을 정석베르데파크아파트,수지구죽전동,1385,2006-12-22,10,2,37,N
용인시,아파트,내대지마을 주공아파트(임대),수지구죽전동,1367,2006-04-17,13,3,225,N
용인시,아파트,내대지마을 죽전이편한세상아파트,수지구죽전동,1119,2003-08-28,15,2,141,N
용인시,아파트,내대지마을 진흥더블파크,수지구죽전동,1381,2004-06-30,14,2,160,Y
용인시,아파트,내대지마을 푸르지오아파트,수지구죽전동,1221,2004-10-29,20,2,142,N
용인시,아파트,내대지마을 힐스테이트,수지구죽전동,1373,2004-06-30,15,3,120,N
용인시,아파트,내대지마을주공2단지,수지구죽전동,1226,2005-07-20,15,2,136,N
용인시,아파트,넥스빌아파트,기흥구상갈동,102-3,1997-06-26,20,1,142,N
용인시,아파트,녹십자아파트,처인구포곡읍,196-6,1990-12-12,6,1,30,N
용인시,아파트,녹원마을 새천년 그린빌 1단지,기흥구신갈동,681,2006-03-15,20,7,414,Y
용인시,아파트,녹원마을 새천년 그린빌 2단지아파트,기흥구신갈동,682,2004-06-17,18,4,238,Y
용인시,아파트,녹원마을 새천년그린빌 3단지,기흥구신갈동,707,2005-12-31,15,9,693,N
용인시,아파트,녹원마을 새천년그린빌 4단지,기흥구신갈동,703,2004-07-16,21,14,923,Y
용인시,아파트,녹원마을 새천년그린빌 5단지,기흥구신갈동,697,2004-08-23,25,19,915,Y
용인시,아파트,능안마을 그린힐아파트,처인구김량장동,513,2004-11-01,15,1,86,N
용인시,아파트,대연아파트,처인구김량장동,291,1987-08-13,6,2,66,N
용인시,아파트,대지마을 2차 현대홈타운,수지구죽전동,1110,2001-08-02,20,4,346,Y
용인시,아파트,대지마을 대주한신아파트,수지구죽전동,453-1,1998-04-24,19,3,311,Y
용인시,아파트,대지마을 수지길훈1차아파트,수지구죽전동,454,1999-02-27,19,3,336,Y
용인시,아파트,대지마을 죽전퍼스트하임,수지구죽전동,488,1999-02-20,20,5,480,Y
용인시,아파트,대지마을 중앙하이츠빌,수지구죽전동,1112,2001-11-10,20,5,271,Y
용인시,아파트,대지마을 현대홈타운 3차 2단지,수지구죽전동,1118,2003-04-03,20,9,537,Y
용인시,아파트,더샵 동천이스트포레,수지구동천동,산 151-2,2020-08-14,29,10,980,Y
용인시,아파트,더샵수지포레(구 상현 더샵 파크사이드),수지구상현동,1214,2019-08-28,35,6,479,Y
용인시,연립,덕현빌라,처인구백암면,16-1,1986-01-29,3,1,27,N
용인시,아파트,도담마을  현대홈타운 4차 1단지,수지구죽전동,1116,2001-04-02,15,5,351,Y
용인시,아파트,도담마을 7단지 뜨리에체아파트,수지구죽전동,414,1999-02-27,20,6,430,Y
용인시,아파트,도담마을 롯데캐슬,수지구죽전동,1115,2002-03-29,20,5,231,Y
용인시,아파트,도담마을 아이파크,수지구죽전동,331,1998-12-18,20,3,360,Y
용인시,아파트,도담마을 우미이노스빌 죽전1차,수지구죽전동,1261,2004-10-05,25,4,418,Y
용인시,아파트,도담마을 주공8단지아파트,수지구죽전동,1279,2005-08-05,15,7,643,N
용인시,아파트,도담마을 죽전파크빌,수지구죽전동,339,1997-06-14,20,5,561,Y
용인시,아파트,도담마을 푸르지오아파트(601-602동),수지구죽전동,1275,2004-12-23,20,2,111,N
용인시,아파트,도담마을 한양수자인,수지구죽전동,1262,2004-12-01,24,4,332,Y
용인시,아파트,도담마을 휴먼빌,수지구죽전동,1483,2010-04-16,20,4,260,Y
용인시,연립,도무스빌,기흥구신갈동,01-10,2011-11-30,5,1,46,N
용인시,아파트,도현마을 현대아파트,기흥구신갈동,165,2001-05-25,15,7,568,Y
용인시,아파트,동남,처인구마평동,"730,730-8",1986-11-07,5,3,70,N
용인시,아파트,동문그린아파트,수지구동천동,400-1,1998-11-14,24,1,227,Y
용인시,아파트,동백 광명샤인빌,기흥구중동,1126,2014-02-27,10,1,138,N
용인시,다세대,동백 라온프라이빗 테라스파크,기흥구동백동,588,2018-08-03,3,21,133,N
용인시,다세대,동백코아루스칸디나하우스,기흥구동백동,665,2017-07-28,3,35,98,N
용인시,아파트,동부아파트,기흥구언남동,240-1,1998-12-03,19,5,446,Y
용인시,아파트,동성아파트,기흥구고매동,359,1997-01-09,16,2,216,Y
용인시,아파트,동오아파트,기흥구신갈동,02-01,1989-01-11,5,2,99,N
용인시,아파트,동원마을 동원로얄듀크,기흥구동백동,683,2007-07-31,19,7,477,Y
용인시,아파트,동은아파트,처인구백암면,28-1,1994-04-02,5,1,50,N
용인시,아파트,동천 더샵 파크사이드,수지구동천동,917,2018-08-03,21,5,330,Y
용인시,아파트,동천마을 동문3차아파트,수지구동천동,858,2001-11-07,25,3,181,Y
용인시,아파트,동천마을 영풍아파트,수지구동천동,911,2003-07-14,22,2,149,N
용인시,아파트,동천마을 현대1차홈타운,수지구동천동,859,2002-04-29,25,7,466,Y
용인시,아파트,동천마을 현대2차홈타운,수지구동천동,862,2002-04-17,25,9,1128,Y
용인시,아파트,동천마을동문굿모닝힐5차,수지구동천동,914,2007-10-31,25,15,1334,Y
용인시,아파트,동천마을동문굿모닝힐6차,수지구동천동,913,2007-10-31,24,4,220,Y
용인시,아파트,동천센트럴자이(구 동천자이2차),수지구동천동,164-4,2019-05-30,36,8,1057,Y
용인시,아파트,동천역 공동주택,수지구동천동,325-14,2025-12-31,20,2,130,N
용인시,아파트,동천역 트리너스,수지구동천동,94,2024-08-21,13,2,94,N
용인시,아파트,동천역자이르네,수지구동천동,181-1,2025-04-08,24,1,112,N
용인시,아파트,동천자이,수지구동천동,105-3,2018-08-30,36,10,1437,Y
용인시,아파트,동천파크뷰,수지구동천동,969,2014-08-08,8,1,79,N
용인시,아파트,동천파크자이,수지구동천동,930,2019-07-29,22,6,388,Y
용인시,아파트,두보아파트,처인구마평동,923,1999-10-29,21,2,248,Y
용인시,아파트,둥지아파트,기흥구신갈동,435-42,1996-04-17,4,2,64,N
용인시,아파트,드림랜드아파트,기흥구신갈동,116-2,1992-08-05,15,2,299,Y
용인시,연립,라신빌라,기흥구구갈동,398,1985-04-17,3,3,51,N
용인시,아파트,라이프미성아파트,처인구김량장동,193,1991-11-30,13,1,75,N
용인시,아파트,라이프청수아파트(청수종합시장),처인구역북동,418-3,1993-10-05,11,1,53,N
용인시,아파트,라이프한우리1차,처인구역북동,470-7,1991-04-29,14,1,86,N
용인시,아파트,래미안수지 이스트파크,수지구풍덕천동,1198,2015-10-30,20,12,845,Y
용인시,아파트,레이크포레,수지구상현동,306-11,2017-06-23,25,3,235,Y
용인시,아파트,마평 라이프아파트,처인구마평동,605-1,1993-06-11,19,2,290,Y
용인시,아파트,마평 우성아파트,처인구마평동,650-1,1996-05-23,18,3,358,Y
용인시,아파트,마평 주공아파트,처인구마평동,956,2004-09-24,15,7,639,N
용인시,아파트,만현마을 10단지 아이파크,수지구상현동,857,2002-07-18,20,11,584,Y
용인시,아파트,만현마을 1단지 롯데캐슬아파트,수지구상현동,859,2002-09-18,20,12,992,Y
용인시,아파트,만현마을 2단지아이파크,수지구상현동,856,2002-04-30,19,5,404,Y
용인시,아파트,만현마을 3단지 성원상떼빌,수지구상현동,864,2002-08-30,20,8,554,Y
용인시,아파트,만현마을 5단지아이파크,수지구상현동,858,2002-04-30,19,7,528,Y
용인시,아파트,만현마을 8단지 두산위브,수지구상현동,861,2002-08-26,20,8,556,Y
용인시,아파트,만현마을 9단지 엘지자이아파트,수지구상현동,869,2003-06-27,20,12,1034,Y
용인시,아파트,만현마을 동보2차아파트,수지구상현동,1,1998-05-09,20,4,702,Y
용인시,아파트,만현마을 쌍용1차아파트,수지구상현동,850,2001-06-19,20,13,992,Y
용인시,아파트,만현마을 쌍용3차,수지구상현동,852,2001-09-28,15,6,375,Y
용인시,아파트,매화마을 우남드림밸리아파트,기흥구고매동,877,2002-09-12,15,9,166,Y
용인시,아파트,매화마을 우림홀인원아파트,기흥구고매동,880,2003-09-30,15,5,299,Y
용인시,아파트,목련,처인구마평동,597-1,1990-11-06,5,1,25,N
용인시,아파트,물푸레마을 4단지 경남아너스빌,기흥구청덕동,497,2008-06-18,15,4,240,Y
용인시,아파트,물푸레마을 용인구성호반베르디움,기흥구청덕동,567,2008-06-26,20,7,308,Y
용인시,아파트,민속마을 신창미션힐아파트,기흥구보라동,558,2002-09-17,20,14,926,Y
용인시,아파트,민속마을 쌍용아파트,기흥구보라동,553,2002-05-20,20,20,1596,Y
용인시,아파트,민속마을 현대모닝사이드 1차,기흥구보라동,570,2004-01-26,20,17,1112,Y
용인시,아파트,배머루마을 인정베네치아빌리지,처인구포곡읍,555,2002-03-05,19,5,347,Y
용인시,아파트,백현마을 7단지 주공그린빌,기흥구동백동,581,2006-03-23,20,6,561,N
용인시,아파트,백현마을 9단지 주공그린빌,기흥구동백동,584,2006-05-17,21,12,981,N
용인시,아파트,백현마을 동일하이빌,기흥구중동,874,2006-03-21,23,14,743,Y
용인시,아파트,백현마을 모아미래도,기흥구동백동,599,2006-02-27,20,10,838,Y
용인시,아파트,백현마을 모아미래도(2단지),기흥구동백동,593,2006-02-27,20,5,336,Y
용인시,아파트,백현마을 서해그랑블,기흥구동백동,579,2006-04-20,25,8,482,Y
용인시,아파트,백현마을 코아루아파트,기흥구동백동,661,2006-03-29,23,6,414,Y
용인시,아파트,백현마을 한라비발디(1단지),기흥구동백동,596,2006-02-27,20,6,342,Y
용인시,아파트,백현마을 한라비발디(2단지),기흥구동백동,662,2006-02-27,22,5,304,Y
용인시,아파트,백현마을 휴먼시아 8단지,기흥구동백동,583,2006-11-06,20,7,600,Y
용인시,아파트,백현마을상록롯데캐슬,기흥구중동,878,2007-02-06,25,4,295,Y
용인시,아파트,버들치마을 경남아너스빌 1차,수지구성복동,753,2007-06-14,20,12,816,Y
용인시,아파트,버들치마을 경남아너스빌 2차,수지구성복동,754,2010-03-31,20,5,214,Y
용인시,아파트,버들치마을 성복 힐스테이트 1차,수지구성복동,771,2011-07-01,20,12,645,Y
용인시,아파트,버들치마을 성복 힐스테이트 2차,수지구성복동,759,2010-06-06,20,10,689,Y
용인시,아파트,버들치마을 성복 힐스테이트 3차,수지구성복동,760,2010-06-06,20,12,823,Y
용인시,아파트,버들치마을 성복자이1차,수지구성복동,758,2010-06-03,20,12,719,Y
용인시,아파트,버들치마을 성복자이2차,수지구성복동,767,2011-10-28,20,13,783,Y
용인시,아파트,벽산블루밍아파트,수지구상현동,99,1998-08-31,20,8,631,Y
용인시,아파트,보뜨랑마을 벽산블루밍아파트,수지구동천동,912,2004-11-12,24,3,182,Y
용인시,아파트,보라마을 현대모닝사이드 2차,기흥구보라동,564,2003-06-27,19,12,771,Y
용인시,아파트,보라효성해링턴플레이스,기흥구보라동,660,2019-05-29,29,11,970,Y
용인시,아파트,보정 샬레아파트,기흥구보정동,1401,2015-11-12,26,2,155,Y
용인시,아파트,보평마을 삼정그린뷰아파트,처인구고림동,1001,2004-04-30,15,7,360,Y
용인시,아파트,불곡마을 벽산블루밍아파트,기흥구공세동,663,2005-07-22,15,8,390,Y
용인시,아파트,산양마을 푸르지오아파트,기흥구신갈동,691,2004-07-30,15,7,346,Y
용인시,아파트,삼가 풍림아파트,처인구삼가동,117,1998-12-19,20,5,377,Y
용인시,아파트,삼거마을 삼성래미안 1차아파트,기흥구마북동,629,2002-12-31,20,17,1282,Y
용인시,아파트,삼보라이프상가아파트,처인구김량장동,321,1996-01-29,10,1,70,N
용인시,아파트,삼성래미안아파트,기흥구보라동,450,1996-05-30,15,6,370,Y
용인시,아파트,삼성아파트,처인구역북동,381,1989-10-19,6,1,50,N
용인시,아파트,삼성에버랜드사원아파트,처인구역북동,426,1990-08-20,5,1,50,N
용인시,아파트,삼아맨션,처인구역북동,438-1,1987-06-10,5,2,99,N
용인시,아파트,삼익 리베리움,기흥구신갈동,71-35,2017-06-08,14,1,171,Y
용인시,아파트,삼익아파트,기흥구신갈동,14,1999-02-18,18,2,296,Y
용인시,아파트,삼환아파트,처인구김량장동,502-2,1999-11-30,18,2,180,Y
용인시,아파트,상현마을 금호 베스트빌4단지,수지구상현동,840,2002-02-27,19,3,224,Y
용인시,아파트,상현마을 금호베스트빌1단지,수지구상현동,827,2001-03-31,17,8,573,Y
용인시,아파트,상현마을 금호베스트빌2단지,수지구상현동,832,2001-03-31,19,6,407,Y
용인시,아파트,상현마을 금호베스트빌3단지,수지구상현동,837,2002-02-27,20,3,159,Y
용인시,아파트,상현마을 동일스위트,수지구상현동,838,2001-11-30,20,5,312,Y
용인시,아파트,상현마을 성우5차아파트,수지구상현동,843,2003-10-21,20,4,310,Y
용인시,아파트,상현마을 수지센트럴아이파크,수지구상현동,842,2006-08-28,20,14,895,Y
용인시,아파트,상현마을 쌍용1차아파트(A단지),수지구상현동,824,2001-12-05,20,7,421,Y
용인시,아파트,상현마을 쌍용2차아파트(B단지),수지구상현동,828,2001-12-05,20,5,315,Y
용인시,아파트,상현마을 쌍용3차아파트(C단지),수지구상현동,831,2001-12-05,19,4,251,Y
용인시,아파트,상현마을 현대2차아파트,수지구상현동,853,2001-12-21,20,7,498,Y
용인시,아파트,상현마을 현대성우1차,수지구상현동,851,2001-09-15,19,9,470,Y
용인시,아파트,상현마을 현대성우2차아파트,수지구상현동,825,2001-12-26,20,4,198,Y
용인시,아파트,상현마을 현대성우3차아파트,수지구상현동,855,2002-04-25,19,5,336,Y
용인시,아파트,새릉골마을 풍림아파트,기흥구신갈동,166,2001-03-17,19,5,340,Y
용인시,아파트,새터마을 모아미래도 (301-305동),수지구죽전동,1216,2005-02-03,15,4,252,Y
용인시,아파트,새터마을 우미이노스빌 (201동) 죽전5차,수지구죽전동,1213,2004-12-20,15,1,59,N
용인시,아파트,새터마을 우미이노스빌(101동) 죽전3차,수지구죽전동,1211,2004-12-20,15,1,56,N
용인시,아파트,새터마을 죽전힐스테이트,수지구죽전동,1165,2004-06-29,25,23,1998,Y
용인시,아파트,새터마을 푸르지오아파트,수지구죽전동,1198,2004-12-28,20,2,79,N
용인시,아파트,샘골마을 풍성 신미주아파트 2단지,처인구이동읍,1124,2005-02-05,15,3,234,Y
용인시,아파트,샘골마을 풍성신미주아파트 1단지,처인구이동읍,1119,2005-02-05,15,12,800,Y
용인시,아파트,서그내마을 서천아이파크,기흥구서천동,708,2009-09-30,15,6,243,Y
용인시,아파트,서그내마을 에스케이아파트,기흥구서천동,700,2002-05-20,20,8,807,Y
용인시,아파트,서원마을 3단지 아이파크,수지구상현동,860,2002-09-06,20,6,438,Y
용인시,아파트,서원마을 금호베스트빌 5단지,수지구상현동,867,2002-12-04,20,11,890,Y
용인시,아파트,서원마을 현대홈타운아파트,수지구상현동,Jun-85,2001-02-17,20,6,462,Y
용인시,아파트,서천2차IPARK,기흥구서천동,755,2016-02-26,13,6,289,Y
용인시,아파트,서천마을 1단지,기흥구서천동,736,2012-12-17,15,14,826,Y
용인시,아파트,서천마을 휴먼시아 2단지(임대),기흥구서천동,743,2011-06-14,18,8,663,N
용인시,아파트,서천마을 휴먼시아 3단지(임대),기흥구농서동,395,2011-05-17,20,10,980,N
용인시,아파트,서천마을쌍용예가(서천마을 4단지),기흥구서천동,823,2012-12-17,15,11,556,Y
용인시,아파트,서홍마을 4단지(효성.현산),수지구신봉동,893,2004-01-10,20,6,388,Y
용인시,아파트,서홍마을 벽산블루밍,수지구신봉동,876,2004-01-26,18,4,246,Y
용인시,아파트,서홍마을 우남퍼스트빌,수지구신봉동,905,2004-01-14,20,11,962,Y
용인시,아파트,서홍마을 한일아파트,수지구신봉동,874,2003-12-30,18,4,296,Y
용인시,아파트,서홍마을 한화꿈에그린,수지구신봉동,880,2004-01-20,20,5,404,Y
용인시,아파트,서희스타힐스포레스트,처인구역북동,233,2023-03-30,28,21,1872,Y
용인시,아파트,성남마을 벽산첼시빌2,수지구성복동,723,2002-10-31,18,14,951,Y
용인시,아파트,성동마을 LG빌리지 6차,수지구성복동,731,2003-03-26,20,14,956,Y
용인시,아파트,성동마을 LG빌리지1차,수지구성복동,155,2001-02-19,20,17,1164,Y
용인시,아파트,성동마을 LG빌리지2차,수지구성복동,90,2001-03-03,20,8,758,Y
용인시,아파트,성동마을 LG빌리지3차,수지구성복동,726,2002-08-28,20,15,1234,Y
용인시,아파트,성동마을 강남빌리지,수지구성복동,84,2001-02-19,18,8,428,Y
용인시,아파트,성동마을 수지자이2차,수지구성복동,762,2010-09-27,20,10,500,Y
용인시,아파트,성동마을 수지자이아파트,수지구성복동,752,2006-05-30,20,12,680,Y
용인시,연립,성림아트맨션,처인구고림동,"748-6, 748-11",1990-02-23,5,3,45,N
용인시,아파트,성복역 롯데캐슬 골드타운,수지구성복동,789,2019-06-28,34,13,2356,Y
용인시,아파트,성복역 롯데캐슬 클라시엘,수지구성복동,819,2021-01-29,20,20,1094,Y
용인시,아파트,성복역 롯데캐슬 파크나인1차,수지구성복동,814,2020-06-30,20,8,534,Y
용인시,아파트,성복역KCC스위첸,수지구성복동,167,2019-03-22,25,1,188,Y
용인시,연립,성산마을 남광하우스토리,기흥구중동,869,2007-11-16,4,9,134,N
용인시,아파트,성산마을 서해그랑블,기흥구중동,860,2006-04-27,24,10,564,Y
용인시,아파트,성산마을 신영지웰,기흥구중동,870,2006-08-31,27,10,590,Y
용인시,연립,성산마을 어울림 타운하우스,기흥구중동,865,2008-10-13,4,3,24,N
용인시,연립,성산마을 어울림 타운하우스,기흥구중동,863,2008-10-13,4,3,24,N
용인시,연립,성산마을 카운티스,기흥구중동,922,2006-10-26,4,8,96,N
용인시,아파트,성웅아파트,처인구유방동,181,1998-05-15,18,3,271,Y
용인시,아파트,성현마을 광명샤인빌 (401-403동) 죽전1차,수지구죽전동,1355,2005-02-03,15,3,192,Y
용인시,아파트,성현마을 반도유보라,수지구죽전동,1235,2004-06-30,23,8,637,Y
용인시,아파트,성현마을 우미이노스빌 (201-208동) 죽전2차,수지구죽전동,1329,2004-12-20,15,8,538,Y
용인시,아파트,성현마을 주공3단지아파트,수지구죽전동,1233,2005-07-20,15,6,388,N
용인시,아파트,세원아파트,기흥구고매동,385-1,1993-05-01,16,2,320,Y
용인시,연립,세종그랑시아 1차,기흥구구갈동,270,1999-10-30,4,8,120,N
용인시,연립,세종그랑시아 2차,기흥구구갈동,273,1999-11-08,4,10,194,Y
용인시,아파트,솔뫼마을 현대홈타운,기흥구보정동,1169,2001-12-20,13,7,382,Y
용인시,아파트,송전마을 세광엔리치아파트,처인구이동읍,1227,2010-04-30,19,13,782,Y
용인시,연립,송전빌라,처인구이동읍,192,1986-11-21,3,1,24,N
용인시,아파트,수원동마을 쌍용스윗닷홈 2단지(201-207),기흥구상하동,652,2004-11-23,20,7,465,Y
용인시,아파트,수원동마을 쌍용아파트,기흥구상하동,621,2002-05-30,20,18,1342,Y
용인시,아파트,수지 e편한세상 주상복합,수지구풍덕천동,1209,2017-08-25,30,15,1237,Y
용인시,아파트,수지 건영아파트,수지구풍덕천동,694,1995-02-24,16,3,190,Y
용인시,아파트,수지 동도센트리움,수지구상현동,1203,2017-03-31,15,1,168,Y
용인시,아파트,수지 동문아파트,수지구풍덕천동,690,1994-12-20,19,5,368,Y
용인시,아파트,수지 동보1차아파트,수지구풍덕천동,703,1995-04-07,17,5,470,Y
용인시,아파트,수지 동보3차아파트,수지구풍덕천동,504-10,1999-03-26,20,1,279,Y
용인시,아파트,수지 동보4차아파트,수지구풍덕천동,240-3,2000-04-28,18,3,174,Y
용인시,아파트,수지 동부아파트,수지구풍덕천동,691,1995-07-31,17,6,612,Y
용인시,아파트,수지 보원아파트,수지구풍덕천동,692,1994-12-22,15,5,619,Y
용인시,아파트,수지 삼성 1차아파트,수지구풍덕천동,693,1994-12-20,18,6,576,Y
용인시,아파트,수지 삼성2차아파트,수지구풍덕천동,692-1,1995-12-06,18,5,420,Y
용인시,아파트,수지 삼성4차아파트,수지구풍덕천동,663-1,1994-12-20,15,9,1137,Y
용인시,아파트,수지 삼익풍림동아 아파트,수지구풍덕천동,664,1994-12-20,15,12,1620,Y
용인시,아파트,수지 성원아파트,수지구상현동,30,1997-12-20,20,19,1744,Y
용인시,아파트,수지 파크푸르지오,수지구풍덕천동,1223,2019-03-28,23,5,430,Y
용인시,아파트,수지 풍림2차아파트,수지구동천동,176-1,1998-12-31,23,2,271,Y
용인시,아파트,수지 한국아파트,수지구풍덕천동,699,1995-06-19,16,5,416,Y
용인시,아파트,수지 한성아파트,수지구풍덕천동,698-2,1995-03-28,15,10,774,Y
용인시,아파트,수지 현대1차아파트,수지구풍덕천동,700-1,1994-12-20,15,12,1168,Y
용인시,연립,수지CJ빌리지,풍덕천동,19-1,2000-11-09,4,4,36,N
용인시,아파트,수지구청역 롯데캐슬 하이브엘,기흥구보정동,1404번지,2025-05-20,36,4,715,N
용인시,연립,수지성복 효성해링턴코트,수지구성복동,784,2018-02-28,4,16,236,Y
용인시,아파트,수지스카이뷰,수지구신봉동,1034,2022-06-28,49,4,363,Y
용인시,아파트,수지신봉동도센트리움,수지구신봉동,965,2019-01-31,26,2,184,Y
용인시,연립,수지웰스톤시티,수지구신봉동,925,2015-04-23,4,6,265,Y
용인시,연립,수지제일아이조움 (장영태),수지구성복동,Feb-34,2012-07-19,3,1,133,N
용인시,아파트,수지진산마을푸르지오,수지구풍덕천동,1191,2012-07-27,25,6,438,Y
용인시,아파트,수지푸르지오 월드마크,수지구풍덕천동,1195,2013-05-24,23,3,198,Y
용인시,아파트,수진마을 2단지(효성.현산),수지구동천동,868,2004-01-10,18,6,344,Y
용인시,아파트,수진마을 신명스카이뷰,수지구동천동,870,2004-01-17,15,4,262,Y
용인시,아파트,수진마을 써니밸리아파트,수지구동천동,864,2004-01-26,19,7,627,Y
용인시,아파트,수진마을 우미이노스빌,수지구동천동,869,2004-01-20,15,6,396,Y
용인시,아파트,스위트홈 아파트,처인구김량장동,329-2,2016-12-26,15,1,168,Y
용인시,아파트,스파 팰리스 리가,기흥구언남동,503,2012-07-02,20,8,533,Y
용인시,아파트,신갈 두원아파트,기흥구구갈동,397-2,1994-08-19,12,1,72,N
용인시,아파트,신갈 두원아파트,기흥구구갈동,397-1,1994-06-08,11,2,42,N
용인시,아파트,신갈 정문아파트,기흥구신갈동,06-09,1997-10-24,18,1,85,N
용인시,아파트,신동백 동도센트리움,기흥구중동,1140,2016-12-14,15,2,254,Y
용인시,아파트,신동백 두산위브더제니스,기흥구동백동,694,2021-06-30,32,10,1187,Y
용인시,아파트,신동백 서해그랑블 2차,기흥구중동,1139,2014-06-03,20,10,817,Y
용인시,아파트,신동백서해그랑블1차아파트,기흥구중동,1102,2013-07-26,22,5,236,Y
용인시,연립,신동아,기흥구구갈동,"390-2,8",1986-11-11,3,3,48,N
용인시,다세대,신동아빌라,기흥구구갈동,401,1986-11-11,3,2,21,N
용인시,아파트,신명아파트,기흥구구갈동,384-2,1993-05-17,10,1,60,N
용인시,아파트,신미주아파트,기흥구신갈동,14-4,1995-02-24,20,2,247,Y
용인시,아파트,신봉마을 LG빌리지5차 A단지,수지구신봉동,870,2002-08-31,20,8,532,Y
용인시,아파트,신봉마을 LG빌리지5차 B단지,수지구신봉동,871,2002-08-31,20,8,556,Y
용인시,아파트,신봉마을 LG자이 1차,수지구신봉동,873,2004-02-17,20,24,1990,Y
용인시,아파트,신봉마을 동부센트레빌 5단지,수지구신봉동,949,2010-09-24,17,8,490,Y
용인시,아파트,신봉마을 동부센트레빌 6단지,수지구신봉동,419-1,2010-09-24,17,8,450,Y
용인시,아파트,신봉마을 동부센트레빌1단지,수지구신봉동,224,2010-05-03,15,5,298,Y
용인시,아파트,신봉마을 동일하이빌 4단지,수지구신봉동,976,2010-10-04,28,13,636,Y
용인시,아파트,신봉마을 동일하이빌2단지,수지구신봉동,308-28,2010-06-22,15,8,232,Y
용인시,아파트,신봉마을 동일하이빌3단지,수지구신봉동,985,2010-07-30,15,13,594,Y
용인시,아파트,신봉마을 자이 2차아파트,수지구신봉동,911,2005-08-24,20,22,1626,Y
용인시,아파트,신봉마을 자이3차,수지구신봉동,912,2007-03-30,15,8,401,Y
용인시,아파트,신성아파트,기흥구구갈동,393,1988-10-14,6,2,98,N
용인시,아파트,신우아파트,처인구김량장동,503-3,1999-10-29,18,3,178,Y
용인시,아파트,신원 1차아파트,처인구포곡읍,385,1998-07-14,20,5,474,Y
용인시,아파트,신원 2차아파트,처인구포곡읍,147,1999-12-20,20,2,296,Y
용인시,아파트,신정마을 6단지상록,수지구풍덕천동,1028,2000-01-31,20,5,393,Y
용인시,아파트,신정마을 7단지상록,수지구풍덕천동,1060,2000-01-31,20,7,670,Y
용인시,아파트,신정마을 9단지 주공A,수지구풍덕천동,1104,2000-05-04,20,9,812,Y
용인시,아파트,신정마을 극동.임광A,수지구풍덕천동,1018,2000-05-26,18,6,424,Y
용인시,아파트,신정마을 성지A,수지구풍덕천동,1021,2000-05-27,20,7,538,Y
용인시,아파트,신정마을 우성A,수지구풍덕천동,1025,2000-05-13,19,5,443,Y
용인시,아파트,신정마을 주공1단지아파트,수지구풍덕천동,1065,2000-03-31,20,12,1044,Y
용인시,아파트,신정마을 진흥아파트,수지구풍덕천동,1027,1999-12-13,18,6,414,Y
용인시,아파트,신정마을 현대성우A,수지구풍덕천동,1112,1999-11-19,20,13,1239,Y
용인시,아파트,신정마을 현대프라임,수지구풍덕천동,1014,2000-02-29,16,8,462,Y
용인시,아파트,신촌마을 상록데시앙,기흥구보정동,1283,2006-09-29,20,3,230,Y
용인시,연립,신촌마을 죽전스타클래스 타운하우스,기흥구보정동,1307,2008-03-31,3,5,36,N
용인시,아파트,신촌마을 현대포스홈타운 1단지,기흥구보정동,1282,2004-09-30,23,12,884,Y
용인시,아파트,신촌마을 현대포스홈타운 2단지,기흥구보정동,1298,2004-09-30,20,8,423,Y
용인시,아파트,신흥덕 롯데캐슬 레이시티,기흥구신갈동,736,2019-04-29,34,11,1597,Y
용인시,아파트,심곡마을 광교힐스테이트,수지구상현동,1099,2009-10-29,18,16,860,Y
용인시,아파트,심곡마을 현대프레미오아파트,수지구상현동,168-1,2001-02-12,20,3,300,Y
용인시,아파트,아리현마을 삼환나우빌,처인구김량장동,516,2008-08-08,15,10,458,Y
용인시,연립,아이비힐,수지구성복동,783,2017-06-15,4,12,66,N
용인시,연립,안골마을 롯데캐슬,기흥구구갈동,276,2005-04-28,5,6,99,N
용인시,아파트,양우내안애 에듀파크,처인구고림동,1005,2018-04-27,28,8,737,Y
용인시,아파트,양우내안애 에듀퍼스트,처인구고림동,1014,2019-03-04,27,18,1098,Y
용인시,아파트,양지마을 신원아침도시,처인구양지면,907,2006-12-29,15,3,156,Y
용인시,아파트,양지아파트,처인구양지면,594-3,1987-12-04,5,1,60,N
용인시,연립,양지포레스토리,처인구양지면,334-7,2019-01-17,4,16,174,Y
용인시,아파트,양현마을 풍림 신안아파트,기흥구신갈동,158,2001-05-23,13,14,776,Y
용인시,아파트,어은목마을 경남아너스빌아파트,기흥구중동,1050,2006-03-29,24,9,592,Y
용인시,아파트,어은목마을 대원칸타빌,기흥구중동,958,2006-04-26,23,6,432,Y
용인시,아파트,어은목마을 한라비발디,기흥구중동,956,2006-02-27,20,4,248,Y
용인시,아파트,어은목벽산블루밍아파트,기흥구중동,1051,2006-03-29,25,9,533,Y
용인시,아파트,어정마을 동백아이파크,기흥구중동,1081,2007-03-22,15,6,313,Y
용인시,아파트,어정마을 롯데캐슬에코 1단지,기흥구중동,1096,2013-06-20,40,17,1902,Y
용인시,아파트,어정마을 롯데캐슬에코 2단지,기흥구중동,1101,2013-06-20,36,9,868,Y
용인시,아파트,어정마을 서희삼정아파트,기흥구중동,817,2003-05-17,20,6,390,Y
용인시,아파트,언동마을 신일해피트리,기흥구언남동,490,2001-12-12,15,10,591,Y
용인시,아파트,역북 동원로얄듀크,처인구역북동,734,2018-06-22,29,10,842,Y
용인시,아파트,역북 지웰푸르지오,처인구역북동,561-38,2017-11-24,30,11,1259,Y
용인시,아파트,역북1단지 우남퍼스트빌,처인구역북동,781,2016-10-24,20,6,409,N
용인시,아파트,역북2단지 우남퍼스트빌,처인구역북동,787,2016-10-24,20,7,505,N
용인시,아파트,역북마을 금강아파트,처인구역북동,721-2,1999-04-20,18,2,150,Y
용인시,아파트,역북마을 보성아파트,처인구역북동,721-3,2000-11-14,18,3,162,Y
용인시,아파트,역북마을 신성아파트,처인구역북동,721-1,1998-12-18,18,8,475,Y
용인시,아파트,역북신원아침도시,처인구역북동,795,2019-02-01,25,6,452,Y
용인시,아파트,연원마을 LG아파트,기흥구마북동,526-3,1999-12-29,17,7,396,Y
용인시,아파트,연원마을 금호베스트빌,기흥구보정동,1172,2002-06-21,10,4,144,N
용인시,아파트,연원마을 삼성명가타운아파트,기흥구보정동,1177,2002-12-13,15,11,424,Y
용인시,아파트,"연원마을 삼호,벽산아파트",기흥구마북동,524-8,2000-09-30,20,27,1576,Y
용인시,아파트,연원마을 성원A,기흥구보정동,694,2000-11-01,20,16,691,Y
용인시,아파트,연원마을 쉐르빌아파트,기흥구마북동,624,2002-05-30,13,6,316,Y
용인시,아파트,연원마을 현대아파트,기흥구마북동,550-4,2000-05-31,18,8,424,Y
용인시,아파트,영덕 신일 1차아파트,기흥구영덕동,15,1998-12-12,20,8,662,Y
용인시,아파트,영덕 신일 2차아파트,기흥구영덕동,14-11,1998-12-12,19,3,239,Y
용인시,아파트,영통로 효성해링턴플레이스,기흥구서천동,356-5,2017-06-29,25,8,640,Y
용인시,아파트,영통빌리지,기흥구영덕동,916,1999-11-06,7,30,472,Y
용인시,아파트,예원마을 코아루아파트,처인구고림동,1002,2004-12-08,15,7,408,Y
용인시,아파트,예진마을 2차아파트,처인구고림동,995,2001-04-20,15,8,416,Y
용인시,아파트,예진마을 3차아파트,처인구고림동,997,2003-07-01,15,10,516,Y
용인시,아파트,예현마을 현대홈타운,기흥구서천동,705,2002-11-21,20,8,622,Y
용인시,연립,용성빌라,처인구고림동,794-29,1986-11-21,3,3,39,N
용인시,연립,용인 공세 라피아노,기흥구마북동,산42-5,2025-08-11,3,12,94,N
용인시,아파트,용인 구성 지음재,기흥구마북동,653,2010-05-24,9,1,80,N
용인시,아파트,용인 기흥우방아이유쉘,기흥구신갈동,407,2018-08-23,20,7,400,Y
용인시,아파트,용인 대우아파트,기흥구상하동,296,1997-05-09,20,4,432,Y
용인시,아파트,용인 동아아파트,처인구이동읍,118-1,1993-12-30,16,1,202,Y
용인시,아파트,용인 라이프아파트,처인구이동읍,Apr-56,1995-03-23,18,1,139,N
용인시,아파트,용인 리메인 시티,처인구이동읍,1267-8,2024-09-05,13,1,276,Y
용인시,아파트,용인 마북 신원아침도시 아파트,기흥구마북동,654,2017-07-31,18,3,180,Y
용인시,아파트,용인 모현 스위첸아파트,처인구모현읍,948,2012-01-31,17,6,308,Y
용인시,아파트,용인 서천 효성해링턴플레이스,기흥구서천동,254,2017-11-01,24,7,458,Y
용인시,아파트,용인 성복 서희스타힐스 애비뉴,수지구성복동,168-10,2018-09-12,25,1,174,Y
용인시,아파트,용인 성복아이파크,수지구성복동,780,2012-07-17,20,7,351,Y
용인시,아파트,용인 수지 휴엔하임,수지구상현동,1201,2016-04-06,15,2,112,N
용인시,아파트,용인 에스원 스마트빌,처인구김량장동,Sep-63,2014-06-30,15,1,299,Y
용인시,아파트,용인 에이스카운티,처인구이동읍,1142,2016-08-08,15,9,430,Y
용인시,아파트,용인 죽전 경기행복주택,수지구죽전동,1496,2022-08-26,7,1,85,N
용인시,연립,용인 죽전 비스하임 타운하우스,기흥구보정동,1305,2010-09-28,3,3,21,N
용인시,연립,용인 파크드림 프라브,기흥구공세동,676,2009-11-30,4,14,261,Y
용인시,아파트,용인 포곡 삼성쉐르빌아파트,처인구포곡읍,449,2012-09-11,17,8,469,Y
용인시,아파트,용인 한숲시티 2단지,처인구남사읍,945,2018-06-27,24,6,446,Y
용인시,아파트,용인 한숲시티 3단지,처인구남사읍,949,2018-06-27,27,13,1449,Y
용인시,아파트,용인 한숲시티 4단지,처인구남사읍,957-4,2018-06-27,27,6,710,Y
용인시,아파트,용인 한숲시티 5단지,처인구남사읍,12-11,2018-06-27,29,21,2336,Y
용인시,아파트,용인 한숲시티 6단지,처인구남사읍,354,2018-06-27,29,15,1784,Y
용인시,아파트,용인고림 양우내안애 더 센트럴,처인구고림동,1019,2023-02-28,29,8,627,Y
용인시,아파트,용인김량장행복주택,처인구김량장동,338-7,2019-02-01,9,2,70,N
용인시,아파트,용인드마크데시앙,처인구김량장동,309,2024-03-28,37,8,1308,Y
용인시,아파트,용인마북동 공동주택,기흥구마북동,657,2023-07-28,19,3,171,Y
용인시,아파트,용인보정 꿈에그린아파트,기흥구보정동,1393,2012-10-30,20,6,379,Y
용인시,아파트,용인양지 세영리첼,처인구양지면,925,2023-04-14,24,4,225,Y
용인시,아파트,용인영덕경기행복주택,기흥구영덕동,550-1,2023-05-04,13,1,106,N
용인시,아파트,용인웰메이드시티337,처인구김량장동,Mar-84,2018-08-14,20,1,299,Y
용인시,아파트,용인행정타운 두산위브 1단지,처인구삼가동,562,2013-11-29,18,3,199,Y
용인시,아파트,용인행정타운 두산위브 2단지,처인구삼가동,563,2013-11-29,20,9,624,Y
용인시,아파트,용인행정타운 두산위브 3단지,처인구삼가동,564,2013-11-29,20,7,470,Y
용인시,아파트,용화마을 태영데시앙아파트 1단지(조합),기흥구마북동,619,2003-10-14,15,7,321,Y
용인시,아파트,용화마을 태영데시앙아파트 2단지(일반),기흥구마북동,620,2003-10-10,15,3,132,N
용인시,연립,우남퍼스트빌 리젠트,기흥구영덕동,953,2009-04-24,4,7,153,Y
용인시,아파트,우림아파트,기흥구구갈동,404-2,1996-04-29,20,1,150,Y
용인시,아파트,우미린 센트럴파크,처인구역북동,736,2017-11-24,34,10,1260,Y
용인시,연립,우성그린빌,풍덕천동,687-1,1997-08-30,4,10,100,N
용인시,연립,우성에비뉴,기흥구구갈동,277,2007-09-21,4,5,96,N
용인시,아파트,원대마을 신갈한신아파트,기흥구신갈동,17-15,2002-08-31,20,6,367,Y
용인시,아파트,원천마을 푸르지오아파트,수지구동천동,910,2003-04-29,24,3,190,Y
용인시,아파트,원흥아파트,풍덕천동,May-62,1985-11-09,5,1,50,N
용인시,아파트,유메이드 주상복합,처인구김량장동,254-158,2017-02-10,14,1,299,Y
용인시,아파트,유성,처인구역북동,427-7,1985-11-11,4,1,24,N
용인시,아파트,유원 휴 하임,기흥구언남동,519,2013-10-17,6,6,149,N
용인시,아파트,이삭아파트,처인구고림동,411-1,1998-12-24,20,4,300,Y
용인시,아파트,이안두드림,기흥구신갈동,Jun-68,2019-09-10,15,1,297,Y
용인시,연립,이편한세상 파크카운티,처인구남사읍,686,2019-06-28,4,8,75,N
용인시,아파트,이화아파트,처인구이동읍,May-92,1990-10-11,5,1,92,N
용인시,아파트,인성마을 신갈현대아파트,기흥구신갈동,151-1,1997-06-04,17,2,293,Y
용인시,아파트,인정 피렌체 빌리지 1차,처인구고림동,264-8,2000-01-25,15,10,639,Y
용인시,아파트,인정멜로디아파트,처인구포곡읍,319,1998-07-14,19,5,831,Y
용인시,아파트,인정프린스 1차아파트,처인구유방동,1007-1,1994-04-22,15,4,375,Y
용인시,아파트,인정프린스 2차아파트,처인구유방동,1007-50,1995-06-02,19,3,330,Y
용인시,아파트,인정프린스 3차아파트,처인구유방동,1007-51,1996-06-08,19,2,380,Y
용인시,아파트,인정프린스아파트,기흥구상하동,137,1996-12-20,18,3,367,Y
용인시,아파트,인현마을 현대홈타운(101-105),수지구죽전동,1151,2004-09-16,12,5,162,Y
용인시,아파트,인현마을 현대홈타운(201-206),수지구죽전동,1152,2004-09-16,12,6,194,Y
용인시,아파트,임원마을 영화1차 아파트,처인구고림동,996,2002-06-26,18,6,513,Y
용인시,아파트,자봉마을 써니밸리아파트,기흥구지곡동,704,2004-11-05,20,14,1092,Y
용인시,아파트,자연농원사원조합주택(아),처인구역북동,280-3,1993-07-09,12,1,71,N
용인시,아파트,장미마을 삼성래미안 2차 아파트,기흥구언남동,495,2003-12-17,20,16,1219,Y
용인시,아파트,장미아파트,처인구포곡읍,191-5,1989-07-07,5,1,45,N
용인시,연립,전원빌라,처인구역북동,380-3,1988-01-19,3,1,24,N
용인시,아파트,정자뜰마을 태영데시앙 1차아파트,수지구풍덕천동,1183,2004-04-23,25,9,648,Y
용인시,아파트,정자뜰마을 태영데시앙 2차아파트,수지구풍덕천동,1186,2006-04-18,21,6,249,Y
용인시,아파트,조양맨션,처인구역북동,412-2,1989-11-27,8,2,46,N
용인시,아파트,조양맨션,처인구역북동,412-9,1988-12-02,6,1,24,N
용인시,아파트,조양아파트,처인구포곡읍,368,1995-06-07,11,1,88,N
용인시,아파트,조양유통상가아파트,처인구김량장동,338,1992-04-11,13,1,51,N
용인시,연립,죽전 1차 힐데스하임,기흥구보정동,1308,2016-07-29,4,4,40,N
용인시,연립,죽전 극동 스타클래스 3차,기흥구보정동,1229,2010-04-30,3,5,36,N
용인시,아파트,죽전 누리에뜰(주상복합),기흥구보정동,1263,2006-06-07,20,1,200,Y
용인시,아파트,죽전 동성1차,수지구죽전동,501,1997-06-19,18,9,684,Y
용인시,아파트,죽전 일성트루엘,기흥구보정동,1293,2010-12-14,17,1,64,N
용인시,아파트,죽전 현대1차아파트,수지구죽전동,Jan-89,1999-04-14,20,8,702,Y
용인시,아파트,죽전 효성 해링턴플레이스,수지구죽전동,887,2018-03-26,13,1,113,N
용인시,연립,죽전 힐스테이트 타운하우스,기흥구보정동,1242,2009-12-24,3,4,27,N
용인시,아파트,죽전아이뷰,수지구죽전동,883-1,1999-08-30,20,5,432,Y
용인시,아파트,죽전역 솔하임,수지구죽전동,1088-2,2021-03-09,20,1,234,Y
용인시,아파트,죽전역 월드메르디앙,수지구죽전동,1488,2010-05-27,20,2,104,N
용인시,아파트,죽전자이2차 아파트(주상복합),기흥구보정동,1291,2005-12-30,13,1,275,Y
용인시,연립,죽전테라스앤139,기흥구보,29-10,2023-11-17,12,12,139,N
용인시,아파트,죽현마을 동원로얄듀크,기흥구보정동,1271,2006-04-27,23,13,706,Y
용인시,아파트,죽현마을 아이파크,기흥구보정동,1267,2004-07-26,24,15,1466,Y
용인시,아파트,죽현마을 엘지자이,기흥구보정동,1258,2004-06-30,27,4,238,Y
용인시,아파트,지석마을 그대가 크레던스,기흥구상하동,675,2010-10-01,22,8,554,Y
용인시,아파트,지석마을 진흥더루벤스(1단지),기흥구상하동,659,2009-03-13,18,4,200,Y
용인시,아파트,지석마을 진흥더루벤스(2단지),기흥구상하동,660,2009-03-13,19,13,851,Y
용인시,아파트,진산마을 삼성5차,수지구풍덕천동,1167,2003-07-28,19,26,1828,Y
용인시,아파트,진산마을 삼성6차,수지구풍덕천동,1168-2,2003-07-28,14,11,343,Y
용인시,아파트,진산마을 삼성7차,수지구풍덕천동,1180,2002-11-09,17,12,501,Y
용인시,아파트,진우아파트,처인구삼가동,265,1999-03-13,25,5,582,Y
용인시,아파트,진형월드아파트,처인구포곡읍,491-1,2003-07-28,9,1,32,N
용인시,아파트,참솔마을 월드메르디앙,기흥구중동,819,2006-02-28,20,11,966,Y
용인시,아파트,창죽마을 벽산4단지,수지구죽전동,952,1999-03-17,16,3,465,Y
용인시,아파트,창죽마을 벽산첼시빌아파트,수지구죽전동,1111,2001-09-29,18,2,179,Y
용인시,아파트,창죽마을 수지 벽산1단지,수지구죽전동,832,1997-09-27,18,9,612,Y
용인시,아파트,창죽마을 수지 벽산2단지,수지구죽전동,832-1,1997-09-02,18,10,684,Y
용인시,아파트,창죽마을 수지 벽산3단지(301동),수지구죽전동,855,1997-09-24,16,1,159,Y
용인시,아파트,창죽마을 수지 벽산3단지(302-305동),수지구죽전동,941,1997-09-24,16,4,266,Y
용인시,아파트,창죽마을 월드메르디앙아파트,수지구죽전동,1481,2008-08-21,15,2,47,N
용인시,연립,청광가든빌리지1차,처인구김량장동,352-1,1988-06-09,3,1,21,N
용인시,연립,청광가든빌리지2차,처인구김량장동,337-1,1989-01-11,3,1,24,N
용인시,아파트,청광아파트,처인구역북동,271-1,1991-03-28,6,3,72,N
용인시,아파트,청덕마을 광도와이드빌아파트,기흥구청덕동,482,2003-08-08,15,7,476,Y
용인시,아파트,청명호수마을 신안인스빌1단지,기흥구하갈동,631,2009-06-08,20,12,829,Y
용인시,아파트,청명호수마을 신안인스빌2단지,기흥구하갈동,632,2009-06-08,15,4,174,Y
용인시,아파트,청와아파트,처인구백암면,1083,2010-04-23,18,1,93,N
용인시,아파트,청현마을 기흥데시앙아파트,기흥구영덕동,947,2005-01-06,21,7,400,Y
용인시,아파트,청현마을 대명레이크빌아파트,기흥구영덕동,946,2005-01-07,20,7,401,Y
용인시,아파트,청현마을 신갈 두진아파트,기흥구영덕동,13,1996-11-08,20,4,541,Y
용인시,아파트,초당마을 3단지 주공아파트,기흥구중동,1041,2006-04-27,20,9,816,N
용인시,아파트,초당마을 삼부르네상스 5001-5004동(초당마을 코아루아파트),기흥구중동,1047,2006-03-29,21,4,289,Y
용인시,아파트,초당마을 삼부르네상스 5101-5104동초당마을 코아루아파트,기흥구중동,1046,2006-07-23,21,4,279,Y
용인시,아파트,초당마을 현진에버빌,기흥구중동,1045,2006-02-27,23,7,320,Y
용인시,아파트,초원마을 성원상떼빌,기흥구언남동,500,2005-05-18,20,10,860,Y
용인시,다세대,캐슬타운(도시형),기흥구언남동,501,2012-06-19,4,5,40,N
용인시,아파트,탑실마을 대주피오레 2단지,기흥구공세동,714,2009-07-31,25,15,1290,Y
용인시,아파트,탑실마을 대주피오레1단지,기흥구공세동,694,2009-05-26,25,9,710,Y
용인시,아파트,푸른마을 용인자이,처인구마평동,957,2006-03-23,15,8,502,Y
용인시,아파트,푸른마을 푸르지오아파트,수지구성복동,741,2004-10-22,15,9,430,Y
용인시,아파트,풍림아파트,기흥구구갈동,385,1994-04-29,5,4,205,N
용인시,아파트,풍림아파트,기흥구상하동,447,1998-11-14,20,6,469,Y
용인시,아파트,풍산아파트,수지구상현동,Jan-96,1997-11-17,18,4,438,Y
용인시,아파트,풍산햇빛마을아파트,처인구모현읍,464-2,2000-03-24,22,4,330,Y
용인시,아파트,하마비마을 동부센트레빌,기흥구언남동,493,2002-01-31,18,7,418,Y
용인시,아파트,하마비마을 동일하이빌1차,기흥구언남동,486,2001-09-21,20,21,999,Y
용인시,아파트,하마비마을 동일하이빌2차아파트,기흥구언남동,496,2002-08-01,20,12,837,Y
용인시,아파트,하우스디 동백 카바나,기흥구중동,1100,2019-02-21,24,5,284,Y
용인시,연립,하우스디 동백테라스,기흥구동백동,590,2017-01-02,3,17,90,N
용인시,연립,한보라마을 1단지 한양수자인,기흥구보라동,601,2009-03-31,4,9,136,N
용인시,연립,한보라마을 2단지 일성트루엘,기흥구보라동,629,2008-11-19,4,6,88,N
용인시,아파트,한보라마을 경남아너스빌(한보라마을 휴먼시아 9단지),기흥구공세동,679,2006-10-13,25,8,600,Y
용인시,아파트,한보라마을 화성파크드림,기흥구보라동,633,2007-07-31,21,8,311,Y
용인시,아파트,한보라마을 휴먼시아 7단지,기흥구공세동,674,2006-11-24,25,10,851,N
용인시,아파트,한보라마을 휴먼시아4단지,기흥구보라동,606,2006-10-18,22,8,581,N
용인시,아파트,한보라마을 휴먼시아5단지,기흥구보라동,617,2006-12-01,25,7,446,Y
용인시,아파트,한보라마을 휴먼시아6단지,기흥구보라동,620,2008-04-17,25,11,762,Y
용인시,아파트,한빛마을 래미안이스트팰리스 1단지,수지구동천동,935,2010-05-31,29,7,460,Y
용인시,아파트,한빛마을 래미안이스트팰리스 2단지,수지구동천동,938,2010-05-31,30,8,428,Y
용인시,아파트,한빛마을 래미안이스트팰리스 3단지,수지구동천동,932,2010-05-31,23,14,885,Y
용인시,아파트,한빛마을 래미안이스트팰리스 4단지,수지구동천동,923,2010-05-31,16,19,620,Y
용인시,아파트,한샘 더랜드마크,수지구풍덕천동,Sep-82,2018-11-28,19,1,220,Y
용인시,아파트,한천마을 금광베네스타,처인구이동읍,1134,2008-07-30,15,9,460,Y
용인시,아파트,한화포레나,수지구동천동,349-10,2022-02-21,29,3,293,Y
용인시,아파트,해든마을 동백동문굿모닝힐,기흥구동백동,689,2007-11-30,20,6,512,Y
용인시,아파트,행림마을 진로아파트,수지구동천동,177-12,2000-04-11,20,3,269,Y
용인시,아파트,행원마을 동아솔레시티아파트,기흥구보정동,1162,2003-03-05,20,36,1701,Y
용인시,아파트,행정타운늘푸른오스카빌 1단지,처인구삼가동,552,2004-12-10,20,4,315,Y
용인시,아파트,행정타운늘푸른오스카빌 2단지,처인구삼가동,551,2004-12-10,20,2,186,Y
용인시,아파트,행정타운늘푸른오스카빌 3단지,처인구삼가동,550,2004-12-10,20,3,174,Y
용인시,아파트,현암마을 대우넷씨빌아파트,수지구죽전동,1003-60,2000-10-13,15,1,119,N
용인시,아파트,현암마을 동성2차아파트,수지구죽전동,1003-8,1999-05-13,18,12,838,Y
용인시,아파트,현인마을 이-편한세상2차,수지구죽전동,1153,2006-02-21,15,5,206,Y
용인시,아파트,현인마을 이-편한세상3차,수지구죽전동,1154,2006-02-21,15,5,239,Y
용인시,아파트,호수마을 3단지 주공뜨란채,기흥구동백동,602,2006-05-30,23,10,898,N
용인시,아파트,호수마을 계룡리슈빌,기흥구동백동,604,2006-03-02,23,9,567,Y
용인시,아파트,호수마을 동보노빌리티,기흥구동백동,654,2006-02-27,24,9,481,Y
용인시,아파트,호수마을 서해그랑블,기흥구동백동,656,2006-04-20,25,9,536,Y
용인시,아파트,호수마을 월드메르디앙,기흥구동백동,574,2006-06-23,15,6,286,Y
용인시,아파트,호수마을 자연앤데시앙,기흥구동백동,572,2006-08-18,24,7,432,Y
용인시,아파트,호수마을 휴먼시아 5단지,기흥구동백동,575,2006-11-06,21,6,488,Y
용인시,아파트,호수마을상록롯데캐슬,기흥구동백동,653,2007-02-06,25,6,552,Y
용인시,아파트,효천마을 신안인스빌 1단지,처인구모현읍,669,2004-12-17,19,5,324,Y
용인시,아파트,효천마을 신안인스빌 2단지,처인구모현읍,671,2004-12-17,20,7,538,Y
용인시,아파트,휴먼시아아파트(광교41단지),수지구상현동,1135,2011-11-16,25,9,1117,N
용인시,아파트,흥덕마을 11단지 경남아너스빌,기흥구영덕동,952,2009-04-28,15,10,545,Y
용인시,아파트,흥덕마을 12단지 신동아파밀리에,기흥구영덕동,1069,2009-10-29,20,14,759,Y
용인시,아파트,흥덕마을 13단지 경남아너스빌,기흥구영덕동,1117,2009-06-19,20,7,368,Y
용인시,아파트,흥덕마을 5단지 호반베르디움,기흥구영덕동,976,2009-11-05,20,8,527,Y
용인시,아파트,흥덕마을 이던하우스,기흥구영덕동,963,2009-05-14,20,6,486,Y
용인시,아파트,흥덕마을 자연앤스위첸,기흥구영덕동,971,2009-08-13,20,9,502,Y
용인시,아파트,흥덕마을 휴먼시아 1단지(임대),기흥구영덕동,980,2009-02-06,15,15,1254,N
용인시,아파트,흥덕마을 휴먼시아 3단지(임대),기흥구영덕동,1022,2009-09-02,15,11,866,N
용인시,아파트,흥덕마을 휴먼시아 4단지(임대),기흥구영덕동,1021,2009-06-29,15,5,383,N
용인시,아파트,흥덕마을 힐스테이트,기흥구영덕동,969,2010-08-19,20,9,570,Y
용인시,아파트,흥덕마을14단지 호반베르디움,기흥구영덕동,1079,2010-02-05,20,4,236,Y
용인시,아파트,흥덕마을8단지 한국아델리움아파트,기흥구영덕동,961,2010-08-06,20,7,474,Y
용인시,아파트,흥덕마을동원로얄듀크,기흥구영덕동,958,2010-07-29,20,9,720,Y
용인시,아파트,힐스테이트 구성,기흥구언남동,315,2021-07-30,25,8,699,Y
용인시,아파트,힐스테이트 몬테로이 1단지,처인구모현읍왕산리,953,2025-01-24,13,11,1043,Y
용인시,아파트,힐스테이트 몬테로이 2단지,처인구모현읍왕산리,954,2025-01-24,29,16,1318,Y
용인시,아파트,힐스테이트 몬테로이 3단지,처인구모현읍왕산리,955,2025-01-24,29,13,1370,Y
용인시,아파트,힐스테이트 서천,기흥구서천동,801,2016-09-29,18,12,754,Y
용인시,아파트,힐스테이트광교산,수지구신봉동,1025,2022-04-29,23,10,789,Y
의왕시,아파트,KT이자리에,오전동,333,2004-11-29,22,3,182,Y
의왕시,아파트,개나리,오전동,856,1994-07-29,15,2,166,Y
의왕시,아파트,골드클래스,학의동,823-2,2019-05-03,16,8,420,N
의왕시,아파트,국화,오전동,838-3,1994-12-15,18,2,220,Y
의왕시,아파트,내손주공,내손동,791,2003-06-20,20,8,822,N
의왕시,아파트,대명구름채,오전동,28,2004-12-21,23,6,518,Y
의왕시,아파트,대명솔채,오전동,887,2009-11-06,24,8,445,Y
의왕시,아파트,대방디에트르센트럴,고천동,178,2025-09-26,20,12,492,Y
의왕시,연립,대영,포일동,537-6,1981-10-24,3,1,28,N
의왕시,아파트,대원칸타빌1단지,내손동,795,2002-10-19,18,4,394,Y
의왕시,아파트,대원칸타빌2단지,내손동,799,2002-10-19,20,4,322,Y
의왕시,아파트,동백,오전동,849,1995-12-16,19,12,1074,Y
의왕시,아파트,동부새롬아파트,포일동,533-5,1997-11-20,23,1,269,Y
의왕시,아파트,두산위브인덕원센트럴 2단지,포일동,643,2009-10-30,27,6,447,Y
의왕시,아파트,두산위브인덕원센트럴1단지,포일동,638,2009-07-10,21,8,450,Y
의왕시,아파트,래미안에버하임,내손동,842,2009-03-31,25,10,696,Y
의왕시,아파트,래미안인덕원더포인트,포일동,537-15,2000-05-29,12,1,70,N
의왕시,아파트,매화,오전동,104,1997-11-06,21,1,265,Y
의왕시,아파트,모락산동문굿모닝힐,오전동,886,2008-10-30,15,2,176,Y
의왕시,아파트,모락산현대,오전동,100,2002-11-05,24,19,1614,Y
의왕시,아파트,목련,오전동,842,1994-10-05,18,2,354,Y
의왕시,아파트,무궁화선경,오전동,854,1995-08-30,19,4,370,Y
의왕시,아파트,민들레베스파트,오전동,388-1,2000-06-23,22,5,369,Y
의왕시,아파트,반도보라빌리지 1단지,내손동,771,2002-06-21,20,9,560,Y
의왕시,아파트,반도보라빌리지 2단지,내손동,774,2002-06-21,20,9,766,Y
의왕시,아파트,백운,삼동,170-8,2001-12-14,8,1,25,N
의왕시,아파트,백운밸리레이크포레 2단지,학의동,1078,2020-01-20,16,4,250,Y
의왕시,아파트,백운밸리레이크포레 4단지,학의동,25-13,2020-01-20,16,6,344,Y
의왕시,아파트,백운호수해링턴플레이스 1단지,학의동,687-2,2019-03-30,16,18,958,Y
의왕시,아파트,백운호수해링턴플레이스 2단지,학의동,704-1,2019-03-30,16,11,534,Y
의왕시,아파트,백운호수해링턴플레이스 3단지,학의동,754-22,2019-03-30,16,4,182,Y
의왕시,아파트,백운호수해링턴플레이스 4단지,학의동,754-20,2019-03-30,16,5,220,Y
의왕시,아파트,백운호수해링턴플레이스 5단지,학의동,743-5,2019-03-30,16,10,586,Y
의왕시,아파트,백합,오전동,841,1994-03-29,19,5,460,Y
의왕시,아파트,삼성래미안,내손동,414,2001-04-16,22,7,586,Y
의왕시,아파트,삼신8차,삼동,130-11,1986-06-19,5,3,270,N
의왕시,아파트,삼호1차 한아름,삼동,115-1,1993-09-15,20,1,211,Y
의왕시,아파트,삼호2차 한아름,삼동,125,1994-02-01,20,1,267,Y
의왕시,아파트,성원이화 1차,오전동,230,2000-06-09,22,6,520,Y
의왕시,아파트,성원이화 2차,오전동,104-20,1999-10-09,17,3,201,Y
의왕시,아파트,세양청마루,내손동,401-1,2005-04-16,15,1,105,N
의왕시,아파트,솔거,왕곡동,600,1994-07-28,18,3,498,Y
의왕시,아파트,신미주해당화,오전동,233,2000-11-22,22,2,216,Y
의왕시,아파트,신안,오전동,216-1,1991-10-28,15,3,576,Y
의왕시,아파트,신우(A동),삼동,166-22,1985-11-30,5,1,25,N
의왕시,아파트,신우5차(B동),삼동,168-7,1986-07-08,5,1,50,N
의왕시,아파트,신원수선화,오전동,24,2000-07-08,22,5,389,Y
의왕시,아파트,엘리프 의왕역　,초평동,25-13,2023-10-20,25,16,981,Y
의왕시,아파트,오봉산마을 1단지,고천동,Jun-61,2020-08-18,25,10,2200,N
의왕시,아파트,우미린,내손동,843,2009-08-12,20,3,166,Y
의왕시,아파트,우성2차,삼동,178,1983-12-29,5,3,118,N
의왕시,아파트,우성5차,삼동,146,1986-01-24,5,7,545,Y
의왕시,아파트,우성6차,삼동,146-71,1986-06-30,5,8,370,Y
의왕시,아파트,운양까치,삼동,121-6,1992-06-16,13,1,178,Y
의왕시,아파트,원효선경,왕곡동,599,1994-03-24,17,4,406,Y
의왕시,아파트,의왕더샵캐슬,오전동,52,2021-06-29,38,8,941,Y
의왕시,아파트,의왕상록,내손동,790,2002-12-04,20,6,447,Y
의왕시,아파트,의왕서해그랑블,오전동,892,2018-11-22,42,4,536,Y
의왕시,아파트,의왕역 푸르지오라포레,삼동,616,2019-01-18,24,12,1068,Y
의왕시,아파트,의왕역 행복주택,삼동,160-27,2020-01-22,7,1,50,N
의왕시,아파트,의왕역미주,삼동,282-2,2000-06-26,20,4,299,Y
의왕시,아파트,의왕푸르지오 포레움 1블럭,삼동,594,2020-02-03,24,2,194,Y
의왕시,아파트,의왕푸르지오 포레움 2블럭,삼동,607,2020-02-03,23,6,416,Y
의왕시,아파트,이안의왕역센트럴,삼동,462-20,2003-09-22,25,9,688,Y
의왕시,아파트,이편한세상 고천파크루체,고천동,206,2023-08-18,20,13,870,Y
의왕시,아파트,이편한세상인덕원더퍼스트,내손동,846,2012-10-29,25,32,2422,Y
의왕시,아파트,인덕원동아에코빌,포일동,518,2001-06-25,23,5,541,Y
의왕시,아파트,인덕원삼호,포일동,441-2,1993-03-23,15,7,684,Y
의왕시,아파트,인덕원센트럴 자이,내손동,844,2009-11-24,25,38,2540,Y
의왕시,아파트,인덕원센트럴푸르지오,포일동,523,2001-04-28,25,4,408,Y
의왕시,아파트,인덕원숲속마을 3단지,포일동,645,2011-09-15,15,7,366,Y
의왕시,아파트,인덕원숲속마을 4단지,포일동,646,2011-11-18,15,9,510,Y
의왕시,아파트,인덕원숲속마을 5단지,포일동,649,2012-12-20,15,8,330,Y
의왕시,아파트,인덕원자이SK뷰,내손동,683,2025-05-28,29,20,2633,Y
의왕시,아파트,인덕원푸르지오엘센트로,포일동,487-22,2020-06-29,43,12,1774,Y
의왕시,아파트,인스빌,왕곡동,592,1994-10-25,18,8,504,Y
의왕시,아파트,장미,삼동,462-32,1995-09-27,12,3,520,Y
의왕시,아파트,장안마을주공,삼동,556,2005-07-08,15,8,467,N
의왕시,아파트,진달래,오전동,21,1998-04-27,21,4,566,Y
의왕시,아파트,청계포레스트,청계동,966,2007-09-18,15,8,339,Y
의왕시,아파트,청년이룸 1단지,포일동,678,2020-12-14,15,1,110,N
의왕시,아파트,충무,왕곡동,603,1994-03-17,18,4,332,Y
의왕시,아파트,포은,왕곡동,602,1994-12-21,18,5,342,Y
의왕시,아파트,포일숲속마을 1단지,포일동,658,2011-05-17,15,7,659,N
의왕시,아파트,포일숲속마을 2단지,포일동,652,2013-05-07,15,11,840,N
의왕시,연립,한광샤인빌리지,오전동,17-8,2005-01-31,4,4,54,N
의왕시,아파트,한일나래아파트,포일동,533-1,1997-10-30,21,1,214,Y
의왕시,아파트,해모로,오전동,27-1,2004-08-30,23,11,998,Y
의왕시,아파트,효성청솔,삼동,130-1,1997-09-09,20,4,472,Y
의왕시,아파트,휴먼시아 청계마을 1단지,청계동,982,2009-11-10,15,7,266,Y
의왕시,아파트,휴먼시아 청계마을 5단지,청계동,971,2007-07-11,12,7,244,N
의왕시,아파트,휴먼시아 청계마을 6단지,청계동,980,2007-07-11,12,7,243,N
의왕시,아파트,휴먼시아 청계마을2단지,청계동,976,2007-09-18,15,5,273,Y
의왕시,아파트,휴먼시아 청계마을3단지,청계동,972,2007-07-11,15,7,506,N
의정부시,아파트,DS더웰가,의정부동,127-5,2017-12-01,20,1,119,N
의정부시,아파트,DS더웰가2,의정부동,386-10,2019-01-22,20,1,68,N
의정부시,아파트,JS베네스트,의정부동,187-9,2016-09-26,15,1,77,N
의정부시,아파트,JS빌,의정부동,190-4,2013-10-16,10,1,40,N
의정부시,아파트,LH브라운빌리지민락14단지,민락동,896,2015-12-15,24,5,371,Y
의정부시,아파트,LH용암마을13단지,낙양동  외,747,2016-06-17,24,6,996,N
의정부시,아파트,SK뷰,가능동,656-1,2007-06-29,24,15,1019,Y
의정부시,아파트,가능금용,가능동,15-25,1996-05-29,23,1,150,Y
의정부시,아파트,가능동원1차,가능동,106-21,1993-07-15,21,2,406,Y
의정부시,아파트,가능수정,가능동,651-14,1986-12-12,5,2,100,N
의정부시,아파트,가능신도,가능동,568-1,1994-08-29,15,1,135,N
의정부시,아파트,가능희망,가능동,620-12,1985-11-23,5,2,45,N
의정부시,아파트,가재울일신건영휴먼빌,가능동,15-552,2007-09-28,22,5,222,Y
의정부시,연립주택,개나리연립,신곡동,597-1,1985-05-02,3,3,60,N
의정부시,아파트,건영캐스빌,용현동,390-33,2006-06-19,25,1,223,Y
의정부시,아파트,고산 디에트로 에듀파크 아파트,고산동,945,2020-11-06,25,10,932,Y
의정부시,아파트,고산대광로제비앙,산곡동,676,2020-04-14,25,10,722,Y
의정부시,아파트,고산더라피니엘,산곡동,710,2022-10-17,25,12,880,Y
의정부시,아파트,고산리슈빌포레,고산동,903,2021-05-13,22,17,1331,Y
의정부시,아파트,고산센트레빌NHF5단지,산곡동,671,2020-01-20,25,13,1215,N
의정부시,아파트,고산수자인디에스티지1단지,산곡동,709,2023-05-12,25,2,240,Y
의정부시,아파트,고산수자인디에스티지2단지,산곡동,725,2023-05-12,25,12,1033,Y
의정부시,아파트,고산수자인디에스티지아트포레(3단지),산곡동,733,2023-05-12,25,10,1134,Y
의정부시,아파트,고산쌍용더플래티넘NHF4단지,산곡동,652,2020-01-10,25,7,638,N
의정부시,연립주택,골든피아,용현동,295-1,2014-02-17,4,2,88,N
의정부시,아파트,공간라움,의정부동,Apr-98,2018-07-09,20,1,68,N
의정부시,아파트,궁전,가능동,716-2,2005-03-05,10,1,36,N
의정부시,아파트,그랑베르,호원동,458-11,2016-03-24,15,1,156,Y
의정부시,아파트,금광포란재이너스,가능동,350-3,2008-07-04,22,4,265,Y
의정부시,연립주택,금성연립,가능동,694,1980-12-17,2,2,22,N
의정부시,아파트,금오2차신도브래뉴 업,금오동,344-17,2007-11-23,25,14,1111,Y
의정부시,아파트,금오3단지주공그린빌,금오동,476-1,2003-08-27,15,11,820,Y
의정부시,아파트,금오KSC,금오동,286-4,1986-10-15,5,2,100,N
의정부시,아파트,금오거성,금오동,Jan-67,1997-12-29,22,7,531,Y
의정부시,아파트,금오벽산블루밍,금오동,453-1,2005-04-12,24,4,455,Y
의정부시,아파트,금오상록아이파크,신곡동,767-2,2003-01-22,20,6,662,Y
의정부시,아파트,금오세아,금오동,80-20,1992-12-31,20,2,250,Y
의정부시,아파트,금오신도브래뉴1차,금오동,370,2004-09-03,23,6,482,Y
의정부시,아파트,금오아남주상,금오동,374-1,1998-03-19,19,1,108,N
의정부시,아파트,금오우암센스뷰,금오동,66,2004-07-23,19,2,202,Y
의정부시,아파트,금오주공2단지,금오동,253-1,2005-08-05,15,4,463,N
의정부시,아파트,금오주공9단지,신곡동,790,2002-10-17,20,13,1450,N
의정부시,아파트,금오주공그린빌1단지,금오동,468-1,2002-10-14,20,8,686,Y
의정부시,아파트,금오주공그린빌4단지,신곡동,755-1,2003-08-27,20,6,606,Y
의정부시,아파트,금오파스텔,금오동,78,1998-06-15,23,5,332,Y
의정부시,아파트,금오풍림아이원,신곡동,755-2,2005-02-24,20,6,606,Y
의정부시,아파트,금오현대아이파크,금오동,469-4,2002-06-03,20,10,814,Y
의정부시,아파트,남해오네뜨,의정부동,487-4,2014-06-17,20,1,288,Y
의정부시,아파트,녹양 휴먼시아4단지,녹양동,405,2008-05-15,15,6,332,Y
의정부시,아파트,녹양LH5단지,녹양동,404,2018-12-04,15,4,423,N
의정부시,아파트,녹양대림,녹양동,373,2000-02-11,18,6,309,Y
의정부시,아파트,녹양동원2차,녹양동,125-6,1995-05-15,9,2,162,Y
의정부시,아파트,녹양신도9차,녹양동,"374-1,2",2000-03-02,23,3,305,Y
의정부시,아파트,녹양청구,녹양동,146-15,1994-12-26,18,3,409,Y
의정부시,아파트,녹양현대,녹양동,80,1990-12-01,15,6,606,Y
의정부시,아파트,녹양휴먼시아1단지,녹양동,409,2008-04-30,15,6,858,N
의정부시,아파트,녹양휴먼시아2단지,녹양동,409,2008-04-30,15,4,315,N
의정부시,아파트,녹양휴먼시아3단지,녹양동,401,2008-05-15,15,8,380,Y
의정부시,아파트,녹양힐스테이트(현대힐스테이트),녹양동,355,2006-08-28,25,15,1196,Y
의정부시,아파트,대가트라움,의정부동,9-49,2020-08-25,19,1,64,N
의정부시,아파트,대광로제비앙포레스트,낙양동,736,2018-10-25,29,4,420,Y
의정부시,아파트,대상센트럴,의정부동,187-5,2018-05-02,20,1,51,N
의정부시,연립주택,대신연립,가능동,679-3,1982-03-11,3,3,42,N
의정부시,아파트,더샵리듬시티,산곡동,760,2024-09-25,25,5,536,Y
의정부시,아파트,더샵파크에비뉴,가능동,224-44,2021-07-26,26,6,420,Y
의정부시,다세대,더포레지아,호원동,226-57,2020-08-26,4,6,48,N
의정부시,연립주택,동남연립,가능동,626-17,1985-09-10,3,3,36,N
의정부시,연립주택,동명연립,가능동,585,1987-01-27,3,5,72,N
의정부시,아파트,동화,의정부동,288,1995-11-30,26,1,414,Y
의정부시,아파트,드림밸리,신곡동,758-1,2002-12-27,20,12,927,Y
의정부시,아파트,드림타운,의정부동,167-16,2012-09-28,10,1,88,N
의정부시,아파트,드림팰리스,호원동,414-2,2021-07-01,10,3,36,N
의정부시,아파트,디에스타워(구.대봉주택),의정부동,167-14,2012-10-11,10,1,88,N
의정부시,아파트,라움,의정부동,96-17,2013-11-12,9,1,28,N
의정부시,아파트,라움M주상복합,의정부동,145-4,2018-05-29,19,1,125,N
의정부시,아파트,럭스타워,의정부동,493-7,2019-07-31,19,1,170,Y
의정부시,아파트,롯데캐슬골드파크1단지,의정부동,721,2018-11-21,27,8,919,Y
의정부시,아파트,롯데캐슬골드파크2단지,의정부동,720,2018-11-21,27,11,931,Y
의정부시,아파트,르네상스시티,호원동,468-4,2017-01-17,13,1,176,Y
의정부시,아파트,리듬시티우미린,산곡동,812,2024-12-30,25,8,767,N
의정부시,아파트,리버카운티,의정부동,20-1,2021-06-25,20,1,51,N
의정부시,아파트,맥스타워,의정부동,166-12 외1,2013-06-18,19,1,297,Y
의정부시,아파트,메트로타워,의정부동,167-1,2018-06-20,19,1,176,Y
의정부시,아파트,메트하임의정부,의정부동,21-10 외2,2020-06-03,23,1,196,Y
의정부시,아파트,명남더블레스,의정부동,29-4,2024-05-02,19,1,64,N
의정부시,연립주택,목화연립,가능동,610-10,1986-12-20,3,1,21,N
의정부시,연립주택,무지개연립,가능동,721-9,1998-12-07,4,1,43,N
의정부시,아파트,문화늘푸른,가능동,641-15,2004-04-16,10,1,47,N
의정부시,아파트,미리온,의정부동,15-3,2012-10-30,15,1,146,N
의정부시,아파트,민락2단지휴스토리,낙양동,710,2016-08-03,24,10,812,Y
의정부시,아파트,민락금강펜테리움,낙양동,709,2016-12-28,26,8,716,Y
의정부시,아파트,민락노블랜드NHF9단지,낙양동,758,2018-12-11,25,9,792,N
의정부시,아파트,민락라디언트캐슬 12단지,낙양동,746,2018-07-16,26,8,992,Y
의정부시,아파트,민락센트럴15단지,민락동,895,2013-11-18,20,9,530,Y
의정부시,아파트,민락센트럴17단지,민락동,891,2013-11-18,20,5,312,Y
의정부시,아파트,민락엘레트19단지,민락동,890,2017-11-16,25,11,1540,Y
의정부시,아파트,민락용암마을16단지,낙양동,749,2012-12-12,15,6,625,N
의정부시,아파트,민락이편한세상,민락동,550-4,2006-05-22,22,7,474,Y
의정부시,아파트,민락주공2단지,민락동,695-1,1999-07-29,20,11,860,Y
의정부시,아파트,민락청구1차,민락동,576,2000-12-21,25,10,868,Y
의정부시,아파트,민락푸르지오,낙양동,757,2015-07-15,29,9,943,Y
의정부시,아파트,반도유보라,낙양동,763,2017-09-22,30,10,939,Y
의정부시,아파트,발곡풍림한국,신곡동,727-1,1998-12-29,20,14,1582,Y
의정부시,아파트,베르우스,의정부동,163-8,2018-05-18,20,1,126,N
의정부시,아파트,베르우스M,용현동,10-06,2019-04-16,20,1,201,Y
의정부시,아파트,부성파인,의정부동,27-5,2018-08-21,20,1,136,N
의정부시,아파트,부용마을3단지,낙양동,712,2013-10-11,15,11,913,N
의정부시,아파트,브라운스톤리버뷰,신곡동,571-1,2024-09-30,32,7,769,Y
의정부시,아파트,브라운스톤흥선,가능동,224-191,2008-01-29,23,9,673,Y
의정부시,아파트,비비르타워,의정부동,Feb-97,2016-03-18,15,1,47,N
의정부시,아파트,비비르파크,의정부동,138-15 외3,2013-11-01,15,1,180,Y
의정부시,아파트,"산들마을1단지(길훈,신안,현대)",민락동,691-1,2000-04-08,20,17,1830,Y
의정부시,아파트,산들마을2단지서광청구,민락동,692-1,1999-11-30,20,10,838,Y
의정부시,아파트,산들마을4단지,민락동,694,1999-10-29,18,12,928,Y
의정부시,연립주택,산장연립,금오동,270-13,1986-02-08,3,7,87,N
의정부시,아파트,산호클래식,신곡동,519-21,1989-06-10,5,2,84,N
의정부시,아파트,삼도세라믹,신곡동,686,1993-08-17,15,4,480,Y
의정부시,아파트,삼성래미안진흥,신곡동,767-1,2002-11-16,20,9,832,Y
의정부시,아파트,삼성미도,호원동,318-1,1995-10-30,23,3,552,Y
의정부시,아파트,삼환나우빌,장암동,14-126,2008-01-25,18,2,162,Y
의정부시,아파트,서하뜰,호원동,458-6,2018-10-25,17,1,70,N
의정부시,아파트,송산그랜드캐슬,민락동,735-1,2000-10-16,20,3,220,Y
의정부시,아파트,송산리버빌,민락동,731-3,2000-10-16,20,4,320,Y
의정부시,아파트,송산센트럴7단지,민락동,736-1,2002-08-22,20,6,442,Y
의정부시,아파트,송산주공1단지,용현동,547-3,2002-06-03,20,18,1551,Y
의정부시,아파트,송산주공3단지,민락동,735-3,2002-08-04,20,3,390,N
의정부시,아파트,송산팰리스아파트,민락동,731-2,2002-06-03,20,11,835,Y
의정부시,아파트,송산푸르지오,민락동,735-5,2005-01-21,21,7,706,Y
의정부시,아파트,수락리버시티1단지,장암동,413,2009-08-26,15,12,680,Y
의정부시,아파트,수락리버시티2단지,장암동,412,2009-08-26,15,10,473,Y
의정부시,아파트,스마트트라움,의정부동,220-59,2019-04-26,23,1,60,N
의정부시,아파트,스카이파크,의정부동,436-4,2015-04-10,15,1,84,N
의정부시,연립주택,스타파크빌,가능동,590-27,2018-06-08,6,4,130,N
의정부시,아파트,승윤노블리안시티,의정부동,377-2,2016-03-14,19,1,219,Y
의정부시,아파트,승윤노블리안시티2,의정부동,187-15,2019-06-05,19,1,261,Y
의정부시,아파트,시민주상복합,의정부동,30-9,2010-10-20,15,1,49,N
의정부시,아파트,신곡 한일유앤아이,신곡동,393-11,2006-03-30,24,9,700,Y
의정부시,아파트,신곡2차성원,신곡동,473-2,1998-01-09,24,3,377,Y
의정부시,아파트,신곡건영,신곡동,471,1999-06-05,25,5,832,Y
의정부시,아파트,신곡극동동성,신곡동,669,1995-06-19,18,10,1188,Y
의정부시,아파트,신곡극동스타클래스,신곡동,167-20,2006-01-16,24,6,447,Y
의정부시,아파트,신곡대우,신곡동,167-1,2000-03-30,24,7,466,Y
의정부시,아파트,신곡동신,신곡동,682,1993-09-06,15,6,462,Y
의정부시,아파트,신곡부용,신곡동,681-2,1994-10-10,15,2,210,Y
의정부시,아파트,신곡삼부,신곡동,687,1994-07-30,16,2,184,Y
의정부시,아파트,신곡삼환,신곡동,685-1,1994-05-07,17,4,300,Y
의정부시,아파트,신곡서해,신곡동,357,1998-07-31,25,11,1483,Y
의정부시,아파트,신곡성원1차,신곡동,169-20,1993-10-23,17,5,525,Y
의정부시,아파트,신곡신동아파밀리에,신곡동,580,2004-09-18,25,7,547,Y
의정부시,아파트,신곡신명2차,신곡동,108-14,2002-10-29,20,1,129,N
의정부시,아파트,신곡신명스카이뷰(3차),신곡동,108-15,2004-07-20,8,1,32,N
의정부시,아파트,신곡신성(2차),신곡동,482,1994-05-25,15,1,147,N
의정부시,아파트,신곡신성벽산,신곡동,685,1993-11-16,18,7,660,Y
의정부시,아파트,신곡신일1차,신곡동,456,1997-12-19,20,7,452,Y
의정부시,아파트,신곡신일2차,신곡동,451-6,1998-12-21,20,1,119,N
의정부시,아파트,신곡주공3단지,신곡동,Sep-93,2005-08-31,18,2,322,N
의정부시,아파트,신곡주공4단지,신곡동,754,2001-10-30,25,10,957,Y
의정부시,아파트,신곡추동,신곡동,687-1,1994-09-27,15,3,594,Y
의정부시,아파트,신곡현대,신곡동,164-1,1990-12-05,15,2,408,Y
의정부시,아파트,신곡효자벽산,신곡동,486-13,1994-06-14,24,2,297,Y
의정부시,아파트,신도101,호원동,448-1,2000-07-25,20,1,140,N
의정부시,아파트,신도10차파크힐타운,용현동,290-1,2001-10-18,21,6,613,Y
의정부시,아파트,신도2차,의정부동,396-1,1995-10-17,18,2,297,Y
의정부시,아파트,신도3차,의정부동,397-12,1995-11-18,19,2,197,Y
의정부시,아파트,신도브래뉴(10-1차)(용현신도브래뉴),용현동,291-1,2006-01-31,22,10,734,Y
의정부시,아파트,신도아크라티움,의정부동,490,2009-12-29,29,1,84,N
의정부시,아파트,신동아파라디움,가능동,754 외9,2006-05-18,15,1,195,Y
의정부시,아파트,신일엘리시움,호원동,459,2006-01-05,19,1,391,Y
의정부시,아파트,신일유토빌,호원동,Apr-55,2003-04-04,22,16,1432,Y
의정부시,아파트,신한헤스티아1차,의정부동,497-4,2013-03-20,19,1,238,Y
의정부시,아파트,쌍용스윗닷홈,호원동,313-37,2005-08-30,15,1,128,N
의정부시,아파트,아이비타워(신한 2차),의정부동,496-4,2013-10-22,15,1,208,Y
의정부시,아파트,아이콘스타로데오,의정부동,18-3,2019-07-16,27,1,198,Y
의정부시,아파트,아이콘스타리버뷰,의정부동,22-2,2019-07-16,25,1,231,Y
의정부시,아파트,아이콘스타센트럴,의정부동,Feb-98,2019-07-16,25,1,231,Y
의정부시,아파트,애디안주상복합,용현동,275-2,2018-05-21,17,1,60,N
의정부시,아파트,양우내안애팰리스,호원동,114-2,2013-08-16,7,1,145,N
의정부시,아파트,양지마을 8단지,낙양동,218-7,2012-12-12,15,15,1161,N
의정부시,아파트,양지마을10단지(행복주택),낙양동,735,2017-11-10,23,4,812,N
의정부시,아파트,엘리시아,호원동,460-13,2018-11-07,20,1,255,Y
의정부시,연립주택,연정연립,가능동,746-31,1981-08-19,2,4,32,N
의정부시,아파트,영무예다음,녹양동,146-38,2007-02-26,15,1,144,N
의정부시,다세대,예다음,호원동,467-4,2016-08-23,8,2,34,N
의정부시,아파트,용현건영,용현동,391-19,1998-07-31,25,9,930,Y
의정부시,아파트,용현그랜드,용현동,38,1998-03-30,19,2,269,Y
의정부시,아파트,용현금용,용현동,39-54,1996-12-28,19,2,143,N
의정부시,아파트,용현동문1차,용현동,227,1991-08-10,11,2,80,N
의정부시,아파트,용현동문2차,용현동,222-4,1991-08-10,8,2,80,N
의정부시,아파트,용현동신도브래뉴PLUS(11차),용현동,271-4,2006-11-29,23,10,383,Y
의정부시,아파트,용현보광,용현동,402-1,1990-10-30,5,4,200,N
의정부시,아파트,용현산호,용현동,235-63,1988-05-18,5,2,95,N
의정부시,아파트,용현세아1차,용현동,390,1990-12-05,13,2,202,Y
의정부시,아파트,용현세아2차,용현동,404-2,1996-12-19,20,2,237,Y
의정부시,아파트,용현장미1차,용현동,Jan-33,1989-08-09,5,3,90,N
의정부시,아파트,용현장미2차,용현동,Mar-33,1990-07-27,5,2,60,N
의정부시,아파트,용현현대1차,용현동,46,1992-07-31,17,7,986,Y
의정부시,아파트,용현현대2차,용현동,221-3,1996-07-01,22,4,388,Y
의정부시,아파트,우남푸르미아,호원동,452-2,2009-04-16,15,1,91,N
의정부시,아파트,우미린더스카이,민락동,889,2018-08-23,34,7,732,Y
의정부시,아파트,우미쁘띠린(1차),의정부동,199-3,2014-02-26,15,1,298,Y
의정부시,아파트,우미쁘띠린(2차),의정부동,199-10,2014-02-26,15,1,298,Y
의정부시,아파트,우주마루 6차,의정부동,191-4,2018-07-18,19,1,65,N
의정부시,아파트,월드메르디앙웰라시티,의정부동,487-2,2023-06-30,27,1,76,N
의정부시,아파트,월드한아름,호원동,457,1998-05-30,19,3,290,Y
의정부시,아파트,웰드메르디앙 스마트시티,의정부동,491-5,2023-08-29,27,1,96,N
의정부시,아파트,웰링턴,용현동,276-2,2020-01-07,23,1,200,Y
의정부시,아파트,유성벨로스,가능동,653-25,2008-03-04,13,1,95,N
의정부시,아파트,으뜸마을신명,신곡동,98,2000-10-01,25,9,814,Y
의정부시,아파트,은하수,신곡동,684,1994-10-27,16,10,816,Y
의정부시,아파트,의정부디베뉴스타,의정부동,166-4 외1,2020-05-21,24,1,199,Y
의정부시,아파트,의정부롯데캐슬골드포레,가능동,581-1,2023-01-30,29,4,466,Y
의정부시,아파트,의정부역다채로움,의정부동,Aug-94,2024-11-29,25,1,92,N
의정부시,아파트,의정부역센트럴자이&위브캐슬,의정부동,380,2022-07-27,36,20,2473,Y
의정부시,아파트,의정부역스카이자이,의정부동,238-10,2024-08-29,49,2,393,Y
의정부시,아파트,의정부역진산&월드메르디앙,의정부,378-1,2020-12-04,26,1,79,N
의정부시,아파트,의정부역진흥마제스타워,의정부동,127-4,2025-05-29,24,1,82,N
의정부시,아파트,의정부역코아루퍼스트원,의정부동,499-6,2020-10-05,24,1,298,Y
의정부시,아파트,의정부역푸르지오센트럴,의정부동,394-11,2023-08-31,35,9,926,Y
의정부시,아파트,이든타워,의정부동,442,2018-03-20,16,1,127,N
의정부시,아파트,이안더메트로,의정부동,208-2,2021-06-25,20,1,170,Y
의정부시,아파트,이안더센트로,의정부동,146-1,2024-02-08,29,1,154,Y
의정부시,아파트,이큐빌,가능동,15-7,2016-04-04,15,1,63,N
의정부시,아파트,이편한세상녹양역,가능동,847,2019-06-28,29,5,416,Y
의정부시,아파트,이편한세상신곡파크비스타,신곡동,816,2019-02-28,29,13,1561,Y
의정부시,아파트,이편한세상신곡파크프라임,신곡동,831,2024-08-14,35,5,650,Y
의정부시,아파트,이편한세상신곡포레스타뷰,신곡동,817,2020-08-11,29,14,1773,Y
의정부시,아파트,일성트루엘,의정부동,527,2014-12-18,15,4,203,Y
의정부시,아파트,일심,가능동,725-25,2003-09-09,9,1,34,N
의정부시,아파트,장암더샵포레스트,장암동,419,2021-07-07,25,9,677,Y
의정부시,아파트,장암동신현대,신곡동,722-1,1998-10-30,20,8,598,Y
의정부시,아파트,장암동아,장암동,20,1997-06-27,25,16,1488,Y
의정부시,아파트,장암삼익한일,신곡동,723-1,1998-07-25,20,6,772,Y
의정부시,아파트,장암우성,장암동,14-27,1992-10-29,19,6,510,Y
의정부시,아파트,장암주공1단지,장암동,5,1991-12-10,15,5,1122,N
의정부시,아파트,장암주공2단지,장암동,5,1993-04-13,15,16,1661,Y
의정부시,아파트,장암주공5단지,신곡동,725-3,1999-03-22,20,14,1214,Y
의정부시,아파트,장암주공7단지,장암동,17-32,1998-09-01,20,7,749,Y
의정부시,아파트,장암푸르지오1차,장암동,37,2004-10-28,22,5,494,Y
의정부시,아파트,장암푸르지오2차,"장암동 ,","37-4,5",2004-10-28,16,2,114,N
의정부시,아파트,장암현대1차,신곡동,725-2,1998-05-28,20,2,304,Y
의정부시,아파트,장암현대2차,신곡동,724-2,1998-09-25,19,8,795,Y
의정부시,아파트,정음마을고산1단지,고산동,879,2020-05-26,25,3,500,N
의정부시,아파트,정음마을고산2단지,고산동,887,2020-06-26,20,4,629,N
의정부시,아파트,젠하우트,의정부동,482-3,2010-05-28,7,1,78,N
의정부시,다세대,진산스위트빌,호원동,226-197,2005-01-31,5,6,48,N
의정부시,아파트,청솔,가능동,717-22,1993-02-20,12,1,106,N
의정부시,아파트,탑석드림캐슬,민락동,757-4,2002-06-18,20,9,735,Y
의정부시,아파트,탑석센트럴자이,용현동,241,2021-12-20,35,16,2571,Y
의정부시,아파트,태림더끌리움시티,의정부동,492-1,2020-09-29,16,1,146,N
의정부시,연립주택,풍전연립,가능동,369,1985-11-22,3,8,102,N
의정부시,아파트,한라비발디,민락동,756-7,2003-06-14,21,9,636,Y
의정부시,아파트,한라비발디루트,의정부동,220-110,2005-11-01,20,4,268,Y
의정부시,아파트,한승미메이드,호원동,289-7,2006-12-06,20,8,448,Y
의정부시,아파트,한신더휴고산NHF,고산동,874,2020-07-20,25,8,670,N
의정부시,연립주택,한양빌라,금오동,398,1987-11-20,2,4,70,N
의정부시,아파트,한양수자인파크뷰,의정부동,369-2,2020-12-21,25,1,299,Y
의정부시,아파트,한원힐트리움더테라스,의정부동,184-3,2019-12-24,25,1,288,Y
의정부시,아파트,한주3차,호원동,436,1995-12-01,24,1,235,Y
의정부시,아파트,해뜨는개발,의정부동,167-2,2013-05-14,15,1,60,N
의정부시,아파트,행복한세상,가능동,644-8,2005-10-17,9,1,32,N
의정부시,아파트,현진에버빌,신곡동,565-9,2006-06-29,22,1,135,N
의정부시,아파트,혜성루첸리,의정부동,214-76,2022-01-05,16,1,47,N
의정부시,연립주택,호명산 빌리지,녹양동,315-4,2005-03-28,4,14,220,N
의정부시,아파트,호반베르디움1차,민락동,847,2017-07-05,26,19,1567,Y
의정부시,아파트,호반베르디움2차,낙양동,760,2017-08-05,26,7,526,Y
의정부시,아파트,호반베르디움3차,민락동,894,2017-10-11,27,6,463,Y
의정부시,아파트,호원 푸른마을,호원동,444-1,1998-09-05,21,1,126,N
의정부시,아파트,호원가든1차,호원동,360,1997-03-25,24,6,806,Y
의정부시,아파트,호원가든2차,호원동,322-5,1997-10-27,24,5,624,Y
의정부시,아파트,호원가든3차,호원동,376-7,1999-05-25,23,4,422,Y
의정부시,아파트,호원건영,호원동,121,1992-12-01,15,11,900,Y
의정부시,아파트,호원두산,호원동,347-1,1997-12-15,25,2,430,Y
의정부시,아파트,호원롯데,호원동,467-8,1999-01-27,21,1,146,N
의정부시,아파트,호원삼익,호원동,351-1,1998-10-17,25,5,666,Y
의정부시,아파트,호원석주,호원동,431,1995-12-01,8,1,46,N
의정부시,아파트,호원성호1차,호원동,442,1996-06-28,22,2,378,Y
의정부시,아파트,호원성호2차,호원동,443,1996-06-28,11,1,38,N
의정부시,아파트,호원신도4차,호원동,421,1996-07-12,22,3,239,Y
의정부시,아파트,호원신도5차,호원동,419-2,1996-09-02,19,1,175,Y
의정부시,아파트,호원신도6-1차,호원동,399-10,1997-10-15,19,1,93,N
의정부시,아파트,호원신도6차,호원동,401-1,1997-09-27,25,7,648,Y
의정부시,아파트,호원신도7차,호원동,467-5,1998-11-21,24,3,281,Y
의정부시,아파트,호원신원,호원동,327-1,1997-02-12,20,3,470,Y
의정부시,아파트,호원신일,호원동,456-3,1998-03-13,14,1,121,N
의정부시,아파트,호원신일유토빌플러스,호원동,461,2004-11-16,23,11,864,Y
의정부시,아파트,호원쌍용,호원동,06-03,1991-08-14,15,5,420,Y
의정부시,아파트,호원우남1차,호원동,422,1996-11-14,24,4,411,Y
의정부시,아파트,호원우남2차,호원동,423-2,1997-11-10,15,1,118,N
의정부시,아파트,호원우성1차,호원동,447-8,1993-09-25,15,4,381,Y
의정부시,아파트,호원우성2차,호원동,452-12,1993-09-25,15,4,289,Y
의정부시,아파트,호원우성3차,호원동,430,1993-08-06,20,4,615,Y
의정부시,아파트,호원우성5차,호원동,451,1995-02-28,23,4,494,Y
의정부시,아파트,호원유원,호원동,450-2,1996-02-23,19,1,178,Y
의정부시,아파트,호원풍림,호원동,351-7,2000-07-21,10,2,116,N
의정부시,아파트,호원하늘빛,호원동,376-4,1996-09-24,18,1,147,N
의정부시,아파트,호원한국개나리,호원동,308-45,1997-01-09,23,1,298,Y
의정부시,아파트,호원한승,호원동,425,1998-05-20,19,1,144,N
의정부시,아파트,호원한신1차,호원동,10-01,1991-11-20,15,3,204,Y
의정부시,아파트,호원한신2차,호원동,10-03,1994-11-22,24,2,278,Y
의정부시,아파트,호원한주1차,호원동,436-1,1994-11-29,20,6,609,Y
의정부시,아파트,호원한주4차,호원동,432-9,1996-02-02,24,1,288,Y
의정부시,아파트,호원한주5차,호원동,424,1996-10-24,25,3,240,Y
의정부시,아파트,호원행복주택,호원동,414,2017-10-24,15,2,166,N
의정부시,아파트,호원현대,호원동,419-1,1995-11-17,22,2,193,Y
의정부시,아파트,호원현대아이파크,호원동,467,2003-11-26,22,9,700,Y
의정부시,아파트,회룡역풍림아이원,호원동,308-139,2007-03-28,23,5,397,Y
의정부시,아파트,회룡한주,호원동,428,1997-04-04,24,2,224,Y
의정부시,아파트,효성팰리스,의정부동,370-7,2018-05-03,20,1,51,N
의정부시,아파트,흥일홀딩스,의정부동,20-12,2019-09-06,15,1,52,N
의정부시,아파트,흥화브라운,호원동,441-4,2002-12-07,20,1,160,Y
의정부시,아파트,힐스테이트 금오 더퍼스트,금오동,Mar-65,2025-11-20,32,11,832,Y
의정부시,아파트,힐스테이트 탑석,용현동,576,2025-08-22,39,5,636,Y
의정부시,아파트,힐스테이트녹양역,가능동,50,2018-11-21,29,7,758,Y
의정부시,아파트,힐스테이트의정부역,의정부동,240-130,2024-02-14,49,1,172,Y
이천시,아파트,KCC스위첸아파트,증포동,485,2016-08-23,20,10,562,Y
이천시,아파트,갈산현진에버빌,갈산동,782,2008-11-10,15,9,405,Y
이천시,아파트,갈산화성파크드림,갈산동,789,2013-06-05,15,3,168,Y
이천시,아파트,갈산휴먼시아3단지,갈산동,785,2009-11-24,15,6,445,N
이천시,아파트,갈산힐스테이트,갈산동,781,2006-09-28,15,5,325,Y
이천시,아파트,거평,부발읍 신하리,487-7,1992-11-23,15,2,299,Y
이천시,아파트,건일아파트,백사면 모전리,817-3,1994-08-18,10,1,73,N
이천시,아파트,고려2차아파트,중리동,446-18,1992-11-16,14,2,89,N
이천시,아파트,고려아파트,창전동,428-11,1990-10-10,7,1,34,N
이천시,아파트,관고동벽산블루밍,관고동,514,2010-04-28,20,3,227,Y
이천시,아파트,관고상가아파트(산호3차),중리동,444,1993-02-18,15,1,111,N
이천시,아파트,금성아파트,창전동,432-13,1990-12-27,7,1,35,N
이천시,아파트,기영아파트,부발읍 가산리,770,2008-09-26,7,4,150,Y
이천시,아파트,남서울아파트,부발읍 무촌리,221-2,1989-01-27,5,1,50,N
이천시,아파트,대림휴먼빌,증포동,474,2002-08-24,15,1,172,Y
이천시,아파트,대신푸른마을,신둔면 도봉리,1271,2004-11-02,10,5,260,Y
이천시,아파트,대우1차,증포동,213-5,1997-03-07,19,3,229,Y
이천시,아파트,대우2차,증포동,244-3,1998-07-16,19,6,539,Y
이천시,아파트,대우3차,증포동,200-9,2000-10-24,19,3,208,Y
이천시,아파트,대원1차아파트,중리동,446-14,1989-11-24,6,1,30,N
이천시,아파트,대원4차아파트,창전동,440-4,1991-12-09,11,1,104,N
이천시,아파트,대원그린,증포동,218-7,1996-08-26,19,1,255,Y
이천시,아파트,대원칸타빌,증포동,498,2019-07-24,20,6,346,Y
이천시,아파트,대원칸타빌2차더테라스,송정동,454,2021-08-26,20,5,303,Y
이천시,아파트,대호1차아파트,창전동,410-10,1991-05-24,7,1,64,N
이천시,아파트,대호2차,창전동,456,1993-03-04,15,1,150,Y
이천시,아파트,대호3차,증포동,351-5,1993-09-11,15,2,260,Y
이천시,아파트,덕평로얄아파트,마장면 오천리,Jan-80,2000-06-08,15,1,82,N
이천시,아파트,동서산업근로자,부발읍 신원리,558-38,1995-06-23,9,1,54,N
이천시,아파트,동양,장호원읍 진암리,28-10,1992-05-02,14,1,154,Y
이천시,아파트,동양파라곤,송정동,446,2009-02-27,20,5,324,Y
이천시,아파트,두산,관고동,185-12,1998-06-29,24,4,517,Y
이천시,아파트,라온팰리스,중리동,213,2009-10-21,28,1,194,Y
이천시,아파트,라온프라이빗,송정동,450,2021-07-05,25,15,790,Y
이천시,아파트,로얄아파트,장호원읍 진암리,Jan-47,1990-11-12,7,1,56,N
이천시,아파트,롯데캐슬 골드스카이,안흥동,274-17,2018-12-28,49,4,736,Y
이천시,아파트,롯데캐슬 페라즈스카이,안흥동,477,2023-04-25,45,2,299,Y
이천시,아파트,모전현대,백사면 모전리,780,1997-05-29,15,7,495,Y
이천시,아파트,미도아파트,창전동,137,1994-09-08,15,1,110,N
이천시,연립,미원근로자임대주택,마장면 표교리,125-5,1995-12-26,3,1,24,N
이천시,연립,보은국민주택,갈산동,608-1,1985-12-28,3,4,70,N
이천시,아파트,보은아파트,갈산동,614-2,1984-09-01,5,2,95,N
이천시,아파트,부발휴먼시아1단지,부발읍 무촌리,544,2009-10-20,15,6,784,N
이천시,아파트,부악3차아파트,증포동,151-6,1994-12-12,15,1,104,N
이천시,아파트,브라운스톤,안흥동,307-7,2014-10-10,20,3,214,Y
이천시,아파트,산호1차,관고동,226-8,1991-06-14,12,3,236,Y
이천시,아파트,산호2차,창전동,Jan-44,1991-10-28,13,1,151,Y
이천시,아파트,삼원엑스포,대월면 초지리,732,2002-07-12,13,6,300,Y
이천시,아파트,삼진동산,장호원읍 진암리,301-3,1995-03-29,15,2,172,Y
이천시,아파트,상호아파트,장호원읍 노탑리,174-26,1995-12-05,10,1,43,N
이천시,아파트,새설봉아파트,관고동,26-5,1994-09-30,15,1,86,N
이천시,아파트,선경1차,증포동,191-7,1997-01-16,23,2,238,Y
이천시,아파트,선경2차,증포동,190-2,1997-10-24,20,5,456,Y
이천시,아파트,설봉1차푸르지오,갈산동,783,2008-12-26,15,7,230,Y
이천시,아파트,설봉2차푸르지오,증포동,480,2011-11-25,18,8,347,Y
이천시,아파트,설봉3차푸르지오,증포동,486,2016-11-24,20,7,554,Y
이천시,아파트,성광아파트,부발읍 신하리,409-5,1990-06-11,6,5,198,N
이천시,아파트,성창아파트,대월면 사동리,182-1,1991-04-25,6,3,198,N
이천시,연립,성환주택,창전동,452-16,1986-08-28,3,2,66,N
이천시,아파트,세영아파트,창전동,산7-36,1992-11-19,11,1,87,N
이천시,아파트,세진아파트,장호원읍 장호원리,143-2,1995-02-10,12,1,70,N
이천시,아파트,송전더존빌,장호원읍 진암리,778,2007-05-31,11,4,220,Y
이천시,아파트,송정동양아파트,송정동,322,2000-04-27,20,7,585,Y
이천시,아파트,수광엘리시움,신둔면 수광리,757,2009-06-19,16,2,252,Y
이천시,아파트,수림1차,송정동,428,2002-06-20,15,6,498,Y
이천시,아파트,수림2차아파트,송정동,429,2002-12-18,15,6,310,Y
이천시,아파트,신둔반석아르미,신둔면 수하리,825,2003-12-08,15,5,268,Y
이천시,아파트,신세계아파트,부발읍 신원리,565-30,1989-01-26,5,2,98,N
이천시,아파트,신안실크밸리더포레,백사면 모전리,1번지,2025-04-11,25,11,880,Y
이천시,아파트,신원아침도시,대월면 사동리,524,2018-05-31,15,8,450,Y
이천시,아파트,신일아파트1차,송정동,306,2001-07-28,15,7,504,Y
이천시,아파트,신일아파트2차,송정동,311-1,2001-07-28,15,9,576,Y
이천시,아파트,신일해피트리,갈산동,777,2003-11-03,15,5,264,Y
이천시,아파트,신지아파트,부발읍 신원리,559-1,1995-01-18,9,2,93,N
이천시,아파트,신한1차,증포동,Mar-94,1997-12-22,20,9,728,Y
이천시,아파트,신한2차,부발읍 신하리,362-3,1998-08-28,20,3,349,Y
이천시,연립,쌍림빌라,마장면 오천리,302-12,1988-12-28,4,3,42,N
이천시,아파트,아미현대3차,부발읍 아미리,699-7,1997-05-30,20,2,400,Y
이천시,아파트,아미현대7차,부발읍 아미리,753,1999-11-29,20,7,708,Y
이천시,아파트,엘리프 이천 하이시티,부발읍 아미리,1259,2024-02-20,17,6,435,N
이천시,아파트,우성,갈산동,468-1,1997-07-04,15,3,298,Y
이천시,아파트,유승,부발읍 신하리,487-9,2001-08-07,20,2,153,Y
이천시,아파트,유진아파트,창전동,451-2,1990-04-24,5,1,20,N
이천시,아파트,유호아파트,대월면 사동리,산92-1,1987-09-26,5,2,70,N
이천시,연립,융화빌라,창전동,452-2,1987-09-12,3,3,66,N
이천시,아파트,은하아파트,관고동,503-6,1993-03-12,7,1,56,N
이천시,아파트,이안 퍼스티엄 이천부발,부발읍 신원리,941,2024-03-28,15,7,419,Y
이천시,아파트,이천 마장 리젠시빌 란트,마장면 오천리,416,2020-07-17,20,4,298,N
이천시,아파트,이천 마장 리젠시빌 란트 더웰,마장면 오천리,419,2020-11-18,20,4,305,Y
이천시,아파트,이천 마장 휴먼빌 까사포레,마장면 양촌리,354,2024-07-29,20,5,338,Y
이천시,아파트,이천 휴먼빌 에듀파크시티,대월면 사동리,445-4,2024-11-06,25,8,605,Y
이천시,아파트,이천갈산주공,갈산동,778,2004-11-29,15,5,525,N
이천시,연립,이천국민주택,진리동,327,1984-12-17,3,4,78,N
이천시,아파트,이천마장행복주택3단지,마장면 양촌리,10,2019-12-02,20,2,290,N
이천시,아파트,이천삼익아파트,부발읍 신하리,481-1,2000-04-08,20,4,493,Y
이천시,아파트,이천센트레빌레이크뷰,안흥동,320-1,2025-08-01,49,1,180,Y
이천시,아파트,이천신둔코아루,신둔면 수하리,826,2017-04-18,15,4,197,Y
이천시,아파트,이천유산양우내안애,호법면 유산리,894,2010-12-14,14,3,276,Y
이천시,아파트,이천자이더파크아파트,관고동,산13-1,2024-11-21,25,11,706,Y
이천시,아파트,이천중리LH아파트,증일동,110-3,2023-06-16,20,5,658,N
이천시,아파트,이천증일동현대홈타운,증일동,Jul-82,2005-08-19,15,11,523,Y
이천시,아파트,이천증포새도시 한양수자인3블럭,증포동,489,2017-09-07,19,6,354,Y
이천시,아파트,이천증포새도시 한양수자인5블럭,증포동,491,2017-09-07,20,12,620,Y
이천시,아파트,이천진암지구 우방아이유쉘 메가하이브,장호원읍 진암리,814,2023-11-06,23,6,413,Y
이천시,아파트,이천코아루휴티스1단지,안흥동,267-5,2021-03-31,42,2,288,Y
이천시,아파트,이천코아루휴티스2단지,안흥동,313-1,2021-03-31,40,1,144,N
이천시,아파트,이천한솔아파트,백사면 조읍리,627,2001-02-02,15,4,476,Y
이천시,아파트,이화1차,부발읍 응암리,97,1996-11-19,17,3,493,Y
이천시,아파트,이화2차,부발읍 응암리,102-2,1997-05-26,18,3,432,Y
이천시,아파트,일성아파트,안흥동,300-1,1997-01-15,15,2,240,Y
이천시,아파트,일심아파트,창전동,466-17,1991-06-11,10,1,84,N
이천시,다세대,일한빌라,중리동,443-26,1986-10-02,3,6,31,N
이천시,연립,장원연립,장호원읍 장호원리,161,1989-08-22,3,4,63,N
이천시,아파트,장호원기산,장호원읍 노탑리,193-1,1997-05-23,18,1,175,Y
이천시,아파트,장호원코아루,장호원읍 진암리,780,2009-12-30,15,7,342,Y
이천시,아파트,조명아파트,창전동,Jun-48,1989-11-29,5,1,40,N
이천시,아파트,주공,안흥동,469,1997-05-02,15,17,1200,Y
이천시,아파트,주은다솜,부발읍 응암리,109,2001-08-02,15,4,600,Y
이천시,아파트,중앙아파트,창전동,412,1989-05-18,5,1,55,N
이천시,아파트,증포한솔1차아파트,증포동,475,2006-11-30,18,9,418,Y
이천시,아파트,지엠하이빌,고담동,579,2006-08-23,10,6,276,Y
이천시,연립,진암국민주택,장호원읍 진암리,05-04,1985-12-31,3,2,36,N
이천시,아파트,진우,부발읍 신하리,365,2000-08-03,20,4,438,Y
이천시,아파트,진주아파트,부발읍 무촌리,산37-8,1989-04-04,5,1,102,N
이천시,연립,진흥맨션,장호원읍 진암리,Mar-48,1985-12-30,3,4,71,N
이천시,아파트,창전현대1차,창전동,Jan-49,1985-08-13,13,2,210,Y
이천시,아파트,창전현대2차,창전동,01-02,1991-06-29,15,2,194,Y
이천시,아파트,청구,부발읍 신하리,559-3,1999-12-20,20,5,304,Y
이천시,아파트,청자아파트,창전동,417-2,1986-07-03,5,3,100,N
이천시,아파트,코아루 2단지(장호원코아루아파트),장호원읍,진암리 781,2009-12-30,14,1,27,N
이천시,아파트,큰산아파트,갈산동,222,2000-08-19,5,5,100,N
이천시,아파트,타미나홈스,창전동,419,2012-12-12,10,1,68,N
이천시,연립,태성국민주택,중리동,445-8,1986-01-20,3,2,45,N
이천시,아파트,풍산,송정동,107-48,1997-08-14,17,3,298,Y
이천시,연립,풍전연립주택,신둔면 수광리,152-1,1986-08-19,3,5,93,N
이천시,아파트,하이닉스사원임대아파트,부발읍 아미리,147-3,1987-07-31,5,9,420,N
이천시,아파트,한마음아파트,관고동,503,1989-10-05,5,1,35,N
이천시,연립,한성빌라,부발읍 신하리,396,1985-11-01,3,4,126,N
이천시,아파트,한솔 솔파크2차,증포동,478,2007-11-30,20,1,69,N
이천시,아파트,한솔솔파크3차,증포동,479,2010-01-14,15,6,234,Y
이천시,아파트,한솔스파빌1차,창전동,470-16,2003-10-21,13,1,26,N
이천시,아파트,한솔스파빌2차,창전동,469-6,2003-10-21,13,1,47,N
이천시,아파트,한솔아파트,신둔면 남정리,371-1,1995-06-19,10,1,20,N
이천시,아파트,한솔파크빌,창전동,466-7외 1필지,2014-02-18,10,1,36,N
이천시,아파트,한신1차아파트,창전동,410,1992-02-11,12,1,68,N
이천시,연립,해원빌라,부발읍 무촌리,산48-5,1986-07-04,3,3,48,N
이천시,연립,해원주택,대월면 사동리,347-136,1985-11-14,3,2,24,N
이천시,아파트,해피트리트리빌1단지,부발읍 아미리,730,2014-12-30,33,1,299,Y
이천시,아파트,해피트리트리빌2단지,부발읍 아미리,729,2014-12-30,33,1,155,Y
이천시,연립,향림주택,사음동,24,1986-01-13,3,3,62,N
이천시,아파트,현광아파트,부발읍 마암리,01-01,1995-12-09,15,2,134,N
이천시,아파트,현대,장호원읍 진암리,17-18,1997-07-03,22,4,362,Y
이천시,아파트,현대5차,대월면 사동리,386-72,1997-11-25,19,4,296,Y
이천시,아파트,현대6차,대월면 사동리,465,1999-03-27,18,5,346,Y
이천시,아파트,현대성우1단지,부발읍 아미리,1244,2010-02-26,20,4,237,Y
이천시,아파트,현대성우2단지,부발읍 아미리,1245,2010-02-26,20,8,503,Y
이천시,아파트,현대성우3단지,부발읍 아미리,1246,2010-02-26,20,5,355,Y
이천시,아파트,현대성우4단지,부발읍 아미리,1247,2010-02-26,20,5,354,Y
이천시,아파트,현대전자아파트,대월면 사동리,441-1,1994-10-28,15,11,1110,Y
이천시,아파트,현대직장조합(창전현대아파트),창전동,495-2,1992-02-14,14,1,77,N
이천시,아파트,현진에버빌1차,송정동,445,2005-10-28,15,4,326,Y
이천시,아파트,현진에버빌2차,사음동,748,2006-04-27,18,2,137,N
이천시,아파트,호반베르디움B3더퍼스트,마장면 오천리,422,2019-07-31,18,8,442,Y
이천시,아파트,호반베르디움B4더퍼스트,마장면 오천리,413,2019-09-18,18,9,533,Y
이천시,아파트,효양,부발읍 무촌리,128-6,2003-05-19,15,5,308,Y
파주시,아파트,e편한세상 헤이리,탄현면 축현리,1050,2025-04-29,25,10,1057,Y
파주시,아파트,가람마을10단지 동양엔파트월드메르디앙,와동동,1356,2010-07-29,25,13,972,Y
파주시,아파트,가람마을11단지 동문굿모닝힐,와동동,667,2010-06-30,25,12,624,Y
파주시,아파트,가람마을12단지 별숲오르트,와동동,1521,2023-07-14,27,5,434,Y
파주시,아파트,가람마을14단지,와동동,1475,2020-06-06,25,2,580,N
파주시,아파트,가람마을1단지 벽산한라,와동동,1308,2010-08-23,25,14,1145,Y
파주시,아파트,가람마을2단지 휴먼시아,와동동,1311,2009-09-04,23,13,1231,N
파주시,아파트,가람마을3단지 동문아파트,와동동,240,2001-09-15,15,17,902,Y
파주시,아파트,가람마을4단지 한양수자인,와동동,1321,2011-12-19,18,14,780,Y
파주시,아파트,가람마을5단지 엘크루,목동동,1332,2014-05-21,30,12,821,Y
파주시,아파트,가람마을6단지 휴먼시아,와동동,1331,2011-07-28,25,13,1220,N
파주시,아파트,가람마을7단지 한라비발디,와동동,1338,2012-11-29,25,13,978,Y
파주시,아파트,가람마을8단지 동문굿모닝힐,와동동,205,2001-09-22,20,11,1225,Y
파주시,아파트,가람마을9단지 남양휴튼,와동동,1344,2010-08-27,25,9,690,Y
파주시,아파트,가야동원,법원읍 가야리,Aug-54,1991-10-30,5,2,110,N
파주시,연립,강심연립,문산읍 당동리,76,1987-06-04,2,5,81,N
파주시,아파트,건일장미,금촌동,228-1,1998-12-07,19,1,226,Y
파주시,아파트,경신,금촌동,424-9,1999-01-21,19,4,408,Y
파주시,연립,경안주택,상지석동,977-7,1985-02-18,3,6,96,N
파주시,연립,공릉연립,조리읍 봉일천리,69-17외1,1986-07-09,3,3,54,N
파주시,아파트,교하2차월드메르디앙,목동동,2-117,2001-04-13,17,18,1507,Y
파주시,연립,궁전연립,법원읍 법원리,448-26,1989-02-18,3,1,36,N
파주시,아파트,귀빈,금촌동,769-5,1988-10-31,5,2,70,N
파주시,아파트,그린시티동문,조리읍 대원리,218,2000-09-30,15,33,1759,Y
파주시,아파트,그린아파트,금촌동,1014-2,2012-12-31,12,1,220,Y
파주시,연립,금능연립,금릉동,197-1외2,1985-10-19,3,4,78,N
파주시,연립,금성연립,조리읍 봉일천리,"189-14,15",1986-01-14,5,2,33,N
파주시,아파트,금촌 행복주택,금촌동,105-1,2019-08-23,6,1,50,N
파주시,아파트,금촌풍림아이원,금촌동,1008,2005-11-22,22,9,563,Y
파주시,연립,금화연립,금촌동,788-9,1985-07-19,3,3,63,N
파주시,아파트,기용,파주읍 파주리,126-1,1998-02-17,14,1,66,N
파주시,아파트,노을빛마을16단지,문발동,558,2023-02-03,8,5,320,N
파주시,아파트,노을빛마을주공1단지,교하동,546,2006-05-24,8,9,469,N
파주시,아파트,노을빛마을주공2단지,교하동,547,2005-11-30,8,24,1119,N
파주시,아파트,당동주공1차,문산읍 당동리,874,2002-06-27,15,5,567,N
파주시,아파트,당동주공2차,문산읍 당동리,871,2002-06-27,15,5,415,Y
파주시,아파트,당동주공3단지 휴먼시아,문산읍 당동리,937,2012-03-30,15,8,775,N
파주시,아파트,대방1차,야동동,587,2001-08-02,15,15,1080,Y
파주시,아파트,대방노블랜드,금촌동,1015,2006-10-25,17,8,488,Y
파주시,아파트,대영장미,금촌동,233-6,1997-05-22,19,2,298,Y
파주시,아파트,대영장미,금촌동,230-1,1994-11-29,15,2,244,Y
파주시,아파트,대영장미2차,금촌동,230-2,1996-08-22,19,1,192,Y
파주시,연립,대진연립,금촌동,774-4,1984-12-26,3,3,36,N
파주시,연립,대창연립,금릉동,198-8,1986-08-08,3,1,21,N
파주시,연립,대호연립,광탄면 신산리,"178-1,2",1995-09-14,3,1,24,N
파주시,아파트,더 트루엘 센트리지,금촌동,1313,2025-09-30,26,2,300,Y
파주시,아파트,동광모닝스카이,파주읍 연풍리,483,2009-11-30,15,5,227,Y
파주시,아파트,동문,금촌동,11-07,1993-08-28,15,2,228,Y
파주시,아파트,"동문2차(301,501동)",금촌동,16,1995-11-29,13,2,128,N
파주시,아파트,"동문3차(601, 701, 801동)",금촌동,"17-15.15-6,24-24",1999-09-07,13,3,123,N
파주시,연립,동산연립,금촌동,775-2,1984-09-11,3,3,32,N
파주시,연립,동산연립,금촌동,773-6,1984-09-11,3,2,21,N
파주시,연립,동산연립,문산읍 선유리,426-10외1,1983-12-30,3,2,28,N
파주시,연립,동산연립,파주읍 연풍리,420-1,1986-12-29,3,3,36,N
파주시,아파트,동신라메르,광탄면 신산리,683,2005-12-30,13,2,164,Y
파주시,아파트,동양부로미,금릉동,196-3,2006-04-20,18,2,182,Y
파주시,아파트,동현,금촌동,781-2,1990-12-04,15,5,406,Y
파주시,아파트,두보,금촌동,234-8,1994-11-30,15,2,198,Y
파주시,아파트,두보,금촌동,234-22,1997-10-14,18,1,252,Y
파주시,아파트,두보2차(103동),금촌동,"234-20,-21",1996-03-18,15,1,98,N
파주시,아파트,두산위브,문산읍 선유리,1350,2006-08-30,15,10,504,Y
파주시,연립,두양엘린빌,파주읍 연풍리,1-3외 1필지,2013-05-09,4,5,80,N
파주시,연립,럭키빌라,금릉동,197-5,1989-08-03,3,1,12,N
파주시,연립,메이플카운티타운하우스,문발동,564,2015-04-23,3,6,59,N
파주시,아파트,"무궁화(1,2동)",아동동,"291-10,275-22",1990-10-27,5,2,110,N
파주시,아파트,"무궁화(가,나동)",아동동,294-4,1989-10-24,5,2,90,N
파주시,아파트,"무궁화(가,나동)",조리읍 봉일천리,157-1,1988-10-15,5,2,80,N
파주시,아파트,무궁화(다동),아동동,293-5,1989-10-24,5,1,30,N
파주시,아파트,무궁화(다동),조리읍 봉일천리,157-11,1988-12-10,5,1,50,N
파주시,아파트,"무궁화(라,마동)",아동동,293-1,1989-12-07,5,2,67,N
파주시,아파트,문산당동4단지,문산읍 당동리,908,2012-06-15,15,4,299,N
파주시,아파트,문산선유2단지 휴먼시아,문산읍 선유리,1358,2010-04-01,15,13,917,N
파주시,아파트,문산선유3단지 휴먼시아,문산읍 선유리,1394,2012-03-30,15,14,1316,N
파주시,아파트,문산선유4단지,문산읍 선유리,1409,2012-03-30,14,10,343,Y
파주시,아파트,문산선유5단지 휴먼시아,문산읍 선유리,1404,2012-03-30,15,10,650,N
파주시,아파트,문산신원아침도시,문산읍 문산리,142,2006-06-09,15,10,638,Y
파주시,아파트,문산율곡,문산읍 문산리,Aug-33,1996-12-07,11,2,138,N
파주시,아파트,문산주공,문산읍 문산리,31-1,1980-01-23,5,7,300,Y
파주시,아파트,물향기마을11단지,동패동,2300,2024-07-31,18,7,1078,N
파주시,아파트,물향기마을1단지,목동동,385,2023-02-16,24,8,1810,N
파주시,아파트,물향기마을2단지 운정중앙역 경남아너스빌 디원,동패동,2173-324,2025-06-19,28,6,499,Y
파주시,아파트,물향기마을3단지 해링턴플레이스 운정아파트,목동동,467,2023-12-19,25,13,1498,Y
파주시,아파트,물향기마을7단지,동패동,2173-572,2025-06-16,28,10,882,N
파주시,아파트,미림,조리읍 봉일천리,"237-1,2",1991-10-22,5,4,188,N
파주시,아파트,별하람마을1단지 제일풍경채 그랑퍼스트 1차,당하동,441,2023-12-27,28,24,1926,Y
파주시,아파트,별하람마을3단지 서희스타힐스엔이치에프,와동동,789,2021-01-29,26,13,1422,N
파주시,아파트,별하람마을4단지,당하동,549-1,2021-10-21,25,6,1282,N
파주시,아파트,별하람마을5단지 호반써밋 이스트파크,와동동,1713,2025-06-02,29,14,1110,Y
파주시,아파트,보광그랑베르,금촌동,792-3,2013-08-14,15,1,136,N
파주시,아파트,봉일천동원,조리읍 봉일천리,157-18,1990-11-01,5,2,90,N
파주시,아파트,봉일천효성해링턴,조리읍 봉일천리,301,2018-02-21,21,8,490,Y
파주시,연립,부일연립,아동동,"25,26",1986-04-30,3,2,54,N
파주시,아파트,산내마을10단지 운정센트럴푸르지오,목동동,1142,2018-07-19,25,21,1956,Y
파주시,아파트,산내마을11단지 현대아이파크,목동동,101,2002-10-31,18,10,596,Y
파주시,아파트,산내마을12단지 디에트르더클래스,목동동,989,2023-08-31,15,9,512,Y
파주시,아파트,산내마을13단지 파주운정신도시디에트르라포레,목동동,1009,2023-02-23,15,6,297,Y
파주시,아파트,산내마을1단지,목동동,904,2017-11-08,25,8,1700,N
파주시,아파트,산내마을2단지 센트럴리움,목동동,907,2017-11-30,29,13,1362,N
파주시,아파트,산내마을3단지,목동동,911,2014-07-09,30,15,865,Y
파주시,아파트,산내마을5단지 파주운정신도시 디에트르 센트럴,목동동,916,2025-07-23,15,6,292,Y
파주시,아파트,산내마을6단지 한라비발디,목동동,114-1,2013-04-26,25,11,823,Y
파주시,아파트,산내마을7단지 운정화성파크드림,목동동,893,2020-02-25,25,16,1047,Y
파주시,아파트,산내마을8단지,목동동,114-37 외 5필지,2001-11-29,15,19,1028,Y
파주시,아파트,산내마을9단지 운정힐스테이트,목동동,1149,2018-07-16,29,25,2998,Y
파주시,아파트,산호,문산읍 당동리,Jul-91,1987-09-24,5,2,80,N
파주시,아파트,삼산,금촌동,399-1,1996-09-12,11,1,57,N
파주시,연립,삼한연립,금촌동,950-1,1985-09-26,3,2,24,N
파주시,아파트,새꽃마을금촌주공뜨란채1단지,금촌동,972,2004-10-22,20,20,1818,Y
파주시,아파트,새꽃마을금촌주공뜨란채3단지,금촌2동,984,2004-10-25,19,10,1167,N
파주시,연립,서부주택,상지석동,977-6,1988-12-30,3,4,66,N
파주시,아파트,서원마을뜨란채,금촌동,1019,2005-05-03,22,12,1133,Y
파주시,아파트,성원,조리읍 봉일천리,156-1,1997-05-10,20,2,347,Y
파주시,아파트,성원포레스타운,검산동,130-8,2000-04-29,15,14,656,Y
파주시,아파트,성호,조리읍 봉일천리,125-22,1997-11-07,24,2,282,Y
파주시,아파트,성호파크힐,조리읍 봉일천리,258-3,2001-05-14,22,8,367,Y
파주시,아파트,세성,문산읍 당동리,170-2,1995-12-07,13,3,204,Y
파주시,아파트,세아,문산읍 당동리,Apr-92,1991-06-08,14,1,116,N
파주시,연립,세인연립,조리읍 봉일천리,183-2,1985-07-22,3,3,72,N
파주시,아파트,송촌토파즈,조리읍 봉일천리,13-15,1998-08-29,24,5,552,Y
파주시,아파트,쇠재마을뜨란채,금촌동,1022,2004-11-11,20,9,1402,Y
파주시,아파트,숲속길마을6단지 동문굿모닝힐,교하동,560,2005-12-19,15,8,586,Y
파주시,아파트,숲속길마을7단지 월드메르디앙센트럴파크,교하동,1690,2006-01-12,15,7,480,Y
파주시,아파트,숲속길마을동문굿모닝힐,교하동,1687,2005-12-19,15,11,382,Y
파주시,연립,신산연립,광탄면 신산리,205-2,1987-10-26,3,2,45,N
파주시,아파트,신안실크밸리1차,아동동,897,2009-06-19,15,13,539,Y
파주시,아파트,신안실크밸리2차,아동동,900,2010-09-07,15,9,438,Y
파주시,아파트,안산율곡2차,법원읍 가야리,Feb-30,1994-11-30,15,2,180,Y
파주시,아파트,양우 내안애,문산읍 선유리,1353,2007-11-27,15,2,150,Y
파주시,아파트,양우2단지,문산읍 선유리,1356,2007-11-27,14,3,132,N
파주시,아파트,양우3단지,문산읍 선유리,1352,2007-12-06,15,2,83,N
파주시,연립,에덴주택,금촌동,20-26,1986-12-23,3,1,12,N
파주시,아파트,에이스큐브,금촌동,69,2020-12-21,26,1,224,Y
파주시,연립,영태연립,월롱면 영태리,581-2,1988-10-07,3,2,33,N
파주시,연립,우촌연립,아동동,354-6,1985-01-09,3,1,30,N
파주시,아파트,유승,검산동,310,2001-05-02,14,10,550,Y
파주시,아파트,윤창,조리읍 봉일천리,237-5,1993-06-05,14,1,138,N
파주시,아파트,율곡1차,법원읍 가야리,Feb-29,1993-04-24,10,1,63,N
파주시,아파트,율곡3차,법원읍 법원리,674-2,2000-11-27,15,2,180,Y
파주시,아파트,일신건영휴먼빌,문산읍 문산리,145,2006-06-29,20,10,610,Y
파주시,아파트,자연앤꿈에그린5단지,문산읍 당동리,909,2010-12-09,20,6,411,Y
파주시,아파트,자연앤꿈에그린6단지,문산읍 당동리,930,2010-12-09,20,5,320,Y
파주시,아파트,장미,금촌동,"228-4, 228-7",2000-10-27,19,1,259,Y
파주시,아파트,장미7차,금촌동,255-5,2002-07-26,11,1,62,N
파주시,아파트,장안5차미우,아동동,339,1997-09-25,15,3,206,Y
파주시,아파트,장안8차,문산읍 문산리,97,2003-04-23,18,5,368,Y
파주시,아파트,장안밀레니엄,금촌동,792-1,2000-02-01,20,1,139,N
파주시,아파트,장안아파트,금촌동,Sep-71,1985-06-21,3,1,36,N
파주시,아파트,장안아파트3차,금촌동,51-49,1993-09-22,15,3,208,Y
파주시,연립,장안연립,금촌동,787-5,1984-11-19,3,1,27,N
파주시,연립,장안연립(3차),아동동,321,1987-01-27,3,1,38,N
파주시,아파트,장안초원1차,아동동,329-6,1990-09-07,12,1,181,Y
파주시,아파트,장안초원2차,아동동,328-49,1991-09-11,8,2,176,Y
파주시,아파트,장안하나,금촌동,951-5,1996-06-13,15,1,108,N
파주시,아파트,장안흰돌마을,금릉동,199-6,2000-01-21,20,7,498,Y
파주시,연립,장인연립,금촌동,794-2,1994-05-16,4,1,20,N
파주시,아파트,조리동문1차,조리읍 봉일천리,147-1,1996-11-29,20,1,118,N
파주시,아파트,조리동문2차,조리읍 봉일천리,150-26,1998-06-12,18,1,49,N
파주시,아파트,조리푸르지오,조리읍 봉일천리,269,2010-04-29,17,8,450,Y
파주시,아파트,주공,문산읍 선유리,418,1991-12-09,5,7,300,Y
파주시,아파트,진흥소슬마을,문산읍 선유리,1357,2007-12-05,15,5,231,Y
파주시,아파트,책향기마을10단지 동문굿모닝힐,교하동,982,2005-12-15,15,18,1009,Y
파주시,아파트,책향기마을11단지 신동아파밀리에,교하동,1703,2005-12-28,15,7,366,Y
파주시,아파트,책향기마을12단지 진흥효자,교하동,1702,2005-12-22,15,8,439,Y
파주시,아파트,책향기마을13단지 상록경남아너스빌,교하동,1704,2007-04-20,15,9,734,N
파주시,아파트,책향기마을14단지 우남퍼스트빌,교하동,1711,2006-04-10,14,12,600,Y
파주시,아파트,책향기마을15단지 상록데시앙,교하동,1708,2007-03-27,15,8,644,Y
파주시,아파트,천년가골든뷰,금촌동,52-45,2021-07-06,20,1,220,Y
파주시,아파트,청석마을8단지동문굿모닝힐아파트,교하동,1698,2005-12-15,15,16,1026,Y
파주시,아파트,청석마을9단지 대원효성,교하동,986,2006-04-18,15,24,1240,Y
파주시,연립,청학연립,적성면 마지리,168-1,1988-07-14,3,2,33,N
파주시,아파트,초롱꽃마을10단지,동패동,568-1,2021-03-15,20,7,1000,N
파주시,아파트,초롱꽃마을11단지 리베르니아,동패동,573,2022-08-11,20,11,728,Y
파주시,아파트,초롱꽃마을12단지 e편한세상 운정 어반프라임,동패동,555,2021-07-13,20,15,1010,Y
파주시,아파트,초롱꽃마을13단지 디에트르 더 퍼스트,동패동,533-1,2021-10-20,23,11,820,Y
파주시,아파트,초롱꽃마을1단지 파주운정경남아너스빌리버,동패동,2217,2025-02-28,15,8,457,Y
파주시,아파트,초롱꽃마을2단지 운정 시티프라디움,동패동,2219,2025-02-06,15,8,486,Y
파주시,아파트,초롱꽃마을3단지 휴먼하우징,동패동,1442,2022-08-22,5,12,1448,N
파주시,아파트,초롱꽃마을4단지 신영지웰,동패동,2110,2024-11-26,20,7,606,Y
파주시,아파트,초롱꽃마을5단지 우미린파크힐스,동패동,2073,2024-12-12,25,6,522,Y
파주시,아파트,초롱꽃마을6단지 금강펜테리움센트럴파크,동패동,912-1,2022-07-29,15,15,778,Y
파주시,아파트,초롱꽃마을7단지 파밀리에,동패동,749-2,2021-10-14,15,9,678,N
파주시,아파트,초롱꽃마을8단지 운정중흥s클래스,동패동,2076,2022-04-29,20,17,1262,Y
파주시,아파트,초롱꽃마을9단지 우미린센터포레,동패동,2118,2023-01-19,15,9,522,N
파주시,아파트,태양,조리읍 봉일천리,157-40,1989-11-07,5,1,39,N
파주시,연립,"태양연립(가,나동)",조리읍 봉일천리,139-17,1985-01-15,3,2,48,N
파주시,연립,"태양연립(다,라동)",조리읍 봉일천리,138-1,1987-01-10,3,2,36,N
파주시,아파트,태형내산마을,조리읍 봉일천리,262,1996-11-29,18,2,227,Y
파주시,아파트,태형미림,조리읍 봉일천리,262-23,1993-05-10,15,1,142,N
파주시,아파트,파라다이스,아동동,275-9,1998-05-11,20,2,316,Y
파주시,연립,파주교하월드메르디앙타운하우스,문발동,559,2008-06-03,4,9,143,N
파주시,아파트,파주금촌주공아파트1단지,금촌동,922,1997-04-30,15,8,769,Y
파주시,아파트,파주문산역1차 동문굿모닝힐,문산읍 선유리,1413,2020-03-12,22,5,409,Y
파주시,아파트,파주문산역2차 동문디이스트,문산읍 선유리,878-1,2024-06-26,29,15,1503,Y
파주시,아파트,파주법원엘에이치행복주택1단지,법원읍 법원리,431-49,2019-11-14,15,2,250,N
파주시,연립,파주연립,파주읍 파주리,404-1,1986-12-03,3,2,36,N
파주시,아파트,파주연풍 양우내안애 에코하임,파주읍 연풍리,484,2022-09-06,24,9,475,Y
파주시,아파트,파주출판문화 LH1단지,교하동,729-7,2017-10-16,8,4,280,N
파주시,아파트,파주휴먼시아,파주읍 파주리,816,2011-10-09,14,8,464,N
파주시,아파트,파주힐스테이트1차,문산읍 당동리,935,2009-10-29,18,13,631,Y
파주시,아파트,파주힐스테이트2차,문산읍 당동리,940,2010-09-07,15,10,454,Y
파주시,아파트,팜스프링,아동동,283 외 14필지,2001-09-27,25,31,2944,Y
파주시,아파트,프린스,조리읍 봉일천리,158-2,1989-10-25,5,2,80,N
파주시,아파트,한라,조리읍 대원리,992-1,2000-06-15,20,21,1202,Y
파주시,아파트,한빛마을1단지 한라비발디 센트럴파크,야당동,981,2009-08-31,29,12,937,Y
파주시,아파트,한빛마을2단지 휴먼빌 레이크팰리스,야당동,982,2009-06-23,27,14,1123,Y
파주시,아파트,한빛마을3단지 자유로아이파크,야당동,975,2004-09-02,15,16,1096,Y
파주시,아파트,한빛마을4단지 롯데캐슬파크타운2차,야당동,1015,2018-04-26,29,11,1169,Y
파주시,아파트,한빛마을5단지 캐슬앤칸타빌,야당동,991,2012-07-27,30,22,2190,Y
파주시,아파트,한빛마을6단지,야당동,1026,2011-12-01,25,19,1564,N
파주시,아파트,한빛마을7단지 한신휴플러스,야당동,1023,2011-12-01,25,19,1352,Y
파주시,아파트,한빛마을8단지 휴먼시아,야당동,1031,2011-06-10,28,17,1062,Y
파주시,아파트,한빛마을9단지 롯데캐슬,야당동,1016,2017-10-27,29,10,1076,Y
파주시,아파트,한양수자인리버팰리스,문산읍 당동리,947,2015-10-07,22,14,1006,Y
파주시,아파트,한울마을1단지 운정신도시 IPARK,동패동,1781,2020-07-22,29,50,3042,Y
파주시,아파트,한울마을2단지,동패동,200-1,2001-06-30,15,19,1260,Y
파주시,아파트,한울마을3단지 운정더클래스,동패동,1752,2011-08-11,25,11,648,Y
파주시,아파트,한울마을4단지 휴먼시아,동패동,1753,2009-11-06,23,13,1167,N
파주시,아파트,한울마을5단지 휴먼시아,동패동,1768,2010-11-29,23,18,1467,N
파주시,아파트,한울마을6단지 아모리움에듀파크,동패동,1771,2011-07-18,30,9,700,Y
파주시,아파트,한울마을7단지 삼부르네상스,동패동,679,2010-06-15,32,15,724,Y
파주시,아파트,한일유앤아이,금촌동,1014,2006-08-23,15,2,180,Y
파주시,아파트,한일유앤아이2차,금촌동,1014-1,2007-09-17,15,3,148,N
파주시,아파트,한진1차,문산읍 문산리,17-29,1992-05-30,15,2,240,Y
파주시,아파트,한진2차,문산읍 선유리,903-10,1993-11-11,12,1,148,N
파주시,아파트,해솔마을11단지 휴먼시아,목동동,640,2009-12-09,23,12,1165,N
파주시,아파트,해솔마을1단지 두산위브,목동동,647,2010-04-09,25,9,668,Y
파주시,아파트,해솔마을3단지,목동동,2-110,2001-06-09,20,16,1274,Y
파주시,아파트,해솔마을4단지 벽산우남연리지,목동동,1368,2010-06-30,25,7,958,Y
파주시,아파트,해솔마을5단지 삼부르네상스,목동동,1772,2010-06-15,30,11,1390,Y
파주시,아파트,해솔마을6단지,목동동,690,2014-05-15,25,17,1525,N
파주시,아파트,해솔마을7단지 롯데캐슬,와동동,1404,2014-11-29,30,20,1880,Y
파주시,연립,해솔마을8단지 운정아이파크더테라스,와동동,1411,2022-07-29,4,11,186,Y
파주시,연립,해솔마을9단지 누메르,와동동,1409,2022-08-31,3,3,38,N
파주시,아파트,해오름마을10단지 파크푸르지오,다율동,239-5,2021-12-15,28,7,710,Y
파주시,아파트,해오름마을11단지 우미린 더퍼스트,다율동,220-2,2021-08-04,28,8,846,N
파주시,아파트,해오름마을12단지 휴아림,다율동,146-5,2020-08-28,29,7,748,N
파주시,아파트,해오름마을13단지 운정신도시 한라비발디 파크젠,다율동,1030,2024-01-12,25,8,660,Y
파주시,아파트,해오름마을14단지 운정신도시푸르지오파르세나,다율동,산74-1,2022-08-23,25,20,1745,Y
파주시,아파트,해오름마을1단지 중흥S클래스 에듀하이,다율동,1005,2024-02-29,20,10,750,Y
파주시,아파트,해오름마을2단지 디에트르 에듀타운,다율동,1009,2024-11-19,20,8,489,Y
파주시,아파트,해오름마을3단지 제일풍경채 그랑베뉴 2차,다율동,1006,2023-12-14,23,7,660,Y
파주시,아파트,해오름마을5단지 중흥S클래스 에듀파크,다율동,1023,2024-02-08,18,10,450,Y
파주시,아파트,해오름마을6단지제일풍경채3차그랑포레,다율동,1018,2024-04-30,18,8,452,Y
파주시,아파트,해오름마을8단지 운정자이 퍼스트시티,다율동,666,2024-09-24,20,10,920,Y
파주시,아파트,해오름마을9단지 호반써밋웨스트파크,다율동,1038,2024-10-25,20,6,518,Y
파주시,연립,헤르만하우스,문발동,505-2,2005-10-17,2,5,51,N
파주시,연립,헤르만하우스,문발동,506-2,2005-10-17,2,9,86,N
파주시,연립,현대연립,법원읍 법원리,425-1,1989-05-18,3,2,48,N
파주시,아파트,호수,문산읍 문산리,10-92,1995-06-26,15,2,336,Y
파주시,아파트,홍우,금촌동,768-1,1990-10-02,4,1,71,N
파주시,연립,황해연립,파주읍 연풍리,433-1,1986-12-04,3,2,45,N
파주시,연립,효자그린빌,탄현면 법흥리,1566,1998-12-15,3,15,282,N
파주시,아파트,효형,문산읍 당동리,170-3,1997-08-28,13,2,99,N
파주시,아파트,후곡마을뜨란채,금촌동,992,2004-11-15,22,21,1638,Y
파주시,아파트,후곡마을뜨란채,금촌동,1003,2004-11-11,23,16,688,Y
파주시,아파트,후곡마을중앙하이츠,금촌동,997,2005-11-18,20,4,316,Y
파주시,아파트,힐스테이트 더 운정 아파트,와동동,1471-2 외 1필지,2025-08-28,49,3,744,Y
평택시,아파트,LH배꽃마을4단지,비전동,1028,2016-01-29,20,9,984,N
평택시,아파트,LH배다리마을5단지,죽백동,815,2019-02-08,19,3,840,N
평택시,아파트,LH이곡마을3단지,비전동,1008,2014-12-05,23,13,1191,N
평택시,아파트,LH이곡마을6단지,비전동,968,2016-06-17,25,9,765,N
평택시,아파트,SK비전,비전동,856-1,2003-06-02,15,2,120,N
평택시,아파트,SK합정,합정동,880,2003-08-13,11,4,227,Y
평택시,아파트,SR친오애아파트,포승읍,만호리 646-1,2004-03-26,15,3,472,Y
평택시,아파트,YM프라젠아파트,비전동,925,2008-11-10,13,1,46,N
평택시,연립,YM프라젠하우스,비전동,815,2009-03-27,4,6,63,N
평택시,아파트,e편한세상 대림,이충동,671,2007-06-04,18,4,179,Y
평택시,아파트,e편한세상 비전센터포레,용이동,용죽1로 83,2022-09-02,27,6,583,Y
평택시,아파트,e편한세상 지제역,동삭동,지제동삭1로 220,2022-12-28,28,16,1516,Y
평택시,아파트,e편한세상 평택 라씨엘로,현덕면,화양현화2로 45,2025-09-19,29,11,1063,Y
평택시,아파트,e편한세상 평택 하이센트,현덕면,화양현화1로 50,2025-09-19,29,10,916,Y
평택시,아파트,e편한세상 평택용이1단지,용이동,737,2017-11-30,20,14,949,Y
평택시,아파트,e편한세상 평택용이1단지,용이동,738,2017-11-30,20,6,399,Y
평택시,아파트,e편한세상평택,용이동,580,2015-04-10,23,9,632,Y
평택시,아파트,가내마을 5단지,죽백동,725,2021-06-07,12,5,618,N
평택시,아파트,가재 우림필유,가재동,639,2006-07-21,19,7,590,Y
평택시,연립,개나리,서정동,604-4,1982-01-23,3,2,42,N
평택시,아파트,개나리,세교동,559,1997-11-06,15,8,650,Y
평택시,아파트,건영,이충동,591-2,1997-10-31,15,8,560,Y
평택시,아파트,건영,지산동,1094,1993-03-29,10,13,562,Y
평택시,아파트,건영캐스빌아파트,안중읍,현화리 820-1,2005-04-06,20,8,744,Y
평택시,아파트,경원,진위면,27-6,1987-07-11,5,3,160,N
평택시,다세대,경원(그린타운),팽성읍 송화리,24-11,1986-01-10,3,3,36,N
평택시,아파트,고덕 국제신도시 리슈빌 레이크 파크,고덕동,Jan-83,2021-11-04,20,11,730,Y
평택시,아파트,고덕 서정리역 경기행복주택,고덕동,1856-1,2022-05-26,20,4,800,N
평택시,아파트,고덕 코아루 더 블루시티,이충동,460-2,2021-06-25,26,1,299,Y
평택시,아파트,고덕국제신도시 금호어울림,고덕동,06-Jan,2023-05-17,20,22,1582,Y
평택시,아파트,고덕국제신도시 다해브,고덕동,20-Jan,2024-10-24,20,15,1167,Y
평택시,아파트,고덕국제신도시 대광로제비앙 THE ART,고덕동,Jan-64,2022-06-15,23,9,639,Y
평택시,아파트,고덕국제신도시 디에트르 리비에르,고덕동,24-Jan,2023-10-23,20,10,726,Y
평택시,아파트,고덕국제신도시 로제비앙&엘가에듀센트럴,고덕동,05-Jan,2025-03-13,20,20,1255,Y
평택시,아파트,고덕국제신도시 양우내안애,고덕동,Jan-97,2025-01-16,25,7,385,Y
평택시,아파트,고덕국제신도시 제일풍경채2차 에듀,고덕동,01-Jan,2023-01-20,25,9,877,Y
평택시,아파트,고덕국제신도시 제일풍경채3차 센텀,고덕동,18-Jan,2023-02-21,32,9,820,Y
평택시,아파트,고덕국제신도시 헤스티블,고덕동,1861-1,2023-09-12,20,9,496,Y
평택시,아파트,고덕국제신도시 호반써밋3차 더 트리아츠,고덕동,22-Jan,2024-06-27,23,10,703,Y
평택시,아파트,고덕국제신도시아너스,고덕동,Jan-61,2022-11-17,20,15,811,Y
평택시,아파트,고덕시티,이충동,457-21,2020-01-22,17,1,299,Y
평택시,아파트,고덕자연앤자이,고덕동,Feb-70,2019-07-26,36,10,755,Y
평택시,아파트,고덕자이센트로,고덕동,1860-2,2025-07-30,25,7,569,Y
평택시,아파트,고덕파라곤,고덕동,04-Feb,2019-06-14,30,11,752,Y
평택시,아파트,고덕하늘채 시그니처,고덕면,궁리 523,2021-02-26,25,26,1884,Y
평택시,연립,공원,비전동,산83-3,1987-03-21,3,2,36,N
평택시,아파트,광성아파트,안중읍,504-24,1989-10-12,5,2,28,N
평택시,연립,광성연립,안중읍,504-49,1987-11-15,3,1,24,N
평택시,아파트,군문주공1,군문동,370,1999-03-23,15,8,690,Y
평택시,아파트,군문주공2,군문동,360,1999-03-22,15,15,1035,Y
평택시,아파트,그린빌아파트,오성면,977-1,2003-12-10,15,2,131,N
평택시,연립,금안,비전동,196-1,1984-05-23,3,2,21,N
평택시,아파트,금호어울림1단지,용이동,581,2015-10-29,23,21,1591,Y
평택시,아파트,금호어울림2단지,용이동,601,2015-10-29,20,10,624,Y
평택시,아파트,금호타운(서정마을),서정동,826-4,1996-10-21,18,5,648,Y
평택시,연립,기산연립,서정동,1111,2005-01-07,4,1,56,N
평택시,아파트,기흥,통복동,153-2,1990-11-23,5,1,25,N
평택시,연립,까치둥지,비전동,853,1994-05-06,4,1,30,N
평택시,연립,꽃동산,진위면,72-3,1984-06-05,3,2,27,N
평택시,연립,남양,지산동,646-2,1985-01-25,3,2,30,N
평택시,연립,농조,비전동,196-3,1983-06-16,4,1,24,N
평택시,아파트,늘푸른오스카빌,용이동,470-1,2010-07-29,18,16,931,Y
평택시,아파트,늘푸른오스카빌,팽성읍,송화리 835,2010-03-10,13,4,175,Y
평택시,아파트,대림,독곡동,491,1994-07-20,11,5,264,Y
평택시,아파트,대양아리스타,서정동,313-14,2018-02-08,20,1,236,Y
평택시,아파트,대양아리스타2,신장동,232-35,2019-06-21,13,1,186,Y
평택시,아파트,"대옥1,2차",팽성읍 안정리,"46-7,8",1989-11-30,5,2,58,N
평택시,아파트,대옥2차,독곡동,96-16,1989-01-20,5,2,75,N
평택시,아파트,대옥3차,서정동,787-2,1993-01-12,13,1,95,N
평택시,아파트,대옥5차,서정동,791-10,1990-09-13,5,1,29,N
평택시,아파트,대옥7차,서정동,784,1993-03-23,16,1,143,N
평택시,아파트,대원,팽성읍,송화리 790-1,2002-08-17,15,5,650,Y
평택시,연립,대임,세교동,185-2,1985-11-12,3,2,33,N
평택시,아파트,대진,이충동,589-3,1997-05-31,5,5,160,N
평택시,아파트,더샵마스터뷰,죽백동,817,2018-06-22,25,9,817,Y
평택시,아파트,더샵지제역센트럴파크1BL,동삭동,364,2020-10-17,27,23,2124,Y
평택시,아파트,더샵지제역센트럴파크2BL,동삭동,388-13,2020-08-13,27,18,1674,Y
평택시,아파트,더스위트하버,포승읍,만호리 574-7,2017-04-05,18,1,299,Y
평택시,아파트,동광,칠원동,499,2003-11-11,15,10,769,Y
평택시,아파트,동문굿모닝힐 맘시티 3단지,칠원동,613,2021-08-13,27,14,1134,Y
평택시,아파트,동문굿모닝힐맘시티 1단지,칠원동,542,2019-08-27,27,10,852,Y
평택시,아파트,동문굿모닝힐맘시티 2단지,칠원동,559,2019-08-27,27,13,1030,Y
평택시,아파트,동문굿모닝힐맘시티 4단지,칠원동,595,2019-08-27,26,15,921,Y
평택시,아파트,동부,독곡동,475,1994-12-09,12,6,336,Y
평택시,아파트,동삭 이안,동삭동,650,2005-01-24,15,6,263,Y
평택시,아파트,동삭현대,동삭동,340-6,1992-09-15,15,7,612,Y
평택시,아파트,동산,서정동,793,1989-10-26,5,11,520,Y
평택시,연립,동성,세교동,462-1,1986-09-30,3,4,69,N
평택시,아파트,동성한아름,비전동,877,1994-08-27,13,3,234,Y
평택시,아파트,동성효성,비전동,856,1994-08-26,15,2,178,Y
평택시,아파트,동신1차,안중읍,현화리 826-2,2003-09-29,17,4,299,Y
평택시,아파트,동신2차 (사랑마을),안중읍,현화리 840-1,2003-10-29,21,5,496,Y
평택시,아파트,동신3차 (아름마을),안중읍,현화리 839-1,2005-05-12,20,6,546,Y
평택시,아파트,동아,통복동,539-2,1985-09-17,5,1,30,N
평택시,아파트,동아국화,통복동,539-2,1994-05-28,16,3,218,Y
평택시,아파트,동아동백,비전동,828,1994-11-11,17,3,213,Y
평택시,아파트,동아모란,비전동,878-5,1995-05-30,16,3,258,Y
평택시,아파트,동아목련,비전동,236-22,1993-10-18,20,4,418,Y
평택시,아파트,동아백합,비전동,856-2,1994-11-11,16,2,148,N
평택시,아파트,동양,서정동,"6-4,6",1985-12-30,5,2,48,N
평택시,아파트,동영,신장동,247-5,2012-02-07,13,1,98,N
평택시,아파트,동우자인채센트럴,평택동,35-28,2018-05-08,17,1,299,Y
평택시,연립,동원,독곡동,397-3,1984-11-12,3,2,30,N
평택시,아파트,동환,안중읍,현화리 305-2,1992-06-11,16,2,192,Y
평택시,아파트,뜨레휴 이곡마을7단지,비전동,967,2017-06-21,24,9,632,N
평택시,아파트,라이프,독곡동,464,1992-12-19,12,8,483,Y
평택시,아파트,라페온빌2차,평택동,May-64,2017-08-24,18,1,299,Y
평택시,아파트,롯데인벤스스카이,평택동,316,2008-11-28,33,5,396,Y
평택시,아파트,르플로랑,고덕동,1895-2,2021-07-28,25,11,891,Y
평택시,아파트,만도사원1차,포승읍 만호리,산 51-1,1987-09-25,5,7,200,N
평택시,아파트,만도사원2(~3)차,포승읍 만호리,산53,1990-04-30,5,10,380,N
평택시,연립,매봉,세교동,산69-6,1986-12-19,5,2,40,N
평택시,아파트,맥심험프리스,팽성읍,안정리 136-3,2020-06-17,14,1,204,Y
평택시,아파트,명지미래힐1차,포승읍,내기리 697,2004-06-04,17,4,287,Y
평택시,아파트,명지미래힐2차,포승읍,내기리 698,2004-11-30,15,5,322,Y
평택시,아파트,명진,비전동,827,2004-10-06,7,2,70,N
평택시,아파트,모아1단지,포승읍,독곡리 1113,2006-01-13,12,8,547,Y
평택시,아파트,모아2단지,포승읍,도곡리 1115,2005-11-14,12,6,368,Y
평택시,아파트,미도,신장동,363-8,1986-12-18,5,3,130,N
평택시,아파트,미송,서정동,885-2,1986-11-10,4,6,112,N
평택시,아파트,미주1차,지산동,1091,1992-10-31,9,3,216,Y
평택시,아파트,미주2차,지산동,1134,1994-11-23,11,6,550,Y
평택시,아파트,미주3차,이충동,592,1996-12-31,16,6,690,Y
평택시,아파트,바우맨션,합정동,738-7,1991-01-04,7,1,42,N
평택시,아파트,반도보라빌,포승읍,방림리 715,2005-06-24,9,5,180,Y
평택시,아파트,반도유보라,용이동,492-1,2010-11-12,18,8,480,Y
평택시,아파트,반도유보라 아이비파크 1단지,죽백동,722,2016-12-23,25,7,630,Y
평택시,아파트,반도유보라 아이비파크 2단지,죽백동,720,2016-12-24,25,8,715,Y
평택시,연립,범양,세교동,35-84,1987-11-23,5,1,80,N
평택시,아파트,벽산늘푸른,비전동,889,1994-06-03,16,4,368,Y
평택시,연립,복지,평택동,144-1,1985-12-31,3,2,33,N
평택시,아파트,부영1단지,이충동,589-5,1996-05-25,12,4,400,Y
평택시,아파트,부영2단지,이충동,593,1996-05-27,12,5,550,Y
평택시,아파트,부영3단지,이충동,594-2,1996-05-26,12,5,600,Y
평택시,아파트,부영사랑으로1,청북읍,옥길리 1110,2011-09-29,15,18,1031,Y
평택시,아파트,부영사랑으로2,청북읍,옥길리 1104,2011-10-14,20,16,1138,Y
평택시,아파트,부영사랑으로3,청북읍,옥길리 1102,2012-07-31,20,5,400,Y
평택시,아파트,부영사랑으로5,청북읍,옥길리 1097,2012-12-28,20,10,741,Y
평택시,아파트,브라운스톤,청북읍,옥길리 1071,2017-10-26,18,12,581,Y
평택시,아파트,브라운스톤 험프리스,팽성읍,안정리 360,2016-11-28,15,17,944,Y
평택시,아파트,비에니스타,포승읍,695-3,2022-07-29,10,1,60,N
평택시,아파트,비전 경남아너스빌,비전동,931,2009-11-16,19,19,903,Y
평택시,아파트,비전레이크푸르지오,용이동,642,2019-02-22,27,7,621,Y
평택시,아파트,비전롯데캐슬,비전동,946,2011-01-27,20,11,553,Y
평택시,아파트,비전센트럴푸르지오,용이동,650,2018-05-24,23,7,528,Y
평택시,아파트,비전아이파크,용이동,639,2018-02-22,27,7,585,Y
평택시,아파트,비전에듀포레푸르지오,용이동,652,2018-09-14,27,11,977,Y
평택시,아파트,비전지웰푸르지오,용이동,644,2019-01-25,27,8,717,Y
평택시,아파트,비전푸르지오,용이동,648,2016-12-12,20,11,761,Y
평택시,아파트,삼부1단지,포승읍,도곡리 1114,2005-11-11,12,7,510,Y
평택시,아파트,삼부2단지,포승읍,도곡리 1109,2005-11-11,12,7,426,Y
평택시,아파트,삼익2차,독곡동,468,1994-05-24,12,6,364,Y
평택시,아파트,삼익마에스트로,포승읍,도곡리 1117-10,2015-06-12,15,1,156,Y
평택시,아파트,삼익사이버,동삭동,343-2,2000-11-22,20,7,672,Y
평택시,연립,삼호,합정동,751-3,1984-11-30,3,1,24,N
평택시,연립,삼호하이츠,합정동,743-3,1986-02-10,3,2,36,N
평택시,연립,새꽃동산,진위면,94-8,1986-05-16,3,4,72,N
평택시,연립,새동산,진위면,88-4,1984-12-22,3,2,30,N
평택시,아파트,새한,비전동,273-10,1985-12-20,5,2,40,N
평택시,아파트,서경,팽성읍 송화리,65,1988-02-17,5,2,60,N
평택시,아파트,서광프리메라,안중읍,현화리 841,2005-12-07,22,7,715,Y
평택시,아파트,서부발전평택화력본부사원아파트,포승읍 석정리,278-1,1993-12-16,5,8,242,N
평택시,아파트,서원1차,진위면,366-1,1991-12-05,5,3,134,N
평택시,아파트,서원2차,진위면,406-1,1993-06-12,5,4,274,N
평택시,아파트,서재자이,동삭동,715-1,2014-05-22,23,8,802,Y
평택시,아파트,서정 롯데캐슬,서정동,1121,2010-01-29,23,13,828,Y
평택시,아파트,서정라페온빌3차,이충동,463,2018-11-14,17,1,284,Y
평택시,아파트,서정메트로하임(5차),서정동,433-26,2016-12-29,16,1,299,Y
평택시,아파트,서정벨루스하임(4차),서정동,433-7,2016-12-29,17,1,299,Y
평택시,아파트,서정스마트빌듀오1차,이충동,456-1,2016-02-29,15,1,225,Y
평택시,아파트,서정스마트빌듀오2차,이충동,452-2,2016-05-11,20,1,287,Y
평택시,아파트,서정스마트빌듀오3차,서정동,433-23,2016-11-25,16,1,299,Y
평택시,아파트,서정아트타워2차,이충동,445-3,2018-10-11,20,1,172,Y
평택시,아파트,서정역꿈의도시두드림,서정동,303-6,2018-06-29,18,1,298,Y
평택시,아파트,서정주공3,서정동,909-1,1988-08-24,5,10,380,Y
평택시,연립,성동1차,합정동,757-10,1984-10-04,4,1,32,N
평택시,아파트,성두,팽성읍 평궁리,305-1,1995-04-29,5,3,144,N
평택시,아파트,성신,평택동,88-19,1988-02-16,5,1,32,N
평택시,아파트,성원,안중읍,현화리 825-1,2002-12-10,19,5,494,Y
평택시,아파트,성환,평택동,121-11,1986-11-13,5,1,40,N
평택시,아파트,세경,서정동,794,1987-09-14,5,12,420,Y
평택시,아파트,세교 부영1차,세교동,555,1996-05-28,15,11,1590,Y
평택시,아파트,세교 부영2차,세교동,557,2000-12-08,15,10,780,Y
평택시,아파트,세문,평택동,202-30,1994-08-09,13,1,65,N
평택시,연립,세방(탑건빌리지)연립,서정동,604-177,2002-02-14,4,2,72,N
평택시,아파트,센트럴자이3단지,동삭동,852,2019-01-25,29,22,2324,Y
평택시,아파트,센트럴자이4단지,동삭동,854,2018-08-31,29,6,684,Y
평택시,아파트,센트럴자이5단지,동삭동,855,2018-08-31,29,7,775,Y
평택시,아파트,소사 SK뷰,소사동,524,2007-10-09,18,12,750,Y
평택시,아파트,소사벌 리더스하임,비전동,1011,2014-10-06,25,10,851,Y
평택시,아파트,소사벌 휴먼시아1,비전동,1005,2012-05-31,20,13,1060,N
평택시,아파트,소사벌 휴먼시아2,비전동,1004,2012-05-31,23,11,992,N
평택시,아파트,소사벌푸르지오,비전동,970,2019-02-11,25,6,566,Y
평택시,아파트,솔매마을(한일유앤아이),비전동,923,2007-07-27,12,3,132,N
평택시,아파트,송담지엔하임1차,안중읍,송담리 850,2018-05-03,27,10,707,Y
평택시,아파트,송담지엔하임2차,안중읍,송담리 852,2018-04-30,27,5,366,Y
평택시,연립,송원,독곡동,359-5,1985-02-01,3,7,102,N
평택시,연립,송탄,신장동,624-2,1985-07-31,3,1,21,N
평택시,아파트,송탄역 서희스타힐스,신장동,694,2019-11-29,14,11,527,Y
평택시,아파트,송탄역 클래시아,신장동,243-3,2017-05-25,13,1,287,Y
평택시,아파트,송화 우미,팽성읍,송화리 788-1,2005-12-14,13,12,719,Y
평택시,아파트,송화현대홈타운,팽성읍,송화리 785-1,2005-01-13,13,4,364,Y
평택시,아파트,스마트빌듀오1차(도시형),포승읍,만호리 574-5,2014-12-31,14,1,299,Y
평택시,아파트,스마트빌듀오1차(도시형),포승읍,도곡리 1120-5,2014-12-31,15,1,299,Y
평택시,아파트,스마트빌듀오3차(도시형),포승읍,만호리 575-1,2014-12-31,13,1,299,Y
평택시,아파트,스위첸,지산동,1217,2006-12-26,15,8,506,Y
평택시,아파트,시대코아,비전동,879-4,1995-09-13,16,2,160,Y
평택시,아파트,시대한우리,비전동,874,1995-03-17,17,4,550,Y
평택시,연립,시장,통복동,61-2,1984-12-19,3,1,21,N
평택시,연립,신경,팽성읍 송화리,36-1,1984-07-18,3,3,42,N
평택시,아파트,신명나리,비전동,881,1995-11-21,17,2,306,Y
평택시,아파트,신명보람,통복동,539-5,1995-11-28,16,2,160,Y
평택시,아파트,신세계타운,비전동,804,2001-05-11,15,5,240,Y
평택시,아파트,신안인스빌시그니처,고덕동,1897-3,2020-04-27,27,8,613,Y
평택시,연립,신일,신장동,177-3,1987-09-25,3,1,24,N
평택시,아파트,신일유토빌,비전동,810-1,2005-10-27,15,1,75,N
평택시,아파트,신창,안중읍,송담리 170-3,1999-06-21,15,3,270,Y
평택시,아파트,신한헤센스마트 서정아트타워,서정동,319-3,2018-03-23,19,1,299,Y
평택시,연립,신현대,서정동,537-1,1983-12-24,3,1,21,N
평택시,아파트,신흥,안중읍,305-56,1986-08-02,5,2,40,N
평택시,아파트,쌍용(삼익),지산동,1029,1992-06-20,5,9,270,N
평택시,아파트,쌍용근로자,지산동,1029,1992-09-01,5,2,90,N
평택시,아파트,아주1차,지산동,1135,1994-07-06,10,7,670,Y
평택시,아파트,아주2차,독곡동,474,1995-05-08,11,4,286,Y
평택시,아파트,안중 지엔하임 스테이,안중읍 학현리,29-8,2024-01-12,25,10,834,N
평택시,아파트,안중늘푸른,안중읍,현화리 828-1,1999-10-29,15,12,1188,Y
평택시,아파트,안중주공1,안중읍 현화리,843-1,2004-09-27,20,10,818,N
평택시,아파트,안중주공2,안중읍 현화리,842,2004-08-31,15,8,638,N
평택시,연립,양주,안중읍,504-41,1983-04-28,3,2,48,N
평택시,아파트,어반스페이스,평택동,185-44,2018-05-04,20,1,169,Y
평택시,아파트,어울림 스퀘어,고덕동,Feb-87,2020-10-08,20,13,660,N
평택시,아파트,엘에이치배꽃마을1단지,비전동,1030,2023-08-14,20,3,350,N
평택시,아파트,엘지덕동,비전동,813,1994-09-27,15,8,494,Y
평택시,아파트,영광,서정동,538-1,1997-01-16,14,1,108,N
평택시,아파트,"영동1,2차",팽성읍 송화리,24-5,1991-04-17,5,3,110,N
평택시,아파트,영화블렌하임,고덕면,궁리 520,2008-06-04,15,12,568,Y
평택시,아파트,"영흥1,2차",현덕면,406-8,1990-12-06,5,4,110,N
평택시,연립,외기노조A,비전동,272-34,1983-10-29,3,6,85,N
평택시,아파트,외기노조C,비전동,산76-17,1985-12-21,5,3,105,N
평택시,아파트,용이 푸르지오 1차,용이동,471-1,2009-01-20,18,12,715,Y
평택시,아파트,우경아파트,현덕면,권관리 576-1,1996-11-12,15,1,124,Y
평택시,아파트,우림,안중읍,금곡리 337-3,1999-08-13,18,8,881,Y
평택시,아파트,우림(화현마을),안중읍,현화리 822-1,2005-04-27,20,8,734,Y
평택시,아파트,우림필유,비전동,922,2006-03-30,15,3,127,N
평택시,아파트,우림필유 골드154,안중읍,현화리 820-2,2010-03-31,20,2,154,Y
평택시,아파트,우미1차아파트,장당동,633,2005-04-08,18,7,499,Y
평택시,아파트,우미2차아파트,장당동,632,2005-04-08,18,6,420,Y
평택시,아파트,우미3차아파트,장당동,628,2006-03-16,18,3,247,Y
평택시,아파트,우미5차아파트,이충동,607,2006-03-16,18,6,306,Y
평택시,아파트,우미린 센트럴파크,비전동,1031,2016-04-15,25,10,870,Y
평택시,아파트,우미린레이크파크,죽백동,816,2017-11-13,25,9,761,Y
평택시,아파트,우성,지산동,1095,1992-10-02,6,14,414,Y
평택시,아파트,우성꿈그린,세교동,558,1995-11-29,15,5,580,Y
평택시,아파트,유승한내들,청북읍,옥길리 1094,2010-10-25,15,8,431,Y
평택시,아파트,유승한내들퍼스트뷰,청북읍,옥길리 1153,2015-09-10,18,6,386,Y
평택시,연립,윤여옥(삼흥),지산동,843-2,1985-07-29,3,1,27,N
평택시,아파트,윤중수신제가,비전동,820,2004-09-23,14,2,112,N
평택시,아파트,은행,비전동,800-1,1991-06-29,5,6,300,Y
평택시,아파트,이안평택안중역,현덕면,인광리 573,2024-11-26,20,9,610,Y
평택시,아파트,이충주공1,이충동,688,2006-04-28,18,12,879,N
평택시,아파트,이충주공3,이충동,680,2006-08-11,18,11,1035,N
평택시,아파트,이충주공4,이충동,478,1992-10-07,5,13,490,Y
평택시,아파트,이한렉스빌,지산동,781-9,2017-07-28,13,1,299,Y
평택시,연립,일신가든,신장동,267-208,1986-05-23,3,2,30,N
평택시,아파트,자란마을,비전동,796,1998-11-26,15,3,90,N
평택시,아파트,장미,지산동,1028-1,1994-09-07,12,1,200,Y
평택시,아파트,제일,지산동,1028,1991-12-02,12,2,300,Y
평택시,아파트,제일풍경채 센트럴,고덕동,1899-2,2019-11-11,34,11,1022,Y
평택시,아파트,제일풍경채장당센트럴,장당동,660,2018-02-23,24,7,448,Y
평택시,아파트,제일하이빌1차,장당동,631,2005-02-23,18,7,714,Y
평택시,아파트,제일하이빌2차,장당동,634,2005-02-23,18,4,286,Y
평택시,아파트,주공2(정암마을),이충동,674,2006-08-07,18,9,733,Y
평택시,아파트,주공4(추담마을),이충동,693,2007-06-05,18,6,489,Y
평택시,연립,중앙,팽성읍 객사리,63-4,1992-01-16,5,1,30,N
평택시,아파트,중흥s클래스,죽백동,721,2017-07-10,25,12,1190,Y
평택시,아파트,지산코아루,지산동,1250,2011-01-28,14,7,305,Y
평택시,아파트,지산현대,지산동,1089,1992-10-31,10,3,299,Y
평택시,아파트,지예타워3,포승읍,도곡리 1118-7,2013-12-06,17,1,168,Y
평택시,아파트,지제 더샵 센트럴파크3BL,동삭동,941,2021-07-12,27,16,1280,Y
평택시,아파트,지제역 더샵 센트럴시티,지제동,지제동삭1로 41,2022-04-25,27,19,1999,Y
평택시,아파트,지제역 푸르지오 엘리아츠,동삭동,서재8로 30,2024-08-16,28,9,812,Y
평택시,아파트,진광무지개,팽성읍,안정리 100-98,1997-11-24,8,7,152,Y
평택시,아파트,진성,비전동,259,1984-06-01,5,2,50,N
평택시,연립,진양,팽성읍 객사리,산76-9,1997-01-01,3,5,90,N
평택시,연립,진흥,합정동,760,1986-12-24,3,1,35,N
평택시,아파트,참이슬,합정동,870,1999-08-26,15,13,862,Y
평택시,아파트,청도,진위면,374,1992-01-07,5,3,214,N
평택시,아파트,청북 이지더원,청북읍,옥길리 1137,2016-10-28,22,7,513,Y
평택시,아파트,청북세종헤르메스,청북읍,옥길리 1158-7,2025-02-04,29,1,280,Y
평택시,아파트,청북이안,청북읍,옥길리 1091,2011-01-27,15,12,640,Y
평택시,아파트,청북한양수자인,청북읍,옥길리 1150,2016-05-10,18,12,718,Y
평택시,연립,청송,합정동,99-3,1985-03-18,2,2,24,N
평택시,아파트,청실보성,세교동,556-2,2000-11-29,15,7,462,Y
평택시,아파트,청천,서정동,836-5,1997-02-18,15,1,135,N
평택시,아파트,칠괴 우림필유,칠괴동,601,2006-05-30,19,6,352,Y
평택시,아파트,카임하우스(도시형),포승읍,도곡리 1121-1,2013-10-30,14,1,155,Y
평택시,아파트,코오롱하늘채,장안동,619,2013-04-22,21,25,1943,Y
평택시,아파트,태산그린,비전동,813-1,1994-11-11,16,5,516,Y
평택시,아파트,태산신그린,비전동,828-1,1995-11-14,18,3,264,Y
평택시,연립,태양열,이충동,71-24,1982-04-30,3,4,54,N
평택시,아파트,태영문화,비전동,887,1994-09-30,12,5,500,Y
평택시,아파트,태영청솔,세교동,554,1996-12-03,15,9,880,Y
평택시,아파트,태평,고덕면,궁리 75,1992-11-27,18,8,1288,Y
평택시,아파트,통복 삼성,통복동,477,1993-05-19,17,9,624,Y
평택시,아파트,트인자리애1차,서정동,304-5,2017-04-07,18,1,255,Y
평택시,아파트,트인자리애2차,서정동,304-1,2017-09-28,18,1,180,Y
평택시,아파트,파라곤 에듀포레,고덕동,Jan-89,2021-07-30,20,10,654,Y
평택시,아파트,팽성 송화주공,팽성읍 송화리,786-1,2004-06-07,13,6,494,N
평택시,아파트,팽성 안정주공,팽성읍,안정리 213,1995-11-29,5,10,360,Y
평택시,연립,팽성 장미,팽성읍 객사리,45-31,1983-12-01,3,1,24,N
평택시,아파트,퍼스트시티,평택동,294-3,2018-08-31,18,1,154,Y
평택시,아파트,평생,포승읍,278-3,2000-05-19,13,1,49,N
평택시,아파트,평일,합정동,373-3,1983-05-13,5,1,50,N
평택시,아파트,평택,비전동,251-5외3,1979-12-31,5,2,60,N
평택시,아파트,평택 고덕 센트레빌 엔에이치에프 3단지,고덕동,1855-1,2021-07-29,20,5,383,N
평택시,아파트,평택 지제역 동문 디 이스트 5단지,칠원동,620,2024-02-28,27,13,741,Y
평택시,아파트,평택 포스코 더샵,서정동,1116,2009-06-29,18,15,718,Y
평택시,아파트,평택BIX 경기행복주택,포승읍 희곡리,908,2021-08-25,18,2,330,N
평택시,아파트,평택고덕 LH 12단지,고덕동,Feb-97,2023-02-07,20,5,900,N
평택시,아파트,평택고덕 LH 2단지,고덕동,1894-3,2022-07-21,25,6,1600,N
평택시,아파트,평택고덕 LH 35단지,고덕면 어염리,05-Jan,2021-03-03,22,4,549,N
평택시,아파트,평택고덕 LH17단지(평택고덕Ca-1BL),고덕동,29-Jan,2020-02-03,10,5,296,N
평택시,아파트,평택고덕 LH17단지(평택고덕Ca-2BL),고덕동,28-Jan,2020-02-03,10,5,298,N
평택시,아파트,평택고덕신동아파밀리에엔에이치에프7단지,고덕동,Feb-71,2019-08-26,27,11,719,N
평택시,아파트,평택뉴비전엘크루,합정동,소사7로 8,2021-10-26,27,15,1396,Y
평택시,아파트,평택메트로하임(도시형),포승읍,만호리 575-10,2015-06-10,13,1,299,Y
평택시,아파트,평택비전지웰테라스,용이동,661,2019-04-25,4,25,218,Y
평택시,아파트,평택비티온유안앨리츠,합정동,736-4,2019-09-30,22,1,299,Y
평택시,아파트,평택석정화성파크드림,장당동,청원로 1290,2025-06-30,29,11,1296,Y
평택시,아파트,평택센트럴자이1단지,동삭동,835,2017-12-15,29,9,998,Y
평택시,아파트,평택센트럴자이2단지,동삭동,845,2017-12-15,25,9,851,Y
평택시,아파트,평택스마트빌포레,포승읍,도곡리 1117-11,2017-04-19,16,1,291,Y
평택시,아파트,평택역 SK VIEW,통복동,325,2021-10-22,27,14,1328,N
평택시,아파트,평택역 경남아너스빌 디아트,통복동,767,2025-03-28,47,3,499,Y
평택시,아파트,평택역 두드림,통복동,Feb-88,2017-10-27,18,1,298,Y
평택시,아파트,평택지제역자이,세교동,지제동삭3로 11,2023-06-16,27,10,1052,Y
평택시,아파트,평택청북 LH B12단지,청북읍 옥길리,1125,2020-02-07,15,2,326,N
평택시,아파트,평택청북 LH B13단지,청북읍 옥길리,1115-1,2023-04-21,12,2,260,N
평택시,아파트,평택코아루두드림,평택동,Oct-35,2019-04-08,18,1,210,Y
평택시,아파트,평택한일,진위면,갈곶리 239-2,1996-08-23,15,5,490,Y
평택시,아파트,평택효성해링턴플레이스1단지,소사동,670,2019-06-25,29,12,710,Y
평택시,아파트,평택효성해링턴플레이스2단지,소사동,697,2019-06-25,30,28,2530,Y
평택시,아파트,포승골든포트,포승읍,도곡리 1118-4,2018-04-23,20,1,252,Y
평택시,아파트,풍림아이온,청북읍,옥길리 1144,2013-05-24,15,5,232,Y
평택시,연립,하애빌라2차,비전동,621-5,1985-12-27,3,3,24,N
평택시,연립,한강,비전동,488-5,1987-01-24,5,1,30,N
평택시,연립,한국가스사원,포승읍 석정리,278-2,1991-05-21,4,7,174,N
평택시,아파트,한국아파트,장당동,629,2005-02-05,17,4,331,Y
평택시,아파트,한도,신장동,267-249,1979-10-31,5,5,120,N
평택시,아파트,한라파인빌,포승읍,석정리 306-5,1993-12-23,12,2,222,Y
평택시,아파트,한미1차,합정동,429-1,1992-10-07,12,1,72,N
평택시,아파트,한미2차,합정동,428-1,1993-01-12,13,1,78,N
평택시,아파트,한미3차,비전동,812,1993-03-23,10,2,56,N
평택시,연립,한보,팽성읍 안정리,100-62,1989-07-13,3,2,57,N
평택시,아파트,한빛,비전동,876,1997-01-31,15,6,448,Y
평택시,아파트,한성,비전동,800,1997-11-15,15,8,486,Y
평택시,아파트,한승,진위면,견산리 27-15,2000-09-30,15,5,606,Y
평택시,아파트,한양,장당동,475,1994-02-24,13,1,121,N
평택시,아파트,한양청솔,지산동,1093,1996-08-23,7,5,289,Y
평택시,아파트,한일,독곡동,473,1993-09-03,9,5,450,Y
평택시,아파트,한일,현덕면,413-2,1992-07-21,11,2,93,N
평택시,아파트,한화포레나 평택화양,현덕면,화양용비로 38,2025-11-26,29,10,995,Y
평택시,연립,합정,합정동,549-1,1984-02-08,3,2,39,N
평택시,아파트,합정SK주상복합,합정동,766-2,2007-04-03,20,1,233,Y
평택시,아파트,합정주공3,합정동,829,1992-03-23,6,10,480,N
평택시,아파트,합정주공4,합정동,829,1992-10-07,5,13,684,Y
평택시,아파트,해동참드림,안중읍,918,2004-10-30,12,2,137,N
평택시,아파트,향교,팽성읍 객사리,187-20,1986-02-17,5,2,60,N
평택시,연립,현대,독곡동,산69-3,1983-11-15,3,3,54,N
평택시,아파트,현대,이충동,381,1993-05-15,18,14,1266,Y
평택시,아파트,현대비전,비전동,879-5,1994-11-13,18,3,424,Y
평택시,아파트,현대이화,비전동,828-2,1993-08-27,15,13,724,Y
평택시,아파트,현대조합,비전동,210-24,1985-06-11,5,2,64,N
평택시,아파트,현대향촌,세교동,560,1998-08-27,15,5,380,Y
평택시,아파트,현대홈타운1차,안중읍,"현화리 824-1, 6",2002-03-21,15,5,420,Y
평택시,아파트,현대홈타운2차,안중읍,현화리 824-5,2003-10-24,15,3,250,Y
평택시,아파트,현대홈타운3차,안중읍,현화리 821-1,2004-11-23,18,6,418,Y
평택시,아파트,호반베르디움,죽백동,737,2018-03-30,25,8,737,Y
평택시,아파트,호반써밋 고덕국제신도시 에듀파크,고덕동,Feb-64,2022-04-18,34,9,766,Y
평택시,아파트,호반써밋 고덕신도시,고덕동,19-Jan,2021-10-15,23,10,658,Y
평택시,아파트,화성,현덕면 권관리,688-3,1996-03-02,5,2,50,N
평택시,연립,화양,안중읍,277-24,1985-08-24,3,1,20,N
평택시,아파트,화영,진위면,380,1995-09-19,6,3,174,N
평택시,아파트,효명,장당동,473-1,1991-11-18,15,2,215,Y
평택시,아파트,효성센트럴해링턴플레이스,비전동,1089,2012-08-02,15,22,1058,Y
평택시,아파트,효성해링턴 코트,죽백동,766,2019-11-27,4,25,447,Y
평택시,아파트,휴먼빌 퍼스트시티,현덕면,화양용비로 60,2025-08-26,29,11,1468,Y
평택시,아파트,휴먼파크리움,서정동,263-1,2018-05-28,15,1,267,Y
평택시,아파트,힐스테이트 고덕 센트럴,고덕동,18-Mar,2024-08-21,49,3,660,Y
평택시,아파트,힐스테이트 고덕 스카이시티,고덕동,18-Jan,2024-05-27,49,3,665,Y
평택시,아파트,힐스테이트 송담,안중읍,송담리 851,2016-10-09,27,12,952,Y
평택시,아파트,힐스테이트 지제역,동삭동,지제동삭1로 91,2020-12-24,27,16,1519,Y
평택시,아파트,힐스테이트 퍼스티움,지제동,지제동삭3로 14,2022-12-07,27,6,649,Y
평택시,아파트,힐스테이트 평택 더 퍼스트,서정동,1135,2024-09-02,15,17,1107,Y
평택시,아파트,힐스테이트 평택1차,세교동,573,2018-01-29,28,10,822,Y
평택시,아파트,힐스테이트 평택2차,세교동,597,2018-04-25,26,16,1443,Y
평택시,아파트,힐스테이트 평택3차,세교동,596,2019-01-11,27,7,542,Y
평택시,아파트,힐탑 포레스트,신장동,274-198,2015-09-25,15,1,168,Y
포천시,아파트,거산아파트,신북면,가채리 30-2,2003-04-09,6,2,156,N
포천시,아파트,고은마을(주공4),소흘읍,송우리 729-11,2004-09-30,18,13,1531,N
포천시,아파트,골든아파트(고층),신읍동,신읍동 9-4,1993-01-28,20,2,164,N
포천시,아파트,골든아파트(저층),신북면,신북면 가채리 829-6,1990-12-17,6,1,82,N
포천시,아파트,극동2차 스타클래스,신읍동,698,2008-03-21,15,5,291,Y
포천시,아파트,극동스타클래스1차 1단지,신읍동,697-1,2005-08-05,15,3,124,Y
포천시,아파트,극동스타클래스1차 2단지,신읍동,697-3,2005-08-05,15,5,156,Y
포천시,아파트,금용아파트 1차,송우리,송우리 222-22,1988-07-05,5,2,80,N
포천시,아파트,금용아파트 2차,송우리,송우리 222-30,1989-06-26,6,2,96,N
포천시,아파트,금용아파트 3차,송우리,송우리 222-23,1989-12-20,6,1,42,N
포천시,아파트,기산베스트빌아파트,일동면,기산리 797,2006-03-21,15,3,212,Y
포천시,연립,다화연립,영북면,운천리 549-4,1988-12-30,3,1,33,N
포천시,아파트,대광로제비앙,군내면,용정리 475-1,2023-08-03,25,5,437,Y
포천시,아파트,대방노블랜드1차,소흘읍,이동교리 256,2002-10-28,15,9,672,Y
포천시,아파트,대방노블랜드2차(석향),소흘읍,송우리 725-7,2005-12-13,22,8,632,Y
포천시,연립,대운연립,선단동,485-2,1987-08-27,4,2,64,N
포천시,연립,대일연립A.B.C.D,신읍동,97-1,1991-02-01,3,4,78,N
포천시,아파트,동영아파트,영북면,"운천리 554-42, 70",1991-02-07,5,2,70,N
포천시,연립,동영연립,관인면,탄동리 534-2,1990-01-08,4,1,24,N
포천시,연립,동주연립,영북면,운천리 538,1985-09-26,2,2,28,N
포천시,아파트,리버아파트,일동면,기산리 68-18,1994-07-21,16,1,93,N
포천시,아파트,명성아파트,소흘읍,송우리 223-21,1986-04-22,4,2,84,N
포천시,아파트,모아엘가리더스파크,어룡동,21-4,2022-09-30,20,6,517,Y
포천시,아파트,백자아파트,신읍동,315-4,2004-03-16,15,2,179,Y
포천시,아파트,산호기지그린빌,신북면,기지리 740,2002-04-30,15,5,479,Y
포천시,아파트,삼일파라뷰,가산면,감암리 568,2025-09-25,11,10,406,Y
포천시,연립,삼진연립,신북면,가채리 811,1984-12-29,3,4,60,N
포천시,아파트,상운아파트,소흘읍,초가팔리 336,1997-04-26,15,7,998,Y
포천시,아파트,세창선단마을,선단동,28,2001-05-17,7,10,398,Y
포천시,연립,송우연립,소흘읍,송우리 449-1,1984-12-28,3,2,27,N
포천시,아파트,송천마을(주공2)뜨란채,소흘읍,송우리 725-6,2005-04-04,20,16,1184,Y
포천시,연립,신동연립,소흘읍,송우리 451-1,1985-12-26,3,2,36,N
포천시,아파트,신아포미재아파트,신북면,가채리 929,2005-01-12,13,4,226,Y
포천시,아파트,신포천아파트,신북면,기지리 101-6,1995-12-01,15,4,299,Y
포천시,연립,영북연립,영북면,운천리 535,1985-12-30,2,3,24,N
포천시,아파트,영화I-NIX아파트(연봉마을),소흘읍,송우리 730-1,2005-04-08,15,4,310,Y
포천시,연립,예성연립,군내면,하성북리 659-9,1985-12-16,3,2,33,N
포천시,연립,우리마을연립,선단동,609-1,1999-12-22,4,1,40,N
포천시,아파트,우신아파트,신북면,계류리 29-4,1997-12-22,10,1,81,N
포천시,아파트,우정아파트,소흘읍,송우리 392-13,1997-12-08,20,12,908,Y
포천시,아파트,원일2차아파트,소흘읍,송우리 430-8,1995-08-08,18,1,160,Y
포천시,아파트,원일산호(1차)아파트,소흘읍,송우리 150,1993-07-30,15,6,489,Y
포천시,아파트,원일아파트 3차,소흘읍,송우리 430-13,1997-08-30,16,1,109,N
포천시,아파트,원일아파트 5차,소흘읍,송우리 430-10,1996-10-18,9,1,69,N
포천시,아파트,원풍아파트 1차,일동면,기산리 78-22,1990-08-11,5,2,50,N
포천시,아파트,유한아파트,신읍동,143-4,1999-10-09,25,3,354,Y
포천시,아파트,윤중아파트,신북면,기지리 101-3,2003-07-11,15,6,578,Y
포천시,아파트,은하아파트,신읍동,167-4,1987-01-27,5,2,120,N
포천시,연립,일동연립(국민주택)가.나.다,일동면,기산리 88-53,1988-09-16,3,3,48,N
포천시,아파트,일신건영아파트,소흘읍,송우리 505-8,1993-05-10,12,2,176,Y
포천시,아파트,재우로얄캐슬,영중면,양문리 831,2020-08-14,5,8,80,N
포천시,연립,정신연립,신읍동,150,1986-08-30,3,3,60,N
포천시,아파트,천보아파트 A동,영북면,"운천리 481-5, 10",1992-05-20,5,1,35,N
포천시,아파트,천보아파트 C동,영북면,운천리 481-30,1992-05-20,5,1,39,N
포천시,아파트,추산마을(주공5),소흘읍,송우리 728-10,2005-11-15,19,4,466,N
포천시,아파트,태봉공원푸르지오파크몬트,소흘읍,송우리 225-1,2024-12-26,20,8,623,Y
포천시,아파트,태봉마을(주공3),소흘읍,송우리 727-2,2005-03-15,20,19,1803,Y
포천시,연립,태봉연립,소흘읍,송우리 92,1985-12-18,3,1,24,N
포천시,아파트,포천 용정 행복주택,군내면,용정리 475,2018-05-14,18,4,342,N
포천시,아파트,포천 해리센트,신읍동,173-24외2필지,2024-07-11,15,1,80,N
포천시,아파트,포천2차아이파크,군내면,구읍리 743,2017-12-29,22,9,461,Y
포천시,아파트,포천금호어울림센트럴,군내면,구읍리 655,2023-12-23,29,6,579,Y
포천시,아파트,포천리버포레세영리첼,어룡동,21-3,2023-12-30,20,6,454,Y
포천시,아파트,포천송우서희스타힐스아파트,소흘읍,송우리 257-5,2021-05-21,25,9,829,Y
포천시,아파트,포천신읍 휴먼시아,신읍동,700,2010-11-01,14,4,360,N
포천시,아파트,포천신읍코아루더스카이1단지,신읍동,205-46,2020-02-07,26,2,166,Y
포천시,아파트,포천신읍코아루더스카이2단지,신읍동,205-1,2020-02-07,24,2,88,Y
포천시,아파트,포천아이파크,군내면,구읍리 740,2017-08-30,21,7,498,Y
포천시,연립,포천연립,신북면,가채리 813-3,1984-12-28,3,1,28,N
포천시,아파트,포천예원프라자,신읍동,43-18 외2필지,1997-03-18,15,1,32,N
포천시,아파트,포천일신아파트,신읍동,307,1999-04-09,22,2,483,Y
포천시,아파트,학산아파트,어룡동,197-1,1986-06-23,5,2,88,N
포천시,아파트,한국개나리아파트,소흘읍,송우리 222-51,1994-12-31,20,2,292,Y
포천시,아파트,한국아파트,신읍동,295-23,1993-03-17,15,2,264,Y
포천시,아파트,한신아파트,신읍동,"227-8, 228-5",1997-06-17,23,2,269,Y
포천시,아파트,현대아파트,신읍동,235-11,1996-10-18,15,2,170,Y
포천시,연립,호병일우테라스(1차),신읍동,303-19,2000-11-25,4,2,47,N
포천시,연립,호병일우테라스(2차),신읍동,289 외 3필지,2002-11-06,4,2,40,N
포천시,연립,홍익그린빌(연립),일동면,기산리 65,2010-02-11,4,3,48,N
하남시,아파트,가화만사성,덕풍동,519-4외 5필지,2004-11-29,10,1,72,N
하남시,아파트,감일 금강펜테리움 센트럴파크(구 감일 스윗시티2단지),감일동,519,2021-05-14,25,10,684,Y
하남시,아파트,감일 센트레빌(감일A4단지),감이동,535,2020-03-12,25,6,589,Y
하남시,아파트,감일 스타힐스(구 감일스윗시티3단지),감이동,446,2021-10-14,21,8,578,Y
하남시,아파트,감일 파크 센트레빌(구 LH감일파크),감이동,448,2021-10-14,29,7,595,Y
하남시,아파트,감일 푸르지오 마크베르,감이동,438,2023-06-29,29,5,496,Y
하남시,아파트,감일 한라비발디 2차,감이동,468,2022-07-08,29,4,510,Y
하남시,아파트,감일수자인,감이동,445,2022-08-31,29,5,512,Y
하남시,아파트,감일스윗시티10단지(감일B5단지),감이동,454,2020-01-15,28,9,753,N
하남시,아파트,감일스윗시티1단지(감일A1단지),감일동,534,2020-03-12,27,7,669,N
하남시,아파트,감일스윗시티8단지(감일A3단지),감일동,556,2020-09-02,22,6,1088,N
하남시,아파트,감일에코앤e편한세상아파트 → e편한세상감일,감이동,501,2021-09-07,29,6,866,Y
하남시,아파트,감일역 트루엘,감이동,514-3,2022-04-01,10,1,137,N
하남시,아파트,감일포엠포레,감일동,533,2021-01-04,25,8,617,N
하남시,아파트,그린나래,신장동,427-206,2022-06-07,15,1,51,N
하남시,아파트,꿈동산신안,창우동,521,1994-12-21,18,21,1704,Y
하남시,아파트,대동피렌체,덕풍동,372-2,2005-01-12,15,1,232,Y
하남시,아파트,대명강변타운,신장동,569외1,2007-08-31,25,19,1369,Y
하남시,아파트,대명세라뷰,덕풍동,746,2008-06-23,4,4,97,N
하남시,아파트,더샵 포웰시티,감이동,491,2021-01-29,29,9,881,Y
하남시,아파트,더샵 하남 에디피스,덕풍동,285-47,2024-03-28,25,10,980,Y
하남시,아파트,더우개마을 동일,신장동,100,1999-09-08,20,5,438,Y
하남시,아파트,덕풍서해,덕풍동,346,1996-04-13,23,2,423,Y
하남시,아파트,덕풍쌍용,덕풍동,537-1,1998-01-23,27,8,585,Y
하남시,아파트,덕풍현대,덕풍동,524,1995-11-01,20,3,555,Y
하남시,연립,동부연립,신장동,442-7,1980-10-23,2,2,33,N
하남시,아파트,동아,신장동,381-8,1985-12-05,5,2,55,N
하남시,연립,동아연립,덕풍동,415-52,1981-04-13,2,2,20,N
하남시,아파트,동원베네스트,덕풍동,748,2008-05-01,15,7,217,Y
하남시,아파트,라인,덕풍동,336-40,1997-04-16,22,3,352,Y
하남시,아파트,리버나인 RIVERNINE(미사9단지),선동,423,2014-07-25,28,9,712,Y
하남시,아파트,리버스위트칸타빌(미사3단지),선동,441,2018-05-29,29,5,550,Y
하남시,아파트,명지캐럿108,신장동,415-10,2006-02-13,20,1,108,N
하남시,아파트,미사강변 2차 푸르지오(미사6단지),선동,433,2016-09-28,29,11,1066,Y
하남시,아파트,미사강변 골든 센트로(미사28단지),망월동,1162,2014-12-05,30,14,1541,Y
하남시,아파트,미사강변 더샵 리버포레(미사10단지),선동,427,2016-07-27,29,8,875,Y
하남시,아파트,미사강변 더샵 센트럴포레(미사23단지),풍산동,486,2017-10-25,29,5,487,Y
하남시,아파트,미사강변 동일하이빌(미사20단지),풍산동,470,2018-02-06,27,6,655,Y
하남시,아파트,미사강변 루나리움(미사5단지),망월동,1034,2015-09-30,29,11,1164,Y
하남시,아파트,미사강변 센텀팰리스,망월동,1050,2016-08-03,26,17,1455,Y
하남시,아파트,미사강변 센트리버(미사7단지),선동,436,2016-09-13,28,13,1145,Y
하남시,아파트,미사강변 트래지안(미사16단지),망월동,938,2009-12-22,20,7,620,Y
하남시,아파트,미사강변 파크뷰(미사12단지),망월동,946,2009-12-22,27,7,664,Y
하남시,아파트,미사강변 푸르지오(미사30단지),망월동,160,2016-04-22,29,15,1188,Y
하남시,아파트,미사강변 하우스디 더 레이크(미사19단지),망월동,162,2016-05-26,27,10,821,Y
하남시,아파트,미사강변 한신휴플러스(미사11단지),망월동,904,2015-01-16,22,10,763,Y
하남시,아파트,미사강변도시 17단지,망월동,1044,2016-07-12,28,10,2180,N
하남시,아파트,미사강변도시 베라체(미사2단지),선동,453,2015-05-12,20,8,615,Y
하남시,아파트,미사강변도시13단지,망월동,949,2015-11-25,28,11,2742,N
하남시,아파트,미사강변도시14단지,망월동,907,2018-07-25,25,7,1632,N
하남시,아파트,미사강변도시26단지,풍산동,567,2016-09-13,21,5,588,N
하남시,아파트,미사강변도시8단지(미사강변 스타힐스),망월동,956,2016-12-07,26,16,1389,Y
하남시,아파트,미사강변도시씨3단지,망월동,1140,2018-11-06,29,4,1492,N
하남시,아파트,미사강변동원로얄듀크(미사22단지),풍산동,477,2016-04-14,28,8,808,Y
하남시,아파트,미사강변리버뷰자이(미사1단지),선동,455,2017-08-24,29,5,555,Y
하남시,아파트,미사강변리슈빌엔에이치에프(미사4단지),선동,445,2018-01-05,28,10,996,N
하남시,아파트,미사강변브라운스톤엔에이치에프(미사24단지),풍산동,559,2018-11-06,28,8,871,N
하남시,아파트,미사강변사랑으로부영(미사31단지),망월동,1177,2017-10-31,29,10,1104,Y
하남시,아파트,미사강변센트럴자이(미사21단지),풍산동,480,2017-02-27,29,12,1222,Y
하남시,아파트,미사강변센트럴풍경채(미사33단지),풍산동,471,2019-01-08,29,8,726,Y
하남시,아파트,미사강변아란티움(미사25단지),풍산동,565,2018-10-11,29,5,688,N
하남시,아파트,미사강변파밀리에(미사15단지),망월동,910,2014-06-12,28,9,976,Y
하남시,아파트,미사강변효성해링턴플레이스 엔에이치에프(미사29단지),망월동,1170,2017-09-05,25,12,1401,N
하남시,아파트,미사역 호반 써밋,망월동,1127,2019-06-11,30,8,846,Y
하남시,아파트,미사역파라곤아파트,망월동,1125,2021-07-29,30,8,925,Y
하남시,아파트,백송한신,신장동,528-5,1994-06-04,18,3,641,Y
하남시,아파트,백조현대,신장동,528,1994-07-19,20,7,880,Y
하남시,아파트,벽산블루밍,덕풍동,695,2007-07-06,25,9,696,Y
하남시,아파트,부영,창우동,518,1994-12-09,15,15,2055,Y
하남시,노유자시설,블루밍더클래식,신장동,517(신장2동),2010-07-30,20,1,220,N
하남시,아파트,삼부르네상스,덕풍동,729,2008-08-22,15,14,471,Y
하남시,아파트,삼현 팰리체,감북동,493,2012-04-13,5,3,36,N
하남시,연립,샤인허브빌,초이동,618,2013-10-21,4,5,42,N
하남시,아파트,석바대마을 동신,신장동,452-1,2001-04-29,20,1,149,N
하남시,아파트,성원상떼빌,신장동,430-7,2003-10-30,18,1,234,Y
하남시,아파트,신안인스빌(미사32단지),풍산동,573,2019-01-29,29,8,734,Y
하남시,아파트,에코타운 1단지,신장동,562,2004-11-18,25,5,525,Y
하남시,아파트,에코타운 2단지,신장동,561,2004-11-18,24,5,488,Y
하남시,아파트,에코타운 3단지,신장동,560,2004-11-18,23,7,594,Y
하남시,아파트,우남퍼스트빌리젠트,덕풍동,728,2008-03-24,4,4,95,N
하남시,아파트,위례 아너스포레,학암동,642,2023-06-15,25,6,411,Y
하남시,아파트,위례 우미린,학암동,639,2022-11-30,25,7,420,Y
하남시,아파트,위례 포레자이,학암동,635,2021-04-27,23,9,558,Y
하남시,아파트,위례 호반써밋,학암동,652,2021-01-28,25,9,699,Y
하남시,아파트,위례그린파크 푸르지오,학암동,673,2016-01-28,23,16,972,Y
하남시,아파트,위례로제비앙(구 LH위례포엘리움),학암동,645,2021-09-14,25,6,508,Y
하남시,아파트,위례롯데캐슬,학암동,672,2016-01-15,27,14,1673,Y
하남시,아파트,위례숲 우미린,학암동,646,2022-01-14,26,13,875,Y
하남시,아파트,위례신도시 엠코타운 센트로엘 → 위례 센트로엘,학암동,662,2016-06-03,26,11,673,Y
하남시,아파트,위례신도시신안인스빌아스트로,학암동,663,2017-02-23,25,9,694,Y
하남시,아파트,위례중흥에스-클래스,학암동,641,2022-09-17,20,10,475,Y
하남시,아파트,은행,창우동,520,1994-05-30,18,20,1360,Y
하남시,아파트,이편한세상미사(미사27단지),풍산동,568,2018-06-15,29,5,652,Y
하남시,연립,장미연립,신장동,454-47,1981-10-14,2,7,48,N
하남시,아파트,정목 e-미지 주상복합,덕풍동,416-7,2005-02-02,15,1,58,N
하남시,연립,제너빌(천현동 630 연립주택),천현동,630,2017-11-28,4,4,60,N
하남시,아파트,제일풍경채 1단지,덕풍동,759,2008-04-11,4,8,140,N
하남시,아파트,제일풍경채 2단지,덕풍동,765,2008-04-11,4,6,120,N
하남시,아파트,진도로르빌,신장동,427-66,2003-11-20,15,1,132,N
하남시,아파트,진모루마을 현대,덕풍동,404-1,2000-12-28,25,4,387,Y
하남시,아파트,참아름,덕풍동,821,2009-05-06,14,14,777,N
하남시,아파트,창우마을,창우동,537,2004-09-18,20,1,154,Y
하남시,아파트,케이씨씨(KCC),덕풍동,690,2006-02-21,24,4,244,Y
하남시,아파트,포웰시티 푸르지오 라포레,감이동,500,2021-02-01,29,9,790,Y
하남시,아파트,프라임아파트,덕풍동,367-42 외,2020-05-29,8,1,41,N
하남시,아파트,플로리체 위례,학암동,671,2015-10-30,24,13,970,Y
하남시,아파트,하남,신장동,427-25,1991-05-14,9,1,84,N
하남시,아파트,하남 덕풍역 파크 어울림,덕풍동,947,2019-04-05,23,5,383,Y
하남시,아파트,하남감일 스윗시티 행복주택 7단지,감일동,524,2021-01-12,18,3,425,N
하남시,아파트,하남감일 한라비발디(구.하남감일스윗시티12단지),감이동,530,2019-06-10,29,8,934,Y
하남시,아파트,하남감일스윗시티 행복주택6단지,감일동,523,2020-05-08,18,4,672,N
하남시,아파트,하남감일제일풍경채,감이동,503,2023-03-31,30,5,866,N
하남시,아파트,하남더샵센트럴뷰(하남해터지역주택조합),덕풍동,946,2016-08-19,19,11,672,Y
하남시,아파트,하남덕풍 경기 행복주택,덕풍동,828,2021-12-17,17,1,131,N
하남시,아파트,하남두산위브파크,신장동,570,2010-09-06,20,1,189,Y
하남시,아파트,하남베라시떼,신장동,427-93,2025-01-23,20,1,99,N
하남시,아파트,하남유니온시티에일린의 뜰,신장동,602,2017-08-18,25,8,754,Y
하남시,아파트,하남유시티대명루첸리버파크,신장동,593,2018-09-28,25,8,854,Y
하남시,아파트,하남자이,덕풍동,691,2006-04-14,26,10,875,Y
하남시,아파트,하남풍산센트레빌,덕풍동,747,2008-03-03,12,5,168,Y
하남시,아파트,하남풍산아이파크1단지,덕풍동,823,2008-07-18,15,14,686,Y
하남시,아파트,하남풍산아이파크5단지,덕풍동,731,2008-07-18,15,8,365,Y
하남시,아파트,하남한솔솔파크,덕풍동,692,2006-06-15,25,11,616,Y
하남시,아파트,하남힐즈파크푸르지오 1단지 → 미사 힐즈파크 푸르지오,풍산동,630,2020-04-27,22,7,404,Y
하남시,아파트,하남힐즈파크푸르지오 2단지,풍산동,626,2018-09-28,22,7,456,Y
하남시,아파트,하남힐즈파크푸르지오 3단지,풍산동,627,2018-09-28,22,5,358,Y
하남시,아파트,하우스원,덕풍동,426-26,2024-07-16,20,1,45,N
하남시,아파트,한국,신장동,527,1996-08-31,19,10,848,Y
하남시,아파트,한솔리치빌 1단지,덕풍동,681,2002-12-23,25,10,747,Y
하남시,아파트,한솔리치빌 2단지,덕풍동,684,2002-11-27,25,5,347,Y
하남시,아파트,한솔리치빌 3단지,덕풍동,688,2006-01-20,25,3,283,Y
하남시,아파트,한솔리치빌 5단지,덕풍동,689,2006-02-09,25,4,268,Y
하남시,아파트,한솔파로스(송도연립 1단지),덕풍동,369-4,2010-04-28,9,1,44,N
하남시,아파트,한승미메이드,덕풍동,687,2005-07-28,14,1,46,N
하남시,연립,한진연립,신장동,427-184,1981-01-01,3,4,45,N
하남시,아파트,현대홈타운,신장동,568,2004-04-22,22,2,212,Y
하남시,아파트,호반써밋에듀파크,신장동,577,2021-08-06,25,6,999,Y
하남시,아파트,효천수리골마을(선우연립),덕풍동,352-1,2008-06-24,10,1,103,N
하남시,아파트,휴먼시아꽃뫼마을1단지,덕풍동,775,2008-12-01,15,11,748,N
하남시,아파트,휴먼시아꽃뫼마을2단지,덕풍동,777,2008-12-01,15,9,638,N
하남시,아파트,휴먼시아새뜰마을3단지,덕풍동,794,2008-09-22,15,7,401,N
하남시,아파트,휴먼시아새뜰마을4단지,덕풍동,822,2008-09-22,15,6,330,N
하남시,아파트,힐스테이트 센트럴위례,학암동,651,2021-05-06,25,14,1078,Y
하남시,아파트,힐스테이트 포웰시티,감이동,458,2020-10-27,30,6,932,Y
화성시,연립,LH 서봉마을 20단지,향남읍,하길리1522,2019-08-28,14,1,99,N
화성시,아파트,LH동탄호수 하우스디,장지동,917,2021-10-21,20,7,516,Y
화성시,아파트,SK뷰파크3차,기산동,478,2019-01-22,23,13,1086,N
화성시,아파트,e편한세상 신봉담,봉담읍,상리 668,2019-09-09,25,7,898,Y
화성시,아파트,e편한세상 파크아너스,신동,산 137-2,2024-12-20,12,13,800,Y
화성시,아파트,e편한세상남양뉴타운,남양읍,남양리 2195,2022-11-10,18,8,606,Y
화성시,아파트,경남아너스빌,목동,480,2018-12-06,20,12,924,N
화성시,아파트,광도와이드빌,기안동,290,2002-04-11,18,15,812,Y
화성시,아파트,구봉마을우남퍼스트빌,병점동,860,2004-08-11,17,5,477,Y
화성시,아파트,그린힐반도유보라아이비파크 10,산척동,744,2018-07-19,20,20,1241,Y
화성시,아파트,금강에스쁘아,남양읍,2005,2004-07-19,15,4,280,Y
화성시,아파트,금강펜테리움센트럴파크,새솔동,19,2019-09-30,20,9,692,Y
화성시,아파트,금광포란재,남양읍,642,2005-08-08,15,4,284,Y
화성시,아파트,금호어울림레이크,장지동,966,2018-06-21,25,10,812,Y
화성시,아파트,기산베스트빌,봉담읍,유리 100-1,2003-06-14,15,5,408,Y
화성시,아파트,기아사원1차,우정읍,화산리 617-9,2004-04-06,12,4,296,N
화성시,아파트,기아사원2차,우정읍,화산리 694-7,2019-08-28,10,3,240,N
화성시,아파트,기안마을풍성신미주,기안동,895,2004-06-23,13,20,1164,Y
화성시,아파트,나노시티역 롯데캐슬,반월동,973,2022-11-29,25,12,999,Y
화성시,아파트,남수원두산,병점동,282,2000-04-19,18,14,694,Y
화성시,아파트,남수원현대,안녕동,Jun-49,1997-09-10,15,7,558,Y
화성시,아파트,남양 시티프라디움 3차,남양읍,남양리 2251,2019-06-04,21,7,438,N
화성시,아파트,남양 시티프라디움 4차,남양읍,남양리 2191,2023-02-09,23,7,556,Y
화성시,아파트,남양기산베스트빌,남양읍,25-9,2001-09-28,12,4,270,Y
화성시,아파트,남양뉴타운 LH10단지,남양읍,남양리 2218,2019-09-06,20,6,1022,N
화성시,아파트,남양뉴타운 LH19단지 행복주택,남양읍,남양리 2207,2022-06-07,20,5,880,N
화성시,아파트,남양뉴타운 LH20단지,남양읍,남양리 2201,2022-10-12,20,10,1778,N
화성시,아파트,남양뉴타운 양우내안애아파트,남양읍,1800,2016-01-20,25,5,398,Y
화성시,아파트,남양시티프라디움 2차,남양읍,남양리 2249,2018-02-01,20,9,499,Y
화성시,아파트,남양아이파크,남양읍,2048,2009-08-21,15,5,265,Y
화성시,아파트,남양우림그린빌리지,남양읍,415,2001-06-02,16,12,938,Y
화성시,아파트,남양우림필유,남양읍,2047,2009-10-28,15,6,344,Y
화성시,아파트,느치미마을태안주공2단지,병점동,822,2004-05-03,15,11,649,Y
화성시,아파트,능동마을이지더원,능동,1109,2008-05-01,20,10,542,Y
화성시,아파트,능동마을주공7단지제1,능동,1062,2008-06-04,23,8,682,N
화성시,아파트,능동마을주공7단지제2,능동,1081,2008-06-04,22,11,963,N
화성시,아파트,능동마을주공7단지제3,능동,1083,2007-12-03,15,11,534,N
화성시,아파트,능동마을주공7단지제4,능동,1110,2007-12-03,15,6,231,N
화성시,아파트,능동역경남아너스빌,능동,1124,2008-10-24,28,6,455,Y
화성시,다세대,다성본빌,향남읍,장짐리 243-3,2021-07-16,4,1,63,N
화성시,아파트,다온마을쌍용스윗닷홈,봉담읍,와우리 238,2006-12-15,20,19,767,Y
화성시,아파트,다정마을병점역신한에스빌1단지,병점동,866,2005-10-28,18,10,469,Y
화성시,아파트,다정마을병점역신한에스빌2단지,병점동,867,2005-10-28,18,3,194,Y
화성시,아파트,대광파인밸리 1차,남양읍,남양리 2001,2003-11-01,18,14,1108,Y
화성시,아파트,대광파인밸리골드,남양읍,1563,2004-07-26,10,7,400,Y
화성시,아파트,대방노블랜드,향남읍,행정리 485,2008-10-15,15,12,600,Y
화성시,아파트,대방노블랜드 더센트럴 3차,새솔동,13,2019-08-16,25,9,872,Y
화성시,아파트,대방노블랜드 리버스위트 2차,새솔동,11,2019-08-12,20,6,426,Y
화성시,아파트,대성아파트,향남읍,장짐리 277-5,1986-09-13,3,2,40,N
화성시,아파트,대원칸타빌 포레지움,청계동,558,2015-08-26,25,8,714,Y
화성시,아파트,대창그린,병점동,359,1997-09-22,13,7,392,Y
화성시,아파트,더 펠리스 휴먼빌,새솔동,23,2018-01-18,20,13,750,Y
화성시,아파트,더레이크시티부영1단지,산척동,722,2018-11-28,28,8,641,Y
화성시,아파트,더레이크시티부영2단지,산척동,721,2018-11-29,25,8,520,Y
화성시,아파트,더레이크시티부영5단지,산척동,730,2018-12-12,25,13,868,Y
화성시,아파트,더레이크시티부영6단지,산척동,733,2018-11-28,25,11,818,Y
화성시,아파트,동광뷰엘,남양읍,남양리 2235,2018-05-30,36,10,673,Y
화성시,아파트,동남훼미리아파트,정남면,만년로 470-14,2000-04-28,15,7,985,Y
화성시,연립,동심주택,향남읍,평리 49-4,1984-11-02,2,1,21,N
화성시,아파트,동양파라곤2,반송동,106-1,2010-08-27,38,2,120,N
화성시,아파트,동원로얄듀크 포레 4차,영천동,859-1,2020-10-21,37,4,196,Y
화성시,아파트,동타?시안인스빌리베라,청계동,545,2015-10-20,25,13,913,Y
화성시,아파트,동탄 LH2단지,영천동,866,2021-11-18,18,13,1390,N
화성시,아파트,동탄 금강펜테리움 센트럴파크 4,목동,479,2018-01-30,20,21,1195,Y
화성시,아파트,동탄 더 레이크 팰리스,산척동,718,2018-11-29,27,9,706,Y
화성시,아파트,동탄 더샵 레이크에듀타운,산척동,699,2019-03-01,32,16,1538,Y
화성시,다세대,동탄 벽산 블루밍 타운하우스 테라스 더 모스트,반송동,201,2019-06-14,3,16,90,N
화성시,아파트,동탄 센트럴써밋(LH),산척동,796,2020-07-08,25,7,740,N
화성시,도시형생활주택,동탄 솔리움 더 테라스,영천동,893,2023-09-06,4,5,73,N
화성시,아파트,동탄 숨마 데시앙,신동,729,2025-07-25,12,10,616,Y
화성시,아파트,동탄 시범계룡 리슈빌,청계동,513,2015-01-30,24,15,656,Y
화성시,아파트,동탄 아테라 파밀리에,신동,718,2025-07-25,20,9,640,Y
화성시,아파트,동탄 파크 한양수자인,영천동,890,2019-07-26,20,10,806,Y
화성시,아파트,동탄 파크릭스 A51-1BL,신동,740,2025-06-27,19,8,310,Y
화성시,아파트,동탄 파크릭스 A52BL 아파트,신동,736,2025-06-27,20,13,679,Y
화성시,아파트,동탄 파크릭스 A55BL 아파트,신동,735,2025-06-27,20,14,660,Y
화성시,아파트,동탄 플래티넘,반송동,Sep-90,2010-07-12,40,1,99,N
화성시,아파트,동탄 호수공원 리슈빌,장지동,924,2021-09-29,29,10,762,N
화성시,아파트,동탄2 LH 40단지,신동,512,2022-06-15,20,6,850,N
화성시,아파트,동탄2 LH 4단지,영천동,722,2015-12-02,15,16,2147,N
화성시,아파트,동탄2 LH1단지 A6블록,영천동,888,2018-01-15,20,4,946,N
화성시,아파트,동탄2 LH26단지,오산동,1017,2017-02-13,10,6,608,N
화성시,아파트,동탄2 LH26단지(65BL),송동,692,2016-11-03,34,15,917,Y
화성시,아파트,동탄2 금강펜테리움 센트럴파크 1차,오산동,1047,2016-07-27,15,14,827,Y
화성시,연립주택,동탄2 남해오네뜨 더 테라스,오산동,875,2018-05-18,4,10,147,N
화성시,아파트,동탄2 동탄38단지 행복주택,신동,111-1,2023-11-20,20,35,1350,N
화성시,아파트,동탄2 디에트르 포레,신동,898,2022-09-01,20,13,1171,Y
화성시,아파트,동탄2 롯데캐슬,장지동,975,2018-06-01,20,9,612,N
화성시,아파트,동탄2 르파비스,목동,481,2017-11-07,20,10,876,Y
화성시,아파트,동탄2 서희스타힐스24단지,산척동,792,2017-11-22,28,8,882,N
화성시,아파트,동탄2 신동포레 경기행복주택,신동,638,2024-05-16,20,12,1500,N
화성시,아파트,동탄2 풍림아이원,장지동,928,2019-11-14,20,5,448,N
화성시,아파트,동탄2 하우스디 NHF,산척동,743,2020-08-06,21,13,872,N
화성시,아파트,동탄2LH35단지,산척동,748,2020-10-16,23,7,1768,N
화성시,아파트,동탄2LH행복주택28단지,장지동,913,2019-05-13,20,3,820,N
화성시,아파트,동탄2모아미래도,청계동,546,2015-01-23,25,5,460,Y
화성시,아파트,동탄2신도시 하우스디 더 레이크,송동,693,2016-11-03,29,14,1552,Y
화성시,아파트,동탄2신도시 호반베르디움 33단지,장지동,977,2018-07-05,15,9,393,Y
화성시,아파트,동탄2신도시 호반베르디움22단지,목동,486,2017-12-11,25,10,746,Y
화성시,아파트,동탄2신도시베라체,목동,477,2018-10-04,20,10,859,Y
화성시,아파트,동탄2아이파크(A100블럭),장지동,1011,2019-03-20,15,10,510,Y
화성시,아파트,동탄2아이파크(A99블럭),장지동,1010,2019-03-20,20,6,470,Y
화성시,아파트,동탄2차한화꿈에그린,반송동,200,2007-09-28,27,10,784,Y
화성시,아파트,동탄금호어울림,반송동,82,2007-02-23,31,5,548,Y
화성시,아파트,동탄금호어울림레이크2차,장지동,923,2019-03-15,20,9,681,Y
화성시,아파트,동탄나루마을 동탄역 U.BORA 여울숲 1.0,반송동,224,2007-09-14,32,8,568,Y
화성시,아파트,동탄나루마을 동탄역 U.BORA 여울숲 2.0,반송동,212,2007-09-21,30,12,700,Y
화성시,아파트,동탄나루마을신도브래뉴,반송동,215,2007-09-28,30,10,809,Y
화성시,아파트,동탄동원로얄듀크2차,목동,489,2019-03-07,25,10,761,Y
화성시,아파트,동탄레이크자연앤푸르지오,장지동,922,2020-02-21,25,9,704,Y
화성시,연립주택,동탄레이크자이더테라스 (B15BL),송동,695,2018-04-11,4,7,116,N
화성시,연립주택,동탄레이크자이더테라스 (B16BL),송동,696,2018-04-11,4,20,367,N
화성시,아파트,동탄레이크파크 자연&e편한세상,장지동,970,2024-04-12,25,18,1227,Y
화성시,주상복합,동탄린스트라우스더레이크,송동,694,2019-12-19,35,6,956,Y
화성시,주상복합,동탄메타폴리스,반송동,96,2010-09-03,66,4,1266,Y
화성시,아파트,동탄센트럴자이,영천동,565-1,2015-01-29,25,10,559,Y
화성시,아파트,동탄센트럴포레스트,반송동,141,2009-08-20,23,9,503,Y
화성시,아파트,동탄숲속마을 능동역 리체 더 포레스트,능동,1126,2008-01-18,29,8,562,Y
화성시,아파트,동탄숲속마을광명메이루즈,능동,1116,2008-02-20,15,11,326,Y
화성시,아파트,동탄숲속마을자연앤경남아너스빌5블럭,능동,1115,2008-10-24,29,9,641,Y
화성시,아파트,동탄시범다은마을 메타역 롯데캐슬,반송동,101,2007-01-25,20,6,429,Y
화성시,아파트,동탄시범다은마을 센트럴파크뷰,반송동,75,2008-02-29,27,6,438,Y
화성시,아파트,동탄시범다은마을 월드메르디앙 반도유보라,반송동,80,2007-05-22,32,18,1473,Y
화성시,아파트,동탄시범한빛마을KCC스위첸,반송동,19,2007-01-29,30,6,484,Y
화성시,아파트,동탄시범한빛마을아이파크,반송동,85,2007-01-29,30,8,748,Y
화성시,아파트,동탄역 금강펜테리움 더 시글로,영천동,849,2024-10-25,38,6,380,Y
화성시,아파트,동탄역 대방디엠시티 더 센텀,영천동,874,2021-01-28,44,5,463,Y
화성시,아파트,동탄역 더샵 센트럴시티 2차,오산동,675,2018-07-25,24,11,745,Y
화성시,아파트,동탄역 동원로얄듀크 비스타 3차,오산동,984,2020-02-26,35,3,278,Y
화성시,주상복합,동탄역 디에트르 퍼스티지,오산동,979,2025-02-03,49,3,531,Y
화성시,아파트,동탄역 롯데캐슬,오산동,1089,2021-06-29,49,9,940,Y
화성시,주상복합,동탄역 반도유보라 아이비파크 8.0,오산동,973,2018-10-19,38,7,671,Y
화성시,아파트,동탄역 반도유보라 아이비파크5.0,오산동,988,2017-09-14,29,5,545,Y
화성시,아파트,동탄역 반도유보라 아이비파크6.0,오산동,972,2017-09-14,29,6,532,Y
화성시,아파트,동탄역 반도유보라7.0,오산동,971,2019-01-15,48,4,710,Y
화성시,아파트,동탄역 삼정그린코아더시티,오산동,975,2022-10-14,49,2,183,Y
화성시,아파트,동탄역 센트럴상록아파트,영천동,662,2017-06-30,30,9,1005,Y
화성시,아파트,동탄역 센트럴푸르지오,청계동,538,2015-06-12,25,11,1348,Y
화성시,아파트,동탄역 시범 금강펜테리움 센트럴파크3,청계동,514,2017-06-29,19,5,252,Y
화성시,아파트,동탄역 시범 반도유보라 아이비파크4.0,청계동,536,2018-01-29,40,8,740,Y
화성시,아파트,동탄역 시범반도유보라아이비파크 1.0,청계동,533,2015-12-22,27,12,904,Y
화성시,아파트,동탄역 신미주,오산동,964,2005-10-31,15,8,538,Y
화성시,아파트,동탄역 에일린의 뜰,오산동,998,2016-12-09,15,9,489,Y
화성시,아파트,동탄역 예미지 시그너스,오산동,1091,2021-10-21,47,5,498,Y
화성시,아파트,동탄역 유림노르웨이숲,오산동,978,2021-10-26,49,5,312,Y
화성시,주상복합,동탄역 파라곤,오산동,985,2021-02-25,39,6,424,Y
화성시,아파트,동탄역 푸르지오,영천동,788,2017-06-23,25,10,832,Y
화성시,연립주택,동탄역 플라쎄 더 테라스,영천동,895,2024-12-06,4,11,166,N
화성시,아파트,동탄역 헤리엇,오산동,1023,2023-02-14,16,9,428,Y
화성시,아파트,동탄역 호반써밋,청계동,552,2015-07-10,25,9,922,Y
화성시,아파트,동탄역KCC스위첸,청계동,505,2015-02-11,29,7,640,Y
화성시,아파트,동탄역경남아너스빌,영천동,677,2016-07-20,29,5,344,Y
화성시,아파트,동탄역동원로얄듀크1차,영천동,879,2018-07-16,20,8,434,Y
화성시,아파트,동탄역롯데캐슬알바트로스아파트,청계동,541,2015-07-03,29,16,1416,Y
화성시,아파트,동탄역린스트라우스,오산동,1020,2018-09-06,44,5,617,Y
화성시,아파트,동탄역반도유보라아이비파크 2.0,영천동,716,2016-02-05,25,11,999,Y
화성시,아파트,동탄역센트럴예미지,영천동,670,2017-09-27,25,5,451,Y
화성시,아파트,동탄역시범대원칸타빌,청계동,516,2015-03-30,21,9,498,Y
화성시,아파트,동탄역시범더샵센트럴시티,청계동,519,2015-08-21,34,8,874,Y
화성시,아파트,동탄역시범예미지,청계동,532,2015-01-29,19,12,485,Y
화성시,아파트,동탄역시범우남퍼스트빌,청계동,512,2015-02-12,37,16,1442,Y
화성시,아파트,동탄역시범한화꿈에그린프레스티지아파트,청계동,250,2015-09-24,35,25,1817,Y
화성시,아파트,동탄역이지더원,영천동,672,2015-02-04,15,12,642,Y
화성시,아파트,동탄역포레너스,영천동,720,2017-03-06,25,18,1316,Y
화성시,아파트,동탄엿시범호반써밋,청계동,525,2015-02-11,29,13,1002,Y
화성시,아파트,동탄예당마을롯데캐슬,석우동,55,2008-08-28,31,16,1222,Y
화성시,아파트,동탄예당마을푸르지오,석우동,49,2008-10-08,31,9,978,Y
화성시,연립주택,동탄우림필유타운하우스,반송동,74,2008-03-28,5,18,286,Y
화성시,주상복합,동탄위버폴리스,반송동,Jan-93,2009-12-04,41,2,198,Y
화성시,주상복합,동탄파라곤 1차,반송동,Mar-93,2010-11-12,44,3,278,Y
화성시,아파트,동탄파크릭스 A51-2BL,신동,739,2025-06-27,20,9,414,Y
화성시,아파트,동탄파크자이,영천동,892,2018-07-30,15,20,979,Y
화성시,아파트,동탄파크푸르지오,영천동,884,2018-01-15,20,10,913,Y
화성시,아파트,동탄퍼스트파크,영천동,651-1397,2003-10-20,15,6,470,Y
화성시,아파트,동탄푸른마을신일해피트리,능동,1150,2008-06-27,27,13,794,Y
화성시,주상복합,동탄하이페리온,반송동,Sep-93,2010-11-30,38,2,180,Y
화성시,아파트,동탄행복마을푸르지오,영천동,718,2018-02-12,20,11,1135,N
화성시,아파트,동탄호수 우남 더 테라스,장지동,964,2021-07-29,4,10,238,Y
화성시,아파트,동탄호수공원경기행복주택,산척동,750,2020-10-16,29,6,995,N
화성시,아파트,동탄호수공원금강펜테리움센트럴파크2차,산척동,789,2017-07-28,25,10,908,Y
화성시,아파트,동탄호수공원아이파크,장지동,968,2019-07-30,29,6,774,N
화성시,아파트,동탄호수공원자연앤자이,장지동,969,2025-12-18,28,9,965,N
화성시,아파트,동탄호수자이파밀리에,장지동,963,2018-03-12,20,11,1067,Y
화성시,아파트,동화마을 신동아 파밀리에,봉담읍,동화리 647,2015-07-30,20,9,699,Y
화성시,아파트,레이크 반도유보라 아이비파크 9.0,장지동,1009,2017-12-28,20,13,689,Y
화성시,아파트,레이크힐 반도유보라 아이비파크 10.2,산척동,745,2018-12-14,20,25,1515,Y
화성시,연립,메종드엘리프,새솔동,163,2024-01-11,3,15,116,N
화성시,연립,메종드엘리프,새솔동,164,2024-01-11,3,14,88,N
화성시,아파트,메타폴리스 2단지,정남면,발안로 1155,2010-09-03,15,4,252,Y
화성시,아파트,모아미래도 에듀포레,새솔동,27,2020-06-30,20,12,585,Y
화성시,아파트,문영아파트,우정읍,조암리 365-1,1990-01-06,5,1,40,N
화성시,아파트,미성고층아파트 101동,우정읍,조암리 200-4,1995-12-14,10,1,98,N
화성시,아파트,미성아파트 102동,우정읍,조암리 194-12,1998-08-02,7,1,34,N
화성시,연립,민성주택,남양읍,남양리 631-1,1986-04-10,2,1,40,N
화성시,아파트,반달마을두산위브1단지,반월동,880,2007-07-25,15,11,690,Y
화성시,아파트,반달마을두산위브2단지,반월동,883,2007-07-25,15,6,352,Y
화성시,아파트,반달마을푸르지오,반월동,885,2007-07-26,15,7,530,Y
화성시,아파트,반도유보라아이비파크3차,오산동,1044,2016-07-20,7,17,1135,Y
화성시,아파트,반월자이더파크,반월동,959,2016-04-29,18,9,468,Y
화성시,아파트,반정아이파크캐슬4단지아파트,반정동,623,2022-12-29,17,14,986,Y
화성시,아파트,반정아이파크캐슬5단지아파트,반정동,637,2022-12-29,19,20,1378,Y
화성시,아파트,발안마을주공,향남읍,발안리 295,2003-10-16,15,14,882,Y
화성시,아파트,발안우림필유,향남읍,발안리 305,2006-05-30,19,11,940,Y
화성시,아파트,백상화인빌아파트,마도면,두곡리 590,2005-12-15,14,1,133,N
화성시,주상복합,병점SK뷰,병점동,870,2008-09-23,12,6,228,Y
화성시,연립,병점국민주택(국민주택),진안동,524-7,1986-07-15,4,3,72,N
화성시,아파트,병점성호,병점동,500-1,2001-08-25,15,5,594,Y
화성시,아파트,병점신미주,병점동,201-2,1999-12-24,20,6,470,Y
화성시,아파트,병점양우내안애,병점동,872,2016-11-30,15,4,268,Y
화성시,아파트,병점역 동문굿모닝힐,안녕동,211,2006-08-31,15,10,518,Y
화성시,아파트,병점역 센트럴허브시티,병점동,817,2004-06-26,14,20,1499,Y
화성시,아파트,병점역 아이파크캐슬,병점동,881,2021-03-30,26,30,2666,Y
화성시,아파트,병점역 에듀포레,병점동,859,2004-04-16,15,9,778,Y
화성시,아파트,병점역 한일타운,병점동,520,2001-08-03,15,6,572,Y
화성시,아파트,병점역성호플레르빌,안녕동,2,2002-02-18,15,7,618,Y
화성시,아파트,병점역센트럴뷰,병점동,821,2004-11-30,18,8,498,Y
화성시,아파트,병점한신,병점동,485,1999-05-17,15,10,1106,Y
화성시,아파트,병점화남1단지,진안동,496,1995-07-06,13,1,234,Y
화성시,아파트,병점화남2단지,진안동,506,1995-10-24,13,1,181,Y
화성시,아파트,병점효성해링턴플레이스,병점동,871,2013-11-29,12,5,231,Y
화성시,아파트,복사꽃마을한국아델리움,향남읍,행정리 479,2008-09-25,18,9,544,Y
화성시,아파트,봉담 에듀시티 파라곤,봉담읍,동화리 652,2023-05-30,23,8,600,Y
화성시,아파트,봉담 영풍아파트,봉담읍,와우리 24-1,1998-06-16,17,2,132,N
화성시,아파트,봉담 자이 라피네,봉담읍,동화리 155,2023-10-24,25,8,750,Y
화성시,아파트,봉담 자이 프라이드시티,봉담읍,내리 871,2024-08-29,35,11,1701,Y
화성시,아파트,봉담 중흥S-클래스 더퍼스트,봉담읍,상리63-2,2022-05-24,25,10,784,Y
화성시,아파트,봉담 한신더휴 에듀파크,봉담읍,와우리 602,2019-05-31,29,11,1140,Y
화성시,아파트,봉담2지구 중흥에스클래스 더 센트럴,봉담읍,수영리 690,2023-07-28,25,10,824,Y
화성시,아파트,봉담2지구 중흥에스클래스 에듀파크,봉담읍,상리 678,2023-07-28,25,13,1050,Y
화성시,아파트,봉담그대가3단지,봉담읍,와우리 589,2008-11-03,24,19,1036,Y
화성시,아파트,봉담동문굿모닝힐,봉담읍,상리 622-1,2008-03-28,23,6,442,Y
화성시,아파트,봉담동일하이빌,봉담읍,동화리 575,2008-03-20,25,9,750,Y
화성시,아파트,봉담비바패밀리1단지,봉담읍,수영리 672,2008-06-05,26,13,766,Y
화성시,아파트,봉담센트럴프루지오,봉담읍,와우리 597,2017-02-15,29,12,1265,Y
화성시,아파트,봉담신명아파트,봉담읍,와우리 20,1999-09-15,20,5,488,Y
화성시,아파트,봉담신일해피트리2차,봉담읍,와우리 237,2005-10-31,18,7,500,Y
화성시,아파트,봉담신창비바패밀리2단지,봉담읍,수영리 673,2008-06-05,24,6,444,Y
화성시,아파트,봉담아이파크,봉담읍,와우리 590,2009-09-26,28,8,829,Y
화성시,아파트,봉담임광그대가1단지,봉담읍,와우리 239,2007-08-30,18,5,350,Y
화성시,아파트,봉담자이라젠느,봉담읍,동화리 112,2025-05-07,25,7,862,Y
화성시,도시형생활주택,봉담코아루카보드줌시티,봉담읍,상리 25-52,2021-02-19,23,1,288,Y
화성시,아파트,봉담한신,봉담읍,상리 21-2,1994-05-01,20,5,617,Y
화성시,아파트,봉담휴먼빌,봉담읍,와우리 591,2012-06-29,26,6,544,Y
화성시,아파트,비봉 금강펜테리움,비봉면,삼화리 1836,2025-06-12,25,11,988,Y
화성시,아파트,비봉 호반 써밋,비봉면,삼화리 1841,2024-09-26,25,8,779,Y
화성시,아파트,산호,장안면,사곡리 170,1996-11-02,15,5,406,Y
화성시,아파트,살구꽃마을신영지웰,향남읍,행정리 492,2008-09-30,20,6,365,Y
화성시,아파트,삼괴아파트(국민주택),우정읍,조암리 196,1985-12-28,3,2,39,N
화성시,아파트,삼미아파트,매송면,천천리 92외 1,1986-04-12,5,3,165,N
화성시,아파트,삼부르네상스,반송동,83,2007-02-23,28,10,732,Y
화성시,연립,삼한주택(국민주택),병점동,396-3,1986-11-21,3,2,36,N
화성시,아파트,상록예가,능동,1087,2009-02-02,29,8,707,N
화성시,아파트,상록하늘채아파트,향남읍,행정리 475,2009-07-30,15,12,638,Y
화성시,아파트,상리삼봉마을,봉담읍,상리 618,2007-10-16,20,7,583,N
화성시,아파트,새강마을휴먼시아5-2단지,반송동,159,2009-02-02,27,19,2342,N
화성시,아파트,서동탄역 양우내안애,능동,1287,2023-06-16,20,13,298,Y
화성시,아파트,서동탄역우남퍼스트빌(2차),능동,1041,2003-07-19,18,10,700,Y
화성시,아파트,서동탄역우남퍼스트빌(3차),능동,1039,2003-07-19,18,6,413,Y
화성시,아파트,서동탄역파크자이,능동,625,2018-01-30,21,12,982,Y
화성시,아파트,서동탄역파크자이2차,능동,1283,2018-09-27,21,6,376,Y
화성시,아파트,서봉마을 5단지,향남읍,하길리 1477,2016-06-17,25,9,1242,N
화성시,아파트,서봉마을 모아엘가,향남읍,1473,2015-06-24,25,6,496,Y
화성시,아파트,서봉마을 사랑으로 부영3단지,향남읍,1464,2015-06-23,25,12,1122,Y
화성시,아파트,서봉마을 사랑으로 부영6단지,향남읍,하길리 1475,2018-07-19,29,12,1005,N
화성시,아파트,서봉마을센텀벨라19단지,향남읍,하길리 1523,2020-04-13,20,6,357,N
화성시,아파트,서해더블루럭스,반송동,106-7,2010-06-03,36,1,90,N
화성시,아파트,서해더블루스페이스,반송동,Aug-93,2009-06-26,19,1,40,N
화성시,아파트,서해더블루팍스,반송동,Feb-90,2010-06-03,36,1,90,N
화성시,연립,성일사원,향남읍,동오리 526-2,1992-07-25,3,2,36,N
화성시,아파트,세영리첼 에듀파크,새솔동,26,2019-07-30,20,9,533,Y
화성시,아파트,센트럴S타운,반송동,메타폴리스로 47-25,2008-08-29,11,1,299,N
화성시,아파트,센트럴힐즈 동탄,오산동,1046,2017-01-20,20,8,652,Y
화성시,아파트,솔빛마을경남아너스빌,반송동,132,2007-09-21,28,7,622,Y
화성시,아파트,솔빛마을서해그랑블,반송동,140,2007-12-28,25,11,727,Y
화성시,아파트,솔빛마을신도브래뉴,반송동,134,2007-09-21,30,8,584,Y
화성시,아파트,솔빛마을쌍용예가,반송동,135,2007-09-14,30,14,938,Y
화성시,연립,솔이 퍼스트,안녕동,188-249,2021-10-15,4,2,35,N
화성시,아파트,송산 그린시티 5차 리버파크,새솔동,6,2021-07-26,19,9,608,Y
화성시,아파트,송산 그린시티 6차 스타빌리지,새솔동,5,2021-07-26,20,6,390,Y
화성시,아파트,송산 렉스타운,송산면,사강리 636-3,2014-12-03,14,1,47,N
화성시,빌라/도시형,송산그린시티 리안비채 테라스하우스 1단지,새솔동,161,2023-11-22,3,10,131,N
화성시,빌라/도시형,송산그린시티 리안비채 테라스하우스 2단지,새솔동,162,2023-11-22,3,10,128,N
화성시,아파트,송산그린시티 반도유보라 아이비파크,새솔동,22,2018-01-25,25,15,980,Y
화성시,아파트,송산그린시티 이지더원 레이크뷰 아파트,새솔동,18,2018-01-26,20,16,782,Y
화성시,아파트,송산그린시티요진와이시티,새솔동,16,2018-10-11,20,10,680,Y
화성시,아파트,송산신도시 대방노블랜드 더퍼스티지 1차,새솔동,14,2018-06-21,25,9,731,Y
화성시,아파트,수산중공업㈜ 사원임대아파트,양감면,송산리 163-1외 3,1993-07-28,6,1,60,N
화성시,아파트,수성효성,봉담읍,와우리 210-26,1994-05-18,18,1,266,Y
화성시,아파트,수정마을동남메리트,봉담읍,수영리 647-5,2002-07-31,23,8,864,Y
화성시,아파트,숲속마을모아미래도1단지,능동,1132,2008-01-23,30,16,870,Y
화성시,아파트,숲속마을모아미래도2단지,능동,1129,2008-01-23,31,5,361,Y
화성시,아파트,숲속마을자연앤데시앙,능동,1131,2008-06-20,30,20,1289,Y
화성시,아파트,스타캐슬 1차,비봉면,양노리 279-2,2018-03-15,14,2,56,N
화성시,아파트,스타캐슬 2차,비봉면,양노리 281-2 외3,2018-11-14,14,2,72,N
화성시,연립,시라맨숀,봉담읍,Apr-70,1984-12-01,3,5,90,N
화성시,아파트,시범다은마을삼성래미안,반송동,100,2007-02-05,30,7,514,Y
화성시,아파트,시범다은마을우남퍼스트빌,반송동,79,2007-03-07,30,8,610,Y
화성시,아파트,시범다은마을포스코더샵,반송동,102,2007-01-26,23,8,514,Y
화성시,아파트,시범한빛마을한화꿈에그린,반송동,21,2007-03-27,30,6,534,Y
화성시,아파트,시티프라디움1차아파트,남양읍,남양리 1810,2018-01-12,26,14,813,Y
화성시,아파트,신동탄 SK뷰,반월동,777,2015-02-17,25,25,1967,Y
화성시,아파트,신동탄 롯데캐슬,반월동,962,2018-05-31,28,14,1185,N
화성시,아파트,신동탄 포레자이,반월동,974,2023-02-23,29,12,1297,Y
화성시,아파트,신동탄푸르지오,기산동,466,2005-04-28,14,16,993,Y
화성시,아파트,신성미소지움1차,향남읍,장짐리 409,2005-12-23,15,9,431,Y
화성시,아파트,신성미소지움2차,향남읍,장짐리 410,2007-05-25,15,5,330,Y
화성시,아파트,신안인스빌 리베라2차 아파트,청계동,547,2016-10-19,15,10,644,Y
화성시,아파트,신양고층아파트,향남읍,장짐리 277-3,1991-01-17,11,1,117,N
화성시,아파트,신양아파트,향남읍,장짐리 277-4외 3,1989-11-20,5,1,70,N
화성시,아파트,신영통현대1단지,반월동,865-1,2001-10-12,18,12,896,Y
화성시,아파트,신영통현대2단지,반월동,868,2002-03-15,18,16,1220,Y
화성시,아파트,신영통현대3단지,반월동,860,2001-06-20,18,11,800,Y
화성시,아파트,신영통현대4단지,반월동,870,2002-03-21,18,8,580,Y
화성시,아파트,신일해피트리1차,기안동,910,2004-12-23,15,13,901,Y
화성시,아파트,신창2차비바훼밀리,병점동,858,2004-10-28,22,9,765,Y
화성시,아파트,신한미지엔,안녕동,212,2006-09-29,15,13,708,Y
화성시,아파트,신현대2차아파트,송산동,Feb-97,1992-06-30,6,6,282,N
화성시,아파트,신현대아파트,송산동,97-129,1991-06-30,6,3,264,N
화성시,아파트,안녕동우방아이유쉘,안녕동,223,2017-10-13,22,8,796,Y
화성시,아파트,안화동마을9단지,병점동,819,2005-01-18,18,9,786,Y
화성시,아파트,안화동마을주공7단지,병점동,849,2004-05-17,20,9,742,Y
화성시,아파트,안화마을우남퍼스트빌2차,병점동,847,2004-10-08,21,8,504,Y
화성시,아파트,안화마을태안주공5단지,병점동,820,2004-09-09,20,7,554,Y
화성시,아파트,양우내안애2차에듀타운아파트,남양읍,남양리 2300,2017-08-21,26,9,460,Y
화성시,아파트,양지마을쌍용예가,봉담읍,수영리 671,2007-11-27,15,9,490,Y
화성시,아파트,에스케이뷰파크2차,기산동,476,2017-07-31,24,14,1196,Y
화성시,아파트,엘크루루엘리안,봉담읍,상리 679,2022-10-12,25,5,456,Y
화성시,아파트,예당마을신일유토빌,석우동,56,2008-10-27,33,6,626,Y
화성시,아파트,예당마을우미린제일풍경채,석우동,53,2008-09-26,35,15,1316,Y
화성시,아파트,예미지 센트럴 에듀,비봉면,삼화리 1850,2024-12-05,25,10,917,Y
화성시,아파트,우남블루존,송산동,200-32,1999-10-07,14,4,386,Y
화성시,아파트,우남퍼스트빌3차아파트,병점동,506,2001-08-28,18,9,585,Y
화성시,아파트,우림그린빌리지,기안동,349,2001-06-11,15,7,642,Y
화성시,아파트,우미린 더 퍼스트,비봉면,삼화리 1910,2024-11-29,25,7,798,Y
화성시,아파트,우방아이유쉘1단지,봉담읍,수영리 674,2016-04-29,23,7,488,Y
화성시,아파트,우방아이유쉘2단지,봉담읍,수영리 679,2017-04-26,22,6,351,Y
화성시,아파트,우정아파트,우정읍,조암리 362-1,1986-04-10,4,1,40,N
화성시,아파트,월드메르디앙 (2단지),진안동,936,2005-11-25,12,2,109,N
화성시,아파트,이편한세상 반월나노시티역,반월동,960,2017-02-23,28,12,1387,Y
화성시,아파트,이편한세상동탄,목동,478,2018-01-31,25,21,1526,Y
화성시,아파트,임광그대가아파트,병점동,868,2007-05-18,15,6,316,Y
화성시,연립,장안빌라 가동,송산면,사강리 579-3,1987-11-04,3,1,12,N
화성시,연립,장안빌라 나동,송산면,삼일공원로 50,1987-11-04,3,1,21,N
화성시,아파트,제일오투그란데,향남읍,행정리 491,2008-09-09,18,6,400,Y
화성시,아파트,제일풍경채 퍼스티어,신동,산 157,2024-04-30,20,4,308,Y
화성시,아파트,제일풍경채에듀앤파크,장지동,976,2018-08-27,20,10,624,Y
화성시,아파트,조암금광,우정읍,조암리 484-1,2000-11-30,20,3,297,Y
화성시,아파트,조암기산아파트 101동,우정읍,조암리 363,1996-05-18,17,1,99,N
화성시,아파트,중흥S클래스에듀하이,산척동,791,2019-04-05,25,16,1194,N
화성시,아파트,중흥에스클래스 에듀시티,봉담읍,상리 667,2023-12-08,25,8,808,Y
화성시,아파트,중흥에스클래스 에듀포레,봉담읍,상리 666,2023-12-08,25,9,707,Y
화성시,아파트,중흥에스클래스더테라스,영천동,861,2019-09-30,4,10,162,Y
화성시,아파트,중흥에스클래스더테라스리버파크1차,오산동,992,2019-07-29,4,11,158,Y
화성시,연립,중흥에스클래스더테라스리버파크2차,오산동,993,2019-07-29,4,10,104,N
화성시,연립,중흥에스클래스더테라스리버파크3차,오산동,1012,2019-07-29,4,10,104,N
화성시,아파트,중흥에스클래스에코벨리,오산동,1011,2019-01-09,15,11,436,Y
화성시,아파트,"진안동 월드메르디앙 1,2단지",진안동,935,2005-11-25,13,7,545,Y
화성시,아파트,진안파크자이,진안동,929,2004-09-17,14,5,386,Y
화성시,연립,천보주택(국민주택),봉담읍,수영리 649-3,1986-05-27,4,2,40,N
화성시,아파트,천산스카이빌아파트,비봉면,양노리 850,2004-11-05,15,3,202,Y
화성시,아파트,청계숲사랑으로부영,청계동,556,2017-02-28,15,13,718,Y
화성시,아파트,청운마을신안인스빌,봉담읍,상리 614,2004-06-17,20,6,632,Y
화성시,아파트,코스코밸리,송산면,육일리 726,2009-11-18,15,6,299,Y
화성시,아파트,클래식타운,봉담읍,동화리 100-1,1999-11-15,15,10,660,Y
화성시,연립,태안연립주택(국민주택),진안동,524-9,1985-12-11,3,3,54,N
화성시,아파트,태안주공10단지,진안동,908,2004-05-19,15,10,742,Y
화성시,아파트,태안주공11단지,진안동,911,2004-04-13,15,8,598,Y
화성시,아파트,태안주공1단지,병점동,809,1997-11-22,18,15,1044,Y
화성시,연립주택,테라스 더 모스트,장지동,978,2019-12-24,4,9,140,N
화성시,아파트,파인팰리스,기안동,925,2009-07-03,15,1,90,N
화성시,아파트,평생플러스빌,기안동,358,2001-09-12,15,4,259,Y
화성시,아파트,푸른마을두산위브,능동,1137,2007-12-31,35,11,915,Y
화성시,아파트,푸른마을모아미래도,능동,1151,2008-01-24,24,13,926,Y
화성시,아파트,푸른마을포스코더샵,능동,1134,2008-05-20,33,15,1226,Y
화성시,아파트,한승미메이드1차,송산동,222,2005-10-17,15,10,669,Y
화성시,주상복합,한승미메이드2차,송산동,화산중앙로64번길 6,2008-07-11,15,3,142,N
화성시,아파트,한신더휴,목동,188-1,2018-08-14,25,13,930,Y
화성시,아파트,한양수자인 디에스티지,향남읍,상신리 619-57,2024-01-31,27,11,945,Y
화성시,아파트,한화우림,반송동,222,2007-09-21,30,8,724,Y
화성시,아파트,한화포레나 동탄호수,장지동,921,2020-09-28,25,8,800,Y
화성시,아파트,해오름마을 봉담그대가 2단지,봉담읍,참샘길 33,2007-08-30,17,1,70,N
화성시,아파트,행림마을삼성래미안1차,기산동,464,2003-12-31,15,10,621,Y
화성시,아파트,행림마을삼성래미안2차,반월동,872,2004-04-30,15,5,264,Y
화성시,아파트,행복마을 참누리 에듀파크 1단지,기산동,467,2006-12-29,15,13,872,Y
화성시,아파트,행복마을 참누리 에듀파크 2단지,기산동,467,2006-12-29,15,7,330,Y
화성시,아파트,향남 서봉마을4단지 모아미래도,향남읍,하길리 1515,2018-08-29,20,13,894,Y
화성시,아파트,향남 오색마을 사랑으로 부영10단지,향남읍,하길리 1502,2014-11-28,25,11,980,N
화성시,아파트,향남 오색마을 사랑으로 부영11단지,향남읍,하길리 1505,2014-11-28,25,13,1124,N
화성시,아파트,향남 오색마을 사랑으로 부영9단지,향남읍,하길리 1507,2014-11-28,29,7,684,N
화성시,아파트,향남 우미린,향남읍,행정리 438,2008-08-29,20,10,536,Y
화성시,아파트,향남2지구 서봉마을 1단지,향남읍,하길리 1444,2014-11-27,20,4,544,N
화성시,아파트,향남7단지 부영,향남읍,하길리 1474,2016-08-03,28,11,948,N
화성시,아파트,향남부영17단지,향남읍,상신리 1330,2017-09-14,25,11,942,N
화성시,아파트,향남시범 복사꽃마을휴먼시아,향남읍,행정리 470,2008-11-04,20,11,941,N
화성시,아파트,향남시범 한우물마을 휴먼시아6단지,향남읍,행정리 465,2009-11-17,15,18,1330,N
화성시,아파트,향남신명스카이뷰,향남읍,행정리 443,2008-10-30,20,9,536,Y
화성시,아파트,향남에일린의뜰,향남읍,행정리 441,2008-10-15,20,8,506,Y
화성시,아파트,향남지웰2차,향남읍,행정리 440,2010-05-10,20,8,514,Y
화성시,아파트,향남풍림아이원,향남읍,행정리 480,2008-09-30,18,14,788,Y
화성시,아파트,향남한우물5단지,향남읍,행정리 463,2009-11-17,15,16,1150,N
화성시,아파트,향남한일베라체,향남읍,행정리 494,2008-09-30,20,6,478,Y
화성시,아파트,헤르만하우스 남양,남양읍,남양리 2421,2020-08-31,4,13,142,N
화성시,아파트,현대자동차사원,남양읍,남양리 1842,2008-06-04,11,3,274,N
화성시,아파트,현대자동차아파트2단지,남양읍,시청로 102번길 11,2018-01-31,20,7,490,N
화성시,아파트,호반베르디움 센트럴포레,목동,494,2017-06-02,25,22,1695,Y
화성시,아파트,호반써밋동탄,신동,885,2022-12-27,20,9,744,Y
화성시,아파트,호수공원역센트럴시티,산척동,912-1,2019-05-17,27,12,1080,Y
화성시,연립,화산국민주택(국민주택),송산동,97-15,1987-12-15,3,7,198,N
화성시,아파트,화성 조암 스위트엠,우정읍,840,2025-01-24,17,4,224,Y
화성시,다세대(도시형),화성 진안1 따복하우스,진안동,938,2018-03-15,5,1,16,N
화성시,다세대(도시형),화성 진안2 따복하우스,진안동,882-1,2018-02-28,5,1,15,N
화성시,아파트,화성 향남 서봉마을 2단지,향남읍,하길리 1447,2014-11-27,20,5,704,N
화성시,아파트,화성남양LH9단지,남양읍,남양리 2219,2016-10-28,22,5,782,N
화성시,아파트,화성남양뉴타운 LH6단지,남양읍,남양리 2192,2020-05-06,20,2,410,N
화성시,아파트,화성남양뉴타운LH4단지,남양읍,남양리 2233,2016-05-27,25,6,876,N
화성시,아파트,화성남양뉴타운루나포레,남양읍,남양리 2221,2020-08-31,15,9,486,N
화성시,아파트,화성남양뉴타운리젠시빌란트,남양읍,2310,2023-04-27,20,7,380,Y
화성시,아파트,화성동보,봉담읍,와우리 10,1999-12-02,15,1,299,Y
화성시,아파트,화성동탄2 LH2단지,영천동,864,2020-08-13,13,14,1640,N
화성시,아파트,화성동탄2 LH행복주택38단지,신동,116,2023-04-10,20,6,700,N
화성시,아파트,화성동탄2 NHF 엘크루,장지동,914,2019-06-07,20,10,856,N
화성시,아파트,화성동탄LH35단지,산척동,747,2020-06-19,19,23,900,N
화성시,연립주택,화성동탄로렌하우스,신동,358-3,2023-07-28,3,104,332,N
화성시,아파트,화성동탄상록리슈빌,영천동,676,1994-09-01,23,8,672,N
화성시,아파트,화성매송휴먼시아1단지,매송면,야목리 1300,2011-03-22,15,9,649,N
화성시,아파트,화성발안 LH1단지,향남읍,구문천리925-2,2019-08-28,26,2,608,N
화성시,아파트,화성병점행복주택,병점동,901,2022-04-08,18,4,862,N
화성시,아파트,화성봉담2 LH2단지,봉담읍,상리 695,2017-11-29,25,6,1028,N
화성시,아파트,화성봉담2 LH3단지,봉담읍,수영리 692,2017-11-28,22,8,1388,N
화성시,아파트,화성봉담2 LH4단지,봉담읍,수영리 686,2019-06-17,21,3,602,N
화성시,아파트,화성봉담2그랑드비체,봉담읍,수영리 685,2020-09-04,25,11,1456,N
화성시,아파트,화성비봉 LH4단지,비봉면,삼화리 1907,2023-10-20,18,10,727,N
화성시,아파트,화성비봉 LH5단지,비봉면,삼화리 1839,2023-10-20,24,15,894,N
화성시,아파트,화성비봉LH1단지,비봉면,구포리 1556,2021-10-15,24,4,652,N
화성시,아파트,화성비봉LH2단지,비봉면,구포리 1558,2021-10-15,24,4,440,N
화성시,아파트,화성상리 LH1단지,봉담읍,상리 616,2022-02-14,20,3,450,N
화성시,아파트,화성송산동원로얄듀크포레,송산동,261,2024-02-29,15,6,233,Y
화성시,아파트,화성시청역 서희스타힐스 4차 숲속마을,남양읍,신남리 산 96-8,2023-11-03,24,20,1846,Y
화성시,아파트,화성시청역센트럴파크스타힐스1단지,남양읍,신남리 40-8,2022-09-30,25,10,1131,Y
화성시,아파트,화성시청역센트럴파크스타힐스2단지,남양읍,신남리 67-15,2022-09-30,25,11,1005,Y
화성시,아파트,화성시청역센트럴파크스타힐스3단지,남양읍,신남리 1560-3,2022-09-30,25,8,847,Y
화성시,아파트,화성우미린 센트포레1단지,안녕동,245,2023-03-03,15,12,650,Y
화성시,아파트,화성우미린 센트포레2단지,안녕동,246,2023-04-20,15,11,650,Y
화성시,아파트,화성우방아이유쉘 메가시티1단지,기안동,935,2022-05-02,25,5,420,Y
화성시,아파트,화성우방아이유쉘 메가시티2단지,기안동,928,2022-05-02,25,9,737,Y
화성시,아파트,화성조암한라비발디,우정읍,조암리 791,2012-12-14,18,11,572,Y
화성시,아파트,화성진우,팔탄면,가재리692-1,2002-07-02,20,4,656,Y
화성시,아파트,화성청광플러스원,안녕동,210,2004-12-21,11,4,278,Y
화성시,아파트,화성태안6단지,병점동,850,2004-04-10,15,10,990,N
화성시,아파트,화성태안8단지,병점동,848,2004-08-31,20,9,836,N
화성시,아파트,화성태안LH1단지아파트,안녕동,248,2022-04-08,15,7,790,N
화성시,아파트,화성태안LH2단지아파트,안녕동,247,2022-04-08,13,7,640,N
화성시,아파트,화성태안주공12단지,진안동,910,2004-04-06,15,13,1178,N
화성시,아파트,화성파크드림아파트,향남읍,행정리 482,2008-10-30,19,11,622,Y
화성시,아파트,화성향남 언덕마을 15단지,향남읍,상신리 1258,2023-05-26,20,21,922,N
화성시,아파트,화성향남2 언덕마을 18단지,향남읍,상신리 1331,2017-07-07,25,10,1742,N
화성시,아파트,화성향남21단지,향남읍,하길리 1494,2025-05-15,20,6,605,N
화성시,아파트,화성향남22단지,향남읍,하길리1495-3,2025-05-15,16,7,445,N
화성시,아파트,효일목화아파트,송산동,Feb-98,1994-11-09,13,1,121,N
화성시,아파트,휴먼시아동화마을1단지,봉담읍,동화리 594,2007-11-07,20,7,622,N
화성시,아파트,휴먼시아동화마을2단지,봉담읍,동화리 611,2007-11-19,20,11,915,N
화성시,아파트,휴먼시아동화마을3단지,봉담읍,동화리 617,2007-10-10,20,10,842,N
화성시,아파트,휴먼시아동화마을4단지,봉담읍,동화리 603,2007-11-07,20,7,480,N
화성시,아파트,휴먼시아동화마을5단지,봉담읍,동화리 628,2008-06-03,25,9,880,Y
화성시,아파트,휴먼시아동화마을6단지,봉담읍,동화리 580,2007-09-04,23,8,736,Y
화성시,주상복합,힐스테이트 동탄,목동,491,2019-02-22,33,18,1479,Y
화성시,빌라/도시형,힐스테이트 동탄 더 테라스,오산동,1013,2023-11-03,4,9,125,N
화성시,아파트,힐스테이트 동탄 포레,신동,561-1,2024-04-29,20,8,585,N
화성시,아파트,힐스테이트 동탄역,영천동,202,2020-12-23,38,5,443,Y
화성시,아파트,힐스테이트 봉담,봉담읍,수영리 689,2020-05-28,25,13,1004,N
화성시,아파트,힐스테이트 봉담 프라이드시티,봉담읍,내리 882,2024-08-30,35,17,2333,Y

