시도교육청코드,시도교육청명,행정구역명,학원교습소명,학원지정번호,학원명,개설일자,등록일자,등록상태명,휴원시작일자,휴원종료일자,정원합계,일시수용능력인원합계,분야명,교습계열명,교습과정목록명,교습과정명,인당수강료,수강료공개여부,기숙사학원여부,도로명주소,도로명상세주소,도로명우편번호,전화번호,수정일자
J10,경기도교육청,수원시,교습소,3000028237, 윤슬피아노음악교습소,20160308,20160308,개원,        ,99991231,0,0,예능(대),예능(중),성인반,음악,"성인반:180000, 초급피아노1:160000, 초급피아노2:170000, 중급피아노1:180000, 중급피아노2:190000, 고급피아노:200000",Y,N,경기도 수원시 영통구 삼성로 11,", 102호 (신동)",16682,,20260405
J10,경기도교육청,수원시,교습소,3000052728,1등급수능영어교습소,20221020,20221020,개원,        ,99991231,5,5,입시.검정 및 보습,보통교과,,보습, ,Y,N,경기도 수원시 영통구 영통로 136,", 402-1호 (망포동, 센트럴타워)",16691,,20231018
J10,경기도교육청,수원시,교습소,3000072589,3030호매실한양수자인센터영어교습소,20241202,20241202,개원,        ,        ,0,9,입시.검정 및 보습,,,, ,Y, ,경기도 수원시 권선구 칠보로 102,", 105호(호매실동, 한양수자인파크원 상가2동)",16401,,20250907
J10,경기도교육청,수원시,교습소,3000062106,가람클래스음악원(1관)음악교습소,20230921,20230921,개원,        ,        ,0,8,예능(대),예능(중),초급,음악,"초급:170000, 중급:180000",N, ,경기도 수원시 팔달구 정자천로32번길 20,"203호(화서동,한독.LG아파트 상가동)",16422,,20250629
J10,경기도교육청,수원시,교습소,3000062107,가람클래스음악원(2관)음악교습소,20230921,20230921,개원,        ,        ,0,9,예능(대),예능(중),고등음악,음악,고등음악:680000,N,N,경기도 수원시 팔달구 정자천로32번길 20,"202호(화서동,한독.LG아파트 상가동)",16422,,20250629
J10,경기도교육청,수원시,교습소,3000074127,가온수학교습소,20250425,20250425,개원,        ,        ,0,9,입시.검정 및 보습,,,, ,Y, ,경기도 수원시 권선구 경수대로235번길 37,", 2층 전체(세류동)",16658,,20250427
J10,경기도교육청,수원시,교습소,70650,가온피아노음악교습소,20020311,20020311,개원,        ,99991231,32,4,예능(대),예능(중),음악일반(피아노1),음악, ,Y,N,경기도 수원시 팔달구 창룡대로 194,  주공아파트 상가동 203호 (우만동),442818,031-256-9590,20231018
J10,경기도교육청,수원시,교습소,3000071887,가죽공방여우비공예교습소,20240910,20240910,개원,        ,        ,0,0,기타(대),,,, ,Y, ,경기도 수원시 팔달구 권광로367번길 11,"101호(우만동,수원광교 양우 내안애 애플 아파트)",16494,,20240929
J10,경기도교육청,수원시,교습소,3000011418,가지미술교습소,20110321,20110321,개원,        ,99991231,117,9,예능(대),예능(중),미술A,미술,"미술A:80000, 미술B:100000, 미술C:120000, 미술D:160000",Y,N,경기도 수원시 팔달구 수성로244번길 25, 화서위브하늘채 203동 207호 (화서동),442150,031-257-4257,20260308
J10,경기도교육청,수원시,교습소,3000041555,감성아이새움성향미술교습소,20190821,20190821,개원,        ,99991231,207,9,예능(대),예능(중),미술일반,미술,"미술일반:60000, 미술일반:120000, 미술원데이:15000, 초등미술(1):54000, 초등미술(2):109000, 도자기미술(1):20500, 초등미술1:54000, 초등미술2:109000, 도자기미술:20500, 초등미술(1):57000, 초등미술(2):114000, 중등미술(1):114000, 도예:20500, 초등미술1:60000, 초등미술2:120000, 중등미술1:60000, 중등미술2:120000, 도자기미술1:15000, 초등미술1:69000, 초등미술2:139000, 중등미술1:69000, 중등미술2:139000, 도자기미술:16000",Y,N,경기도 수원시 권선구 곡선로 20,", 102호 (권선동, 수원아이파크시티6단지)",16666,,20231018
J10,경기도교육청,수원시,교습소,3000022509,감성의뜰미술교습소,20140812,20140812,개원,        ,99991231,33,7,예능(대),예능(중),"미술(유,초등)",미술, ,Y,N,경기도 수원시 팔달구 정자천로32번길 27,", 103호 (화서동, 꽃뫼버들마을 금강 아파트)",16423,,20251109
J10,경기도교육청,수원시,교습소,41555,강남피아노의숲교습소,20100520,20100520,개원,        ,99991231,15,5,예능(대),예능(중),,음악, ,Y,N,경기도 수원시 권선구 수성로 18, 강남아파트 상가동 202 (구운동),441730,031-294-5695,20240929
J10,경기도교육청,수원시,교습소,3000054799,강수학교습소,20230329,20230329,개원,        ,99991231,40,8,입시.검정 및 보습,보통교과,초등 수학,보습,"초등 수학:200000, 초등 수학 심화:220000, 중등 수학:300000, 중등 수학 심화:350000, 고등 수학:350000, 고등 수학 심화 A:380000, 고등 수학 심화 B:450000, 함수특강:150000, 초등 수학 선행:250000, 중등 수학 선행:380000, 함수 특강 심화:200000",Y,N,경기도 수원시 권선구 곡반정로 160,", 517호 일부(동측) (곡반정동, 라퍼스트)",16668,,20260426
J10,경기도교육청,수원시,교습소,3000077265,강쌤국어교습소,20260126,20260126,개원,        ,        ,0,5,입시.검정 및 보습,보통교과,초등국어A,보습,"초등국어A:75000, 초등국어B:100000, 초등국어C:150000, 초등국어D:200000, 초등국어E:250000, 중등국어A:160000, 중등국어B:180000, 중등통합국어A:280000, 중등통합국어B:320000, 고등국어A:200000, 고등국어B:340000, 고등국어C:360000, 고등통합A:400000, 고등통합B:400000",Y, ,경기도 수원시 영통구 동탄원천로1109번길 37,", 202호(매탄동, 한국아파트 상가)",16527,,20260215
J10,경기도교육청,수원시,교습소,3000053635,강하나수학교습소,20221230,20221230,개원,        ,99991231,18,9,입시.검정 및 보습,보통교과,초등수학1,보습,"초등수학1:234000, 초등수학2:280800, 중등수학1:322240, 중등수학2:407040, 고등수학1:360000, 고등수학2:459000, 고등수학3:612000",Y,N,경기도 수원시 영통구 태장로 81,", 403-1호 일부 (망포동, 망포동 e-타운ll)",16688,,20260405
J10,경기도교육청,수원시,교습소,3000050677,강한수학교습소,20220404,20220404,개원,        ,99991231,72,9,입시.검정 및 보습,보통교과,초등수학,보습,"초등수학:180000, 초등수학:200000, 중등수학:250000, 고등수학:300000, 초등수학:180000, 초등수학:200000, 중등수학:250000, 고등수학:300000",Y,N,경기도 수원시 장안구 대평로 27,", 206호 (정자동, 화서역 파크푸르지오 201동)",16318,,20231018
J10,경기도교육청,수원시,교습소,3000077190,개구리(開口里)독서논술교습소,20260119,20260119,개원,        ,        ,0,7,입시.검정 및 보습,,,, ,Y, ,경기도 수원시 영통구 영통로 111,", 203호 일부(망포동, 엘지동수원자이아파트 주상가동)",16687,,20260201
J10,경기도교육청,수원시,교습소,3000045665,개념의힘수학교습소,20201210,20201210,개원,        ,99991231,18,6,입시.검정 및 보습,보통교과,초등수학,보습, ,Y,N,경기도 수원시 영통구 광교중앙로 180,", 202호 (하동, 광교 효성해링턴 타워 레이크 주건축물제1동)",16514,,20231018
J10,경기도교육청,수원시,교습소,3000076117,개념탑미래엔수학교습소,20251014,20251014,개원,        ,        ,0,9,입시.검정 및 보습,보통교과,초등반1,보습,"초등반1:186000, 중등반1:300000, 초등반2:120000, 초등반3:140000, 초등반4:140000, 초등반5:140000, 초등반6:150000, 초등반7:160000, 초등반8:180000, 초등반9:180000, 초등반10:180000, 초등반11:190000, 초등반12:190000, 초등반13:190000, 중등반2:260000, 중등반3:250000, 중등반4:300000, 중등반5:300000, 고등반1:280000, 고등반2:250000, 고등반3:300000",Y, ,경기도 수원시 영통구 동탄원천로881번길 58,", 104호(매탄동, 아이쌤프라자)",16548,,20260412
J10,경기도교육청,수원시,교습소,15674,건영예일피아노교습소,20050218,20050218,개원,        ,99991231,50,4,예능(대),예능(중),초급,음악,"초급:150000, 중급:160000, 고급:170000",Y,N,경기도 수원시 영통구 매영로 346,  건영아파트 상가 101호 (영통동),443470,031-206-2447,20240303
J10,경기도교육청,수원시,교습소,68632,경희미술,19870227,19870227,개원,19870227,99991231,6,6,예능(대),예능(중),0,미술, ,Y,N,경기도 수원시 장안구 수성로258번길 75,(영화동),16274,031-255-7527,20260426
J10,경기도교육청,수원시,교습소,3000044158,고마리독서논술교습소,20200507,20200507,개원,        ,99991231,15,9,입시.검정 및 보습,보통교과,,보습·논술, ,Y,N,경기도 수원시 팔달구 팔달로127번길 59,", 101호 (화서동)",16439,,20231018
J10,경기도교육청,수원시,교습소,3000023390,고사리별미술교습소,20141119,20141119,개원,        ,99991231,42,3,예능(대),예능(중),"유아, 아동1",미술,"유아, 아동1:55000, 유아, 아동2:100000, 유아, 아동3:150000, 유아, 아동4:180000, 유아, 아동5:210000, 중, 고등부(입시):100000, 성인부:100000, 유아미술A:35000, 초등미술A:70000, 유아미술B:90000, 초등미술B:140000, 아동미술.:50000, 아동미술　:85000, 아동미술.　:120000, 아동미술　　:150000, 아동미술:170000, 중,고등/성인부:90000",Y,N,경기도 수원시 권선구 세권로 61,", 1층 일부 (세류동 473-5)",16576,031-222-3754,20250504
J10,경기도교육청,수원시,교습소,68985,고야미술,19890313,19890313,개원,19890313,99991231,36,9,예능(대),예능(중),미술초등A,미술,"미술초등A:90000, 미술중등A:150000, 미술초등B:110000, 미술중등B:200000, 미술유아:110000, 미술:0",Y,N,경기도 수원시 권선구 경수대로235번길 21,", 1층 일부 (세류동)",441880,031-234-9886,20250316
J10,경기도교육청,수원시,교습소,3000076104,고운선미술교습소,20251013,20251013,개원,        ,        ,0,7,예능(대),예능(중),유치부 1,미술,"유치부 1:76000, 유치부 2:152000, 유치부 3:101000, 유치부 4:203000, 유치부 5:254000, 초등부(저고)1:76000, 초등부(저고)2:152000, 초등부(저고)3:101000, 초등부(저고)4:203000, 초등부(저고)5:254000, 고학년부(중등,고등) 1:76000, 고학년부(중등,고등) 2:152000, 고학년부(중등,고등) 3:228000, 고학년부(중등,고등) 4:101000, 고학년부(중등,고등) 5:254000, 디지털 드로잉반 (초등, 고학년부) 1:152000, 디지털 드로잉반 (초등, 고학년부) 2:228000, 디지털 드로잉반 (초등, 고학년부) 3:101000, 디지털 드로잉반 (초등, 고학년부) 4:203000, 디지털 드로잉반 (초등, 고학년부) 5:304000",Y, ,경기도 수원시 장안구 하률로46번길 22,", 205호(천천동,삼호진덕아파트 상가동)",16324,,20251123
J10,경기도교육청,수원시,교습소,3000062726,고은아플레이팩토유초등전문창의수학교습소,20231123,20231123,개원,        ,        ,0,9,기타(대),기타(중),,기타(소),"창의수학A:110000, 창의수학B:80000, 창의수학C:60000",Y, ,경기도 수원시 영통구 효원로 363,", 207호(매탄동, 매탄위브하늘채 302 상가 A))",16543,,20260208
J10,경기도교육청,수원시,교습소,3000046661,곡선초점별에서온바둑교습소,20210331,20210331,개원,        ,99991231,35,7,기타(대),기타(중),,바둑, ,Y,N,경기도 수원시 권선구 덕영대로1217번길 24,", 203호 (권선동, 두산동아아파트)",16584,,20231018
J10,경기도교육청,수원시,교습소,3000038773,곡선해법영어교습소,20181129,20181129,개원,        ,99991231,42,7,입시.검정 및 보습,보통교과,초등영어입문,보습,"초등영어입문:170000, 초등영어:180000, 중등영어(중1):230000, 중등영어(중2):240000, 중등영어(중3):240000, 중등영어(중1):240000",Y,N,경기도 수원시 권선구 덕영대로1217번길 37,", 1층 일부 (권선동 1197-3)",16584,,20231018
J10,경기도교육청,수원시,교습소,3000069239,곡정스마트해법수학교습소,20240621,20240621,개원,        ,        ,0,0,입시.검정 및 보습,,,, ,Y, ,경기도 수원시 권선구 곡선로 10,"105호(권선동,수원아이파크시티5단지)",16666,,20240623
J10,경기도교육청,수원시,교습소,3000069274,공감수학교습소,20240626,20240626,개원,        ,        ,0,9,입시.검정 및 보습,보통교과,초등수학1,보습,"초등수학1:200000, 초등수학2:180000, 초등수학3:200000, 초등수학4:190000, 초등수학5:210000",Y, ,경기도 수원시 영통구 태장로82번길 32,"306호(망포동,동수원자이1차상가동)",16687,,20240630
J10,경기도교육청,수원시,교습소,3000047251,공감수학플러스수학교습소,20210611,20210611,개원,        ,99991231,90,6,입시.검정 및 보습,보통교과,초등단과(수학),보습,"초등단과(수학):180000, 초등단과(수학):220000, 중등단과(수학):220000, 중등단과(수학):240000, 중등단과(수학):270000, 중등단과(수학):250000, 고등단과(수학):270000, 고등단과(수학:300000, 고등단과(수학:290000, 고등단과(수학:360000, 초등수학:190000, 중등수학:240000, 중등수학:265000, 고등수학:320000, 고등수학:390000",Y,N,경기도 수원시 장안구 화산로125번길 9,", 405호 (천천동, 천천 푸르지오 근린생활시설-2)",16420,,20231018
J10,경기도교육청,수원시,교습소,3000077520,공방수학교습소,20260220,20260220,개원,        ,        ,0,9,입시.검정 및 보습,보통교과,초등수학1,보습,"초등수학1:176000, 초등수학2:234000, 초등수학3:230000, 중등수학:300000",Y, ,경기도 수원시 영통구 영통로154번길 60,", 3층 일부(304-2호, 망포동)",16691,,20260301
J10,경기도교육청,수원시,교습소,70417,곽옥기미술교습소,19991111,19991111,개원,19991111,99991231,72,0,예능(대),예능(중),,미술, ,Y,N,경기도 수원시 팔달구 권광로 243,", 203호 (인계동, 래미안 노블클래스)",16487,031-213-4076,20231018
J10,경기도교육청,수원시,교습소,3000073432,광교매쓰몽플러스창의수학교습소,20250217,20250217,개원,        ,        ,0,9,기타(대),,,, ,Y, ,경기도 수원시 영통구 광교중앙로 170,", A동 807호(하동, 광교 효성해링턴 타워)",16514,,20250302
J10,경기도교육청,수원시,교습소,3000048589,광교제이피아노스튜디오음악교습소,20211029,20211029,개원,        ,99991231,8,8,예능(대),예능(중),음악전공,음악,"음악전공:450000, 음악기초:190000",Y,N,경기도 수원시 영통구 에듀타운로 102,", B동 427호 (이의동, 광교중앙역 SK VIEW)",16509,,20260201
J10,경기도교육청,수원시,교습소,3000053675,광교탑수학교습소,20230103,20230103,개원,        ,99991231,117,6,입시.검정 및 보습,보통교과,,보습,"초등수학:300000, 초등수학A:320000, 중등수학:380000, 중등수학A:160000, 고등수학A:180000, 초등수학B:240000, 중등단과B:285000, 초등수학C:225000, 고등수학:450000, 초등수학A1:26700, 초등수학A2:53400, 초등수학A3:80000, 초등수학A4:106800, 초등수학A5:133500, 초등수학A6:160000, 초등수학A7:186900, 초등수학A8:213600, 초등수학B5:125000, 초등수학A10:267000, 초등수학A11:293700, 초등수학B1:25000, 초등수학B2:50000, 초등수학B3:75000, 초등수학B4:100000, 초등수학B6:150000, 초등수학B7:175000, 초등수학B8:200000, 초등수학B10:250000, 초등수학B11:275000, 중등수학C1:31700, 중등수학C2:63400, 중등수학C3:95000, 중등수학C4:126800, 중등수학C5:158500, 중등수학C6:190000, 중등수학C7:221900, 중등수학C8:253600, 중등수학C10:317000, 중등수학C11:348700",Y,N,경기도 수원시 영통구 광교호수공원로 277,", 1F-022호 (원천동, 광교중흥에스클래스 판매시설)",16517,,20241222
J10,경기도교육청,수원시,교습소,3000045977,광교폴라리스과학교습소,20210125,20210125,개원,        ,99991231,24,6,입시.검정 및 보습,보통교과,,보습, ,Y,N,경기도 수원시 영통구 법조로 25,", A동 1012 (하동, 광교 SK VIEW Lake)",16514,,20231018
J10,경기도교육청,수원시,교습소,21135,광교호수미술교습소,20060303,20060303,개원,        ,99991231,6,6,예능(대),예능(중),미술일반(초등),미술, ,Y,N,경기도 수원시 영통구 광교호수공원로 277,", 1F-061호 (원천동, 광교중흥에스클래스)",16517,031-297-5833,20231018
J10,경기도교육청,수원시,교습소,3000032869,광교힐스즈키음악교습소,20170501,20170501,개원,        ,99991231,0,6,예능(대),예능(중),초급(바이올린),음악,"초급(바이올린):150000, 중급(바이얼린):160000, 고급(바이얼린):180000",Y,N,경기도 수원시 영통구 도청로 65,", , 203호(자연앤 힐스테이트상가동) (이의동, 자연앤 힐스테이트)",16509,,20240929
J10,경기도교육청,수원시,교습소,3000046447,구와사분의삼수학교습소,20210316,20210316,개원,        ,99991231,36,6,입시.검정 및 보습,보통교과,,보습,"초등단과(수학)1:150000, 초등단과(수학):135000, 중등단과(수학)1:200000, 중등단과(수학):200000, 고등단과(수학)1:280000, 고등단과(수학):250000, 초등단과1:145000, 초등단과2:160000, 중등단과1:210000, 중등단과2:210000, 고등단과1:260000, 고등단과2:300000",Y,N,경기도 수원시 장안구 화산로 235,", 4층 일부 (율전동, 401호)",16360,,20251207
J10,경기도교육청,수원시,교습소,3000028591,국어의문국어논술교습소,20160404,20160404,개원,        ,99991231,2,7,입시.검정 및 보습,보통교과,초등 논술,입시·논술,"초등 논술:120000, 중등 국어와 논술:150000, 고등 국어와 논술:210000, 독서논술:66500",Y,N,경기도 수원시 권선구 금곡로73번길 71,", 215호 (금곡동, 금곡엘지아파트 주상가동)",16382,,20250406
J10,경기도교육청,수원시,교습소,3000054514,국어의봄국어교습소,20230308,20230308,개원,        ,99991231,0,5,입시.검정 및 보습,보통교과,초등 국어,보습,"초등 국어:150000, 중등 국어:190000, 고등 국어:300000",Y,N,경기도 수원시 권선구 동수원로177번길 40,", 226호(권선동,수원아이파크시티8단지)",16663,,20251123
J10,경기도교육청,수원시,교습소,3000038912,국어학당국어교습소,20181211,20181211,개원,        ,99991231,0,0,입시.검정 및 보습,보통교과,,보습, ,Y,N,경기도 수원시 영통구 태장로 81,", 410호 (망포동 382-3 외 1필지, 망포동 e-타운II)",16688,,20260201
J10,경기도교육청,수원시,교습소,38513,굿모닝해법영어교습소,20091111,20091111,개원,        ,99991231,129,5,입시.검정 및 보습,보통교과,초등단과(영어1~4),보습,"초등단과(영어1~4):153000, 초등단과(영어4~6):164000, 중등단과(영어):190000, 초등영어(1~2학년):150000, 초등영어(3~6학년):185000, 중등영어:200000, 중등영어:200000, 고등영어:250000, 고등영어:300000, 초등영어:190000, 중등영어:280000, 고등영어:390000, 초등영어(1~2학년):210000, 초등영어(3~6학년):210000, 초등영어(3~6학년):250000, 중등영어:290000, 고등영어:350000",Y,N,경기도 수원시 장안구 율전로101번길 39,", 101호 (율전동)",16361,031-296-0594,20231018
J10,경기도교육청,수원시,교습소,34214,권선이화무용아카데미교습소,20090312,20090312,개원,        ,99991231,9,9,예능(대),예능(중),무용(초등),무용, ,Y,N,경기도 수원시 권선구 동수원로242번길 22,", 6층 전체 (권선동, 센타프라자)",16553,031-225-0202,20231018
J10,경기도교육청,수원시,교습소,70562,권선이화피아노음악교습소,20010312,20010312,개원,20010312,99991231,25,9,예능(대),예능(중),음악일반(피아노초급),음악, ,Y,N,경기도 수원시 권선구 권중로 82,", 205호 (권선동, 신우아파트)",16556,031-212-6789,20231018
J10,경기도교육청,수원시,교습소,21791,권선칸타빌레음악교습소,20060407,20060407,개원,        ,99991231,35,8,예능(대),예능(중),피아노기초,음악,"피아노기초:150000, 체르니100:160000, 체르니30:170000, 체르니40:180000, 성인과정:150000",Y,N,경기도 수원시 권선구 덕영대로1217번길 31,", 1층 (권선동)",441831,031-233-1779,20260308
J10,경기도교육청,수원시,교습소,3000081770,권선푸르넷수학교습소,20260422,20260422,개원,        ,        ,0,7,입시.검정 및 보습,,,, ,Y, ,경기도 수원시 권선구 세지로140번길 29,", 1층일부(권선동)",16569,,20260426
J10,경기도교육청,수원시,교습소,3000051278,그라운드영어교습소,20220607,20220607,개원,        ,99991231,25,5,입시.검정 및 보습,보통교과,수학(초등a),보습,"수학(초등a):256000, 수학(초등b):285000, 수학(중등):358000, 수학(고등):404000, 수학(중등내특):225000, (초):320000, (중):380000",Y,N,경기도 수원시 영통구 에듀타운로 102,", B동 722호 (이의동, 광교중앙역 SK VIEW)",16509,,20240324
J10,경기도교육청,수원시,교습소,3000062626,그랑아랑아트광교에듀미술교습소,20231113,20231113,개원,        ,        ,0,6,예능(대),,,, ,Y, ,경기도 수원시 영통구 에듀타운로 24,", 101호(이의동, 그린프라자)",16509,,20231119
J10,경기도교육청,수원시,교습소,3000033691,그랑아랑아트미술교습소,20170719,20170719,개원,        ,99991231,4,4,예능(대),예능(중),,미술, ,Y,N,경기도 수원시 영통구 센트럴파크로 60,", 105호 (래미안광교 상가동) (이의동, 래미안 광교)",16504,,20231018
J10,경기도교육청,수원시,교습소,70521,그레이스미술교습소,20000920,20000920,개원,        ,99991231,63,7,예능(대),예능(중),미술일반(A),미술,"미술일반(A):70000, 미술일반(B):80000, 미술일반(C):100000, 미술일반(D):80000, 미술일반(E):90000, 미술일반(F):110000, 유치부초등(미술)1:110000, 유치부초등(미술)2:90000, 유치부초등(미술):60000, 중등미술1:120000, 중등미술2:140000, 중등미술3:100000, 초등미술1:130000, 초등미술2:100000, 초등미술3:70000",Y,N,경기도 수원시 장안구 하률로46번길 17,", 201호 일부(201-A호) (천천동, 현대아파트)",16323,031-271-3255,20240107
J10,경기도교육청,수원시,교습소,3000048347,그레이스음악교습소,20211007,20211007,개원,        ,99991231,5,5,예능(대),예능(중),음악초급 바이엘,음악,음악초급 바이엘:150000,Y,N,경기도 수원시 팔달구 화산로 57,", 204호 (화서동, 꽃뫼버들마을 진흥아파트 상가동)",16423,031-227-1822,20260426
J10,경기도교육청,수원시,교습소,3000076708,그로우뮤직음악교습소,20251208,20251208,개원,        ,        ,0,6,예능(대),,,, ,Y, ,경기도 수원시 팔달구 정조로 697,"506호(매교동, 마인프라자)",16467,,20251214
J10,경기도교육청,수원시,교습소,3000028010,그로우아트(GrowArt)생각이자라는미술교습소,20160222,20160222,개원,        ,99991231,18,9,예능(대),예능(중),미술,미술,"미술:120000, 미술(초중급):110000",Y,N,경기도 수원시 권선구 호매실로165번길 30,", 102호 (호매실동, 수원호매실휴먼시아16단지아파트 상가동)",16628,031-294-3022,20241201
J10,경기도교육청,수원시,교습소,28656,그리고미술교습소,20071108,20071108,개원,        ,99991231,360,9,예능(대),예능(중),,음악, ,Y,N,경기도 수원시 팔달구 권광로 363, 월드프라자 105호 (우만동),442816,031-212-8234,20250831
J10,경기도교육청,수원시,교습소,3000045555,그리고숲미술교습소,20201201,20201201,개원,        ,99991231,16,4,예능(대),예능(중),,미술,"유치:90000, 초등:90000, 중등:130000, 성인:150000, 성인:150000",Y,N,경기도 수원시 영통구 매탄로51번길 14-16,", 1층 일부 (매탄동)",16546,,20231018
J10,경기도교육청,수원시,교습소,3000076831,그리마광교레이크미술교습소,20251218,20251218,개원,        ,        ,0,0,예능(대),,,, ,Y, ,경기도 수원시 영통구 광교호수공원로 20,"근린생활시설1동 B2-11호(원천동,더샵 광교레이크시티)",16515,,20251221
J10,경기도교육청,수원시,교습소,3000022529,그리온미술교습소,20140814,20140814,개원,        ,99991231,13,5,예능(대),예능(중),,미술,"유치 초등 1:80000, 유치 초등 2:110000",Y,N,경기도 수원시 영통구 영통로200번길 189,", 104호 (영통동,영통3차 풍림아이원아파트)",443816,,20260405
J10,경기도교육청,수원시,교습소,3000053818,그린레이크영어교습소,20230113,20230113,개원,        ,99991231,63,9,입시.검정 및 보습,보통교과,중등영어,보습,"중등영어:210000, 초등영어:45000, 초등영어:157000, 초등영어:180000, 중등영어:210000, 초등영어:39000, 초등 영어1:180000, 초등 영어2:170000, 중등 영어:210000, 초등영어(특강):130000",Y,N,경기도 수원시 권선구 입북로77번길 62,", 202호 (입북동, 서수원 레이크 푸르지오 1단지 116동(상가동))",16365,null,20240303
J10,경기도교육청,수원시,교습소,3000077189,그린이미술교습소,20260119,20260119,개원,        ,        ,0,9,예능(대),예능(중),성인- 일반만들기반,미술,"성인- 일반만들기반:45000, 성인- 전문화 드로잉반:40000, 성인- 일반 드로잉반:30000, 퍼스트 미술(회):25000, 스탭 미술(회):27500, 퍼스트 미술 2(회):17500, 스탭 미술 2(회):18750, 퍼스트 미술(첫달):100000, 스탭 미술(첫달):110000, 퍼스트 미술 2(첫달):140000, 스탭 미술 2(첫달):150000, 퍼스트 미술(매달):100000, 스탭 미술(매달):110000, 퍼스트 미술 2(매달):140000, 스탭 미술 2(매달):150000, 체험 수업:25000",Y, ,경기도 수원시 권선구 덕영대로1190번길 100,", 104호, 105호(권선동,수원아이파크시티7단지 718동 상가)",16662,,20260201
J10,경기도교육청,수원시,교습소,3000029179,그림같은하루미술교습소,20160608,20160608,개원,        ,99991231,35,8,예능(대),예능(중),"유치, 초등",미술, ,Y,N,경기도 수원시 권선구 경수대로225번길 24-33,", 1층일부 (세류동)",16658,,20240929
J10,경기도교육청,수원시,교습소,3000027744,그림그리는날미술교습소,20160126,20160126,개원,        ,99991231,18,9,예능(대),예능(중),,미술, ,Y,N,경기도 수원시 권선구 수인로621번길 60,", 1층일부 (당수동)",16378,,20231018
J10,경기도교육청,수원시,교습소,3000049701,그림나무미술교습소,20220119,20220119,개원,        ,99991231,0,0,예능(대),예능(중),,미술, ,Y,N,경기도 수원시 장안구 수성로262번길 85,", 1층 일부 (영화동, 태정빌딩)",16274,,20250330
J10,경기도교육청,수원시,교습소,3000041855,그림대장미술교습소,20190923,20190923,개원,        ,99991231,8,4,예능(대),예능(중),,미술, ,Y,N,경기도 수원시 권선구 당진로14번길 57,", 209호 일부 (당수동, 삼정아파트)",16375,,20231018
J10,경기도교육청,수원시,교습소,3000020323,그림마을창의미술교습소,20131213,20131213,개원,        ,99991231,136,7,예능(대),예능(중),아동미술A,미술,"아동미술A:90000, 아동미술B:110000, 아동미술C:140000, 성인미술A:110000",Y,N,경기도 수원시 팔달구 권광로276번길 29,", 1층 (인계동)",442828,,20250420
J10,경기도교육청,수원시,교습소,34990,그림세상미술교습소,20090305,20090305,개원,        ,99991231,114,8,예능(대),예능(중),미술일반(A),미술,"미술일반(A):110000, 미술일반(B):120000, 미술일반(C):130000, 미술일반(D):90000, 미술일반(E):80000, 초급:140000, 중급1-1:150000, 중급1-2:160000, 초급:110000, 초급:130000, 초급:120000, 중급:120000, 중급:140000, 중급:130000",Y,N,경기도 수원시 권선구 세권로 124,", 5층일부 (세류동)",441878,031-892-9391,20231018
J10,경기도교육청,수원시,교습소,70647,그림아트스튜디오미술교습소,20020304,20020304,개원,        ,99991231,35,9,예능(대),예능(중),미술일반 기초반,미술,"미술일반 기초반:70000, 미술일반 초급반:80000, 미술일반 중급반:90000, 미술일반 고급반:100000",Y,N,경기도 수원시 영통구 매영로310번길 87,", 308호, 309호 일부 (영통동 968, 동보신명아파트상가동)",16699,031-202-8465,20231018
J10,경기도교육청,수원시,교습소,3000062515,그림아트스튜디오수원센트럴원미술교습소,20231103,20231103,개원,        ,        ,0,9,예능(대),,,, ,Y, ,경기도 수원시 팔달구 인계로 21,", 205호 일부(인계동, 수원센트럴아이파크자이 근린생활시설 제1상가)",16475,,20250330
J10,경기도교육청,수원시,교습소,3000025739,그림의집미술교습소,20150708,20150708,개원,        ,99991231,7,7,예능(대),예능(중),,미술, ,Y,N,경기도 수원시 팔달구 권광로 367,", 101호 (우만동, 월드캐슬)",442816,031-211-7792,20231018
J10,경기도교육청,수원시,교습소,3000053760,그림집미술교습소,20230109,20230109,개원,        ,99991231,25,5,예능(대),예능(중),,미술, ,Y,N,경기도 수원시 영통구 광교호수공원로 277,", 1F-019 (원천동, 광교중흥에스클래스)",16517,,20241215
J10,경기도교육청,수원시,교습소,20021,그림친구미술교습소,20051128,20051128,개원,        ,99991231,33,5,예능(대),예능(중),미술일반(주2회),미술,"미술일반(주2회):60000, 미술일반(주3회):80000, 미술일반(주5회):100000, 아동미술:90000, 아동미술:110000, 아동미술:140000, 아동미술(유아초등):69660, 아동미술(유아초등):139320",Y,N,경기도 수원시 영통구 영통로200번길 156,"가동 202호 (망포동, 방죽마을영통뜨란채아파트) ",443745,031-273-7979,20231018
J10,경기도교육청,수원시,교습소,3000068315,그릿뮤아트미술교습소,20240319,20240319,개원,        ,        ,0,6,예능(대),,,, ,Y, ,경기도 수원시 영통구 도청로 65,", 202호(이의동,자연앤 힐스테이트 상가2동)",16509,,20240324
J10,경기도교육청,수원시,교습소,3000052230,글빛아이독서논술교습소,20220829,20220829,개원,        ,99991231,56,7,입시.검정 및 보습,,독서논술 유치,,"독서논술 유치:100000, 독서논술 초등(1):120000, 독서논술 초등(2):130000, 독서논술 초등(3):140000, 독서논술 중등:160000",Y,N,경기도 수원시 권선구 매곡로 43,", 310동 201호 (금곡동, 호반베르디움 The Central)",16397,,20231018
J10,경기도교육청,수원시,교습소,3000053914,글빛피아노음악교습소,20230125,20230125,개원,        ,99991231,24,8,예능(대),예능(중),,음악,"초급:160000, 중급:170000, 고급:180000",Y,N,경기도 수원시 영통구 망포로84번길 10,", 201호 (망포동, 영통아이파크캐슬3단지)",16684,,20260405
J10,경기도교육청,수원시,교습소,3000033295,글샘논술교습소,20170615,20170615,개원,        ,99991231,25,6,입시.검정 및 보습,보통교과,초등논술E,보습,"초등논술E:250000, 초등논술F:280000, 중등논술A:220000, 중등논술B:240000, 고등논술:280000, 초등논술A:60000, 초등논술B:130000, 초등논술C:170000, 초등논술D:200000",Y,N,경기도 수원시 팔달구 수원천로210번길 19,", 702호 (인계동)",16470,,20250105
J10,경기도교육청,수원시,교습소,3000062702,글숲독서토론논술교습소,20231122,20231122,개원,        ,        ,0,9,입시.검정 및 보습,,,, ,Y, ,경기도 수원시 영통구 센트럴타운로 92,", 102호(이의동, 대림프라자)",16505,,20231203
J10,경기도교육청,수원시,교습소,3000044411,글을품은학당논술교습소,20200617,20200617,개원,        ,99991231,12,6,입시.검정 및 보습,보통교과,,보습·논술, ,Y,N,경기도 수원시 영통구 태장로82번길 32,", 2층 204호 전체 (망포동, 동수원자이1차 상가동)",16687,,20231018
J10,경기도교육청,수원시,교습소,3000043666,금재수학교습소,20200306,20200306,개원,        ,99991231,40,5,입시.검정 및 보습,보통교과,중등수학,보습,"중등수학:250000, 고등수학:360000, 초등단과:200000, 중등단과:290000, 고등단과:350000, 초등단과:250000, 중등단과:290000, 고등단과:370000",Y,N,경기도 수원시 장안구 정자천로173번길 17,", 6층 607호 (정자동, 투대일타운)",16334,,20231018
J10,경기도교육청,수원시,교습소,3000032999,기타스토리음악교습소,20170518,20170518,개원,        ,99991231,24,6,예능(대),예능(중),일반(기타),음악,"일반(기타):50000, 일반(드럼):50000, 입시(기타):80000, 입시(기타):120000, 고급(실용음악):60000, 고급(실용음악):70000, 고급(실용음악):80000, 고급(실용음악):100000, 고급(실용음악):120000",Y,N,경기도 수원시 장안구 덕영대로511번길 37-10,", 1층 일부 (천천동)",16325,,20231018
J10,경기도교육청,수원시,교습소,29369,길파서예교습소,20080102,20080102,개원,20220801,20220807,7,7,기타(대),기타(중),기타(서예),서예, ,Y,N,경기도 수원시 권선구 세권로 55,  1층일부부분 (세류동),441868,031-238-9399,20231018
J10,경기도교육청,수원시,교습소,3000043704,김경희영어교습소,20200310,20200310,개원,        ,99991231,30,6,입시.검정 및 보습,보통교과,,보습,"초등영어:154000, 중등영어:226000, 고등영어:302000, 특강(고등):37000, 특강(중등):34000, 초등1:134000, 초등2:201000, 초등3:268000, 초등4:167000, 초등5:251000, 중등1:237000",Y,N,경기도 수원시 장안구 화산로187번길 19,", 2층 204호 (천천동, 천천 삼성래미안)",16418,,20231018
J10,경기도교육청,수원시,교습소,15637,김순덕수학교습소,20180420,20050314,개원,        ,99991231,9,9,입시.검정 및 보습,보통교과,중등단과(수학),보습, ,Y,N,경기도 수원시 장안구 장안로 226,", 2층 11호(정자동, 동신아파트상가동)",16340,031-254-3954,20250323
J10,경기도교육청,수원시,교습소,34302,김은지피아노아트라움음악교습소,20090318,20090318,개원,        ,99991231,34,5,예능(대),예능(중),초급A,음악,"초급A:140000, 초급B:160000, 중급1A:150000, 중급2A:160000, 중급1B:170000, 중급2B:180000",Y,N,경기도 수원시 영통구 매영로 85,", 123호 (매탄동, 성일코아빌딩)",16527,031-212-0282,20231224
J10,경기도교육청,수원시,교습소,3000048821,김재형수학연구소수학교습소,20211119,20211119,개원,        ,99991231,12,6,입시.검정 및 보습,보통교과,초등수학,보습,"초등수학:220000, 중등수학:300000, 고등수학:360000, 중등수학(형제자매할인):280000, 고등수학(형제자매할인):340000",Y,N,경기도 수원시 장안구 정자천로173번길 17,", 608호 (정자동, 투대일타운)",16334,,20250914
J10,경기도교육청,수원시,교습소,3000074205,김지우피아노음악교습소,20250502,20250502,개원,        ,        ,0,9,예능(대),,,, ,Y, ,경기도 수원시 장안구 장안로29번길 17,", 2층 일부(영화동)",16274,,20250504
J10,경기도교육청,수원시,교습소,3000041666,김지은성악교습소,20190830,20190830,개원,        ,99991231,14,4,예능(대),예능(중),,음악, ,Y,N,경기도 수원시 권선구 동수원로177번길 90,", 132호 (권선동)",16663,,20231018
J10,경기도교육청,수원시,교습소,3000022218,김현주영어교습소,20140715,20140715,개원,        ,99991231,6,6,입시.검정 및 보습,보통교과,,보습, ,Y,N,경기도 수원시 권선구 권선로 908번길 51,", 106호 (신동, 래미안 영통마크윈 2단지 215동)",441862,,20231018
J10,경기도교육청,수원시,교습소,3000077135,깐띠아모성악아카데미음악교습소,20260114,20260114,개원,        ,        ,0,0,예능(대),예능(중),초등성악,음악,초등성악:160000,Y, ,경기도 수원시 영통구 센트럴파크로 100,"205호(이의동,광교오드카운티)",16504,,20260208
J10,경기도교육청,수원시,교습소,3000077307,꽃바람인지독서화서역점국어교습소,20260129,20260129,개원,        ,        ,0,2,입시.검정 및 보습,보통교과,꽃바람인지독서(초등),보습,"꽃바람인지독서(초등):200000, 꽃바람인지독서(중등):240000, 꽃바람인지독서(고등):280000, 고등내신국어&MIE:350000, 수능국어영역1:280000, 수능국어영역2:320000, 중등전공레슨:280000, 고등전공레슨:350000, 초등글쓰기교내대회:180000, 중등글쓰기교내대회:240000, 고등글쓰기교내대회:350000, 초등내신국어&MIE:180000, 중등내신국어&MIE:240000",Y, ,경기도 수원시 팔달구 덕영대로697번길 7,(화서동),16435,,20260405
J10,경기도교육청,수원시,교습소,3000069194,꽉과학교습소,20240617,20240617,개원,        ,        ,0,5,입시.검정 및 보습,,,, ,Y, ,경기도 수원시 영통구 덕영대로 1462-14,"101호 일부(망포동,힐스테이트 영통 604동)",16685,,20240623
J10,경기도교육청,수원시,교습소,3000038274,꿈꾸는미술공간미술교습소,20181012,20181012,개원,        ,99991231,80,8,예능(대),예능(중),미술-유초등부,미술, ,Y,N,경기도 수원시 영통구 인계로189번길 119-1,", 106호 (매탄동 176-3, 현대힐스테이트아파트 교회상가)",16532,,20231018
J10,경기도교육청,수원시,교습소,31211,꿈꾸는미술교습소,20080603,20080603,개원,        ,99991231,45,7,예능(대),예능(중),,미술,"미술일반 (기초):90000, 미술일반 초등:90000, 미술일반 중등:100000, 미술:100000, 미술:120000, 초급(미술):120000, 초급(미술):160000",Y,N,경기도 수원시 장안구 하률로12번길 86,  203호 (천천동),440330,031-251-5364,20251123
J10,경기도교육청,수원시,교습소,3000062158,꿈꾸는영어교습소,20230927,20230927,개원,        ,        ,0,6,입시.검정 및 보습,보통교과,영어(Phonics),보습,"영어(Phonics):180000, 정규A(초등):200000, 정규A(중등):210000, 정규B(초등):200000, 정규B(중등):210000, 정규C(초등):200000, 정규C(중등):210000, 정규C(고등):230000, 방학특강D:180000, 중등보강:100000, 고등보강:100000, 성인기초영어:150000",Y, ,경기도 수원시 장안구 화산로125번길 9,202호 일부(천천동),16420,010-6310-1642,20250615
J10,경기도교육청,수원시,교습소,17705,꿈날그리다미술교습소,20050701,20050701,개원,        ,99991231,21,3,예능(대),예능(중),,미술, ,Y,N,경기도 수원시 장안구 대평로51번길 22,", 2층 201호 전체 (정자동,꽃뫼노을마을 신안아파트)",440842,031-247-4090,20250420
J10,경기도교육청,수원시,교습소,3000012648,꿈에그린피아노음악교습소,20230627,20230627,개원,        ,        ,0,7,예능(대),,,, ,Y, ,경기도 수원시 권선구 서수원로 99,", 103호(오목천동, 수원권선 꿈에그린 아파트 310동 상가)",16640,,20231231
J10,경기도교육청,수원시,교습소,3000021202,꿈을모아미술교습소,20140320,20140320,개원,        ,99991231,18,0,예능(대),보통교과,,보습, ,N,N,경기도 수원시 영통구 매봉로 6-1,", 1층 일부(매탄동)",16527,,20250105
J10,경기도교육청,수원시,교습소,3000037125,꿈을쓰다국어교습소,20180611,20180611,개원,        ,99991231,10,6,입시.검정 및 보습,보통교과,,보습, ,Y,N,경기도 수원시 권선구 권중로 158,", 102호(권선동,벽산아파트상가411동)",16557,,20251207
J10,경기도교육청,수원시,교습소,3000031808,꿈이랑미술교습소,20170201,20170201,개원,        ,99991231,20,5,예능(대),예능(중),,미술, ,Y,N,경기도 수원시 장안구 율전로 89-8,", 101호 (율전동)",16361,,20231018
J10,경기도교육청,수원시,교습소,3000051959,나담연기교습소,20220801,20220801,개원,        ,99991231,63,7,기타(대),기타(중),,연극, ,Y,N,경기도 수원시 권선구 동수원로58번길 21,", 206호 (곡반정동, 한솔아파트)",16671,,20231018
J10,경기도교육청,수원시,교습소,3000076970,나래수학교습소,20251231,20251231,개원,        ,        ,0,0,입시.검정 및 보습,보통교과,초등A_월수금180,보습,"초등A_월수금180:150000, 초등B_화목180:150000, 초등C_화목240:200000, 초등D_월수금360:300000, 초등E_월수금270:225000, 초등F_화목360:300000, 초등G_월수금540:450000, 중등A_월수금360:325000, 중등B_화목360:325000, 중등C_월수금450:410000, 중등D_화목480:435000, 중등F_월수금540:490000, 고등A_월수금360:345000, 고등B_화목360:345000, 고등C_화목480:460000, 고등D_월수금540:520000, 특강_초등:100000, 특강_중등:130000, 특강_고등:150000, 클리닉:100000",Y, ,경기도 수원시 영통구 대학로 98,"8116동 201호(이의동,광교 호반베르디움 트라엘)",16224,,20260201
J10,경기도교육청,수원시,교습소,3000069419,나본미술교습소,20240706,20240706,개원,        ,        ,0,0,예능(대),예능(중),초등,미술,"초등:100000, 중등:100000, 고등:100000",Y, ,경기도 수원시 장안구 창룡대로 201-1,",3층 전체(연무동)",16219,,20240804
J10,경기도교육청,수원시,교습소,3000076216,나비독서맹모한자논술교습소,20251024,20251024,개원,        ,        ,0,8,입시.검정 및 보습,보통교과,초등 논술 기초,보습,"초등 논술 기초:65000, 초등 논술 심화1:125000, 초등 논술 심화2:140000, 중등 논술 기초:65000, 중등 논술 심화1:125000, 중등 논술 심화2:140000",Y, ,경기도 수원시 영통구 태장로 47,", 205호(망포동, 망포마을현대2차아이파크상가동)",16688,,20260201
J10,경기도교육청,수원시,교습소,3000076669,난다플레이팩토창의수학교습소,20251203,20251203,개원,        ,        ,0,0,기타(대),,,, ,Y, ,경기도 수원시 장안구 장안로 271,"207호(정자동, 북수원자이렉스비아 상가1동)",16336,,20260405
J10,경기도교육청,수원시,교습소,70491,난파피아노,20000605,20000605,개원,20000605,99991231,11,5,예능(대),예능(중),음악일반(피아노초급),음악,"음악일반(피아노초급):75000, 음악일반(피아노중급):80000",Y,N,경기도 수원시 장안구 송정로 45-1,", 1층 일부(좌측) (송죽동)",16306,031-293-5667,20231018
J10,경기도교육청,수원시,교습소,3000062490,남쌤창의수학교습소,20231102,20231102,개원,        ,        ,0,7,입시.검정 및 보습,보통교과,유아수학,보습,"유아수학:83850, 초등수학A:201240, 초등수학B:226395",Y, ,경기도 수원시 장안구 경수대로 1110-31,", 2층 일부(파장동)",16206,010-4048-5968,20250810
J10,경기도교육청,수원시,교습소,3000037717,내곁에그림한점미술교습소,20180124,20180124,개원,        ,99991231,24,4,예능(대),예능(중),미술A,미술,"미술A:120000, 미술B:140000, 미술C:170000, 초등1:130000, 초등2:70000, 미술일반1:150000, 미술일반2:130000, 미술일반3:110000, 미술일반4:60000",Y,N,경기도 수원시 권선구 매곡로 68,", 제상가동205호 (금곡동, 일신건영아파트)",16398,null,20240609
J10,경기도교육청,수원시,교습소,3000055067,내일을여는수학교습소,20230425,20230425,개원,        ,99991231,60,6,입시.검정 및 보습,보통교과,수학1,보습,"수학1:195000, 수학2:230000, 수학3:270000, 수학4:300000",Y,N,경기도 수원시 장안구 대평로51번길 56,", 206호 (정자동, 화서역파크뷰 상가동)",16319,null,20260308
J10,경기도교육청,수원시,교습소,3000019161,너를위한수학교습소,20130808,20130808,개원,        ,99991231,5,5,입시.검정 및 보습,보통교과,,보습, ,Y,N,경기도 수원시 권선구 금곡로73번길 71,", 213호(금곡동, 금곡엘지아파트 주상가동)",441704,031-254-6064,20250518
J10,경기도교육청,수원시,교습소,2231,네모미술교습소,20030322,20030322,개원,        ,99991231,18,9,예능(대),예능(중),미술일반(기초),미술, ,Y,N,경기도 수원시 장안구 경수대로976번길 16,", 207호(조원동, 수원한일타운주상가)",16294,031-247-7962,20250720
J10,경기도교육청,수원시,교습소,3000071707,넥스트젠영어교습소,20240823,20240823,개원,        ,        ,0,7,국제화,외국어,초등영어,실용외국어(유아/초·중·고),"초등영어:405000, 중등영어:360000, 유치부영어:180000",Y, ,경기도 수원시 영통구 센트럴타운로 107,", 1-030호(이의동,광교푸르지오 월드마크 204동)",16507,,20240929
J10,경기도교육청,수원시,교습소,3000026837,노블영어교습소,20151112,20151112,개원,        ,99991231,54,6,입시.검정 및 보습,보통교과,,보습, ,Y,N,경기도 수원시 장안구 수일로 227,", 2층 일부(203호) (조원동)",16293,,20231018
J10,경기도교육청,수원시,교습소,3000042826,누리봄음악교습소,20191220,20191220,개원,        ,99991231,49,7,예능(대),예능(중),피아노초급,음악,"피아노초급:140000, 피아노중급:150000, 피아노고급입시:160000, 피아노초급:120000, 피아노중급:130000, 피아노고급입시:140000, 플룻입시:90000",Y,N,경기도 수원시 권선구 동수원로145번길 24,", 1층 117호 (권선동, 수원아이파크시티2단지)",16663,,20231018
J10,경기도교육청,수원시,교습소,3000034315,뉴올리브미술교습소,20170927,20170927,개원,        ,99991231,10,6,예능(대),예능(중),,미술, ,Y,N,경기도 수원시 권선구 세류로 60,", 202호 (세류동, 엘에이치수원센트럴타운1단지)",16459,031-222-2996,20231018
J10,경기도교육청,수원시,교습소,3000072663,뉴채움수학교습소,20241206,20241206,개원,        ,        ,0,7,입시.검정 및 보습,,,, ,Y, ,경기도 수원시 장안구 경수대로976번길 16,", 205호(조원동, 수원한일타운주상가)",16294,,20250720
J10,경기도교육청,수원시,교습소,3000034295,늘푸른미술교습소,20170922,20170922,개원,        ,99991231,24,8,예능(대),예능(중),주1회,미술,"주1회:40000, 주2회:80000, 주3회:100000",Y,N,경기도 수원시 장안구 장안로 226,", 2층 18호(정자동, 동신아파트상가동)",16340,,20250323
J10,경기도교육청,수원시,교습소,3000062136,늘피아노음악교습소,20230925,20230925,개원,        ,        ,0,8,예능(대),예능(중),피아노입시 초급,음악,"피아노입시 초급:130000, 피아노입시 중급:140000, 피아노입시 고급:160000, 바이올린입시 초급:130000, 바이올린입시 중급:140000, 바이올린입시 고급:160000, 피아노입시:80000, 예술융합특강(입시):60000",Y, ,경기도 수원시 권선구 당수로130번길 13,", 201호(당수동, LH 수원당수1단지 근린생활시설동)",16373,,20231018
J10,경기도교육청,수원시,교습소,3000049678,능률주니어랩권선1영어교습소,20220117,20220117,개원,        ,99991231,28,8,입시.검정 및 보습,보통교과,초등 단과 영어,보습,"초등 단과 영어:230000, 중등 단과 영어:320000",Y,N,경기도 수원시 권선구 권선로694번길 25,", 205호 (권선동, 수원시청역 SK VIEW)",16567,,20240303
J10,경기도교육청,수원시,교습소,3000081689,니드아트미술교습소,20260413,20260413,개원,        ,        ,0,9,예능(대),예능(중),창의조형미술,미술,"창의조형미술:115000, 초등표현회화고급반 1:125000, 초등표현회화고급반 2:165000, 중등표현회화고급반:150000",Y, ,경기도 수원시 권선구 삼천병마로1598번길 32,",402호 (오목천동)",16635,,20260426
J10,경기도교육청,수원시,교습소,3000073716,니즈아트미술교습소,20250313,20250313,개원,        ,        ,0,0,예능(대),예능(중),미술,미술,미술:84710,Y, ,경기도 수원시 장안구 화산로 87,", 103호(천천동, 천천푸르지오근린생활시설)",16420,,20250518
J10,경기도교육청,수원시,교습소,3000015688,니코니코일본어교습소,20120703,20120703,개원,        ,99991231,18,7,입시.검정 및 보습,보통교과,일본어(일본어기초회화),보습,"일본어(일본어기초회화):80000, 일본어(일본어회화,문법):100000, 일본어(일본어회화,문법,독해):150000",Y,N,경기도 수원시 팔달구 일월로18번길 4-26,", 106호 (화서동,꽃뫼버들마을 코오롱아파트)",442873,null,20250518
J10,경기도교육청,수원시,교습소,3000069697,다독쓰담논술교습소,20240806,20240806,개원,        ,        ,0,8,입시.검정 및 보습,,,, ,Y, ,경기도 수원시 권선구 서수원로577번길 305,", 101호(금곡동, 수원모아미래도센트럴타운2단지 상가동)",16380,,20240818
J10,경기도교육청,수원시,교습소,3000025266,다름다움미술교습소,20150513,20150513,개원,        ,99991231,11,8,예능(대),예능(중),초급C,미술,"초급C:139000, 초급D:169000, 중급:101000, 초급A:67000, 초급B:101000",Y,N,경기도 수원시 권선구 호매실로218번길 132,", 301호 (호매실동)",441450,031-291-7379,20240929
J10,경기도교육청,수원시,교습소,3000044313,다무아트미술교습소,20200602,20200602,개원,        ,99991231,4,7,예능(대),예능(중),,미술, ,Y,N,경기도 수원시 팔달구 세류로 65,", 1층 전체(매산로3가)",16461,,20240505
J10,경기도교육청,수원시,교습소,3000077843,다빈치코딩교습소,20260319,20260319,개원,        ,        ,0,8,정보,,,, ,Y, ,경기도 수원시 영통구 효원로 363,", 206호(매탄동,매탄위브하늘채303상가B)",16543,,20260405
J10,경기도교육청,수원시,교습소,3000048997,다시봄수학교습소,20211202,20211202,개원,        ,99991231,0,0,입시.검정 및 보습,보통교과,,보습, ,Y,N,경기도 수원시 영통구 영통로 519,", 2층 일부 (영통동)",16706,,20250601
J10,경기도교육청,수원시,교습소,3000027940,다온수학교습소,20160218,20160218,개원,        ,99991231,14,7,입시.검정 및 보습,보통교과,,보습, ,Y,N,경기도 수원시 팔달구 세지로306번길 1-4,", 1층 일부 (지동)",16247,031-891-6488,20250330
J10,경기도교육청,수원시,교습소,3000033581,다올림정해영과학교습소,20170710,20170710,개원,        ,99991231,35,8,입시.검정 및 보습,보통교과,초등단과(수학),보습,"초등단과(수학):180000, 중등단과(수학):290000, 고등단과(수학):400000, 중등단과(과학):130000, 고등단과(과학):150000, 고등단과(과학):200000, 중등단과(과학):180000",Y,N,경기도 수원시 장안구 정자천로173번길 17,", 투데일타운빌딩 6층 604호 (정자동)",16334,,20231018
J10,경기도교육청,수원시,교습소,3000017673,다울피아노음악교습소,20130222,20130222,개원,        ,99991231,108,5,예능(대),예능(중),바이엘 기초(초급),음악,"바이엘 기초(초급):150000, 체르니 100(중급):160000, 체르니30(중급심화):170000, 체르니40(고급입시):180000, 체르니50(고급심화입시):190000, 바이엘 기초(초급):140000, 체르니100(중급):150000, 체르니30(고급입시):160000, 체르니40(고급입시):170000, 체르니50(고급심화입시):180000, 기타(입시):120000, 우쿨렐레(입시):120000",Y,N,경기도 수원시 권선구 고색로 8,", 2층 우림필유아파트상가동 203호 전체 (고색동,우림필유)",441764,031-298-6002,20231018
J10,경기도교육청,수원시,교습소,3000049567,다움수학교습소,20220110,20220110,개원,        ,99991231,0,0,입시.검정 및 보습,보통교과,,보습, ,Y,N,경기도 수원시 영통구 에듀타운로 102,", 712호 (이의동, 광교중앙역 SK VIEW B동)",16509,,20260201
J10,경기도교육청,수원시,교습소,3000048191,다원주산교습소,20210916,20210916,개원,        ,99991231,0,0,기타(대),기타(중),,주산, ,Y,N,경기도 수원시 영통구 태장로82번길 32,", 213호 (망포동, 동수원자이1차)",16687,,20250810
J10,경기도교육청,수원시,교습소,3000072221,다이애나영어교습소,20241024,20241024,개원,        ,        ,0,9,입시.검정 및 보습,,,, ,Y, ,경기도 수원시 영통구 광교호수공원로 20,", 126호(원천동,더샵 광교레이크시티 근린생활시설동-1동)",16515,,20241103
J10,경기도교육청,수원시,교습소,3000038294,다인수학교습소,20181015,20181015,개원,        ,99991231,165,5,입시.검정 및 보습,보통교과,,보습,"초등A:150000, 초등B:170000, 중등A:270000, 중등B:220000, 고등A:320000, 고등B:360000, 초등A:150000, 초등B:190000, 초등C:120000, 중등A:220000, 중등B:270000, 고등A:320000, 고등B:360000, 초등A:130000, 초등B:160000, 초등C:200000, 중등A:230000, 중등B:280000, 고등A:330000, 초등A:160000, 초등B:190000, 초등C:230000, 중등A:260000, 중등B:300000, 고등A:350000, 고등B:400000, 초등A:170000, 초등B:200000, 초등C:240000, 중등1:280000, 중등 2,3:320000, 고등1:370000, 고등 2,3:420000",Y,N,경기도 수원시 장안구 화산로 87,", 2층 219호 (천천동, 천천 푸르지오)",16420,031-298-1278,20241215
J10,경기도교육청,수원시,교습소,3000042142,닥터파파잉글리쉬영어교습소,20191025,20191025,개원,        ,99991231,40,8,입시.검정 및 보습,보통교과,초급반(초등),보습,"초급반(초등):321300, 초급반(중등):353430, 초급반(고등):417690, 유치부영어A:190000, 유치부영어B:190000",Y,N,경기도 수원시 영통구 광교호수공원로 277,", 1층 1F-039호 전체 (원천동, 중흥 S-클래스 판매시설)",16517,null,20251012
J10,경기도교육청,수원시,교습소,3000047546,단수학교습소,20210713,20210713,개원,        ,99991231,15,5,입시.검정 및 보습,보통교과,수학 중등과정,보습,"수학 중등과정:400000, 수학 고등과정 A:430000, 수학 고등과정 B:460000, 수학 고등과정 C(특강):230000",Y,N,경기도 수원시 영통구 에듀타운로 102,", 710호 (이의동, 광교중앙역 SK VIEW)",16509,,20250720
J10,경기도교육청,수원시,교습소,26503,달리아트스튜디오미술교습소,20070413,20070413,개원,        ,99991231,20,4,예능(대),예능(중),미술일반(A반),미술, ,Y,N,경기도 수원시 영통구 봉영로1517번길 73,", 205호 (영통동, 삼성아파트)",443811,031-203-9963,20231018
J10,경기도교육청,수원시,교습소,3000062159,달미술교습소,20230927,20230927,개원,20240221,20240801,0,9,예능(대),,,, ,Y, ,경기도 수원시 장안구 장안로359번길 20,"110호(이목동,수원장안힐스테이트)",16343,010-3276-3318,20240929
J10,경기도교육청,수원시,교습소,3000054101,달자수학교습소,20230207,20230207,개원,        ,99991231,108,9,입시.검정 및 보습,보통교과,초등10회,보습,"초등10회:170000, 중등120:360000, 중등(D):300000, 초등(D):270000, 중등(A):270000, 중등(B):330000, 중등(C):390000, 고등(A):360000, 고등(B):420000, L2:170000, 초등(A):180000, 초등(B):210000, 초등(C):240000",Y,N,경기도 수원시 권선구 곡반정로 160,", 422호 (곡반정동, 라퍼스트)",16668,,20260405
J10,경기도교육청,수원시,교습소,70197,담산서예,19971111,19971111,개원,19971111,99991231,54,9,기타(대),기타(중),기타(서예초급A),서예, ,Y,N,경기도 수원시 권선구 세권로 213,", 남정빌딩 301호 (권선동,보창빌딩)",441824,031-237-3771,20231018
J10,경기도교육청,수원시,교습소,3000073261,담스기타음악교습소,20250131,20250131,개원,        ,        ,0,5,예능(대),,,, ,Y, ,경기도 수원시 장안구 덕영대로407번길 83,"1층 11호(율전동,서희스타힐스3단지 상가동)",16356,,20250202
J10,경기도교육청,수원시,교습소,36056,당찬해법수학교습소,20090623,20090623,개원,        ,99991231,247,4,입시.검정 및 보습,보통교과,초등단과(수학),보습,"초등단과(수학):160000, 중등단과(수학a):200000, 중등단과(수학b):220000, 중등단과(수학)1:270000, 중등단과(수학)2:290000, 초등단과1:160000, 초등단과2:180000, 초등단과3:110000, 중등단과1:220000, 중등단과2:250000, 중등단과3:230000, 고등단과1:300000, 고등단과2:280000, 초등단과4:160000, 초등단과5:180000, 초등단과6:110000, 중등단과4:220000, 중등단과5:250000, 중등단과6:230000, 고등단과3:300000, 고등단과4:280000, 초등1-2 1:160000, 초등3-6 1:180000, 초등1-2 2:110000, 초등3-6 2:140000, 중등1:270000, 중등2:240000, 중등:220000, 고등:300000, 초등단과7:210000, 초등단과8:180000, 초등단과9:170000, 초등단과10:210000, 중등단과7:240000, 중등단과8:240000, 고등단과5:300000, 고등단과(수1, 수2):320000, 고등단과6:350000, 초등수학A:150000, 초등수학B:170000, 초등수학C:200000, 초등수학D:250000, 중등수학A:270000, 중등수학B:300000, 중등수학C:320000, 고등수학A:150000, 고등수학B:330000, 고등수학C:430000, 고등수학D:380000, 초등수학E:190000, 중등수학D:260000",Y,N,경기도 수원시 장안구 정자로41번길 12,", 202호 (천천동, 비단마을 신명아파트)",16323,null,20250202
J10,경기도교육청,수원시,교습소,3000048038,대니쌤영어교습소,20210901,20210901,개원,        ,99991231,25,5,입시.검정 및 보습,보통교과,,보습, ,Y,N,경기도 수원시 장안구 이목로 24,", 204호 일부(좌측) (정자동, 수원 SK SKY VIEW 상가 601동)",16336,,20231018
J10,경기도교육청,수원시,교습소,68550,대명주산,19861002,19861002,개원,20220801,20220807,6,6,기타(대),기타(중),기타(주산),주산, ,Y,N,경기도 수원시 권선구 세권로 81-12,(세류동),441870,031-236-1949,20231018
J10,경기도교육청,수원시,교습소,27662,대선피아노교습소,20070726,20070726,개원,        ,99991231,133,5,예능(대),예능(중),음악초급 바이엘1,음악,"음악초급 바이엘1:140000, 음악초급 바이엘2:150000, 음악초급 바이엘3:160000, 음악중급 체르니100 1:150000, 음악중급 체르니100 2:160000, 음악중급 체르니100 3:170000, 음악중급 체르니30 1:160000, 음악중급 체르니30 2:170000, 음악중급 체르니30 3:180000, 음악고급 체르니40 1:170000, 음악고급 체르니40 2:180000, 음악고급 체르니40 3:190000",Y,N,경기도 수원시 영통구 영통로154번길 116,", 102호, 103호 (망포동 509-2, 영통 마젤란21아파트상가동)",16692,031-204-3078,20260405
J10,경기도교육청,수원시,교습소,3000037632,대선하연과학교습소,20180801,20180801,개원,        ,99991231,20,5,입시.검정 및 보습,보통교과,,보습,"초등단과(과학):46000, 초등단과(과학):49500, 초등단과(과학):57000, 중등단과(과학):120000",Y,N,경기도 수원시 영통구 영통로154번길 60,", 3층 일부(304-1호, 망포동)",16691,,20250601
J10,경기도교육청,수원시,교습소,3000027818,대치동영어남수원교습소,20160202,20160202,개원,        ,99991231,35,5,입시.검정 및 보습,보통교과,,보습, ,Y,N,경기도 수원시 권선구 경수대로235번길 31,", 1층일부 (세류동)",16658,031-2210-234,20231018
J10,경기도교육청,수원시,교습소,3000057656,대치웁쌤영어교습소,20230707,20230707,개원,        ,        ,0,6,입시.검정 및 보습,,영어(중등),,"영어(중등):300000, 영어(고등):350000",Y, ,경기도 수원시 영통구 봉영로 1612,", 422호(영통동, 보보스프라자)",16704,,20251214
J10,경기도교육청,수원시,교습소,3000022998,대학가는길영어교습소,20141014,20141014,개원,        ,99991231,28,4,입시.검정 및 보습,보통교과,,보습, ,Y,N,경기도 수원시 권선구 금곡로73번길 71,", 205호 (금곡동, 금곡엘지아파트 주상가동)",441704,,20231018
J10,경기도교육청,수원시,교습소,3000032238,더그림아트미술교습소,20170303,20170303,개원,        ,99991231,12,9,예능(대),예능(중),미술일반(유아초등반),미술, ,Y,N,경기도 수원시 장안구 덕영대로511번길 41,", 1층 일부(101호) (천천동)",16325,,20231018
J10,경기도교육청,수원시,교습소,3000046681,더바이올린스튜디오음악교습소,20210413,20210413,개원,        ,99991231,0,0,예능(대),예능(중),,음악, ,Y,N,경기도 수원시 영통구 광교중앙로 232,", 506호 (하동, 드림타워4)",16512,,20250727
J10,경기도교육청,수원시,교습소,3000027435,더봄독서논술교습소,20151229,20151229,개원,        ,99991231,18,9,입시.검정 및 보습,보통교과,,보습, ,Y,N,경기도 수원시 장안구 상률로12번길 70,", 1층 101호전체 (율전동)",16356,,20231018
J10,경기도교육청,수원시,교습소,3000028845,더샵스마트해법수학교습소,20160510,20160511,개원,        ,99991231,54,9,입시.검정 및 보습,보통교과,,보습,"초등단과(수학):150000, 중등단과(수학):200000, 초등수학:170000, 초등수학:170000, 초등수학:170000, 중등수학:230000",Y,N,경기도 수원시 장안구 송정로168번길 20,", 101호 (조원동, 유림센스빌)",16288,,20241103
J10,경기도교육청,수원시,교습소,3000062408,더샵피아노교습소,20231025,20231025,개원,        ,        ,0,5,예능(대),,,, ,Y, ,경기도 수원시 장안구 송정로 190,"지2층 6호(조원동,더샵광교산퍼스트파크근린생활시설2동)",16287,010-4448-7365,20231030
J10,경기도교육청,수원시,교습소,3000042066,더수학교습소,20191016,20191016,개원,        ,99991231,5,5,입시.검정 및 보습,보통교과,,보습, ,Y,N,경기도 수원시 권선구 서수원로577번길 305,", 102호 (금곡동)",16380,,20231018
J10,경기도교육청,수원시,교습소,3000062606,더쎈수학교습소,20231110,20231110,개원,        ,        ,0,9,입시.검정 및 보습,보통교과,초등수학A,보습,"초등수학A:200000, 초등수학B:150000, 초등수학C:170000, 초등수학D:90000, 초등특강A:40000, 중등수학A:320000, 중등수학B:250000, 중등수학C:50000, 중등수학D:150000, 초등특강B:10000",Y, ,경기도 수원시 권선구 세류로90번길 34,206호(세류동),16459,,20250518
J10,경기도교육청,수원시,교습소,3000041085,더오름수학교습소,20190703,20190703,개원,        ,99991231,24,6,입시.검정 및 보습,,,,"초등수학1:190000, 초등수학2:220000, 중등수학:280000, 고등수학:350000, 수학1(초):100000, 수학2(초):150000, 수학3(초):200000, 수학4(초):300000, 수학1(중):215000, 수학2(중):270000, 수학3(중):325000, 수학4(중):410000, 수학1(고):435000, 수학2(고):520000",Y,N,경기도 수원시 영통구 웰빙타운로 70,", 1층 106호 전체 (이의동, 광교 호반베르디움 근린생활시설동)",16222,,20250518
J10,경기도교육청,수원시,교습소,3000045192,더중앙음악교습소,20140319,20170831,개원,        ,99991231,36,9,예능(대),예능(중),피아노5,음악,"피아노5:200000, 피아노6:180000, 피아노7:120000, 콩쿨반:50000, 추가레슨1회:10000, 피아노1:150000, 피아노2:160000, 피아노3:140000, 피아노4:100000",Y,N,경기도 수원시 권선구 정조로526번길 18,", 1층일부 (세류동)",16588,,20260412
J10,경기도교육청,수원시,교습소,3000035108,더지음피아노교습소,20171209,20171209,개원,        ,99991231,206,4,예능(대),예능(중),피아노 중급,음악,"피아노 중급:170000, 피아노 고급:190000, 피아노 전공반:410000, 피아노 작품반:200000, 피아노 성인중급:120000, 피아노 성인고급:170000, 체르니 100:150000, 체르니 30:170000, 체르니 40:190000, 작품반:200000, 전공반:320000, 입시반:420000, 성인기초:120000, 성인 중고급:170000, 전공입시체르니100:150000, 전공입시체르니30:160000, 전공입시체르니40:170000, 전공입시작품반:190000, 전공입시기본:400000, 전공입시심화:500000, 전공입시성인:150000, 전공입시체르니100*30:160000, 전공입시체르니40:170000, 전공입시작품반:190000, 전공입시기본:400000, 전공입시심화:500000, 전공입시성인:150000, 전공입시체르니100*30:160000, 전공입시체르니40:170000, 전공입시작품반:190000, 전공입시기본:400000, 전공입시심화:500000, 전공입시성인:150000, 바이엘/체르니100:160000, 체르니30:170000, 체르니40:180000, 작품반:190000, 작품반:400000, 입시반:500000, 성인반:150000, 바이엘/체르니100:160000, 체르니30:170000, 체르니40:180000, 작품반:200000, 전공반:400000, 입시반:500000, 성인반:150000, 입식(초급):150000, 입식(중급):160000, 입식(고급):170000, 입식(영재.작품반):200000, 입식(입문):400000, 입식(기본):600000, 입식(콩쿨):250000, 입문:150000, 초급:160000, 고급:180000, 작품입문:200000, 작품기본:250000, 초등 입시:600000, 중등 입시:700000, 고등 입시:",Y,N,경기도 수원시 장안구 덕영대로511번길 41,", 1층 일부(102호) (천천동, 수원산돌교회)",16325,,20231018
J10,경기도교육청,수원시,교습소,3000062356,더채움수학교습소,20231020,20231020,개원,        ,        ,0,9,입시.검정 및 보습,,,, ,Y, ,경기도 수원시 영통구 웰빙타운로 70,", 102호(이의동,광교 호반베르디움시설동)",16222,,20250629
J10,경기도교육청,수원시,교습소,3000052541,더최강수학교습소,20220929,20220929,개원,        ,99991231,0,0,입시.검정 및 보습,보통교과,,보습, ,Y,N,경기도 수원시 장안구 수성로245번길 21,", 207호 (정자동, 화서역 우방 센트럴파크)",16317,,20250413
J10,경기도교육청,수원시,교습소,3000037123,더탑클래스수학교습소,20180611,20180611,개원,        ,99991231,21,7,입시.검정 및 보습,보통교과,,보습, ,Y,N,경기도 수원시 권선구 덕영대로1190번길 100,", 단지내 상가 202호 (권선동, 수원아이파크시티7단지)",16662,,20250112
J10,경기도교육청,수원시,교습소,3000014561,더헨델음악교습소,20120308,20120308,개원,20150501,20150507,132,8,예능(대),예능(중),,음악,"음악일반(피아노초급):110000, 음악(어드벤쳐):120000, 음악(체100):130000, 음악(체30):140000, 음악(체40):150000, 어드벤쳐(피아노):130000, 체르니100(피아노):140000, 체르니30(피아노):150000, 체르니40(피아노):160000, 어드벤쳐(피아노):140000, 체르니100(피아노):150000, 체르니30(피아노):160000, 체르니40(피아노):170000, 어드벤쳐:160000, 체100:170000, 체30:180000, 체40:190000",Y,N,경기도 수원시 영통구 센트럴파크로 100,",  오드카운티단지내상가 206호 (이의동)",443270,031-212-5944,20251221
J10,경기도교육청,수원시,교습소,3000028511,더혜윰피아노교습소,20160325,20160325,개원,        ,99991231,25,5,예능(대),예능(중),바이엘 피아노1,음악,"바이엘 피아노1:130000, 체르니100 피아노1:140000, 체르니30 피아노1:150000, 체르니40 피아노1:160000, 바이엘:120000, 체르니100:130000, 체르니30:140000, 체르니40:180000",Y,N,경기도 수원시 장안구 경수대로976번길 16,", 306호(조원동, 수원한일타운주상가)",16294,,20250810
J10,경기도교육청,수원시,교습소,3000076830,데이지영어광교영어교습소,20251218,20251218,개원,        ,        ,0,0,국제화,,,, ,Y, ,경기도 수원시 영통구 법조로 25,"A동 1615호(하동, SK VIEW Lake A)",16514,,20251221
J10,경기도교육청,수원시,교습소,3000030510,데이지영어매탄영어교습소,20161021,20161021,개원,        ,99991231,35,5,입시.검정 및 보습,보통교과,초급파닉스1,보습,"초급파닉스1:170000, 초급파닉스2:230000, 중급파닉스1:190000, 중금파닉스2:250000, 원서초중급1:140000, 원서초중급2:210000, 원서초중급3:270000, 원서중고급1:150000, 원서중고급2:220000, 원서중고급3:290000, 예비중등:260000, 중등반:270000, 초중특강:190000, 초등특강2:260000, 초등특강3:350000",Y,N,경기도 수원시 영통구 매탄로140번길 54-18,", 1층 일부 (매탄동)",16544,,20250525
J10,경기도교육청,수원시,교습소,3000068809,데일리미술교습소,20240507,20240507,개원,        ,        ,0,7,예능(대),,,, ,Y, ,경기도 수원시 장안구 장안로 271,"207호(정자동, 북수원자이렉스비아 상가3동)",16336,,20240512
J10,경기도교육청,수원시,교습소,3000045188,도담국어교습소,20201008,20201008,개원,        ,99991231,66,8,입시.검정 및 보습,보통교과,중등단과,보습,"중등단과:160000, 고등단과:170000, 중등부 국어:160000, 고등부 국어:170000, 중등부 국어 심화:320000, 고등부 국어 심화:340000, 중등단과(국어):180000, 고등단과(국어):200000, 고등단과(국어심화):400000",Y,N,경기도 수원시 장안구 만석로 29,", 2층 201호 (천천동, 비단마을현대성우.우방아파트)",16329,null,20241215
J10,경기도교육청,수원시,교습소,3000072438,도도한자교습소,20241115,20241115,개원,        ,        ,0,4,입시.검정 및 보습,,,, ,Y, ,경기도 수원시 영통구 광교호수공원로 277,", 2F-39호(원천동,광교중흥에스클래스 판매시설)",16517,,20241117
J10,경기도교육청,수원시,교습소,3000027184,독서심리지도열림금곡교습소,20151208,20151208,개원,        ,99991231,0,0,입시.검정 및 보습,보통교과,,보습, ,Y,N,경기도 수원시 권선구 금곡로102번길 15,", 519호 (금곡동,비즈웍스)",16388,,20251012
J10,경기도교육청,수원시,교습소,3000050268,독서테라피리드인독서논술교습소,20220303,20220303,개원,        ,99991231,63,9,입시.검정 및 보습,보통교과,,보습, ,Y,N,경기도 수원시 권선구 덕영대로1190번길 100,", 101호 (권선동, 수원아이파크시티7단지)",16662,,20231018
J10,경기도교육청,수원시,교습소,3000044227,독일음악교습소,20200520,20200520,개원,        ,99991231,40,5,예능(대),예능(중),바이엘 A,음악,"바이엘 A:140000, 바이엘 B:150000, 체르니 100 A:150000, 체르니 100 B:160000, 체르니 30:160000, 체르니 40:170000, 성인 코드 반주법:200000, 특강 악기 A:50000, 특강 악기 B:80000, 입시:400000, 레파토리 A:140000, 레파토리 B:150000",Y,N,경기도 수원시 영통구 대학로 98,", 2층 206호 전체 (이의동, 광교 호반베르디움 트라엘 8116동)",16224,null,20251221
J10,경기도교육청,수원시,교습소,68804,동부미술,19871230,19871230,개원,20220801,20220807,6,6,예능(대),예능(중),미술일반,미술, ,Y,N,경기도 수원시 영통구 신원로 226,(매탄동),16676,031-232-7559,20231018
J10,경기도교육청,수원시,교습소,26076,동시대미술교습소,20070315,20070315,개원,        ,99991231,6,6,예능(대),예능(중),미술일반(초),미술,"미술일반(초):76000, 미술일반(중등):78000, 미술일반(고등):98000, 미술일반(입시):217000",Y,N,경기도 수원시 장안구 연무로32번길 2,", 2층 전체  (연무동,)",440811,031-246-6078,20231018
J10,경기도교육청,수원시,교습소,3000075767,동신해법중국어교습소,20250827,20250827,개원,        ,        ,0,5,국제화,,,, ,Y, ,경기도 수원시 장안구 장안로 226,", 2층 20호(정자동)",16340,,20250831
J10,경기도교육청,수원시,교습소,3000044803,동쌤수학교습소,20200814,20200814,개원,        ,99991231,72,9,입시.검정 및 보습,보통교과,중등(일반),보습,"중등(일반):220000, 중등(심화):250000, 고등(일반):290000, 초등단과수학:170000, 중등단과수학:180000, 중등단과수학:250000, 고등단과수학:290000, 고등단과수학:400000",Y,N,경기도 수원시 장안구 금당로39번길 34,", 2층 206호 (조원동, 주공뉴타운)",16281,,20231018
J10,경기도교육청,수원시,교습소,3000038570,동아바이올린교습소,20181107,20181107,개원,        ,99991231,15,5,예능(대),예능(중),바이올린,음악,"바이올린:160000, 음악일반:160000, 음악입시:200000",Y,N,경기도 수원시 권선구 세권로304번길 62,", 212호 (권선동 1296-7, 베스토아)",16553,031-236-4985,20231018
J10,경기도교육청,수원시,교습소,70639,두두미술교습소,20020206,20020206,개원,20020206,99991231,96,9,예능(대),예능(중),"미술일반 유,초등1~2(주5회)",미술,"미술일반 유,초등1~2(주5회):90000, 미술일반 유,초등1~2(주3회):70000, 미술일반 초등3~6(주5회):100000, 미술일반 초등3~6(주5회):80000, 미술일반 중등부:100000, 미술일반 성인취미:100000, 미술3:64000, 미술2:85000, 미술1:105000, 미술1:115000, 미술1:125000, 미술2:85000, 미술2:115000, 미술일반:150000",Y,N,경기도 수원시 장안구 서부로 2095-1,"3층 (율전동, 삼성아파트상가) ",440705,031-292-2777,20231018
J10,경기도교육청,수원시,교습소,3000055344,두잇드로잉미술교습소,20230523,20230523,개원,        ,99991231,32,9,예능(대),예능(중),초급미술1,미술,"초급미술1:40000, 초급미술2:90000, 초급미술3:150000, 입시미술:130000, 미술고급입시1:230000, 미술고급입시2:260000, 미술초급초등1:30000, 미술초급초등2:10000",Y,N,경기도 수원시 영통구 반달로7번길 40,", 503호 (영통동, 평익칼라스위트)",16704,null,20240324
J10,경기도교육청,수원시,교습소,70268,듀엣음악교습소,19980709,19980709,개원,        ,99991231,5,5,예능(대),예능(중),일반음악 피아노,음악, ,Y,N,경기도 수원시 영통구 영통로 232,  두산A상가 201 (영통동),443470,031-204-0630,20231018
J10,경기도교육청,수원시,교습소,3000074100,드럼고고음악교습소,20250423,20250423,개원,        ,        ,0,6,예능(대),예능(중),취미음악1,음악,"취미음악1:160000, 취미음악2:320000, 입시음악1:240000, 입시음악2:400000",Y, ,경기도 수원시 팔달구 덕영대로735번길 18,",상가동 204호(화서동,한진현대아파트 상가동)",16437,,20250427
J10,경기도교육청,수원시,교습소,3000034523,드럼테라스음악교습소,20171020,20171020,개원,        ,99991231,20,4,예능(대),예능(중),드럼취미반(일반),음악,"드럼취미반(일반):150000, 드럼취미반(일반)-2회반:150000, 드럼취미반(초등):130000, 드럼취미반(초등)1:130000, 드럼입시반:300000, 드럼취미(일반)주1회반:170000, 드럼취미(일반)주2회반:170000, 드럼취미(초등)주1회반:150000, 드럼취미(초등)주2회반:150000, 드럼입시반1:300000",Y,N,경기도 수원시 장안구 덕영대로425번길 41,", 107호 (율전동)",16357,,20231018
J10,경기도교육청,수원시,교습소,3000077562,드림업수학교습소,20260225,20260225,개원,        ,        ,0,0,입시.검정 및 보습,보통교과,수학(초A),보습,"수학(초A):201000, 수학(초B):134000, 수학(초C):226000, 수학(초D):167700, 수학(중A):182000, 수학(중B):246000, 수학(중C):320000, 수학(즁d):218000, 방학특강수학(초):117000, 방학특강수학(중):190000",Y, ,경기도 수원시 영통구 광교호수공원로 20,", B1-46호(원천동,더샵 광교레이크시티)",16515,,20260405
J10,경기도교육청,수원시,교습소,3000028970,드림핑거음악교습소,20160519,20160519,개원,        ,99991231,45,9,예능(대),예능(중),,음악, ,Y,N,경기도 수원시 영통구 매봉로27번길 41,", 1층 일부 (매탄동)",16526,,20231018
J10,경기도교육청,수원시,교습소,3000049662,디딤돌중국어교습소,20220117,20220117,개원,        ,99991231,84,4,국제화,외국어,,실용외국어(유아/초·중·고), ,Y,N,경기도 수원시 영통구 반달로7번길 40,"603호(영통동, 평익칼라스위트)",16704,,20240512
J10,경기도교육청,수원시,교습소,3000022713,땅콩미술교습소,20140903,20140903,개원,        ,99991231,0,0,예능(대),예능(중),,미술, ,Y,N,경기도 수원시 영통구 청명북로 83,", 101호 (영통동, 청명마을주공아파트)",443817,,20250810
J10,경기도교육청,수원시,교습소,3000041625,라라바이올린교습소,20190828,20190828,개원,        ,99991231,9,9,예능(대),예능(중),,음악, ,Y,N,경기도 수원시 영통구 광교호수공원로 277,", 2층 2F-017호 전체 (원천동, 중흥 S-클래스 판매시설)",16517,031-216-3055,20231018
J10,경기도교육청,수원시,교습소,3000071861,라라케이(K)실용피아노음악교습소,20240909,20240909,개원,        ,        ,0,9,예능(대),예능(중),취미반1,음악,"취미반1:100000, 취미반2:130000, 취미반3:160000, 콩쿨반:230000, 예비전공반:230000, 전공입시반:400000",Y, ,경기도 수원시 영통구 덕영대로1555번길 46,", 303호(영통동, 벽적골롯데아파트 의료시설)",16700,010-5440-0964,20240929
J10,경기도교육청,수원시,교습소,3000052566,라라피아노스튜디오음악교습소,20221004,20221004,개원,        ,99991231,81,4,예능(대),예능(중),바이엘(주2회),음악,"바이엘(주2회):140000, 바이엘(주3회):150000, 체르니100(주2회):150000, 체르니100(주3회):160000, 체르니30(주2회):160000, 체르니30(주3회):170000, 체르니40이상(주2회):170000, 체르니40이상(주3회):180000",Y,N,경기도 수원시 영통구 동탄원천로1109번길 42,", 203호 (매탄동, 원천성일아파트 상가동)",16528,null,20260405
J10,경기도교육청,수원시,교습소,3000028374,라라피아노음악교습소,20160317,20160317,개원,        ,99991231,18,9,예능(대),예능(중),,음악, ,Y,N,경기도 수원시 영통구 영통로154번길 56,", 203호 (망포동 723, 한양수자인에듀파크121동)",16691,031-203-6151,20231018
J10,경기도교육청,수원시,교습소,3000046682,라르고기타교습소,20210413,20210413,개원,        ,99991231,7,7,예능(대),예능(중),,음악, ,Y,N,경기도 수원시 영통구 매영로 85,", 111호 (매탄동, 성일코아빌딩)",16527,,20231018
J10,경기도교육청,수원시,교습소,3000037124,라벨피아노교습소,20180611,20180611,개원,        ,99991231,43,6,예능(대),예능(중),,음악,"피아노(기초):150000, 피아노(초급):160000, 피아노(중급):170000, 피아노(고급):180000",Y,N,경기도 수원시 권선구 금곡로140번길 73,", 101호(호매실동, 극동스타클래스 상가2동)",16387,,20260215
J10,경기도교육청,수원시,교습소,3000062659,라솔서재창작글쓰기교습소,20231116,20231116,개원,        ,        ,0,5,기타(대),,,, ,Y, ,경기도 수원시 영통구 동탄원천로1109번길 42,", 106호(매탄동,성일아파트 상가동)",16528,,20251012
J10,경기도교육청,수원시,교습소,3000021424,라예피아노음악교습소,20140421,20140421,개원,        ,99991231,20,5,입시.검정 및 보습,보통교과,피아노1,보통교과,"피아노1:130000, 피아노2:140000, 피아노3:150000, 피아노4:140000, 피아노5:150000, 피아노6:170000, 피아노7:150000, 피아노8:160000, 피아노9:180000",N,N,경기도 수원시 영통구 법조로150번길 19,", 호수마을광교상록아파트 근린생활시설101호 (하동)",443280,031-215-5088,20260201
J10,경기도교육청,수원시,교습소,3000051308,라온수학교습소,20220608,20220608,개원,        ,99991231,18,9,입시.검정 및 보습,보통교과,초등수학,보습,"초등수학:200000, 중등수학:250000, 초등 수학2:200000, 중등 수학2:250000, 고등 수학2:300000",Y,N,경기도 수원시 권선구 금호로 45,", 305호 (금곡동, 삼익1차아파트)",16396,null,20231126
J10,경기도교육청,수원시,교습소,3000072238,라온창의수학교습소,20241023,20241023,개원,        ,        ,0,6,기타(대),,,, ,Y, ,경기도 수원시 영통구 삼성로 11,", 108호(신동,래미안 영통마크원 2단지 215동)",16682,010-8769-8122,20260201
J10,경기도교육청,수원시,교습소,3000051769,라우드토론논술교습소,20220719,20220719,개원,        ,99991231,34,7,입시.검정 및 보습,보통교과,초등A,보습,"초등A:171000, 초등B:180000, 초등C:190000, 초등D:216000, 초등E:240000, 중등A:216000, 중등B:240000, 중등C:250000, 중등D:300000, 고등A:240000",Y,N,경기도 수원시 영통구 에듀타운로 102,", B동 723호 (이의동, 광교중앙역 SK VIEW)",16509,null,20260405
J10,경기도교육청,수원시,교습소,3000045812,라움수학교습소,20210107,20210107,개원,        ,99991231,12,6,입시.검정 및 보습,보통교과,,보습, ,Y,N,경기도 수원시 영통구 청명로 96,", 204호 일부 (영통동, 건영1차아파트)",16709,,20231018
J10,경기도교육청,수원시,교습소,3000045748,라이블리영어교습소,20201229,20201229,개원,        ,99991231,63,7,입시.검정 및 보습,보통교과,초등영어,보습,"초등영어:170000, 중등영어:230000, 중등영어:170000, 초등단과(영어):180000, 초등단과(영어):125000, 초등단과(영어):100000, 중등단과(영어):240000, 중등단과(영어):210000, 고등단과(영어):300000",Y,N,경기도 수원시 권선구 일월천로4번길 74,", 203호 (구운동, 성원아파트)",16413,,20231018
J10,경기도교육청,수원시,교습소,3000054055,라티오수학교습소,20230203,20230203,개원,        ,99991231,21,7,입시.검정 및 보습,보통교과,,보습, ,Y,N,경기도 수원시 장안구 금당로 57,", 1층중2층 일부 (조원동)",16281,,20231018
J10,경기도교육청,수원시,교습소,3000048886,라팔레트미술교습소,20211125,20211125,개원,        ,99991231,27,9,예능(대),예능(중),,미술, ,Y,N,경기도 수원시 영통구 에듀타운로 102,", B동 711호 (이의동, 광교중앙역 SK VIEW)",16509,,20231018
J10,경기도교육청,수원시,교습소,3000073685,라포영어교습소,20250311,20250311,개원,        ,        ,0,9,입시.검정 및 보습,,,, ,Y, ,경기도 수원시 권선구 곡반정로 160,", 408호(곡반정동, 라퍼스트)",16668,,20251012
J10,경기도교육청,수원시,교습소,3000064069,라하잉글리시실용영어교습소,20240108,20240108,개원,        ,        ,0,8,국제화,외국어,초등영어(월.수.금),실용외국어(유아/초·중·고),"초등영어(월.수.금):320000, 초등영어(화.목):320000, 유치부영어:280000, 초등영어(주말):160000, 유치부영어(주말):120000",Y, ,경기도 수원시 영통구 에듀타운로 65,", 103호(이의동, 자연앤자이 상가2동)",16509,,20240128
J10,경기도교육청,수원시,교습소,3000050676,램프실용영어교습소,20220404,20220404,개원,        ,99991231,54,9,국제화,외국어,,실용외국어(유아/초·중·고), ,Y,N,경기도 수원시 장안구 만석로19번길 11-7,", 706호 일부 (천천동, 대일프라자 706-1호)",16329,,20231018
J10,경기도교육청,수원시,교습소,3000043592,랩창의실험과학교습소,20200303,20200228,개원,        ,99991231,6,8,입시.검정 및 보습,보통교과,,보습, ,Y,N,경기도 수원시 권선구 동수원로145번길 23,", 102호 (권선동, 수원아이파크시티4단지)",16664,,20231018
J10,경기도교육청,수원시,교습소,3000021585,레몬미술교습소,20140509,20140509,개원,        ,99991231,39,5,예능(대),예능(중),,미술,"미술일반1:100000, 미술일반2:120000, 미술일반3:140000, 유아초등미술1:100000, 유아초등미술2:130000, 유아초등미술3:150000, 미술1:160000, 미술2:140000, 미술3:110000, 미술4:120000",N,N,경기도 수원시 권선구 입북로77번길 61,", 206호 일부 (입북동 815, 서수원 레이크 푸르지오 2단지)",16365,,20260201
J10,경기도교육청,수원시,교습소,3000030021,레몬트리기타교습소,20160829,20160829,개원,        ,99991231,6,8,예능(대),예능(중),,음악, ,Y,N,경기도 수원시 팔달구 덕영대로697번길 17,", 410호 일부(화서동, 그린프라자)",16435,,20240128
J10,경기도교육청,수원시,교습소,3000031275,레벤스미술교습소,20161222,20161222,개원,        ,99991231,7,7,예능(대),예능(중),,미술, ,Y,N,경기도 수원시 영통구 도청로17번길 40,", 307호 일부 (이의동)",16509,031-2122-322,20231018
J10,경기도교육청,수원시,교습소,3000021564,레벨업영어교습소,20140507,20140507,개원,        ,99991231,12,4,입시.검정 및 보습,보통교과,초등영어,보습, ,N,N,경기도 수원시 권선구 동수원로145번길 23,", 4단지 상가-1,110호 (권선동,수원아이파크시티4단지)",441390,,20231018
J10,경기도교육청,수원시,교습소,38509,레핀미술교습소,20091030,20091030,개원,        ,99991231,37,9,예능(대),예능(중),미술일반,미술, ,Y,N,경기도 수원시 팔달구 권광로 246, 인계래미안 1단지 상가 303호 (인계동),442703,031-8013-4634,20231018
J10,경기도교육청,수원시,교습소,3000043272,렌쥴리스토리코딩교습소,20200128,20200128,개원,        ,99991231,12,6,기타(대),기타(중),,기타(소), ,Y,N,경기도 수원시 권선구 덕영대로1217번길 41,", 1층일부 (권선동)",16584,,20231018
J10,경기도교육청,수원시,교습소,3000047198,렘스수학교습소,20210608,20210608,개원,        ,99991231,0,0,입시.검정 및 보습,보통교과,,입시·논술, ,Y,N,경기도 수원시 장안구 송원로 113,", 2층 일부 (조원동, 조원빌딩)",16294,,20231018
J10,경기도교육청,수원시,교습소,25115,로뎀피아노교습소,20061228,20061228,개원,        ,99991231,4,4,예능(대),예능(중),피아노,음악,피아노:130000,N,N,경기도 수원시 권선구 일월천로4번길 74, 성원아파트 제상가동 301호 (구운동),441819,031-306-9119,20240929
J10,경기도교육청,수원시,교습소,26280,로얄팰리스음악교습소,20070327,20070327,개원,        ,99991231,26,6,예능(대),예능(중),,음악,"피아노(초급):150000, 피아노(중급1):160000, 피아노(중급2):170000, 피아노(고급):180000, 피아노(입시):320000, 플룻:190000",Y,N,경기도 수원시 장안구 송정로 83,", 102호 (송죽동,수원로얄팰리스)",440210,031-888-7117,20251214
J10,경기도교육청,수원시,교습소,3000076481,로이독서논술교습소,20251119,20251119,개원,        ,        ,0,0,입시.검정 및 보습,,,, ,Y, ,경기도 수원시 영통구 광교호수공원로 80,"B1-02호(원천동,광교아이파크)",16514,,20251214
J10,경기도교육청,수원시,교습소,3000068122,로이스영어교습소,20240307,20240307,개원,        ,        ,0,9,입시.검정 및 보습,,,, ,Y, ,경기도 수원시 권선구 금호로 27,", 2층 전체(호매실동)",16398,,20240310
J10,경기도교육청,수원시,교습소,70594,로이영어교습소,20010706,20010706,개원,20010706,99991231,46,3,국제화,외국어,영어A,외국어,"영어A:230000, 영어B:210000, 영어C:150000, 영어D:190000, 영어F:150000, 영어H:310000, 영어I:290000, 영어K:330000, 영어L:460000, 특강 a:210000, 특강 b:430000, 영어E:355000, 영어G:200000, 영어T:245000, 영어U:205000, 영어V:220000, 영어W:165000, 영어X:170000, 영어O:35000, 영어P:20000, 영어Q:45000, 영어R:185000, 영어S:250000",Y,N,경기도 수원시 팔달구 정자천로32번길 20, 엘지아파트 상가201호 일부 (화서동),442874,031-298-3677,20260405
J10,경기도교육청,수원시,교습소,3000046607,로지앤제이미술교습소,20210405,20210405,개원,        ,99991231,0,0,예능(대),예능(중),채색화(성인),미술,채색화(성인):170000,Y,N,경기도 수원시 영통구 법조로 25,",  A동 1814호 (하동, 광교 SK VIEW Lake A)",16514,,20250810
J10,경기도교육청,수원시,교습소,70098,로코코미술교습소,19961022,19961022,개원,        ,99991231,18,6,예능(대),예능(중),미술(초등A),미술, ,Y,N,경기도 수원시 장안구 만석로68번길 10,", 상가 2층 203호 일부 (정자동,백설마을 현대.코오롱아파트)",440719,031-255-0678,20231112
J10,경기도교육청,수원시,교습소,3000051692,롤수학교습소,20220712,20220712,개원,        ,99991231,0,0,입시.검정 및 보습,보통교과,,보습, ,Y,N,경기도 수원시 권선구 금곡로102번길 30,", 606호 (금곡동)",16385,,20250330
J10,경기도교육청,수원시,교습소,3000069046,루나아트스튜디오미술교습소,20240531,20240531,개원,        ,        ,0,7,예능(대),예능(중),미술A,미술,"미술A:84000, 미술B:135000",Y, ,경기도 수원시 영통구 영흥숲길 50,", B111호(원천동,영흥숲푸르지오파크비엔 근린생활시설-2)",16523,,20240630
J10,경기도교육청,수원시,교습소,3000068735,루미북클럽모아미래도센터독서논술교습소,20240430,20240430,개원,        ,        ,0,9,입시.검정 및 보습,보통교과,논술초등정규A,보습,"논술초등정규A:140000, 논술초등정규B:170000, 논술초등정규C:200000, 논술중등정규A:160000, 논술중등정규B:220000, 초등논술응용특강:50000, 중등논술응용특강:50000, 초등논술핵심특강:80000, 초등논술기초특강:150000, 인문사회논술특강:100000, 인문사회논술특강B:300000, 오전집중독서반:250000, 초등논술핵심특강B:150000, 초등논술핵심특강C:300000",Y, ,경기도 수원시 권선구 서수원로577번길 305,", 108호(금곡동,수원모아미래도센트럴타운2단지)",16380,,20260201
J10,경기도교육청,수원시,교습소,3000077372,루미아트미술교습소,20260204,20260204,개원,        ,        ,0,6,예능(대),,,, ,Y, ,경기도 수원시 장안구 경수대로976번길 22,"203호(조원동,수원 한일타운 분산상가2)",16294,,20260208
J10,경기도교육청,수원시,교습소,70245,루벤스미술교습소,19980512,19980512,개원,        ,99991231,27,9,예능(대),예능(중),미술일반,미술,미술일반:105000,Y,N,경기도 수원시 영통구 봉영로 1526,", 303호(영통동, 영통아파트 상가)",16701,031-203-2974,20250615
J10,경기도교육청,수원시,교습소,3000022762,루벤스율전미술교습소,20140912,20140912,개원,        ,99991231,15,5,예능(대),예능(중),유치부,미술,"유치부:40000, 초등부저학년:85000, 초등부고학년:85000",Y,N,경기도 수원시 장안구 상률로 32,", 202호 (율전동, 밤꽃마을뜨란채)",440724,,20231018
J10,경기도교육청,수원시,교습소,3000073371,루아니꼬(LUANICCO)미술교습소,20250210,20250210,개원,        ,        ,0,7,예능(대),,,, ,Y, ,경기도 수원시 영통구 태장로7번길 49,", 105호(망포동)",16685,,20250302
J10,경기도교육청,수원시,교습소,12172,루카미술교습소,20041101,20041101,개원,        ,99991231,27,9,예능(대),예능(중),미술일반(A),미술,"미술일반(A):70000, 미술일반(B):80000, 미술1:100000",Y,N,경기도 수원시 권선구 권광로 55,", 권선자이 이편한세상 상가1 A210-1 (권선동,권선자이 이편한세상)",441886,031-213-0298,20231018
J10,경기도교육청,수원시,교습소,3000068903,루트화실미술교습소,20240516,20240516,개원,        ,        ,0,9,예능(대),,,, ,Y, ,경기도 수원시 영통구 법조로 25,", 2802호(하동, 광교 SK VIEW Lake A)",16514,,20240519
J10,경기도교육청,수원시,교습소,3000041727,류금화영어교습소,20190906,20190906,개원,        ,99991231,0,0,입시.검정 및 보습,보통교과,중등영어,보습,"중등영어:300000, 고등영어:400000",Y,N,경기도 수원시 영통구 대학로 109,", 2층 204호 전체 (이의동, 골드클래스5)",16224,,20250330
J10,경기도교육청,수원시,교습소,3000076307,르네모미술교습소,20251103,20251103,개원,        ,        ,0,7,예능(대),,,, ,Y, ,경기도 수원시 권선구 효원로 90,", 201호(세류동)",16459,,20251109
J10,경기도교육청,수원시,교습소,3000031711,리더스영어교습소,20170117,20170117,개원,        ,99991231,14,7,입시.검정 및 보습,보통교과,,보습, ,Y,N,경기도 수원시 권선구 당진로 13,", 103호 (당수동)",16376,,20250420
J10,경기도교육청,수원시,교습소,3000054622,리드앤톡영어교습소,20230314,20230314,개원,        ,99991231,18,9,입시.검정 및 보습,보통교과,,보습, ,Y,N,경기도 수원시 장안구 송정로 190,", 1동 3호 (조원동, 더샵광교산퍼스트파크 근생1동)",16287,,20231018
J10,경기도교육청,수원시,교습소,3000062210,리드인김쌤독서논술교습소,20231005,20231005,개원,        ,        ,0,7,입시.검정 및 보습,,,, ,Y, ,경기도 수원시 장안구 금당로39번길 34,"201호 일부(조원동,주공뉴타운)",16281,010-2254-8768,20231018
J10,경기도교육청,수원시,교습소,3000044306,리드인독서교실논술교습소,20200602,20200602,개원,        ,99991231,15,5,입시.검정 및 보습,보통교과,,보습·논술, ,Y,N,경기도 수원시 장안구 송정로168번길 18,", 1층 일부 (조원동)",16288,,20231018
J10,경기도교육청,수원시,교습소,3000047490,리드인독서논술교습소,20210707,20210707,개원,        ,99991231,32,9,입시.검정 및 보습,보통교과,초등독서논술1,보습,"초등독서논술1:100000, 초등독서논술2:130000, 초등독서논술3:150000, 초등독서논술4:160000, 초등독서논술5:180000, 초등독서논술6:190000, 초등독서논술7:200000, 초등독서논술8:210000, 초등독서논술9:220000, 초등독서논술10:230000, 초등독서논술11:240000, 초등독서논술12:250000, 초등독서논술13:260000, 초등독서논술14:270000, 초등독서논술15:280000, 중등독서논술1:170000, 중등독서논술2:220000, 중등독서논술3:260000, 세계사독해반(중등):150000, 한국사독해반(초등):150000",Y,N,경기도 수원시 영통구 광교호수로 15,", 121호 (원천동, 광교 더샵 근린생활시설동)",16515,010-9967-4803,20250810
J10,경기도교육청,수원시,교습소,3000049068,리드인동수원독서논술교습소,20211207,20211207,개원,        ,99991231,48,6,입시.검정 및 보습,보통교과,독서논술(초등반),보습,"독서논술(초등반):200000, 독서논술(중등반):220000, 초등논술:170000, 초등논술:140000, 초등논술:200000, 중등논술:220000, 중등논술:190000, 중등논술:160000",Y,N,경기도 수원시 영통구 동수원로 432,", 303호 (매탄동, 동남아파트)",16537,,20231018
J10,경기도교육청,수원시,교습소,3000054161,리드인매교인계센터독서교습소,20230214,20230214,개원,        ,99991231,18,9,입시.검정 및 보습,보통교과,,입시·논술, ,Y,N,경기도 수원시 팔달구 수원천로210번길 19,", 801호 (인계동)",16470,031-546-1513,20231018
J10,경기도교육청,수원시,교습소,3000069332,리드인북수원아카데미독서논술교습소,20240701,20240701,개원,        ,        ,0,9,입시.검정 및 보습,,,, ,Y, ,경기도 수원시 장안구 장안로 278,4층 일부(정자동),16337,,20260201
J10,경기도교육청,수원시,교습소,3000071862,리드인청명초점독서논술교습소,20240909,20240909,개원,        ,        ,0,7,입시.검정 및 보습,,,, ,Y, ,경기도 수원시 영통구 봉영로1770번길 21,", 103호(영통동,신명.한국아파트)",16713,010-2745-1644,20240929
J10,경기도교육청,수원시,교습소,3000050953,리드인포커스국어논술교습소,20220428,20220428,개원,        ,99991231,99,9,입시.검정 및 보습,보통교과,,보습, ,Y,N,경기도 수원시 권선구 권중로50번길 8-35,", 7층 일부 (권선동)",16556,,20231018
J10,경기도교육청,수원시,교습소,3000073973,리드인화홍초점독서논술교습소,20250407,20250407,개원,        ,        ,0,0,입시.검정 및 보습,,,, ,Y, ,경기도 수원시 장안구 장안로29번길 17,", 1층 일부(영화동)",16274,,20250413
J10,경기도교육청,수원시,교습소,3000072899,리듬공감음악교습소,20241226,20241226,개원,        ,        ,0,9,입시.검정 및 보습,,,, ,Y, ,경기도 수원시 권선구 권중로 110,",202호 (권선동,보성,유원아파트 상가1동)",16560,,20251012
J10,경기도교육청,수원시,교습소,3000027135,리듬웍스음악교습소,20151207,20151207,개원,        ,99991231,11,8,예능(대),예능(중),,음악, ,Y,N,경기도 수원시 영통구 반달로7번길 16,", 510호 (영통동)",16704,,20231018
J10,경기도교육청,수원시,교습소,3000069181,리딩메이트독서논술교습소,20240614,20240614,개원,        ,        ,0,5,입시.검정 및 보습,,,, ,Y, ,경기도 수원시 영통구 영흥숲길 50,", 103호(원천동,영흥숲푸르지오파크비엔 근린생활시설-2)",16523,,20240623
J10,경기도교육청,수원시,교습소,3000068564,리딩비영어교습소,20240409,20240409,개원,        ,        ,0,8,국제화,,,, ,Y, ,경기도 수원시 영통구 에듀타운로 102,", 721호(이의동, 광교중앙역 SK VIEW B동)",16509,,20240421
J10,경기도교육청,수원시,교습소,3000054193,리딩톡영어교습소,20230215,20230215,개원,        ,99991231,18,9,입시.검정 및 보습,보통교과,,보습, ,Y,N,경기도 수원시 장안구 덕영대로417번길 99,", 203호 (율전동)",16356,010-5864-0579,20231018
J10,경기도교육청,수원시,교습소,3000068390,리베바이올린음악교습소,20240326,20240326,개원,        ,        ,0,9,예능(대),,,, ,Y, ,경기도 수원시 팔달구 일월로22번길 14,", 6층 일부(화서동, 한샘빌딩)",16424,010-2059-8999,20250720
J10,경기도교육청,수원시,교습소,15667,리베아트미술교습소,20050207,20050207,개원,        ,99991231,42,7,예능(대),예능(중),,미술, ,Y,N,경기도 수원시 영통구 태장로 47,204호 (망포동) ,443400,031-202-0997,20231018
J10,경기도교육청,수원시,교습소,3000053211,리본영어교습소,20221129,20221129,개원,        ,99991231,0,0,입시.검정 및 보습,보통교과,,보습, ,Y,N,경기도 수원시 팔달구 정조로 675,", 3층 일부 (매교동), 해길상가",16467,,20251207
J10,경기도교육청,수원시,교습소,3000073498,리아샘수능영어교습소,20250221,20250221,개원,        ,        ,0,5,입시.검정 및 보습,보통교과,중등영어,보습,"중등영어:350000, 고등영어:400000",Y, ,경기도 수원시 권선구 세권로304번길 62,", 203호(권선동, 베스토아)",16553,,20250302
J10,경기도교육청,수원시,교습소,3000074315,리엘바이올린음악교습소,20250516,20250516,개원,        ,        ,0,9,예능(대),,,, ,Y, ,경기도 수원시 팔달구 덕영대로803번길 43,", 106호(화서동, 디아이포에버)",16442,,20250525
J10,경기도교육청,수원시,교습소,3000077223,리테라에듀진학지도교습소,20260122,20260122,개원,        ,        ,0,5,입시.검정 및 보습,,,, ,Y, ,경기도 수원시 영통구 반달로7번길 40,", 601호(영통동, 평익칼라스위트)",16704,,20260201
J10,경기도교육청,수원시,교습소,26045,리틀모짜르트피아노교습소,20070309,20070309,개원,        ,99991231,9,4,예능(대),예능(중),음악일반(초급연습포함),음악,"음악일반(초급연습포함):130000, 음악일반(중급연습포함):150000, 음악일반(고급연습포함):160000, 초급:140000, 중급:160000, 고급:170000, 초급(연습포함):150000, 중급(연습포함):170000, 고급(연습포함):180000",Y,N,경기도 수원시 권선구 세권로316번길 15,"105호 일부 (권선동, 상록아파트) ",441885,031-239-9885,20231018
J10,경기도교육청,수원시,교습소,3000033572,리틀아띠미술교습소,20170707,20170707,개원,        ,99991231,6,6,예능(대),예능(중),초등부,미술, ,Y,N,경기도 수원시 영통구 웰빙타운로49번길 32,", 202호 (이의동)",16224,,20231018
J10,경기도교육청,수원시,교습소,3000074835,리틀조이아트미술교습소,20250714,20250714,개원,        ,        ,0,8,입시.검정 및 보습,,,, ,Y, ,경기도 수원시 영통구 태장로36번길 36,", 213호(망포동,영통푸르지오파인베르 근린생활시설)",16686,,20250720
J10,경기도교육청,수원시,교습소,3000027197,리틀피아니스트음악교습소,20151210,20151210,개원,        ,99991231,48,4,예능(대),예능(중),음악일반(음악초급),음악,"음악일반(음악초급):140000, 음악일반(음악중급):140000, 음악일반(음악고급):140000, (초급)모짜르트반:180000, (초급)베토벤반:130000, (초급)입시반:90000, (중급)모짜르트반:180000, (중급)베토벤반:130000, (중급)입시반:90000, (중급)모짜르트반:180000, (중급)베토벤반:130000, (중급)입시반:90000",Y,N,경기도 수원시 영통구 청명북로 67,", 102호 (영통동)",16709,,20231018
J10,경기도교육청,수원시,교습소,3000050707,린다에듀영어교습소,20220405,20220405,개원,        ,99991231,12,4,입시.검정 및 보습,보통교과,,보습, ,Y,N,경기도 수원시 팔달구 수성로244번길 25,", 207호 일부 (화서동, 화서위브하늘채 203동)",16433,,20250112
J10,경기도교육청,수원시,교습소,3000062404,링컨스쿨광교영어교습소,20231024,20231024,개원,        ,        ,0,9,국제화,보통교과,,보습,"초등영어:290000, 중등영어:320000, 고등영어:230000, 초등영어:270000, 고등영어:210000, 중등영어:300000",Y, ,경기도 수원시 영통구 웰빙타운로 70,", 101호(이의동,광교 호반베르디움근린생활시설동)",16222,,20250601
J10,경기도교육청,수원시,교습소,3000048267,링키영어광교월드마크점영어교습소,20210929,20210929,개원,        ,99991231,5,5,입시.검정 및 보습,보통교과,유초등 영어,보습,유초등 영어:175000,Y,N,경기도 수원시 영통구 센트럴타운로 107,", B-65 (이의동, 광교푸르지오 월드마크, 월드스퀘어)",16507,,20250309
J10,경기도교육청,수원시,교습소,3000061698,링키영어능실센터영어교습소,20230817,20230817,개원,        ,        ,0,6,입시.검정 및 보습,,,, ,N, ,경기도 수원시 권선구 호매실로165번길 71,", 108호(호매실동,호매실 금호어울림 에듀포레)",16628,,20231018
J10,경기도교육청,수원시,교습소,3000062814,링키영어영흥숲푸르지오영어교습소,20231130,20231130,개원,        ,        ,0,6,입시.검정 및 보습,보통교과,영어 A,보습,"영어 A:180000, 영어 B:190000, 영어 C:220000, 영어 D:230000",Y, ,경기도 수원시 영통구 영흥숲길 50,"102호(원천동,영흥숲푸르지오파크비엔근린생활시설-2)",16523,,20260301
J10,경기도교육청,수원시,교습소,3000073652,링키영어중촌초점영어교습소,20250307,20250307,개원,        ,        ,0,6,국제화,,,, ,Y, ,경기도 수원시 권선구 금곡로140번길 29,", 203호(금곡동,수원호매실휴먼시아8단지아파트 상가동)",16387,,20251012
J10,경기도교육청,수원시,교습소,3000061656,링키영어천천센터영어교습소,20230814,20230814,개원,        ,        ,0,6,입시.검정 및 보습,보통교과,영어(초),보습,영어(초):183000,Y, ,경기도 수원시 장안구 화산로 87,"505호(천천동, 천천푸르지오근린생활시설1동)(천천동)",16420,010-2606-6463,20260405
J10,경기도교육청,수원시,교습소,3000068091,링키영어화서점영어교습소,20240307,20240307,개원,        ,        ,0,8,입시.검정 및 보습,보통교과,영어,보습,영어:170000,Y, ,경기도 수원시 팔달구 덕영대로697번길 7,", 210호(화서동, 아트프라자)",16435,010-9927-1191,20240505
J10,경기도교육청,수원시,교습소,3000050826,마리실용영어교습소,20220415,20220415,개원,        ,99991231,8,8,국제화,외국어,영어A,실용외국어(유아/초·중·고),"영어A:216000, 영어B:144000, 영어C:72000",Y,N,경기도 수원시 영통구 매탄로140번길 54-12,1층 일부(102호) (매탄동),16544,,20240303
J10,경기도교육청,수원시,교습소,3000071609,마망잉글리시교습소,20240812,20240812,개원,        ,        ,0,0,입시.검정 및 보습,보통교과,도서관클래스(초저),보습,"도서관클래스(초저):90000, 도서관클래스(초고):105000, 원데이클래스:30000, 마망클래스1(초저):135000, 마망클래스2(초고):150000, 마망클래스3(중등):200000, 마망클래스4(금요일/초저):90000, 방학특강파닉스:170000, 방학특강리딩:145000, 마망클래스(초저):140000, 마망클래스(초고):150000, 마망클래스5(금요일/초고):105000",Y, ,경기도 수원시 팔달구 덕영대로697번길 17,"406호(화서동, 그린프라자)",16435,,20250518
J10,경기도교육청,수원시,교습소,3000069703,마스터영어교습소,20240807,20240806,개원,        ,        ,0,8,입시.검정 및 보습,,,, ,Y, ,경기도 수원시 장안구 정자로42번길 52,", 209호(천천동,비단마을 베스트타운)",16325,,20240818
J10,경기도교육청,수원시,교습소,3000073485,만들다미술교습소,20250221,20250221,개원,        ,        ,0,0,예능(대),,,, ,Y, ,경기도 수원시 권선구 금곡로118번길 10,"117-2호(금곡동, 일담타워)",16388,,20250302
J10,경기도교육청,수원시,교습소,3000072913,맑음플루트교습소,20241226,20241226,개원,        ,        ,0,9,예능(대),,,, ,Y, ,경기도 수원시 영통구 청명로 83,", 2층 일부(영통동)",16705,010-3350-7009,20241229
J10,경기도교육청,수원시,교습소,3000034864,맘수학교습소,20171122,20171122,개원,        ,99991231,36,9,입시.검정 및 보습,보통교과,초등 수학,보습,"초등 수학:250000, 중등 수학:330000, 고등 수학:380000",Y,N,경기도 수원시 영통구 대학로 101,", 404호 (이의동)",16224,,20231018
J10,경기도교육청,수원시,교습소,3000049626,맘스리딩영어교습소,20220112,20220112,개원,        ,99991231,20,5,입시.검정 및 보습,보통교과,,보습, ,Y,N,경기도 수원시 장안구 이목로 24-3,", 311호 (정자동, SKY PLAZA)",16336,,20231018
J10,경기도교육청,수원시,교습소,3000073494,망고수학교습소,20250224,20250224,개원,        ,        ,0,5,입시.검정 및 보습,보통교과,초등수학A,보습,"초등수학A:200000, 초등수학B:250000, 초등수학C:300000, 초등수학D:150000, 중등수학A:270000, 중등수학B:380000",Y, ,경기도 수원시 팔달구 정조로 697,", 802호(매교동, 마인플라자)",16467,,20250406
J10,경기도교육청,수원시,교습소,3000061776,망포스마트해법수학교습소,20230821,20230821,개원,        ,        ,0,6,입시.검정 및 보습,,,, ,Y, ,경기도 수원시 영통구 태장로7번길 57,"101호(망포동, 영통 플래티넘베이스 디)",16685,,20231018
J10,경기도교육청,수원시,교습소,3000036357,망포올림수학교습소,20180323,20180323,개원,        ,99991231,0,0,입시.검정 및 보습,보통교과,,보습, ,Y,N,경기도 수원시 영통구 영통로154번길 98,", 4층전체 (망포동)",16692,,20231018
J10,경기도교육청,수원시,교습소,3000063928,망포플레이팩토창의수학교습소,20231228,20231228,개원,        ,        ,0,5,기타(대),기타(중),초등수학A,기타(중),"초등수학A:115000, 초등수학B:145000, 초등수학C:250000, 초등수학D:300000",Y, ,경기도 수원시 영통구 영통로154번길 60,"4층 일부(403-1호, 망포동)",16691,,20260405
J10,경기도교육청,수원시,교습소,3000023421,망포해법수학교습소,20141124,20141121,개원,        ,99991231,90,5,입시.검정 및 보습,보통교과,초등수학A,보습,"초등수학A:109000, 초등수학B:163000, 초등수학C:190000, 초등수학D:200000, 초등수학E:220000, 초등수학F:230000, 중등수학A:250000, 중등수학B:270000, 중등수학C:280000, 중등수학D:300000",Y,N,경기도 수원시 영통구 영통로90번길 4-27,", 104호 (망포동, 늘푸른 벽산아파트)",443707,,20231224
J10,경기도교육청,수원시,교습소,3000016562,매릴랜드영어교습소,20121019,20121019,개원,        ,99991231,4,4,입시.검정 및 보습,보통교과,,보습, ,Y,N,경기도 수원시 영통구 청명로 87,", 운현빌딩 4층 일부 대로변방향 (영통동,운현빌딩)",443815,031-298-1615,20231018
J10,경기도교육청,수원시,교습소,3000081692,매쓰리더창의수학교습소,20260413,20260413,개원,        ,        ,0,0,기타(대),,,, ,Y, ,경기도 수원시 팔달구 인계로 21,"상가 203-1호(인계동,수원센트럴 아이파크자이)",16475,,20260426
J10,경기도교육청,수원시,교습소,3000049389,매쓰앤게임창의수학교습소,20211229,20211229,개원,        ,99991231,12,6,기타(대),기타(중),,기타(소),"창의수학A:95000, 창의수학B:147000, 창의수학C:180000, 창의수학D:160000, 창의수학E:120000, 창의수학F:100000, 창의수학G:80000",Y,N,경기도 수원시 권선구 금곡로73번길 71,", 214호(금곡동, 금곡엘지아파트 주상가동)",16382,,20251019
J10,경기도교육청,수원시,교습소,3000062797,매쓰케어(MATHCARE)수학교습소,20231128,20231128,개원,        ,        ,0,6,입시.검정 및 보습,,,, ,Y, ,경기도 수원시 영통구 법조로 25,", A동 1213호(하동, 광교 SK VIEW Lake A)",16514,,20231203
J10,경기도교육청,수원시,교습소,3000062834,매쓰허브수학교습소,20231130,20231130,개원,        ,        ,0,7,입시.검정 및 보습,,,, ,Y, ,경기도 수원시 권선구 세권로304번길 44,"105호(권선동, 삼성프라자)",16553,,20250112
J10,경기도교육청,수원시,교습소,3000068025,매원하연과학교습소,20240229,20240229,개원,        ,        ,0,9,입시.검정 및 보습,보통교과,초등과학A,보통교과,"초등과학A:50000, 초등과학B:75000, 초등과학C:83000, 초등과학D:11000, 중등과학A:125000, 중등과학B:145000",Y, ,경기도 수원시 영통구 월드컵로 85,", 201호(원천동, 인터프라자)",16516,,20260412
J10,경기도교육청,수원시,교습소,3000035488,매탄창언어논술교습소,20180108,20180108,개원,        ,99991231,4,4,입시.검정 및 보습,보통교과,,보습, ,Y,N,경기도 수원시 영통구 효원로 363,", 207-1호( 매탄위브하늘채303상가B) (매탄동, 매탄 위브 하늘채)",16543,031-214-7760,20231018
J10,경기도교육청,수원시,교습소,3000072807,매탄한자교습소,20241219,20241219,개원,        ,        ,0,7,입시.검정 및 보습,,,, ,Y, ,경기도 수원시 영통구 매탄로 151,", 1-15호(매탄동,삼호그랜드빌라 101동)",16543,,20241222
J10,경기도교육청,수원시,교습소,3000077464,메가바둑교습소,20260212,20260212,개원,        ,        ,0,0,기타(대),,,, ,Y, ,경기도 수원시 영통구 광교호수공원로 20,"B1-07호(원천동,더샵 광교레이크시티 근린생활시설동)",16515,,20260215
J10,경기도교육청,수원시,교습소,3000020635,메릭스해법수학천재교육원천교습소,20140129,20140129,개원,        ,99991231,27,6,입시.검정 및 보습,보통교과,영어초등A,보습, ,Y,N,경기도 수원시 영통구 중부대로448번길 28,", 상가동 2층 205호 (원천동,수원 원천2단지 주공아파트)",443756,,20231018
J10,경기도교육청,수원시,교습소,3000038161,멘토스마트해법수학교습소,20181002,20181002,개원,        ,99991231,28,7,입시.검정 및 보습,보통교과,초등단과수학,보습, ,Y,N,경기도 수원시 권선구 곡선로 20,", 104호 (권선동 1356, 수원아이파크시티6단지 상가)",16666,,20231018
J10,경기도교육청,수원시,교습소,3000076709,멘토영어교습소,20251209,20251208,개원,        ,        ,0,9,입시.검정 및 보습,보통교과,초등영어,보습,"초등영어:220000, 중등영어:270000, 고등영어:350000",Y, ,경기도 수원시 팔달구 팔달로 53,"501호(고등동, 고등THE퍼스트상가)",16452,,20260201
J10,경기도교육청,수원시,교습소,3000012475,명아틀리에미술교습소,20110914,20110914,개원,        ,99991231,112,7,예능(대),예능(중),0,미술,"0:0, 초등미술(1-2):120000, 초등미술(3-4):130000, 초등미술(5-6):140000, 중등미술:140000, 고등입시:200000, 초등미술(1-2)-2:125000, 초등미술(3-4)-2:140000, 초등미술(5-6)-2:160000, 중고등미술:140000, 입시미술:210000, 초등미술(1-3):135000, 초등미술(4-6):135000, 중고등미술-2:150000, 고등입시-2:350000, 성인반:150000, 초등(저학년):150000, 초등(고학년):150000, 중등 :150000, 성인반2:200000",Y,N,경기도 수원시 팔달구 일월로18번길 4-15,  101호 (화서동),442150,031-291-6426,20260308
J10,경기도교육청,수원시,교습소,3000013640,명음악교습소,20111222,20111222,개원,        ,99991231,30,8,예능(대),예능(중),음악일반(피아노초급),음악,"음악일반(피아노초급):100000, 음악일반(피아노고급):150000, 음악일반(피아노중급):120000",Y,N,경기도 수원시 영통구 영통로90번길 20-11,(망포동),443400,,20231018
J10,경기도교육청,수원시,교습소,3000031052,명작음악교습소,20161207,20161207,개원,        ,99991231,0,0,예능(대),예능(중),(초급) 바이엘,음악,"(초급) 바이엘:140000, (중급) 체르니 100:150000, (입시) 체르니 30:160000",Y,N,경기도 수원시 영통구 청명북로 33,", 204호(청명마을삼성아파트 상가동) (영통동, 청명마을삼성아파트)",16709,,20251221
J10,경기도교육청,수원시,교습소,3000019278,명지브레인바둑교습소,20130816,20130816,개원,        ,99991231,32,8,기타(대),기타(중),기타(바둑A),바둑,"기타(바둑A):200000, 기타(바둑B):160000",Y,N,경기도 수원시 권선구 금곡로102번길 30,", 506호 (금곡동)",16385,031-559-6417,20251109
J10,경기도교육청,수원시,교습소,3000038867,명품독서논술교습소,20181210,20181210,개원,        ,99991231,21,0,입시.검정 및 보습,예능(중),,미술, ,Y,N,경기도 수원시 장안구 정자천로188번길 71-4,", 1층 일부 (정자동, 평강교회)",16315,031-242-0415,20260405
J10,경기도교육청,수원시,교습소,2429,명플륫교습소,20021127,20021127,개원,        ,99991231,4,4,예능(대),예능(중),음악일반(플루트),음악, ,Y,N,경기도 수원시 영통구 태장로 77,  504호 (망포동),443400,031-273-3339,20231018
J10,경기도교육청,수원시,교습소,3000053634,모네의꿈미술교습소,20221229,20221229,개원,        ,99991231,18,9,예능(대),예능(중),초등미술,음악,"초등미술:92880, 중등미술:139320",Y,N,경기도 수원시 영통구 매영로310번길 31,", 204호, 205호 (영통동, 신원.미주아파트)",16699,,20231018
J10,경기도교육청,수원시,교습소,3000064025,모아제이매쓰수학교습소,20240104,20240104,개원,        ,        ,0,8,입시.검정 및 보습,보통교과,초등수학A,보통교과,"초등수학A:140000, 초등수학B:170000, 초등수학C:200000, 초등수학D:210000, 초등수학E:240000, 중등수학:230000, 초등수학F:80000",Y, ,경기도 수원시 권선구 서수원로577번길 341,"B118호(금곡동,수원모아미래도센트럴타운1단지 상가동)",16380,,20250810
J10,경기도교육청,수원시,교습소,3000074069,모카미술교습소,20250417,20250417,개원,        ,        ,0,0,예능(대),예능(중),미술 A,미술,"미술 A:80000, 미술 B:150000, 미술 C(입시):130000",Y, ,경기도 수원시 팔달구 정조로 697,", 907호(매교동, 마인플라자)",16467,,20250427
J10,경기도교육청,수원시,교습소,3000074964,목동한수학교습소,20250725,20250725,개원,        ,        ,0,7,입시.검정 및 보습,보통교과,초등 수학1,보습,"초등 수학1:200000, 초등 수학 2:200000, 초등 수학 3:250000, 초등 수학 4:250000, 중등 수학 1 :280000, 중등 수학 2:280000, 중등 수학 3:320000, 중등 수학 4:320000, 고등 수학 1:320000, 고등 수학 2:320000, 고등 수학 3:350000, 고등 수학 4:350000, 중등수학 5:200000, 중등수학 6:200000, 고등수학 5:400000, 고등수학 6:400000",Y, ,경기도 수원시 권선구 금곡로102번길 30,"607호(금곡동, 폴리프라자)",16385,,20260405
J10,경기도교육청,수원시,교습소,3000072856,몬스터매스생각을깨우는수학교습소,20241223,20241223,개원,        ,        ,0,5,입시.검정 및 보습,,,, ,Y, ,경기도 수원시 영통구 봉영로 1410-17,", 101호(망포동,e편한세상영통2차아파트 106동(상가동))",16694,010-9100-9730,20241229
J10,경기도교육청,수원시,교습소,3000077131,몬스터매스영화초점창의수학교습소,20260114,20260114,개원,        ,        ,0,7,기타(대),,,, ,Y, ,경기도 수원시 장안구 송정로 190,"지3층 14호(조원동,더샵광교산퍼스트파크 근생1동)",16287,,20260201
J10,경기도교육청,수원시,교습소,3000049951,몽아트미술교습소,20220210,20220210,개원,        ,99991231,6,9,예능(대),예능(중),,미술, ,Y,N,경기도 수원시 장안구 대평로 27,", 315호 (정자동, 화서역 파크푸르지오 201동)",16318,,20231018
J10,경기도교육청,수원시,교습소,3000064116,무무아트미술교습소,20240110,20240110,개원,        ,        ,0,9,예능(대),,,, ,Y, ,경기도 수원시 장안구 창훈로40번길 9,1층 일부(연무동),16213,,20260208
J10,경기도교육청,수원시,교습소,3000074152,무비패스창작소영화논술교습소,20250428,20250428,개원,        ,        ,0,4,입시.검정 및 보습,,,, ,Y, ,경기도 수원시 영통구 반달로7번길 40,", 614호(영통동, 평익칼라스위트)",16704,,20251123
J10,경기도교육청,수원시,교습소,3000067621,무빙잉글리쉬영어교습소,20240124,20240124,개원,        ,        ,0,0,입시.검정 및 보습,보통교과,초등 영어레벨1,보습,"초등 영어레벨1:190000, 초등 영어레벨2:210000, 초등 영어레벨3:230000, 초등 영어레벨4:250000, 중등 영어레벨5:260000",Y, ,경기도 수원시 권선구 동수원로 218-39,110호(권선동),16554,,20260426
J10,경기도교육청,수원시,교습소,3000051099,무한궤도수학교습소,20220516,20220516,개원,        ,99991231,12,4,입시.검정 및 보습,보통교과,,보습, ,Y,N,경기도 수원시 영통구 인계로189번길 7,", 204호 (매탄동, 종합상가)",16535,,20231018
J10,경기도교육청,수원시,교습소,3000077055,문향국어교습소,20260108,20260107,개원,        ,        ,0,7,입시.검정 및 보습,보통교과,초등국어A,보습,"초등국어A:100000, 초등국어B:150000, 초등국어C:75000, 초등국어D:150000, 초등국어E:109000, 중등국어A:91000, 중등국어B:182000, 중등국어C:136000, 고등국어A:174000, 고등국어B:154000",Y, ,경기도 수원시 팔달구 정조로 697,(매교동) 803호,16467,,20260412
J10,경기도교육청,수원시,교습소,3000073598,물감스튜디오미술교습소,20250304,20250304,개원,        ,        ,0,8,예능(대),,,, ,Y, ,경기도 수원시 영통구 봉영로 1410-17,", 103호(망포동, e편한세상영통2차아파트 106동 상가동)",16694,,20250309
J10,경기도교육청,수원시,교습소,3000016696,물감스푼미술교습소,20121105,20121105,개원,        ,99991231,36,9,예능(대),예능(중),미술일반(초급1),미술, ,Y,N,경기도 수원시 장안구 정자로41번길 12,", 신명아파트 상가동 204호, 205호 일부 (천천동,비단마을 신명아파트)",440732,031-268-4999,20231018
J10,경기도교육청,수원시,교습소,3000048350,뮤니크음악교습소,20211007,20211007,개원,        ,99991231,8,3,예능(대),예능(중),성인피아노,음악,"성인피아노:150000, 피아노A:160000, 피아노B:150000, 입시반:600000, 작품반A:180000, 작품반B:170000, 성인취미1:180000, 성인취미2:210000",Y,N,경기도 수원시 팔달구 권광로290번길 18-4,", 102호 (인계동, 신미주아파트)",16533,010-8927-8609,20260308
J10,경기도교육청,수원시,교습소,3000054103,뮤엠영어곡반하늘채영어교습소,20230207,20230207,개원,        ,99991231,0,0,입시.검정 및 보습,보통교과,,보습, ,Y,N,경기도 수원시 권선구 곡반정로 160,", 506호 (곡반정동, 라퍼스트)",16668,,20231018
J10,경기도교육청,수원시,교습소,3000032272,뮤엠영어광교40단지영어교습소,20170307,20170307,개원,        ,99991231,0,0,입시.검정 및 보습,보통교과,,보습, ,Y,N,경기도 수원시 영통구 광교마을로 156,", 205호(상가동) (하동, 광교마을40단지)",16510,,20250727
J10,경기도교육청,수원시,교습소,3000062237,뮤엠영어광교중흥영어교습소,20231005,20231005,개원,        ,        ,0,8,입시.검정 및 보습,,,, ,Y, ,경기도 수원시 영통구 광교호수공원로 277,", 1F021호(원천동,광교중흥에스클래스판매시설)",16517,,20231018
J10,경기도교육청,수원시,교습소,3000035326,뮤엠영어구운영어교습소,20171226,20171226,개원,        ,99991231,6,7,입시.검정 및 보습,보통교과,초등영어(White),보습,"초등영어(White):180000, 초등영어(Yellow):190000, 초등영어(Green):200000",Y,N,경기도 수원시 권선구 여기산로 19,", 201호 (구운동, 선경아파트)",16426,,20231018
J10,경기도교육청,수원시,교습소,3000068126,뮤엠영어다솔초점영어교습소,20240308,20240308,개원,        ,        ,0,6,입시.검정 및 보습,,,, ,Y, ,경기도 수원시 장안구 이목로 24,"107호(정자동,수원 SK SKY VIEW 601동)",16336,,20251019
J10,경기도교육청,수원시,교습소,3000035337,뮤엠영어대평영어교습소,20171226,20171226,개원,        ,99991231,14,7,입시.검정 및 보습,보통교과,영어(화이트),보통교과,"영어(화이트):200000, 영어(핑크):200000, 영어(옐로우):220000, 영어(그린):220000, 영어(블루):240000, 영어(레드):240000, 영어(블랙):260000",Y,N,경기도 수원시 장안구 정자천로189번길 47,", 209호 (정자동, 연꽃마을 풍림아파트)",16334,null,20240512
J10,경기도교육청,수원시,교습소,3000039181,뮤엠영어망포엘지이차영어교습소,20190104,20190104,개원,        ,99991231,50,7,입시.검정 및 보습,보통교과,초등영어(화이트코스),보습,"초등영어(화이트코스):150000, 초등영어(핑크코스):170000, 초등영어(옐로우코스):170000, 초등영어(그린코스):170000, 초등영어(블루코스):180000, 중등영어(레드코스):190000, 중등영어(블랙코스):200000, 중등영어(익스텐션):211000",Y,N,경기도 수원시 영통구 태장로71번길 15,", 망포마을수원엘지빌리지 상가동 208호 (망포동 690)",16688,031-203-9100,20231018
J10,경기도교육청,수원시,교습소,3000021203,뮤엠영어명당교습소,20140320,20140320,개원,        ,99991231,36,6,입시.검정 및 보습,보통교과,,보습, ,N,N,경기도 수원시 권선구 세권로316번길 18,", 1층 102호 (권선동)",441885,null,20241215
J10,경기도교육청,수원시,교습소,3000030649,뮤엠영어선일영어교습소,20161108,20161108,개원,        ,99991231,106,8,입시.검정 및 보습,보통교과,초등영어A,보습, ,Y,N,경기도 수원시 권선구 권중로 110,", 207호 (권선동, 보성,유원아파트상가1동)",16560,031-2220-508,20231018
J10,경기도교육청,수원시,교습소,3000071971,뮤엠영어센트럴아이파크자이매교초영어교습소,20240924,20240924,개원,        ,        ,0,0,입시.검정 및 보습,보통교과,초등영어 (white),보습,"초등영어 (white):210000, 초등영어 (pink/yellow):230000, 초등영어 (green/blue):250000, 초등영어 (red/black):270000, 초중등영어 (extension):300000",Y, ,경기도 수원시 팔달구 수원천로210번길 19,"405호(인계동, 센트럴프라자)",16470,,20240929
J10,경기도교육청,수원시,교습소,3000077263,뮤엠영어수원역푸르지오자이점영어교습소,20260126,20260126,개원,        ,        ,0,9,입시.검정 및 보습,보통교과,기초A(W),보습,"기초A(W):210000, 기초B(Y,P):220000, 중급A(G):230000, 중급B(BL):240000, 고급A(R):250000, 고급B(B):260000",Y, ,경기도 수원시 팔달구 팔달로 69,(고등동) 401호,16452,,20260201
J10,경기도교육청,수원시,교습소,3000067863,뮤엠영어아이파크시티7단지점영어교습소,20240216,20240216,개원,        ,        ,0,8,입시.검정 및 보습,보통교과,영어(White),보습,"영어(White):200000, 영어(White V-system):220000, 영어(Pink V-system):220000, 영어(Yellow V-system):240000, 영어(Green V-system):240000, 영어(Blue):260000, 영어(Red):260000, 영어(Black):280000, Extension class:280000",Y, ,경기도 수원시 권선구 덕영대로1190번길 100,"107호(권선동, 수원아이파크시티718동상가)(권선동,수원아이파크시티7단지)",16662,,20240303
J10,경기도교육청,수원시,교습소,3000035505,뮤엠영어아이파크시티일호영어교습소,20180109,20180109,개원,        ,99991231,160,5,입시.검정 및 보습,보통교과,,보습,"초등단과-화이트코스:170000, 초등단과-옐로우코스:180000, 초등단과-그린:190000, 초,중등단과-블루코스:200000, 중등단과-레드코스:210000, 중등단과-블랙코스:230000, 중등단과-익스텐션코스A:250000, 중등단과-익스텐션코스B:150000, White Course:180000, Yellow Course(1):190000, Green Course:190000, Blue Course A:200000, Red Course A:210000, Blue Course B:220000, Red Course B:230000, Black Course(1):240000, Extension A:250000, Extension B:150000, 초등단과 White,Yellow Course:190000, 초중등단과 Green, Blue Course:200000, 중등단과 Red Course:210000, 중등단과 Black Course:230000, 중등단과 Extension A:250000, 고등부:300000, 초등단과영어white:190000, 초등단과영어yellow:200000, 초등단과영어green,blue:210000, 초등단과영어red:220000, 초등단과영어black:230000, 중등단과영어예비중:240000, 중등단과영어중등a:260000, 중등단과영어중등b:270000, white Course:200000, Yellow Course:210000, Green/Blue Course:210000, Red Course:220000, Black Course:230000, 초등문법A Course:240000, 초등문법B Course:250000, 중등 A:280000, 중등 B:290000",Y,N,경기도 수원시 권선구 동수원로145번길 74,", 116호 (권선동, 수원아이파크시티 1단지 상가-2)",16663,,20250302
J10,경기도교육청,수원시,교습소,3000032770,뮤엠영어영일영어교습소,20170424,20170424,개원,        ,99991231,18,9,입시.검정 및 보습,보통교과,초등영어,보습,"초등영어:200000, 중등영어:250000",Y,N,경기도 수원시 영통구 덕영대로1673번길 32,", 102호 (영통동)",16702,,20231018
J10,경기도교육청,수원시,교습소,3000062038,뮤엠영어영흥숲푸르지오실용영어교습소,20230913,20230913,개원,        ,        ,0,7,국제화,외국어,영어1,실용외국어(유아/초·중·고),"영어1:210000, 영어2:220000, 영어3:230000, 영어4:240000, 영어5:250000, 영어6:260000",Y, ,경기도 수원시 영통구 영흥숲길 50,", 204호(원천동,영흥숲푸르지오파크비엔 근린생활시설-1)",16523,,20260308
J10,경기도교육청,수원시,교습소,3000024146,뮤엠영어우만교습소,20150129,20150129,개원,        ,99991231,10,5,입시.검정 및 보습,보통교과,,보습, ,N,N,경기도 수원시 팔달구 중부대로223번길 93,", 1층 101호 (우만동)",442816,,20231018
J10,경기도교육청,수원시,교습소,3000046102,뮤엠영어율전점영어교습소,20210215,20210215,개원,        ,99991231,12,4,입시.검정 및 보습,보통교과,초등단과(영어,보습, ,Y,N,경기도 수원시 장안구 화산로 263,", 204호,205호 (율전동, 신일아파트)",16359,,20231018
J10,경기도교육청,수원시,교습소,3000052341,뮤엠영어입북자이영어교습소,20220907,20220907,개원,        ,99991231,21,7,입시.검정 및 보습,보통교과,,보습, ,Y,N,경기도 수원시 권선구 입북로 35,", 1층 일부 (입북동)",16367,,20231018
J10,경기도교육청,수원시,교습소,3000020484,뮤엠영어잠원1교습소,20140114,20140114,개원,        ,99991231,0,0,입시.검정 및 보습,보통교과,,보습, ,N,N,경기도 수원시 영통구 태장로82번길 32,", 107호 (망포동, 동수원자이1차)",16687,031-206-5556,20251019
J10,경기도교육청,수원시,교습소,3000055068,뮤엠영어정자영어교습소,20230425,20230425,개원,        ,99991231,64,8,입시.검정 및 보습,보통교과,,보습, ,Y,N,경기도 수원시 장안구 장안로 226,", 1층 13호 14호(정자동, 동신아파트상가동)",16340,,20250323
J10,경기도교육청,수원시,교습소,3000025326,뮤엠영어천천교습소,20150519,20150519,개원,        ,99991231,12,6,입시.검정 및 보습,보통교과,영어(초등),보습,"영어(초등):160000, 영어(중등):250000",Y,N,경기도 수원시 장안구 정자로41번길 12,", 상가동 108호 (천천동, 비단마을 신명아파트)",440732,,20231018
J10,경기도교육청,수원시,교습소,3000074687,뮤엠영어트레센츠점영어교습소,20250627,20250627,개원,        ,        ,0,8,입시.검정 및 보습,,,, ,Y, ,경기도 수원시 영통구 태장로36번길 8,", 113호(망포동, 영통푸르지오트레센츠 근린생활시설)",16686,,20250706
J10,경기도교육청,수원시,교습소,3000062694,뮤엠영어팔달영어교습소,20231121,20231121,개원,        ,        ,0,8,입시.검정 및 보습,,,, ,Y, ,경기도 수원시 팔달구 권광로 363,"101호(우만동, 월드프라자)",16494,,20231126
J10,경기도교육청,수원시,교습소,3000076388,뮤엠영어화서블루밍영어교습소,20251110,20251110,개원,        ,        ,0,7,입시.검정 및 보습,보통교과,초등영어 알파벳 화이트코스(파닉스),보습,"초등영어 알파벳 화이트코스(파닉스):190000, 초등영어 화이트 Grammar :200000, 초등영어 화이트 대화:200000, 초등영어 핑크코스:200000, 초등영어 옐로우 코스:210000, 초등영어 그린 코스:220000, 초등영어 블루 코스:230000, 초등영어 레드코드:250000, 초등영어 블랙코드:250000, 영어 중등:270000, 영어 고등:290000",Y, ,경기도 수원시 팔달구 화양로50번길 30,"상가 2동, 203호(화서동,화서역 블루밍푸른숲아파트)",16438,,20251207
J10,경기도교육청,수원시,교습소,3000049687,뮤엠영어황곡영어교습소,20220118,20220118,개원,        ,99991231,14,7,입시.검정 및 보습,보통교과,,보습, ,Y,N,경기도 수원시 영통구 영통로 514,", 402호 일부 (영통동)",16708,,20231018
J10,경기도교육청,수원시,교습소,3000055019,뮤엠폴리오국어논술해법독서논술교습소,20230419,20230419,개원,        ,99991231,16,8,입시.검정 및 보습,보통교과,,보습, ,Y,N,경기도 수원시 권선구 칠보로 138,", 106호(호매실동)",16401,,20250810
J10,경기도교육청,수원시,교습소,3000039180,뮤즈미술교습소,20190107,20190107,개원,        ,99991231,36,4,예능(대),예능(중),미술(주2),미술,"미술(주2):140000, 미술(주3):160000",Y,N,경기도 수원시 장안구 금당로 46,", 6층 601호일부 (조원동)",16282,,20260405
J10,경기도교육청,수원시,교습소,3000017326,뮤즈바이올린교습소,20130107,20130107,개원,        ,99991231,9,9,예능(대),예능(중),,음악, ,Y,N,경기도 수원시 영통구 태장로82번길 32,", 215호 (망포동, 동수원자이1차상가동)",16687,031-204-7428,20231018
J10,경기도교육청,수원시,교습소,3000045082,뮤직슐레음악교습소,20200918,20200918,개원,        ,99991231,117,9,예능(대),예능(중),바이엘,음악,"바이엘:130000, 체르니100:140000, 체르니30:150000, 체르니40:160000",Y,N,경기도 수원시 장안구 율전로101번길 73,", 3층 308호 309호 (율전동, 수원성균관대역동문굿모닝힐)",16361,,20240303
J10,경기도교육청,수원시,교습소,43771,뮤직스토리음악교습소,20101220,20101220,개원,        ,99991231,16,4,예능(대),예능(중),음악일반 피아노 중급,음악, ,Y,N,경기도 수원시 장안구 덕영대로639번길 70,  꽃뫼노을마을 장안아파트 상가 101호 (정자동),440721,,20231018
J10,경기도교육청,수원시,교습소,9078,미공간미술교습소,20040521,20040521,개원,        ,99991231,96,8,예능(대),예능(중),초급1회,미술,"초급1회:50000, 초급2회:100000, 초급3회:130000, 초급5회:150000, 일반2회:110000, 일반3회:140000, 일반5회:160000, 고급2회:130000, 고급3회:160000, 고급5회:210000",N,N,경기도 수원시 장안구 장안로 226,", 3층 10호(정자동, 동신아파트상가동)",16340,031-253-9822,20250323
J10,경기도교육청,수원시,교습소,3000053058,미나트화실미술교습소,20221116,20221116,개원,        ,99991231,4,8,예능(대),예능(중),,미술, ,Y,N,경기도 수원시 영통구 권선로882번길 31-47,", 101호 (신동, 엠스퀘어)",16683,,20231018
J10,경기도교육청,수원시,교습소,3000072181,미네르바매교독서논술교습소,20241022,20241022,개원,        ,        ,0,9,입시.검정 및 보습,,,, ,Y, ,경기도 수원시 팔달구 매산로 102,"613호 (교동, 매산타워)",16464,,20241103
J10,경기도교육청,수원시,교습소,3000035145,미뉴엣피아노음악교습소,20171211,20171211,개원,        ,99991231,60,9,예능(대),예능(중),초급,음악,"초급:110000, 중급1:120000, 중급2:130000, 고급:140000, 입시:200000, 피아노초급:120000, 피아노중급:130000, 피아노고급:140000",Y,N,경기도 수원시 영통구 매탄로79번길 33,", 101호 (매탄동)",16546,null,20240303
J10,경기도교육청,수원시,교습소,3000071871,미래수사고력수학영흥숲점창의수학교습소,20240909,20240909,개원,        ,        ,0,6,기타(대),,,, ,Y, ,경기도 수원시 영통구 영흥숲길 50,", 104호(원천동, 영흥숲푸르지오파크비엔 근린생활시설-2)",16523,,20240929
J10,경기도교육청,수원시,교습소,3000068808,미래수정자교육원창의수학교습소,20240507,20240507,개원,        ,        ,0,9,기타(대),,,, ,Y, ,경기도 수원시 장안구 대평로90번길 46,"406호(정자동, 선일프라자)",16334,,20240512
J10,경기도교육청,수원시,교습소,3000047514,미래수창의수학교습소,20210710,20210710,개원,        ,99991231,5,5,기타(대),기타(중),,기타(소),창의수학:130000,Y,N,경기도 수원시 영통구 영통로200번길 189,", 105호 (영통동, 영통3차 풍림아이원아파트)",16695,,20251214
J10,경기도교육청,수원시,교습소,28797,미래엔리버파크점영어교습소,20071119,20071119,개원,        ,99991231,184,8,입시.검정 및 보습,보통교과,,보습,"K-1 초등영어:200000, K-2 초등영어:220000, ADE-E 초등영어:220000, ADE-PM 중등영어:260000, ADE-M 중등영어:270000",Y,N,경기도 수원시 장안구 천천로74번길 35, 대월마을상가 201호 (정자동),440729,031-268-7995,20260405
J10,경기도교육청,수원시,교습소,3000076937,미래엔매교마인점수학교습소,20251229,20251229,개원,        ,        ,0,9,입시.검정 및 보습,,,, ,Y, ,경기도 수원시 팔달구 정조로 697,"604호(매교동,마인플라자)",16467,,20260201
J10,경기도교육청,수원시,교습소,3000075782,미래엔수원영통푸르지오수학교습소,20250828,20250828,개원,        ,        ,0,8,입시.검정 및 보습,,,, ,Y, ,경기도 수원시 영통구 태장로36번길 8,", 112호(망포동,영통푸르지오트레센츠 근린생활시설)",16686,,20251109
J10,경기도교육청,수원시,교습소,3000052376,미래엔수학교습소,20220913,20220913,개원,        ,99991231,45,9,입시.검정 및 보습,보통교과,초등M,보습,"초등M:190000, 초등S:200000, 중등:250000",Y,N,경기도 수원시 장안구 이목로 24,", 205호 (정자동, 수원 SK SKY VIEW 603동)",16336,,20240303
J10,경기도교육청,수원시,교습소,3000045517,미래엔엘이씨영어교습소,20201125,20201125,개원,        ,99991231,70,7,입시.검정 및 보습,보통교과,,보습,"초등단과(영어)레벨1:150000, 초등단과(영어)레벨2:160000, 초등단과(영어)레벨1-1:150000, 초등단과(영어)레벨2-1:160000, 초등단과(영어)레벨3:170000, 초등단과(영어)레벨4:180000, 초등단과(영어)레벨3-1:170000, 초등단과(영어)레벨5:190000, 초등단과(영어)레벨4-1:180000, 초등단과(영어)레벨5-1:190000",Y,N,경기도 수원시 영통구 봉영로1770번길 21,", 209호 (영통동, 신명.한국아파트상가동)",16713,010-4953-4015,20260201
J10,경기도교육청,수원시,교습소,3000077378,미래엔영어매현점영어교습소,20260204,20260204,개원,        ,        ,0,9,입시.검정 및 보습,,,, ,Y, ,경기도 수원시 영통구 동탄원천로881번길 58,", 103호(매탄동, 아이쌤프라자)",16548,,20260215
J10,경기도교육청,수원시,교습소,3000039055,미래엔영어영화초점영어교습소,20181226,20181226,개원,        ,99991231,85,7,입시.검정 및 보습,보통교과,초등영어1,보습,"초등영어1:160000, 초등영어2:180000, 초등영어3:200000, 중등영어:220000",Y,N,경기도 수원시 장안구 경수대로844번길 9-1,", 1층 (조원동)",16288,,20260201
J10,경기도교육청,수원시,교습소,3000041417,미르수학교습소,20190802,20190802,개원,        ,99991231,56,8,입시.검정 및 보습,보통교과,초등단과수학,보습,"초등단과수학:170000, 중등단과수학:250000, 고등단과수학:300000, 초등단과(수학):160000, 초등단과(수학):80000, 중등단과(수학):220000, 중등단과(수학):220000",Y,N,경기도 수원시 권선구 서수원로577번길 341,", B112호 (금곡동)",16380,,20231018
J10,경기도교육청,수원시,교습소,3000039208,미미술교습소,20190108,20190108,개원,        ,99991231,6,6,예능(대),예능(중),,미술, ,Y,N,경기도 수원시 권선구 온정로9번길 36,", 203호 일부 (오목천동)",16631,,20231018
J10,경기도교육청,수원시,교습소,29366,미술나무미술교습소,20080104,20080104,개원,        ,99991231,8,4,예능(대),예능(중),미술일반(주5일반),미술, ,N,N,경기도 수원시 영통구 매영로 85,  성일코아상가 117호 (매탄동),443807,031-211-0908,20231018
J10,경기도교육청,수원시,교습소,3000061967,미술나무산남미술교습소,20230908,20230908,개원,        ,        ,0,9,예능(대),,,, ,Y, ,경기도 수원시 영통구 산남로 85,1층일부(매탄동),16524,,20231018
J10,경기도교육청,수원시,교습소,3000077651,미술별이야기미술교습소,20260304,20260304,개원,        ,        ,0,5,예능(대),,,, ,Y, ,경기도 수원시 팔달구 화양로67번길 10,"단지내상가 101호(화서동,수원화서역 동문굿모닝힐아파트)",16435,,20260308
J10,경기도교육청,수원시,교습소,69574,민초서예,19930520,19930520,개원,19930520,99991231,15,5,기타(대),기타(중),기타(서예1),서예, ,Y,N,경기도 수원시 영통구 동탄원천로1109번길 42,  뉴성일상가 211 (매탄동),443807,031-214-5071,20231018
J10,경기도교육청,수원시,교습소,3000073526,민트영어교습소,20250226,20250226,개원,        ,        ,0,5,입시.검정 및 보습,,,, ,Y, ,경기도 수원시 권선구 동수원로145번길 74,", 107호(권선동,수원아이파크시티 1단지 상가-1)",16663,,20250302
J10,경기도교육청,수원시,교습소,3000037683,바다쌤사고력창의수학교습소,20180808,20180808,개원,        ,99991231,5,0,기타(대),기타(중),유초등수학,기타(중),"유초등수학:100000, 유아수학:100000, 초등수학:190000",Y,N,경기도 수원시 영통구 봉영로1517번길 23,", 202호-1 (영통동, 벽적골9단지 주공아파트)",16700,,20260412
J10,경기도교육청,수원시,교습소,3000077527,바둑두는아이들바둑교습소,20260223,20260223,개원,        ,        ,0,9,기타(대),기타(중),바둑1,바둑,"바둑1:110000, 바둑2:140000, 바둑3:170000, 바둑4:200000, 바둑5:130000, 바둑6:170000, 바둑7:210000, 바둑8:250000",Y, ,경기도 수원시 권선구 곡반정로 160,", 607호(곡반정동, 라퍼스트)",16668,,20260405
J10,경기도교육청,수원시,교습소,3000053603,바론독서논술교습소,20221227,20221227,개원,        ,99991231,0,0,입시.검정 및 보습,보통교과,초등글쓰기,보습,"초등글쓰기:120000, 중등글쓰기:120000",Y,N,경기도 수원시 권선구 덕영대로1217번길 24,", 105호 (권선동, 두산동아아파트)",16584,null,20251026
J10,경기도교육청,수원시,교습소,3000069027,바른독서논술국어교습소,20240529,20240529,개원,        ,        ,0,5,입시.검정 및 보습,보통교과,초등국어1,보습,"초등국어1:120000, 초등국어2:180000, 중등국어1:180000, 중등국어2:250000",Y, ,경기도 수원시 장안구 장안로 271,"208호(정자동, 북수원자이렉스비아 상가3동)",16336,,20260308
J10,경기도교육청,수원시,교습소,3000069504,바른샘수학교습소,20240717,20240717,개원,        ,        ,0,6,입시.검정 및 보습,보통교과,초등(1),보습,"초등(1):200000, 중등(1):328000, 중등(2):437000, 고등(1):348000",Y, ,경기도 수원시 권선구 동수원로145번길 74,"117호 (권선동,수원아이파크시티 1단지 상가-2)",16663,,20250810
J10,경기도교육청,수원시,교습소,3000053028,바른생각수학교습소,20221111,20221111,개원,        ,99991231,48,6,입시.검정 및 보습,보통교과,,보습, ,Y,N,경기도 수원시 영통구 광교호수공원로 20,", 근린생활시설동-1동, B1-19호 (원천동, 더샵 광교레이크시티)",16515,,20260201
J10,경기도교육청,수원시,교습소,3000061614,바른셈수학교습소,20230809,20230809,개원,        ,        ,0,9,입시.검정 및 보습,,,, ,N, ,경기도 수원시 팔달구 수원천로210번길 19,"602호(인계동, 센트럴프라자)",16470,,20231018
J10,경기도교육청,수원시,교습소,3000076998,바른수학교습소,20251231,20251231,개원,        ,        ,0,6,입시.검정 및 보습,보통교과,초등수학,보통교과,"초등수학:220000, 중등수학:320000, 고등수학:340000",Y, ,경기도 수원시 권선구 호매실로166번길 63,"204호(호매실동, 호매실스위첸 상가동)",16629,,20260222
J10,경기도교육청,수원시,교습소,3000049284,바른영어교습소,20211223,20211223,개원,        ,99991231,16,8,입시.검정 및 보습,보통교과,고등영어,보습,"고등영어:400000, 초등단과(영어):180000, 중등단과(영어):220000",Y,N,경기도 수원시 권선구 당진로15번길 19-9,", 3층 일부 (당수동)",16376,null,20240407
J10,경기도교육청,수원시,교습소,3000028964,박샘논술교습소,20160520,20160520,개원,        ,99991231,12,2,입시.검정 및 보습,보통교과,초등저논술,보습,"초등저논술:80000, 초등고논술:90000, 중등논술:120000",Y,N,경기도 수원시 권선구 일월천로4번길 74,", 204호 (구운동 893, 성원아파트상가동)",16413,,20231018
J10,경기도교육청,수원시,교습소,3000069116,박샘영어교습소,20240610,20240610,개원,        ,        ,0,0,입시.검정 및 보습,,,, ,Y, ,경기도 수원시 영통구 영통로 157,", 203호(망포동, 스타프라움 B동)",16689,,20260412
J10,경기도교육청,수원시,교습소,3000074942,박샘이지영어교습소,20250723,20250723,개원,        ,        ,0,7,입시.검정 및 보습,,,, ,Y, ,경기도 수원시 장안구 장안로 226,", 2층 10호(정자동, 동신아파트 상가동)",16340,,20250727
J10,경기도교육청,수원시,교습소,3000046229,박성모첼로교습소,20210226,20210226,개원,        ,99991231,14,7,예능(대),예능(중),,음악, ,Y,N,경기도 수원시 영통구 덕영대로 1410,", 영통아이파크캐슬 1단지 상가 에이동 201호 (망포동, 영통아이파크캐슬1단지)",16684,,20231018
J10,경기도교육청,수원시,교습소,3000051810,박수미국어논술교습소,20220720,20220720,개원,        ,99991231,30,6,입시.검정 및 보습,보통교과,,보습, ,Y,N,경기도 수원시 장안구 화산로 87,", 216호 (천천동, 천천 푸르지오)",16420,,20231018
J10,경기도교육청,수원시,교습소,24493,박재만기타교습소,20061108,20061108,개원,        ,99991231,50,9,예능(대),예능(중),,음악, ,N,N,경기도 수원시 장안구 경수대로 1080,", 4층 전체(파장동)",16205,,20251026
J10,경기도교육청,수원시,교습소,24450,박혜정피아노교습소,20061018,20061018,개원,        ,99991231,39,4,예능(대),예능(중),,음악,"피아노기초:120000, 피아노중등:130000, 피아노고급:150000, 피아노초급:140000, 피아노중급:150000, 피아노고급:170000",N,N,경기도 수원시 영통구 매탄로204번길 36 (), ,443802,031-212-8511,20250202
J10,경기도교육청,수원시,교습소,68652,반석피아노,19870314,19870314,개원,19870314,99991231,6,6,예능(대),예능(중),0,음악, ,Y,N,경기도 수원시 장안구 덕영대로417번길 45-1,(율전동),16357,031-245-4950,20260426
J10,경기도교육청,수원시,교습소,3000053100,배쌤과수학교습소,20221121,20221121,개원,        ,99991231,12,4,입시.검정 및 보습,보통교과,,보습, ,Y,N,경기도 수원시 영통구 인계로 219,", 106호 (매탄동, 삼성1차아파트 상가동)",16537,,20231018
J10,경기도교육청,수원시,교습소,3000039517,백하미술교습소,20190211,20190211,개원,        ,99991231,378,9,예능(대),예능(중),초중급 1회,미술,"초중급 1회:42000, 초중급 2회:84000, 초중급 3회:127000, 초중급 4회:169000, 초중급 5회:211000, 입시 1회:55000, 입시 2회:110000, 입시 3회:166000, 입시 4회:221000, 입시 5회:277000, 성인 1회:100000, 성인 2회:200000, 성인 3회:250000, 성인 4회:300000, 성인 5회:350000, 초급 1회:42000, 초급 2회:84000, 초급 3회:127000, 초급 4회:169000, 초급 5회:211000",Y,N,경기도 수원시 장안구 상률로12번길 70-15,", 3층 서측일부 (율전동, 해바라기음악학원)",16356,,20231217
J10,경기도교육청,수원시,교습소,3000075945,버블리입욕제공방공예교습소,20250912,20250912,개원,        ,        ,0,5,기타(대),,,, ,Y, ,경기도 수원시 팔달구 고등로 32,606호 (고등동),16453,,20260426
J10,경기도교육청,수원시,교습소,3000068636,버블영어교습소,20240418,20240418,개원,        ,        ,0,6,입시.검정 및 보습,,,, ,Y, ,경기도 수원시 장안구 장안로 271,"210호(정자동, 북수원자이렉스비아 상가1동)",16336,,20250518
J10,경기도교육청,수원시,교습소,3000026553,벅스음악교습소,20151014,20151014,개원,        ,99991231,5,9,예능(대),예능(중),피아노,음악, ,Y,N,경기도 수원시 영통구 광교호수로152번길 23,", 상가 지층 204호 (하동, 광교 LAKE PARK 한양수자인)",443280,,20231018
J10,경기도교육청,수원시,교습소,3000072959,베스트영어교습소,20241227,20241227,개원,        ,        ,0,0,입시.검정 및 보습,,,, ,Y, ,경기도 수원시 권선구 경수대로235번길 41,102호 (세류동),16658,,20250105
J10,경기도교육청,수원시,교습소,33841,베스트타운해법수학교습소,20090202,20090202,개원,        ,99991231,72,8,입시.검정 및 보습,보통교과,,보습,"초등단과(수학):190000, 초등단과(수학):170000, 중등단과(수학):290000, 중등단과(수학):250000, 고등단과(수학):390000, 고등단과(수학):300000, 초등단과(수학):180000, 중등단과(수학):270000, 고등단과:320000",Y,N,경기도 수원시 장안구 정자로42번길 52,"202호 (천천동, 베스트타운경남아파트) ",440730,,20251026
J10,경기도교육청,수원시,교습소,3000074567,벨라스타피아노교습소,20250616,20250616,개원,        ,        ,0,5,예능(대),,,, ,Y, ,경기도 수원시 장안구 수성로157번길 60,", 151호(정자동,화서역 푸르지오 브리시엘)",16318,,20250622
J10,경기도교육청,수원시,교습소,3000048066,벨음악교습소,20210906,20210906,개원,        ,99991231,126,7,예능(대),예능(중),,음악,"피아노 고급 주5회:210000, 피아노 고급 전공반:360000, 피아노 고급 주2회:140000, 피아노 고급 주3회:170000",Y,N,경기도 수원시 영통구 효원로 363,", 214-1호 (매탄동, 매탄 위브 하늘채 상가B)",16543,,20251130
J10,경기도교육청,수원시,교습소,3000035393,별난미술교습소,20180102,20180102,개원,        ,99991231,0,0,예능(대),예능(중),,미술, ,Y,N,경기도 수원시 팔달구 중부대로223번길 99,", 1층 일부(좌측두번째) (우만동)",16496,,20231018
J10,경기도교육청,수원시,교습소,3000069008,별별창작소미술교습소,20240529,20240529,개원,        ,        ,0,9,예능(대),예능(중),초등미술,미술,초등미술:130000,Y, ,경기도 수원시 권선구 서수원로577번길 341,", B130호(금곡동, 수원모아미래도센트럴타운1단지 상가동)",16380,,20240804
J10,경기도교육청,수원시,교습소,3000074026,별수학교습소,20250409,20250409,개원,        ,        ,0,9,입시.검정 및 보습,,,, ,Y, ,경기도 수원시 권선구 칠보로 102,"102호(호매실동, 한양수자인파크원 상가2동)",16401,,20250420
J10,경기도교육청,수원시,교습소,3000044865,별피아노스튜디오음악교습소,20200826,20200826,개원,        ,99991231,0,0,예능(대),예능(중),,음악, ,Y,N,경기도 수원시 영통구 광교호수로 15,", 109호 (원천동, 광교더샵)",16515,,20250323
J10,경기도교육청,수원시,교습소,3000046179,본베토벤음악교습소,20210219,20210219,개원,        ,99991231,30,6,예능(대),예능(중),,음악, ,Y,N,경기도 수원시 팔달구 화산로17번길 6,", 103호 (화서동, 꽃뫼양지마을 현대아파트상가동)",16425,,20231018
J10,경기도교육청,수원시,교습소,3000071902,봄날수학교습소,20240911,20240911,개원,        ,        ,0,0,입시.검정 및 보습,,,, ,Y, ,경기도 수원시 권선구 동수원로177번길 90,"상가 131호 (권선동,수원아이파크시티9단지)",16663,,20240929
J10,경기도교육청,수원시,교습소,3000077950,봄날의음악교습소,20260331,20260331,개원,        ,        ,0,7,예능(대),,,, ,Y, ,경기도 수원시 권선구 칠보로 102,", 103호 (호매실동,한양수자인파크원상가2동)",16401,,20260405
J10,경기도교육청,수원시,교습소,3000054641,봄미술교습소,20230316,20230316,개원,        ,99991231,25,5,예능(대),예능(중),,미술, ,Y,N,경기도 수원시 권선구 세화로168번길 15,", 203호, 204호 (서둔동, 센트라우스 상가동)",16620,,20231018
J10,경기도교육청,수원시,교습소,3000042139,봄빛음악교습소,20191025,20191025,개원,        ,99991231,5,5,예능(대),예능(중),피아노,음악,"피아노:130000, 바이엘:140000, 체르니100:150000, 체르니30:160000, 체르니40:170000",Y,N,경기도 수원시 장안구 상률로12번길 70-13,", B01 (율전동, 상지빌딩)",16356,,20231231
J10,경기도교육청,수원시,교습소,3000076186,봄수학교습소,20251014,20251014,개원,        ,        ,0,5,입시.검정 및 보습,,,, ,Y, ,경기도 수원시 권선구 매실로 57,1층 일부(호매실동),16395,,20251026
J10,경기도교육청,수원시,교습소,30821,봄아뜰리에미술교습소,20080421,20080421,개원,        ,99991231,9,9,예능(대),예능(중),미술,미술,"미술:50000, 미술1:70000, 미술2:100000, 미술3:120000, 미술4:140000, 미술5:150000",N,N,경기도 수원시 장안구 정자로19번길 18 ,"202호 (천천동, 일성아파트)",440727,031-268-7991,20240303
J10,경기도교육청,수원시,교습소,3000021835,봄이그린미술교습소,20140514,20140514,개원,        ,99991231,18,6,예능(대),예능(중),유초등미술,음악, ,Y,N,경기도 수원시 영통구 봉영로1744번길 16,", 206호 (영통동 1052-2, 쌍용아파트상가동)",16711,031-2061-350,20231018
J10,경기도교육청,수원시,교습소,3000033839,봉주르미술교습소,20170801,20170801,개원,        ,99991231,4,4,예능(대),보통교과,,보습, ,Y,N,경기도 수원시 권선구 동수원로145번길 23,", 수원아이파크시티 4단지 상가1동 101호 일부 (권선동, 수원아이파크시티4단지)",16664,,20251102
J10,경기도교육청,수원시,교습소,3000073913,봉현수수학교습소,20250401,20250401,개원,        ,        ,0,8,입시.검정 및 보습,,,, ,Y, ,경기도 수원시 팔달구 정조로 697,", 1003호(매교동, 마인플라자)",16467,,20250406
J10,경기도교육청,수원시,교습소,42219,불독수학교습소,20100823,20100823,개원,        ,99991231,16,8,입시.검정 및 보습,보통교과,,보습, ,Y,N,경기도 수원시 영통구 매영로 10, 삼성아파트 상가동 206호 (매탄동),443370,070-4195-2303,20250406
J10,경기도교육청,수원시,교습소,3000013359,브레멘음악교습소,20111205,20111205,개원,        ,99991231,63,9,예능(대),예능(중),피아노 초급,음악,"피아노 초급:140000, 피아노 중급(A):150000, 피아노 중급(B):160000, 피아노 중급(C):170000, 피아노 입시:300000",Y,N,경기도 수원시 팔달구 덕영대로735번길 18,", 202호 (화서동)",16437,,20250518
J10,경기도교육청,수원시,교습소,3000050269,브레인온창의수학교습소,20220303,20220303,개원,        ,99991231,7,7,기타(대),기타(중),창의수학1,기타(소),"창의수학1:80000, 창의수학:98000",Y,N,경기도 수원시 권선구 금곡로102번길 15,", 507호 (금곡동, 비즈웍스)",16388,null,20260222
J10,경기도교육청,수원시,교습소,3000028594,브루클린아트미술교습소,20160401,20160401,개원,        ,99991231,54,6,예능(대),예능(중),,미술,"미술일반(초등1):80000, 미술일반(초등2-6):100000, 미술일반(초등2-6):80000, 미술일반(성인):100000, 미술일반(초등미술):120000, 미술일반(중등미술):120000, 초등미술:92880, 초등미술:139320, 초등미술:160000",Y,N,경기도 수원시 장안구 송정로168번길 2,", 1층 일부 (조원동)",16288,,20260426
J10,경기도교육청,수원시,교습소,3000012517,브리앙뜨아트미술교습소,20230621,20230626,개원,        ,        ,0,9,예능(대),,아동미술,,"아동미술:150000, 아동미술1:280000, 아동미술2:75000, 아동미술 원데이:35000",Y, ,경기도 수원시 팔달구 수원천로210번길 19,"601호(인계동, 센트럴프라자)",16470,010-4114-5341,20231018
J10,경기도교육청,수원시,교습소,3000039895,브릭스영어교습소,20190311,20190311,개원,        ,99991231,81,9,입시.검정 및 보습,보통교과,초등영어,보습,"초등영어:230000, 중등영어:270000, 고등영어1:360000, 고등영어2:380000, 고등영어3:400000, 초등초급:190000, 초등중급:220000, 중등과정1:250000, 중등과정2:270000",Y,N,경기도 수원시 장안구 장안로217번길 14,", 2층 207호 (정자동, 범야건설주식회사)",16339,,20260201
J10,경기도교육청,수원시,교습소,3000045993,브릭스영어효천영어교습소,20210126,20210126,개원,        ,99991231,56,8,입시.검정 및 보습,보통교과,,보습,"초등초급반:180000, 초등중급반:200000, 초등심화반:210000, 중등반:250000, 초등123:190000, 초등456:210000, 중둥:250000",Y,N,경기도 수원시 장안구 만석로20번길 28,", 205호 (정자동, 청솔마을 한라 아파트 상가동)",16330,,20260201
J10,경기도교육청,수원시,교습소,3000051547,브릴란테피아노교습소,20220630,20220630,개원,        ,99991231,5,5,예능(대),예능(중),,음악, ,Y,N,경기도 수원시 영통구 에듀타운로 102,", B동 221호 (이의동, 광교중앙역 SK VIEW)",16509,null,20251012
J10,경기도교육청,수원시,교습소,3000045552,브릴리언트잉글리쉬영어교습소,20201201,20201201,개원,        ,99991231,0,0,입시.검정 및 보습,보통교과,,보습, ,Y,N,경기도 수원시 장안구 정자로19번길 18,", 2층 205호 (천천동, 천천일성아파트)",16323,031-269-9705,20260201
J10,경기도교육청,수원시,교습소,41030,블루밍이화피아노교습소,20100401,20100401,개원,        ,99991231,15,5,예능(대),예능(중),중급(주2회),음악,"중급(주2회):140000, 중급(주3회):140000, 중급(주4회):150000, 고급(주2회):150000, 고급(주3회):160000, 고급(주4회):160000, 반주법,취미반:150000, 레퍼토리(고급):170000, 입시:320000, 초급(주2회):120000, 초급(주3회):130000, 초급(주4회):130000",Y,N,경기도 수원시 팔달구 팔달로153번길 65,  2층 (화서동),442859,031-241-0720,20250525
J10,경기도교육청,수원시,교습소,3000052504,블루밍피아노음악교습소,20220926,20220926,개원,        ,99991231,16,4,예능(대),예능(중),피아노 기초 A,음악,"피아노 기초 A:160000, 피아노 기초 B:140000, 피아노 중급1 A:170000, 피아노 중급1 B:150000, 피아노 중급2 B:160000, 피아노 중급3 A:190000, 피아노 중급3 B:170000, 작품반:250000, 피아노 중급2 A:180000",Y,N,경기도 수원시 장안구 파장로 53,", 102호 (정자동, 정자 벽산블루밍 상가2)",16340,null,20260412
J10,경기도교육청,수원시,교습소,3000021795,블루밍해법영어교습소,20140602,20140602,개원,        ,99991231,36,9,입시.검정 및 보습,보통교과,초등영어,보습,"초등영어:190000, 초등영어:210000, 중등영어:250000, 고등영어:300000",N,N,경기도 수원시 팔달구 화양로38번길 17,", 101호 (화서동)",16438,,20231018
J10,경기도교육청,수원시,교습소,3000073653,블리스영어교습소,20250307,20250307,개원,        ,        ,0,9,입시.검정 및 보습,,,, ,Y, ,경기도 수원시 영통구 태장로 81,", 408호(망포동, 망포동e-타운Ⅱ)",16688,,20250309
J10,경기도교육청,수원시,교습소,3000062805,비끄아트고등점미술교습소,20231129,20231129,개원,        ,        ,0,9,예능(대),예능(중),미술1,미술,"미술1:50000, 미술2:100000, 미술3:65000, 원데이 미술1:10000, 원데이 미술2:15000",Y, ,경기도 수원시 팔달구 고등로 32,"614호(고등동, SJ타워)",16453,,20260405
J10,경기도교육청,수원시,교습소,3000034690,비비피아노음악교습소,20171107,20171106,개원,        ,99991231,25,7,예능(대),예능(중),,음악, ,Y,N,경기도 수원시 권선구 당진로 29-4,", 206호 일부 (당수동)",16376,,20231018
J10,경기도교육청,수원시,교습소,23289,비상아이비츠수학교습소,20060808,20060808,개원,        ,99991231,20,5,입시.검정 및 보습,,초등단과(수학),,"초등단과(수학):120000, 중등단과(수학):160000, 초등수학1:140000, 중등수학1:180000, 초등수학2:210000, 중등수학2:240000",Y,N,경기도 수원시 영통구 인계로220번길 20,3층 전체(매탄동),16543,031-211-0770,20231018
J10,경기도교육청,수원시,교습소,3000047088,비상잉글리시아이능실점영어교습소,20210527,20210527,개원,        ,99991231,18,6,입시.검정 및 보습,보통교과,,보습, ,Y,N,경기도 수원시 권선구 호매실로165번길 71,", 105호 일부 (호매실동, 호매실 금호어울림 에듀포레)",16628,,20231018
J10,경기도교육청,수원시,교습소,3000052726,비상잉글리시아이망포벽산영어교습소,20221020,20221020,개원,        ,99991231,16,5,입시.검정 및 보습,보통교과,,보습, ,Y,N,경기도 수원시 영통구 영통로90번길 4-27,"202호, 203호(망포동,늘푸른 벽산아파트 주상가동)",16692,,20240421
J10,경기도교육청,수원시,교습소,3000075781,비상잉글리시아이망포영어교습소,20250828,20250828,개원,        ,        ,0,6,입시.검정 및 보습,,,, ,Y, ,경기도 수원시 영통구 태장로7번길 49,", 103호(망포동, 영통플래티넘베이스씨)",16685,,20250907
J10,경기도교육청,수원시,교습소,3000026660,비상잉글리시아이세류중앙살아있는진짜영어교습소,20151023,20151023,개원,        ,99991231,12,6,입시.검정 및 보습,보통교과,초등영어,보습,"초등영어:160000, 중등영어:200000",Y,N,경기도 수원시 권선구 세류로 60,"205호(세류동, 수원센트럴타운1단지 상가동)",16459,031-226-5905,20250202
J10,경기도교육청,수원시,교습소,3000032104,비상잉글리시아이영어교습소,20170224,20170224,개원,        ,99991231,12,8,입시.검정 및 보습,보통교과,초등영어 파닉스,보습,"초등영어 파닉스:180000, 초등 고 영어:190000, 중등:270000, 고등:400000",Y,N,경기도 수원시 권선구 매실로 70,", 201호 (호매실동, 호매실GS아파트)",16395,,20260308
J10,경기도교육청,수원시,교습소,3000032454,비상잉글리시아이영통삼단지영어교습소,20170317,20170317,개원,        ,99991231,0,0,입시.검정 및 보습,보통교과,,보습, ,Y,N,경기도 수원시 영통구 영통로 460,", 205호 일부(좌측)(대우.동신아파트상가동) (영통동, 대우.동신아파트)",16707,,20251019
J10,경기도교육청,수원시,교습소,3000074688,비상잉글리시아이영통푸르지오점영어교습소,20250627,20250627,개원,        ,        ,0,6,입시.검정 및 보습,,,, ,Y, ,경기도 수원시 영통구 태장로36번길 36,", 217호(망포동,영통푸르지오파인베르)",16686,,20250706
J10,경기도교육청,수원시,교습소,3000062647,비상잉글리시아이오목천점영어교습소,20231115,20231115,개원,        ,        ,0,9,입시.검정 및 보습,보통교과,초등영어 A,보습,"초등영어 A:180000, 초등영어 D:200000, 초등영어 B:200000, 초등영어 C:220000, 중등영어:250000",Y, ,경기도 수원시 권선구 삼천병마로1566번길 11,", 208호(오목천동, 플래티넘프라자)",16636,,20260405
J10,경기도교육청,수원시,교습소,37607,비상잉글리시아이율현점영어교습소,20090925,20090925,개원,        ,99991231,32,4,입시.검정 및 보습,보통교과,초등단과(영어),보습,"초등단과(영어):170000, 중등단과(영어):220000, 고등단과(영어):310000, 초등(영어):170000, 중등단과(영어):230000, 고등단과(영어):320000, 중등영어:240000, 고등영어:350000",Y,N,경기도 수원시 팔달구 일월로18번길 4-17,  102호 (화서동),442150,031-304-9339,20231018
J10,경기도교육청,수원시,교습소,3000039654,비상잉글리시아이호매실가온영어교습소,20190221,20190221,개원,        ,99991231,7,7,입시.검정 및 보습,보통교과,,보습, ,Y,N,경기도 수원시 권선구 서수원로577번길 341,", B113호 (금곡동)",16380,,20231018
J10,경기도교육청,수원시,교습소,3000068902,비엠잉글리쉬영어교습소,20240516,20240516,개원,        ,        ,0,6,국제화,외국어,초등영어,외국어,"초등영어:185000, 초등영어2:275000, 1회특강:30000, 중등영어:120000, 중등영어2:240000",Y, ,경기도 수원시 영통구 대학로 98,", 102호(이의동,광교 호반베르디움 트라엘 8116동)",16224,,20240526
J10,경기도교육청,수원시,교습소,3000031197,빈나영수학교습소,20161214,20161214,개원,        ,99991231,66,8,입시.검정 및 보습,보통교과,초등단과(수학),보습,"초등단과(수학):85000, 초등단과(수학):120000, 중등단과(수학):250000, 초6수학(예비중1)1~2월:220000, 초등6수학:130000, 초등5학년(수학):98000, 초등6학년(수학):141000, 초등6학년(월수금예비중등/1~2월):263000, 초등6학년(화목 예비중등/1~2월):252000, 중등(월수금):304000, 중등(화목):291000",Y,N,경기도 수원시 팔달구 경수대로604번길 5,", 201호 일부 (우만동)",16240,,20231018
J10,경기도교육청,수원시,교습소,3000034163,빈센트미술교습소,20170906,20170906,개원,        ,99991231,25,5,예능(대),예능(중),유치부,미술,"유치부:57000, 초등부:115000, 유치부:57000, 초등부:100000, 초등부:130000",Y,N,경기도 수원시 장안구 덕영대로417번길 99,", 오렌지하우스 202호 (율전동)",16356,,20231018
J10,경기도교육청,수원시,교습소,3000045048,빈스플룻음악교습소,20200915,20200915,개원,        ,99991231,8,4,예능(대),예능(중),,음악, ,Y,N,경기도 수원시 장안구 율전로101번길 73,", 3층 307호 (율전동, 수원성균관대역동문굿모닝힐)",16361,,20231018
J10,경기도교육청,수원시,교습소,3000037581,빌드업영어교습소,20180726,20180726,개원,        ,99991231,174,8,입시.검정 및 보습,보통교과,초등 Phonics,보습,"초등 Phonics:170000, 초등 basic:180000, 중등(주2회반):180000, 중등(주3회반):270000, 고등(주2회반):280000, 고등(주3회반):300000, 초등(주3회반):130000, 초등(주4회반):160000, 초등(주5회반):200000, 중등(주2회반):250000, 중등(주3회반):290000, 고등(주3회반):300000, 초등A:130000, 초등B:190000, 초등C:210000, 중등B:270000, 고등:320000, 중등A:240000, 초등(주3회):130000, 초등(주3회):190000, 중등(주2회):200000, 중등(주3회):240000, 중등(주5회):330000, 고등(주3회):320000, 초등영어:100000",Y,N,경기도 수원시 팔달구 일월로18번길 4-26,", 2층 206호 (화서동, 꽃뫼버들마을 코오롱아파트 상가동)",16424,031-297-0514,20231018
J10,경기도교육청,수원시,교습소,26655,빛나는아이들피아노교습소,20070427,20070427,개원,        ,99991231,164,4,예능(대),예능(중),초급A,음악,"초급A:170000, 초급B:160000, 초급C:130000, 초급D:180000, 초급E:170000, 중급A:190000, 중급B:180000, 중급C:200000, 중급D:180000, 고급A(입시):220000, 고급B(입시):270000",N,N,경기도 수원시 장안구 연무로 19,  2층일부 (연무동),440813,031-242-9396,20260201
J10,경기도교육청,수원시,교습소,3000040167,뿌리수학교습소,20190401,20190401,개원,        ,99991231,12,4,입시.검정 및 보습,보통교과,초등수학,보습, ,Y,N,경기도 수원시 영통구 청명북로 83,", 1층 103호 전체 (영통동, 청명마을주공아파트 가상가)",16709,031-205-1147,20231018
J10,경기도교육청,수원시,교습소,3000047945,사고력톡톡창의수학교습소,20210824,20210824,개원,        ,99991231,8,4,기타(대),기타(중),,기타(소), ,Y,N,경기도 수원시 팔달구 고등로 32,", 615호 (고등동),SJ타워",16453,010-8758-8056,20231018
J10,경기도교육청,수원시,교습소,3000054361,사라샘클라스실용영어교습소,20230227,20230227,개원,        ,99991231,27,9,국제화,외국어,,실용외국어(유아/초·중·고), ,Y,N,경기도 수원시 영통구 반달로7번길 40,", 604호 일부 (영통동, 평익칼라스위트)",16704,,20231018
J10,경기도교육청,수원시,교습소,3000046714,사랑해해람인문학국어교습소,20210416,20210416,개원,        ,99991231,40,9,입시.검정 및 보습,보통교과,,보습, ,Y,N,경기도 수원시 영통구 봉영로 1612,", 보보스프라자 3층 318호 (영통동, 보보스프라자)",16704,,20231018
J10,경기도교육청,수원시,교습소,3000047770,사운드플랜트음악교습소,20210804,20210804,개원,        ,99991231,0,0,예능(대),예능(중),,음악, ,Y,N,경기도 수원시 팔달구 경수대로466번길 20,", 501호 (인계동, 대지빌딩)",16489,070-8222-4890,20250406
J10,경기도교육청,수원시,교습소,3000072585,사유의숲영어교습소,20241128,20241128,개원,        ,        ,0,9,입시.검정 및 보습,보통교과,,보습,중등영어:437568,Y, ,경기도 수원시 영통구 법조로 25,", 1216호(하동, 광교 SK VIEW Lake A)",16514,,20250727
J10,경기도교육청,수원시,교습소,3000059623,산남푸르넷수학교습소,20230731,20230731,개원,        ,        ,0,8,입시.검정 및 보습,,,, ,Y, ,경기도 수원시 영통구 동수원로514번길 58-1,", 1층 일부(매탄동)",16524,,20251012
J10,경기도교육청,수원시,교습소,3000076207,살다르미술교습소,20251023,20251023,개원,        ,        ,0,8,예능(대),,,, ,Y, ,경기도 수원시 팔달구 효원로55번길 51,",2층 일부(매교동)",16464,,20251026
J10,경기도교육청,수원시,교습소,3000054861,삼공삼공영어교습소,20230404,20230404,개원,        ,99991231,12,7,입시.검정 및 보습,보통교과,,보습, ,Y,N,경기도 수원시 장안구 화산로259번길 27,", 1층 일부 (율전동, 미래건축인테리어)",16361,,20231018
J10,경기도교육청,수원시,교습소,3000014286,삼성영어권선교습소,20120222,20120222,개원,        ,99991231,59,9,입시.검정 및 보습,보통교과,초등단과(영어),보습,"초등단과(영어):150000, 중등단과(영어):180000, 초등단과(영어):170000, 초등단과(영어):180000, 초등단과(영어):190000, 중등단과(영어):250000, 초등단과(영어):170000, 초등단과(영어):180000, 초등단과(영어):190000, 중등단과(영어):200000, 중등단과(영어):210000, 중등단과(영어):220000",Y,N,경기도 수원시 권선구 덕영대로1217번길 24,", 202호 (권선동 1199-1, 두산동아아파트상가동)",16584,031-223-5676,20231018
J10,경기도교육청,수원시,교습소,3000027255,삼성영어권선제이교실영어교습소,20151215,20151215,개원,        ,99991231,61,8,입시.검정 및 보습,보통교과,초등영어,보습,"초등영어:192000, 중등영어:340200, 초등영어기초:170000, 초등영어중급:180000, 초등영어고급:190000, 중등영어A:220000, 중등영어B:250000",Y,N,경기도 수원시 권선구 권선로639번길 32,", 1층 일부 (권선동)",16569,031-237-7797,20231018
J10,경기도교육청,수원시,교습소,3000024737,삼성영어센트럴교실영어교습소,20150324,20150324,개원,        ,99991231,9,9,입시.검정 및 보습,보통교과,,보습, ,Y,Y,경기도 수원시 권선구 세류로 39,", 201호 일부 (세류동, LH수원센트럴타운2단지)",16592,,20231018
J10,경기도교육청,수원시,교습소,3000074524,삼성영어셀레나가온캠퍼스영어교습소,20250612,20250612,개원,        ,        ,0,8,입시.검정 및 보습,보통교과,유치-초등1~2,보통교과,"유치-초등1~2:230000, 초등3~5(Basic):240000, 초등3~5(Inter):250000, 초등3~5(Ad):260000, 초등6(Basic):250000, 초등6(Inter):260000, 초등6(Ad):270000, 중등부:290000",Y,N,경기도 수원시 권선구 서수원로577번길 305,"B211호(금곡동,수원모아미래도센트럴타운2단지)",16380,,20260426
J10,경기도교육청,수원시,교습소,3000073814,삼성영어셀레나매교영어교습소,20250324,20250324,개원,        ,        ,0,9,입시.검정 및 보습,,,, ,Y, ,경기도 수원시 팔달구 효원로93번길 33,",505-1 (매교동,힐스테이트 푸르지오 수원 상가5동)",16464,,20250330
J10,경기도교육청,수원시,교습소,41894,삼성영어셀레나매탄영어교습소,20100715,20100715,개원,        ,99991231,20,5,입시.검정 및 보습,보통교과,,보습,"초등영어:170000, 중등영어:200000, 중등고급:230000, 고등부:250000",Y,N,경기도 수원시 영통구 인계로 219,", 삼성아파트 상가동 212호 (매탄동,삼성아파트)",443718,031-236-6944,20250518
J10,경기도교육청,수원시,교습소,3000074689,삼성영어셀레나영통푸르지오영어교습소,20250627,20250627,개원,        ,        ,0,9,입시.검정 및 보습,보통교과,초등영어(pre-phonics),보통교과,"초등영어(pre-phonics):220000, 초등영어(basic):220000, 초등영어(inter이상):240000, 초등영어특강:30000, 초등영어(grammer):100000",Y, ,경기도 수원시 영통구 태장로36번길 8,", 102호(망포동,영통푸르지오트레센츠)",16686,,20260405
J10,경기도교육청,수원시,교습소,3000077409,삼성영어셀레나영흥숲영어교습소,20260209,20260209,개원,        ,        ,0,0,입시.검정 및 보습,,,, ,Y, ,경기도 수원시 영통구 영흥숲길 50,106호(원천동),16523,,20260215
J10,경기도교육청,수원시,교습소,3000073192,삼성영어셀레나이의영어교습소,20260309,20250120,개원,        ,        ,0,8,입시.검정 및 보습,보통교과,초등영어A,보습,"초등영어A:180000, 초등영어B:240000, 초등영어C:230000, 중등영어:300000, 고등영어A:380000, 고등영어B:400000",Y, ,경기도 수원시 영통구 법조로149번길 8,", 1층 일부(하동)",16512,,20260405
J10,경기도교육청,수원시,교습소,3000053856,삼성영어셀레나초중영어교습소,20230117,20230117,개원,        ,99991231,36,7,입시.검정 및 보습,보통교과,초등영어A,보습,"초등영어A:210000, 초등영어B:190000, 초등영어C:140000, 중등영어:250000",N,N,경기도 수원시 영통구 동탄원천로915번길 36,", 102호 (매탄동, 주공그린빌)",16547,null,20240303
J10,경기도교육청,수원시,교습소,3000072022,삼성영어셀레나황곡영어교습소,20240930,20240930,개원,        ,        ,0,9,입시.검정 및 보습,,,, ,Y, ,경기도 수원시 영통구 영통로 519,", 2층 일부(영통동, 201호 및 202호)",16706,010-4345-5063,20241103
J10,경기도교육청,수원시,교습소,3000028844,삼성일단지해법수학교습소,20160426,20160426,개원,        ,99991231,18,9,입시.검정 및 보습,보통교과,,보습, ,Y,N,경기도 수원시 장안구 서부로 2065,", 205,206호 (율전동, 삼성아파트상가)",16363,,20231018
J10,경기도교육청,수원시,교습소,70281,삼성컴퓨터,19980811,19980811,개원,19980811,99991231,42,7,정보,정보,정보화 교육 초급,정보교과,"정보화 교육 초급:160000, 정보화 교육 중급:170000, 정보기술자격(ITQ) 국가기술자격 코딩 및 기능사 워드프로세서 컴퓨터활용:180000, 사무자동화과정/정보기술/국가기술자격/그래픽 활용 및 블로그(성인):200000, 컴퓨터활용능력/MOS Master/산업기사/기사(성인):250000, 정보기술자격, 워드, 파워포인트, 엑셀 등(초등부):140000, 정보기술자격, 워드, 파워포인트, 엑셀 등(중고등부):150000, 국가기술자격기능사, 워드, 컴활능력 및 코등(초중고):160000, 사무자동화-OA(대학부 및 성인):170000, 국가기술자격(대학부 및 성인):180000, 컴활능력1급, MOS, 산업기사, 기사:220000",Y,N,경기도 수원시 권선구 권중로 158, 벽산아파트 상가 411동 202호 (권선동),441741,031-232-9398,20251221
J10,경기도교육청,수원시,교습소,3000018793,상상그림터미술교습소,20130628,20130628,개원,        ,99991231,76,9,예능(대),예능(중),미술일반(A),음악,"미술일반(A):80000, 미술일반(B):100000, 미술일반(중등부):100000, 초등미술(주2회):85000, 초등미술(주3회):120000, 초등미술(주1회):43000, 미술 주1회:46000, 미술 주2회:92000, 중등반 1회:69000",Y,N,경기도 수원시 장안구 이목로24,", 수원 SK SKY VIEW 601동 212호 전체 (정자동)",440830,031-268-4467,20231018
J10,경기도교육청,수원시,교습소,3000044303,상상나무미술교습소,20200602,20140317,개원,        ,99991231,63,7,예능(대),예능(중),미술1,미술,"미술1:100000, 미술2:120000, 미술3:70000, 미술4:110000, 미술5:130000, 미술A:110000, 미술B:130000, 미술C:120000, 미술D:140000",Y,N,경기도 수원시 권선구 금곡로73번길 71,", 216호 (금곡동, 금곡엘지아파트)",16382,,20231018
J10,경기도교육청,수원시,교습소,3000034251,상상도토리미술교습소,20170921,20170921,개원,        ,99991231,84,7,예능(대),예능(중),주2회반,미술,"주2회반:86000, 주3회반:129000, 미술 주1회:64000, 미술주2회:120000, 미술주3회:15000, 초등미술1:65000, 초등미술2:120000, 초등미술3:145000, 미술1:101652, 미술2:150000, 미술3:180000, 미술4:260000",Y,N,경기도 수원시 권선구 매곡로 43,", 310동 208호 (금곡동)",16397,null,20250302
J10,경기도교육청,수원시,교습소,3000030430,상상숲미술교습소,20161013,20161013,개원,        ,99991231,21,7,입시.검정 및 보습,보통교과,,보습, ,Y,N,경기도 수원시 팔달구 팔달문로163번길 28,", 1층 102호 (우만동)",16238,,20231018
J10,경기도교육청,수원시,교습소,3000081696,상상톡미술교습소,20260414,20260414,개원,        ,        ,0,0,예능(대),,,, ,Y, ,경기도 수원시 영통구 광교호수공원로 45,"102호(원천동,광교 호반베르디움)",16516,,20260426
J10,경기도교육청,수원시,교습소,6019,상상피아노음악교습소,20040115,20040115,개원,        ,99991231,24,0,예능(대),예능(중),,음악, ,N,N,경기도 수원시 권선구 서수원로 607,", 201호 (금곡동,강남아파트상가동)",441746,031-296-7544,20250601
J10,경기도교육청,수원시,교습소,28251,새로남피아노교습소,20070919,20070919,개원,        ,99991231,130,5,예능(대),예능(중),초급(바이엘),음악,"초급(바이엘):100000, 중급(체르니):100000, 고급(체르니30):120000, 고급(체르니40이상):130000, 입시반:200000, 초급피아노:110000, 중급피아노:120000, 고급피아노A:130000, 고급피아노B:140000, 입시피아노:300000, 피아노초급:120000, 피아노중급:130000, 피아노고급A:140000, 피아노고급B:150000, 피아노입시:400000, 피아노 초급(바이엘):130000, 피아노 중급A(체르니 100):140000, 피아노 중급B(체르니 30):150000, 피아노 중급C(체르니 40):160000, 피아노 고급(입시):400000, 초급반피아노(바이엘):140000, 중급A반:150000, 중급B반:160000, 중급C반:170000, 입시반:400000",Y,N,경기도 수원시 영통구 영통로 349,  4층 (영통동),443470,,20231018
J10,경기도교육청,수원시,교습소,68472,새로핌피아노,19800813,19800813,개원,19800813,99991231,9,3,예능(대),예능(중),음악일반(피아노초급),음악,"음악일반(피아노초급):100000, 음악일반(피아노중급):110000, 음악일반(피아노고급):120000",Y,N,경기도 수원시 팔달구 팔달로127번길 55-1,", 1층(화서동)",16439,031-246-0868,20260426
J10,경기도교육청,수원시,교습소,3000050963,새벽국어교습소,20220428,20220428,개원,        ,99991231,28,7,입시.검정 및 보습,보통교과,,보습, ,Y,N,경기도 수원시 장안구 정자천로13번길 21,", 3층 일부 (천천동, 302호)",16421,,20231018
J10,경기도교육청,수원시,교습소,3000076090,새봄문해력교실독서논술교습소,20251010,20251010,개원,        ,        ,0,6,입시.검정 및 보습,,,, ,Y, ,경기도 수원시 영통구 매영로 346,", 111호(영통동,신나무실 건영아파트 상가)",16699,,20251012
J10,경기도교육청,수원시,교습소,3000073531,새삼논술교습소,20250225,20250225,개원,        ,        ,0,9,입시.검정 및 보습,,,, ,Y, ,경기도 수원시 권선구 삼천병마로1570번길 69,", 102호(오목천동)",16636,,20250302
J10,경기도교육청,수원시,교습소,3000055160,새피카소미술교습소,20230503,20230503,개원,        ,99991231,0,0,예능(대),예능(중),초등 미술,미술,"초등 미술:150000, 유치부 미술:100000",Y,N,경기도 수원시 권선구 세권로43번길 26-6,", 114호 (세류동, 수원권선 어울림)",16575,null,20251123
J10,경기도교육청,수원시,교습소,3000043558,색감화실미술교습소,20200225,20200225,개원,        ,99991231,207,9,예능(대),예능(중),,미술, ,Y,N,경기도 수원시 팔달구 효원로 36,", 2층 (매산로3가)",16456,,20231018
J10,경기도교육청,수원시,교습소,3000081681,샘길수학교습소,20260413,20260413,개원,        ,        ,0,8,입시.검정 및 보습,,,, ,Y, ,경기도 수원시 팔달구 세지로244번길 7,1층 일부(인계동),16472,,20260426
J10,경기도교육청,수원시,교습소,70232,샘내피아노,19980328,19980328,개원,19980328,99991231,20,0,예능(대),예능(중),음악일반(피아노기초),음악, ,Y,N,경기도 수원시 장안구 하률로46번길 22," 삼호진덕아파트 상가 206호 (천천동, 삼호진덕아파트상가)",440717,031-271-2396,20231018
J10,경기도교육청,수원시,교습소,3000071868,생각나래본원독서토론논술교습소,20240909,20240909,개원,        ,        ,0,9,입시.검정 및 보습,보통교과,초등논술A,보습·논술,"초등논술A:140000, 초등논술B:170000",Y, ,경기도 수원시 영통구 봉영로 1526,", 201호 일부(영통동,살구골 진덕,서광,성지,동아 아파트)",16701,010-5344-9051,20240929
J10,경기도교육청,수원시,교습소,3000067663,생각더하기창의수학교습소,20240129,20240129,개원,        ,        ,0,9,기타(대),,,, ,Y, ,경기도 수원시 권선구 서수원로577번길 341,", B111호(금곡동,수원모아미래도센트럴타운1단지)",16380,,20240303
J10,경기도교육청,수원시,교습소,3000012508,생각의숲창의수학교습소,20230621,20230626,개원,        ,        ,0,3,기타(대),,창의수학1,,"창의수학1:70000, 창의수학2:75000, 창의수학3:80000",Y, ,경기도 수원시 팔달구 덕영대로697번길 17,"401호(화서동, 그린프라자)",16435,010-3688-0936,20240804
J10,경기도교육청,수원시,교습소,3000033232,생각이크는아이들독서논술교습소,20170609,20170609,개원,        ,99991231,0,0,입시.검정 및 보습,보통교과,,보습·논술, ,Y,N,경기도 수원시 영통구 영통로501번길 10-15,", 2층 전체  (영통동)",16706,,20251019
J10,경기도교육청,수원시,교습소,3000049214,생각이피어나는독서논술교습소,20211217,20211217,개원,        ,99991231,9,6,입시.검정 및 보습,보통교과,,보습·논술, ,Y,N,경기도 수원시 장안구 천천로22번길 34,", 206호 (정자동, 백설마을 삼환 나우빌 아파트 상가동)",16332,,20231018
J10,경기도교육청,수원시,교습소,3000063592,생각키움수학교습소,20231204,20231204,개원,        ,        ,0,9,입시.검정 및 보습,,,, ,Y, ,경기도 수원시 영통구 영흥숲길 50,", 202호 일부(원천동,영흥숲푸르지오파크비엔근린생활시설-1)",16523,,20250720
J10,경기도교육청,수원시,교습소,3000039155,생각하는아이논술교습소,20190102,20190102,개원,        ,99991231,10,5,입시.검정 및 보습,보통교과,,보습, ,Y,N,경기도 수원시 장안구 만석로20번길 38,", 4층 406호 (정자동, 예인유치원)",16330,,20240303
J10,경기도교육청,수원시,교습소,3000069612,생각하는코끼리통합논술교습소,20240729,20240729,개원,        ,        ,0,0,입시.검정 및 보습,,,, ,Y, ,경기도 수원시 권선구 당진로14번길 57,", 204호(당수동, 삼정아파트 상가동)",16375,,20240804
J10,경기도교육청,수원시,교습소,3000074795,샤인영어교습소,20250709,20250709,개원,        ,        ,0,8,입시.검정 및 보습,,,, ,Y, ,경기도 수원시 팔달구 정조로 697,(매교동) 704호,16467,,20251019
J10,경기도교육청,수원시,교습소,3000035911,서수원푸르지오해법수학교습소,20180214,20180214,개원,        ,99991231,18,9,입시.검정 및 보습,보통교과,초등수학1,보습,"초등수학1:150000, 중등수학1:200000, 초등수학:180000, 중등수학:240000",Y,N,경기도 수원시 권선구 입북로77번길 62,", 제116동 2층 203호 (입북동, 서수원 레이크 푸르지오 1단지)",16365,null,20240128
J10,경기도교육청,수원시,교습소,3000023733,서울음악교습소,20141218,20141218,개원,        ,99991231,15,8,예능(대),예능(중),,음악, ,Y,N,경기도 수원시 영통구 도청로 65,", 204호 (이의동)",443270,,20260201
J10,경기도교육청,수원시,교습소,3000034547,서진국어교습소,20171024,20171024,개원,        ,99991231,3,3,입시.검정 및 보습,보통교과,,보습, ,Y,N,경기도 수원시 영통구 봉영로1744번길 11,",  301호 일부(1/3) (벽산.풍림아파트상가1동) (영통동, 벽산.풍림아파트)",16713,031-202-3258,20231018
J10,경기도교육청,수원시,교습소,3000050266,서평공감수학교습소,20220228,20220228,개원,        ,99991231,21,7,입시.검정 및 보습,보통교과,,보습, ,Y,N,경기도 수원시 권선구 세화로168번길 15,", 201호 (서둔동, 센트라우스)",16620,,20250817
J10,경기도교육청,수원시,교습소,3000036361,서희피아노교습소,20180323,20180323,개원,        ,99991231,15,7,예능(대),예능(중),,음악, ,Y,N,경기도 수원시 권선구 온정로9번길 36,", 202호 (오목천동)",16631,031-291-0690,20231018
J10,경기도교육청,수원시,교습소,2431,선경피아노교습소,20021127,20021127,개원,        ,99991231,35,4,예능(대),예능(중),음악일반 초급,음악, ,N,N,경기도 수원시 팔달구 권광로317번길 15, 선경A상가동 302호 (인계동),442825,,20231018
J10,경기도교육청,수원시,교습소,3000046433,선수학교습소,20210316,20210316,개원,        ,99991231,0,0,입시.검정 및 보습,보통교과,,보습, ,Y,N,경기도 수원시 장안구 화산로 263,", 202호 203호 (율전동, 신일아파트)",16359,,20231018
J10,경기도교육청,수원시,교습소,70518,선아미술,20000909,20000909,개원,20000909,99991231,6,6,예능(대),예능(중),미술일반,미술, ,Y,N,경기도 수원시 장안구 송정로138번길 21,일원(조원동),16309,031-252-8833,20260426
J10,경기도교육청,수원시,교습소,3000076028,선일스마트해법수학교습소,20250926,20250926,개원,        ,        ,0,5,입시.검정 및 보습,보통교과,사고력수학,보습,"사고력수학:75000, 수리논술:75000, 초등1~4:233000, 초등5~6:238000, 중등:288000",Y, ,경기도 수원시 권선구 권중로 110,", 203호(권선동,보성,유원아파트 상가1동)",16560,,20251019
J10,경기도교육청,수원시,교습소,3000036669,성균관논술교습소,20180418,20180418,개원,        ,99991231,18,8,입시.검정 및 보습,보통교과,초등논술,보습,"초등논술:100000, 초등논술:150000, 중등논술:120000",Y,N,경기도 수원시 장안구 화산로 263,", 207호 (율전동, 신일아파트)",16359,,20231018
J10,경기도교육청,수원시,교습소,3000028318,성균관수학교습소,20160315,20160315,개원,        ,99991231,18,9,입시.검정 및 보습,보통교과,,보습, ,Y,N,경기도 수원시 팔달구 덕영대로697번길 21-7,", 404호 일부(화서동, 정자프라자1동)",16435,,20240505
J10,경기도교육청,수원시,교습소,3000053519,성찬쌤수학의공간수학교습소,20221222,20221222,개원,        ,99991231,42,7,입시.검정 및 보습,보통교과,수학(중등A),보통교과,"수학(중등A):320000, 수학(중등B):320000, 수학(고등A):360000, 수학(고등B):360000, 수학(고등C):360000, 수학(고등D):360000, 수학(고등E):380000, 수학(고등F):250000",Y,N,경기도 수원시 장안구 대평로 80,", 813호 (정자동, 정연메이져1동)",16334,,20240929
J10,경기도교육청,수원시,교습소,3000026134,세류뮤직스토리음악교습소,20150825,20150825,개원,        ,99991231,117,9,예능(대),예능(중),바이엘,음악,"바이엘:160000, 체르니100:170000, 체르니30:180000, 체르니40:190000, 우쿨렐레:100000",Y,N,경기도 수원시 권선구 세권로1,", 206호 (세류동, 센트럴타운3단지상가동)",441110,031-231-9991,20260201
J10,경기도교육청,수원시,교습소,3000024308,세류점수잔리영어교습소,20150217,20150217,개원,        ,99991231,75,9,입시.검정 및 보습,보통교과,초등영어,보습,"초등영어:150000, 중등영어:180000, 고등영어:200000, 영어초급반:170000, 영어중급반:180000, 영어고급반:190000, 중등초급반:200000, 중등중급반:220000, 중등고급반:240000",N,N,경기도 수원시 권선구 세류로 39,", 204호 (세류동, LH수원센트럴타운2단지)",16592,,20231018
J10,경기도교육청,수원시,교습소,3000049176,세이아트스튜디오미술교습소,20211216,20211216,개원,        ,99991231,6,8,예능(대),예능(중),,미술, ,Y,N,경기도 수원시 장안구 대평로 80,", 404-1호 (정자동, 정연메이져1동)",16334,,20231018
J10,경기도교육청,수원시,교습소,3000026469,센트럴삼단지이해법셀파수학교습소,20151002,20151002,개원,        ,99991231,92,9,입시.검정 및 보습,보통교과,초등수학1,보습,"초등수학1:180000, 초등수학2:190000, 중등수학1:220000, 중등수학2:240000",Y,N,경기도 수원시 권선구 세권로 1,", 202호 (세류동,엘에이치수원센트럴타운3단지 상가동)",441867,031-233-2070,20251123
J10,경기도교육청,수원시,교습소,3000026311,셀파수학정자풍림수학교습소,20150915,20150915,개원,        ,99991231,107,7,입시.검정 및 보습,보통교과,초등단과(수학),보습,"초등단과(수학):190000, 중등단과(수학):280000, 고등단과(수학):400000, 초등 1,2:210000, 초등 3,4:230000, 초등 5,6:300000, 중등:350000, 고등:460000",Y,N,경기도 수원시 장안구 정자천로189번길 47,", 206호(정자동,연꽃마을 풍림아파트)",16334,031-305-3885,20250831
J10,경기도교육청,수원시,교습소,3000077419,소랑화실미술교습소,20260209,20260209,개원,        ,        ,0,9,예능(대),,,, ,Y, ,경기도 수원시 영통구 효원로 363,", 202호(매탄동, 매탄위브하늘채 302 상가A)",16543,,20260215
J10,경기도교육청,수원시,교습소,3000047104,소리공감국악교습소,20210528,20210528,개원,        ,99991231,40,8,예능(대),예능(중),,음악, ,Y,N,경기도 수원시 팔달구 권광로 246,", 203호 (인계동, 래미안 노블클래스 상가동)",16534,,20231018
J10,경기도교육청,수원시,교습소,3000024654,소리나라피아노교습소,20150317,20150317,개원,20200519,20210518,38,5,예능(대),예능(중),바이엘,음악,"바이엘:100000, 체르니:100000, 피아노:115000, 일반:130000, 바이엘:130000, 체르니:140000, 스즈키(바이올린):100000, 플룻1:100000",Y,N,경기도 수원시 팔달구 동말로 104,", 101호 (고등동)",442880,,20231018
J10,경기도교육청,수원시,교습소,70418,소리샘음악,19991119,19991119,개원,19991119,99991231,82,5,예능(대),예능(중),음악일반(피아노초급),음악,"음악일반(피아노초급):120000, 음악일반(피아노중급A):130000, 음악일반(피아노중급B):140000, 음악일반(피아노중급C):150000, 음악입시(피아노입시):360000, 피아노 초급:130000, 피아노 중급l:140000, 피아노 중급ll:150000, 피아노 고급:160000, 초급:140000, 중급 1:150000, 중급 2:160000, 고급:170000, 바이엘:140000, 체르니100:140000, 체르니30:150000, 체르니40:160000",N,N,경기도 수원시 영통구 봉영로1517번길 23,가상가동 203호 (영통동) ,443811,031-206-1230,20231018
J10,경기도교육청,수원시,교습소,39336,소리샘피아노교습소,20091203,20091203,개원,        ,99991231,35,5,예능(대),예능(중),현악기반,음악,"현악기반:120000, 체르니40:170000, 바이엘:140000, 체르니100:150000, 체르니30:160000",Y,N,경기도 수원시 권선구 매실로 70,", 306호 (호매실동, 호매실GS아파트 301동)",16395,031-297-0827,20260201
J10,경기도교육청,수원시,교습소,3000022120,소리울음악교습소,20140704,20140704,개원,        ,99991231,3,3,예능(대),예능(중),,음악, ,N,N,경기도 수원시 장안구 송원로 109-8,", 202호 (조원동,수원 한일타운 분산상가1)",440200,,20231018
J10,경기도교육청,수원시,교습소,3000014296,소마미술교습소,20120302,20120302,개원,        ,99991231,7,7,예능(대),예능(중),미술일반(초등),미술,"미술일반(초등):100000, 미술일반(중등):150000",Y,N,경기도 수원시 장안구 대평로51번길 56,", 205호 (정자동,꽃뫼노을마을한국아파트 지하주차장)",440842,031-268-3563,20231018
J10,경기도교육청,수원시,교습소,68504,소망피아노,19860710,19860710,개원,20220801,20220807,6,6,예능(대),예능(중),0,음악, ,N,N,경기도 수원시 영통구 창룡대로 470, (이의동) ,443270,031-242-7254,20231018
J10,경기도교육청,수원시,교습소,3000040637,소운미술교습소,20190520,20190520,개원,        ,99991231,42,15,예능(대),예능(중),유치부,미술,"유치부:90000, 초등부기초1:100000, 초등부기초2:160000, 초등실기1:110000, 초등실기2:180000, 중등부1:120000, 중등부2:200000, 고등부1:120000, 고등부2:200000",Y,N,경기도 수원시 권선구 경수대로302번길 29,", 203호 (권선동, 권선삼성아파트)",16583,,20250706
J10,경기도교육청,수원시,교습소,70614,소율음악교습소,20010919,20010919,개원,20110210,20110216,61,5,예능(대),예능(중),,음악, ,Y,N,경기도 수원시 영통구 봉영로1517번길 73,  삼성태영아파트 상가202호 (영통동),443470,031-205-0715,20260201
J10,경기도교육청,수원시,교습소,3000052032,손수학교습소,20220808,20220808,개원,        ,99991231,0,0,입시.검정 및 보습,보통교과,,보습, ,Y,N,경기도 수원시 영통구 반달로35번길 30,", 333호 (영통동, 영통역 아이파크)",16705,,20231018
J10,경기도교육청,수원시,교습소,3000073119,솔루니송죽논술교습소,20250113,20250113,개원,        ,        ,0,0,입시.검정 및 보습,,,, ,Y, ,경기도 수원시 장안구 송원로 10,", 112호(송죽동)",16307,,20250202
J10,경기도교육청,수원시,교습소,3000072973,솔루니하늘채누리숲독서토론논술교습소,20241231,20241231,개원,        ,        ,0,0,입시.검정 및 보습,보통교과,초등논술A,보습·논술,"초등논술A:130000, 초등논술B:150000, 초등논술C:170000, 중등논술:200000, 초등방학특강:120000, 중등방학특강:160000",Y, ,경기도 수원시 권선구 곡반정로 160,",420호 (곡반정동, 라퍼스트)",16668,,20250706
J10,경기도교육청,수원시,교습소,3000076165,솔리오수학교습소,20251017,20251017,개원,        ,        ,0,3,입시.검정 및 보습,보통교과,중등수학,보습,"중등수학:390000, 고등수학:450000",Y, ,경기도 수원시 영통구 도청로89번길 43,", 303호 일부(이의동, 에듀프라자)",16509,,20251026
J10,경기도교육청,수원시,교습소,3000064243,솔쌤영어교습소,20240119,20240119,개원,        ,        ,0,5,입시.검정 및 보습,,,, ,Y, ,경기도 수원시 장안구 만석로19번길 11-7,"3층 303호(천천동, 대일프라자)",16329,,20240128
J10,경기도교육청,수원시,교습소,3000014820,송림해법영어교습소,20120409,20120409,개원,        ,99991231,39,9,입시.검정 및 보습,보통교과,초등단과(영어),보습, ,Y,N,경기도 수원시 장안구 대평로51번길 56,", 503호 일부 (정자동,꽃뫼노을마을한국아파트 지하주차장)",440842,,20231018
J10,경기도교육청,수원시,교습소,3000068387,송뮤직음악교습소,20240325,20240325,개원,        ,        ,0,9,입시.검정 및 보습,보통교과,과학 중등,보습,"과학 중등:170000, 과학 고등:200000, 수학 고등:370000, 수학 중등:270000, 수학 초등:160000, 수학 초등1:130000, 고등영어:320000, 논술B:190000, 논술C:240000, 논술D:260000, 논술A:150000, 고등 수학:450000",Y, ,경기도 수원시 권선구 금곡로212번길 25,", 204호(금곡동)",16393,,20260201
J10,경기도교육청,수원시,교습소,3000076253,송유진기타스튜디오음악교습소,20251028,20251028,개원,        ,        ,0,8,예능(대),,,, ,Y, ,경기도 수원시 영통구 법조로 25,", 3509호(하동, 광교 SK VIEW Lake A)",16514,,20251102
J10,경기도교육청,수원시,교습소,3000068278,수오름고등수학교습소,20240318,20240318,개원,        ,        ,0,8,입시.검정 및 보습,,,, ,Y, ,경기도 수원시 권선구 금곡로118번길 24,", 209호 일부(금곡동)",16388,,20240324
J10,경기도교육청,수원시,교습소,3000027992,수원나노주산암산교습소,20160223,20160223,개원,        ,99991231,4,4,입시.검정 및 보습,보통교과,,보습, ,Y,N,경기도 수원시 영통구 효원로 363,", 111호(매탄위브하늘채 303 상가B) (매탄동, 매탄 위브 하늘채)",16543,,20231018
J10,경기도교육청,수원시,교습소,3000052969,수원망포지점ITC실용영어교습소,20221108,20221108,개원,        ,99991231,8,8,국제화,외국어,,실용외국어(유아/초·중·고), ,Y,N,경기도 수원시 영통구 태장로82번길 32,", 206호 (망포동, 동수원자이1차)",16687,,20231018
J10,경기도교육청,수원시,교습소,3000039624,수원청솔한라영어교습소,20190220,20190220,개원,        ,99991231,39,7,입시.검정 및 보습,보통교과,화이트영어,보습,"화이트영어:160000, 엘로우영어:180000, 블랙영어:200000, 영어:170000, 영어:190000, 영어:230000",Y,N,경기도 수원시 장안구 만석로20번길 28,", 2층 201호 (정자동, 청솔마을 한라 아파트)",16330,031-271-1361,20231018
J10,경기도교육청,수원시,교습소,3000047110,수잉글리쉬클래스영어교습소,20210531,20210531,개원,        ,99991231,0,0,국제화,보통교과,,보습, ,Y,N,경기도 수원시 영통구 영통로200번길 21,", 403호 (영통동, 현대프라자)",16690,,20251019
J10,경기도교육청,수원시,교습소,3000024888,수지피아노교습소,20150206,20150206,개원,        ,99991231,50,6,예능(대),예능(중),,음악,"바이엘:100000, 체르니100:110000, 체르니30:120000, 체르니40:130000, 바이엘과정:120000, 체르니100/30과정:130000, 체르니 40과정:140000, 바이엘:130000, 체르니100:140000, 체르니30:140000, 체르니40:150000",Y,N,경기도 수원시 영통구 중부대로271번길 27-11,", 204호, 207호 (원천동, 주공아파트)",443757,,20250323
J10,경기도교육청,수원시,교습소,2450,수채화미술교습소,20021031,20021031,개원,        ,99991231,7,7,예능(대),예능(중),미술일반(기초반),미술, ,Y,N,경기도 수원시 권선구 권중로 136, 대원신동아A상가 206호 (권선동),441837,,20241117
J10,경기도교육청,수원시,교습소,41541,수학꽃필무렵수학교습소,20100702,20100702,개원,        ,99991231,687,7,입시.검정 및 보습,보통교과,초등A,보습,"초등A:220000, 초등B:230000, 초등C:240000, 초등D:250000, 초등E:260000, 초등F:270000, 초등심화A:280000, 초등심화B:290000, 초등심화C:300000, 초등통합반A:350000, 초등통합반B:360000, 초등통합반C:370000, 초등통합반D:380000, 중등A:280000, 중등B:290000, 중등C:300000, 중등D:310000, 중등E:320000, 중등F:330000, 중등심화A:340000, 중등심화B:350000, 중등심화C:360000, 중등통합반A:450000, 중등통합반B:460000, 중등통합반C:470000, 중등통합반D:480000, 고등1-A:350000, 고등1-B:360000, 고등1-C:370000, 고등1-D:380000, 고등1-E:390000, 고등2-A:400000, 고등2-B:450000, 고등3-A:500000, 고등3-B:550000, 초등특강:200000, 중등특강:250000, 고등특강:300000, 시범수업(초등,중등):20000, 고등통합반A:530000, 고등통합반B:540000, 고등통합반C:550000, 고등통합반D:560000, 고등통합반E:570000, 고등통합반F:580000, 고등통합반G:590000, 고등통합반H:700000",Y,N,경기도 수원시 권선구 덕영대로1217번길 24,  201 (권선동),441832,031-235-5496,20250810
J10,경기도교육청,수원시,교습소,3000074490,수학나무수학교습소,20250610,20250610,개원,        ,        ,0,6,입시.검정 및 보습,,,, ,Y, ,경기도 수원시 권선구 동수원로177번길 40,", 상가228호(권선동,수원아이파크시티8단지)",16663,,20250615
J10,경기도교육청,수원시,교습소,3000029407,수학마스터수학교습소,20140102,20140102,개원,        ,99991231,12,4,입시.검정 및 보습,보통교과,중등수학,보습,"중등수학:270000, 고등수학:330000",Y,N,경기도 수원시 권선구 금곡로 5-42,", 4층 (금곡동,남미빌딩)",16381,,20250330
J10,경기도교육청,수원시,교습소,3000021560,수학시간수학교습소,20140428,20140428,개원,        ,99991231,64,8,입시.검정 및 보습,보통교과,수학(초),보습,"수학(초):200000, 수학(중):250000, 수학(고):320000, 초등수학1:150000, 중등수학:200000, 초등수학2:160000, 중등수학:230000, 고등수학:400000, 초등단과(수학):170000, 중등단과(수학):240000, 고등단과(수학):350000, 초등단과(수학):170000, 중등단과(수학):240000, 고등단과(수학):350000",N,N,경기도 수원시 영통구 산남로 77,", 1층 상가 101호 (매탄동)",443801,null,20241229
J10,경기도교육청,수원시,교습소,3000036072,수학여행꽃뫼노을수학교습소,20180227,20180227,개원,        ,99991231,14,9,입시.검정 및 보습,보통교과,,보습,"초등(팩토수학):70000, 초등(팩토교과수학):110000, 초등(활동+교과수학):130000",Y,N,경기도 수원시 장안구 대평로51번길 56,", 한국아파트 상가 503 중 좌측 (정자동, 꽃뫼노을마을한국아파트)",16319,,20250112
J10,경기도교육청,수원시,교습소,3000064039,수학여행수학교습소,20240105,20240105,개원,        ,        ,0,8,입시.검정 및 보습,,,, ,Y, ,경기도 수원시 팔달구 덕영대로803번길 39, 401호 일부(화서동),16442,,20251130
J10,경기도교육청,수원시,교습소,3000077715,수학의달인매교마인점수학교습소,20260309,20260309,개원,        ,        ,0,0,입시.검정 및 보습,보통교과,초등수학A,보습,"초등수학A:250000, 초등수학A2:80000, 초등수학B:200000, 초등수학B2:100000, 초등수학C:150000, 중등수학A:270000, 중등수학B:330000, 초등수학D:260000, 초등수학E:210000, 초등수학F:160000, 초등수학G:110000",Y, ,경기도 수원시 팔달구 정조로 697,"705호(매교동, 마인프라자)",16467,,20260405
J10,경기도교육청,수원시,교습소,3000053748,수학의달인호매실벨섬시티점수학교습소,20230110,20230110,개원,        ,99991231,36,9,입시.검정 및 보습,보통교과,초등수학_1,보습,"초등수학_1:200000, 초등수학_2:170000, 중등수학_1:250000, 중등수학_2:190000, 초등 수학1:250000, 초등 수학2:200000, 중등 수학:270000",Y,N,경기도 수원시 권선구 호매실로218번길 22,", 107호 (호매실동, 호매실마을 14단지 벨섬시티 상가1동)",16402,null,20240303
J10,경기도교육청,수원시,교습소,42754,수학의목적과원리교습소,20101011,20101011,개원,        ,99991231,7,6,입시.검정 및 보습,보통교과,고등단과(수학),보습,고등단과(수학):250000,Y,N,경기도 수원시 장안구 대평로 74,  금강프라자 3층 303호 (정자동),440841,,20231018
J10,경기도교육청,수원시,교습소,3000072554,수학의이음수학교습소,20250124,20250124,개원,        ,        ,0,0,입시.검정 및 보습,,,, ,Y, ,경기도 수원시 영통구 태장로 81,", 407호(망포동, 망포동e-타운Ⅱ)",16688,,20250706
J10,경기도교육청,수원시,교습소,3000043566,수학의정원수학교습소,20200225,20200225,개원,        ,99991231,24,8,입시.검정 및 보습,보통교과,초등수학,보습,"초등수학:200000, 중등수학:350000, 고등수학:450000",Y,N,경기도 수원시 영통구 도청로89번길 31,", 4층 402호 전체 (이의동, 지(G)-타워)",16509,,20231018
J10,경기도교육청,수원시,교습소,3000032333,순수그리다미술교습소,20170314,20170314,개원,        ,99991231,21,7,예능(대),예능(중),미술 초중급1,미술,"미술 초중급1:110000, 미술 초중급2:140000, 미술 초중급3:170000, 미술 초중급4:80000, 미술 초중급5:70000, 미술 초등미술A:94560, 미술 초등미술B:130000, 미술 초등미술C:130000",Y,N,경기도 수원시 권선구 권중로 99,", 벽산한성아파트상가동 2층 204호 (권선동)",16558,,20250112
J10,경기도교육청,수원시,교습소,3000018024,순수아트미술교습소,20130401,20130401,개원,        ,99991231,30,9,예능(대),예능(중),미술일반A,미술, ,Y,N,경기도 수원시 장안구 정자천로188번길 64,", 204호 (정자동, 두견마을 현대벽산아파트)",16316,,20250406
J10,경기도교육청,수원시,교습소,3000047515,술술문해력독서논술교습소,20210712,20210712,개원,        ,99991231,16,4,입시.검정 및 보습,보통교과,,보습,"초등영어(1레벨):150000, 초등영어(2레벨):160000, 초등영어(3레벨이상):170000, 중등영어:180000",Y,N,경기도 수원시 영통구 봉영로1744번길 16,", 203호 (영통동, 쌍용아파트)",16711,031-205-4552,20260308
J10,경기도교육청,수원시,교습소,3000018918,숲소리음악교습소,20130712,20130712,개원,        ,99991231,48,9,예능(대),예능(중),,음악,"바이엘:120000, 체르니100:130000, 체르니30:140000, 체르니40:140000, 리코더:20000, 단소:20000, 오카리나:20000, 바이올린:20000",Y,N,경기도 수원시 장안구 이목로 24,", 수원 SK SKY VIEW 603동 207호 전체 (정자동)",440840,031-268-6661,20250420
J10,경기도교육청,수원시,교습소,3000055073,숲속미술교습소,20230425,20230425,개원,        ,99991231,18,9,예능(대),,초등,,"초등:64800, 성인:40000, 초등미술1:123840, 초등미술2:185760, 초등미술3:123840, 초등미술4:185760, 성인미술:40000",N,N,경기도 수원시 영통구 에듀타운로 102,", B동 816호 (이의동, 광교중앙역 SK VIEW)",16509,,20231018
J10,경기도교육청,수원시,교습소,3000051637,숲을보는영어교습소,20220707,20220707,개원,        ,99991231,8,8,입시.검정 및 보습,보통교과,,보습, ,Y,N,경기도 수원시 장안구 장안로359번길 21,", 1층 일부 (정자동, 현통상)",16343,,20251012
J10,경기도교육청,수원시,교습소,28794,숲피아노앤어린이드럼음악교습소,20071119,20071119,개원,        ,99991231,16,4,예능(대),예능(중),,음악, ,Y,N,경기도 수원시 영통구 영통로173번길 41,304호 (망포동) ,443400,031-273-6988,20231018
J10,경기도교육청,수원시,교습소,3000044326,스마트수학교습소,20200605,20200605,개원,        ,99991231,18,6,입시.검정 및 보습,보통교과,,보습, ,Y,N,경기도 수원시 장안구 수성로364번길 6,", 1층 전체 (영화동)",16269,,20231018
J10,경기도교육청,수원시,교습소,3000045221,스마트해법산남수학교습소,20201014,20201014,개원,        ,99991231,45,9,입시.검정 및 보습,보통교과,,보습, ,Y,N,경기도 수원시 영통구 산남로 83,", 1층 일부 우측 (매탄동)",16524,,20231018
J10,경기도교육청,수원시,교습소,3000033792,스마트해법수학남수원점수학교습소,20170719,20170719,개원,        ,99991231,30,4,입시.검정 및 보습,보통교과,초등단과수학,보습,"초등단과수학:160000, 중등단과수학:210000",Y,N,경기도 수원시 권선구 경수대로225번길 24-32,", 1층 일부 (세류동)",16658,,20240818
J10,경기도교육청,수원시,교습소,3000045240,스마트해법수학숙지수학교습소,20201016,20201016,개원,        ,99991231,0,0,입시.검정 및 보습,보통교과,초등수학,보습,"초등수학:150000, 중등수학:328000",Y,N,경기도 수원시 팔달구 덕영대로735번길 18,", 105호(상가동) (화서동, 한진현대아파트)",16437,,20240303
J10,경기도교육청,수원시,교습소,37327,스마트해법영어교습소,20090915,20090915,개원,        ,99991231,18,0,입시.검정 및 보습,보통교과,,보습, ,Y,N,경기도 수원시 권선구 매탄로 11, 현대1단지 상가 409~410호 (권선동),441834,031-224-1622,20250323
J10,경기도교육청,수원시,교습소,3000031489,스마트해법영어당수교습소,20170102,20170102,개원,        ,99991231,47,9,입시.검정 및 보습,보통교과,초등단과(영어),보습,"초등단과(영어):170000, 중등단과(영어):220000, 고등단가(영어):300000, 초등영어:180000, 중등영어:230000, 고등영어:300000",Y,N,경기도 수원시 권선구 당진로 18,", 2층 일부, 202호 (당수동, 우진프라자)",16375,,20231018
J10,경기도교육청,수원시,교습소,43988,스마트해법한일타운대림수학교습소,20110103,20110103,개원,        ,99991231,55,2,입시.검정 및 보습,보통교과,초등단과(수학),보습,"초등단과(수학):150000, 중등단과(수학중1):200000, 중등단과(수학중2,3):220000, 고등단과(수학고1평일):250000, 고등단과(수학주말):250000, 고등단과(수학문과):280000, 고등단과(수학이과):300000, 초등단과(수학):180000, 중등단과(수학):230000, 고등단과(수학A):280000, 고등단과(수학B):300000",N,N,경기도 수원시 장안구 송원로 109-8, 수원한일타운 분산상가1 309호 310호 (조원동),440200,,20231231
J10,경기도교육청,수원시,교습소,3000042548,스카이국어교습소,20191203,20191203,개원,        ,99991231,0,0,입시.검정 및 보습,보통교과,,보습, ,Y,N,경기도 수원시 장안구 대평로51번길 56,", 2층 209호 (정자동, 꽃뫼노을마을한국아파트)",16319,,20251019
J10,경기도교육청,수원시,교습소,3000071901,스칼라피아노음악교습소,20240911,20240911,개원,        ,        ,0,7,예능(대),예능(중),피아노기초A,음악,"피아노기초A:120000, 피아노기초B:130000, 피아노기초C:150000, 피아노중급:160000, 피아노고급:170000, 피아노실용1:180000, 피아노실용2:190000, 피아노영재:250000, 피아노입시1:300000, 피아노입시2:400000, 리코터:50000, 우쿨렐레:50000, 칼림바:50000",Y, ,경기도 수원시 영통구 태장로82번길 32,", 214호(망포동,동수원자이1차)",16687,010-8866-1520,20240929
J10,경기도교육청,수원시,교습소,3000044413,스텔라뮤지컬음악교습소,20200617,20200617,개원,        ,99991231,5,5,예능(대),예능(중),,음악, ,Y,N,경기도 수원시 장안구 만석로19번길 11-8,", 601호 일부 (천천동)",16329,,20231018
J10,경기도교육청,수원시,교습소,3000054679,스텔라영어교습소,20230320,20230320,개원,        ,99991231,45,9,입시.검정 및 보습,보통교과,초등영어A,보습,"초등영어A:150000, 초등영어B:200000, 초등영어C:250000, 중등영어A:300000, 중등영어B:270000, 중등영어C:218000, 고등영어A:340000, 고등영어B:310000, 고등영어C:290000",Y,N,경기도 수원시 장안구 만석로19번길 11-3,", 603호 일부 (천천동)",16329,,20260201
J10,경기도교육청,수원시,교습소,3000072916,스텝업영어교습소,20241226,20241226,개원,        ,        ,0,9,국제화,외국어,초등회화,외국어,"초등회화:150000, 중등회화:290000, 고등회화:290000, 일반회화:290000",Y, ,경기도 수원시 권선구 금곡로102번길 15,", 319호(금곡동, 비즈윅스 비즈웍스)",16388,010-2257-0582,20260405
J10,경기도교육청,수원시,교습소,3000076668,스토리움독서논술교습소,20251204,20251204,개원,        ,        ,0,7,입시.검정 및 보습,,,, ,Y, ,경기도 수원시 영통구 광교호수공원로 20,"근린생활시설 1동 132호(원천동,더샵 광교레이크시티)",16515,,20251214
J10,경기도교육청,수원시,교습소,3000075620,스팀(STEAM)과학교습소,20250812,20250812,개원,        ,        ,0,5,입시.검정 및 보습,보통교과,통합과학A(고등),보습,"통합과학A(고등):280000, 통합과학B(고등):250000, 중등과학:180000",Y, ,경기도 수원시 영통구 봉영로1517번길 73,", 2층 203호 일부(영통동, 삼성.태영아파트 상가동)",16700,,20251019
J10,경기도교육청,수원시,교습소,3000012400,스펙수학교습소,20110905,20110905,개원,        ,99991231,45,5,입시.검정 및 보습,보통교과,중등단과(영어),보습,"중등단과(영어):290000, 고등단과(영어):350000, 초등단과(수학):256968, 초등단과(수학):256968, 초등단과(수학):256968, 중등단과(수학):291024, 중등단과(수학):291024",Y,N,경기도 수원시 장안구 화산로125번길 9,", 203호 (천천동, 천천 푸르지오)",16420,,20231018
J10,경기도교육청,수원시,교습소,3000068613,슬기로운수학교습소,20240417,20240417,개원,        ,        ,0,6,입시.검정 및 보습,,,, ,Y, ,경기도 수원시 장안구 만석로19번길 11-7,"5층 505호(천천동, 대일프라자)",16329,,20240421
J10,경기도교육청,수원시,교습소,69130,승리주산,19900228,19900228,개원,20220801,20220807,9,9,기타(대),기타(중),주산,주산, ,N,N,경기도 수원시 팔달구 세류로 67-1,(매산로3가),16461,031-239-2348,20231018
J10,경기도교육청,수원시,교습소,3000023820,시니스튜터링영어전문교습소,20141223,20141223,개원,        ,99991231,15,5,입시.검정 및 보습,보통교과,,보습, ,Y,N,경기도 수원시 장안구 장안로 262,", 501-1호 (정자동)",440840,070-7722-5967,20231018
J10,경기도교육청,수원시,교습소,3000068239,시스템수학교습소,20240313,20240313,개원,        ,        ,0,9,입시.검정 및 보습,,,, ,Y, ,경기도 수원시 영통구 광교호수공원로 20,", 305호(원천동,더샵 광교레이크시티 근린생활시설동-2동)",16515,,20250831
J10,경기도교육청,수원시,교습소,3000042038,신곡엘리트영어교습소,20191014,20191014,개원,        ,99991231,117,9,입시.검정 및 보습,보통교과,초등단과영어,보습,"초등단과영어:110000, 초등단과영어:160000, 중등단과영어:200000, 중등단과영어:220000, 중등단과영어:340000, 초등단과영어:172000, 중등단과영어:350000, 중등단과영어:480000, 고등단과영어:530000, 고등단과영어:240000, 초등단과영어:172000, 중등단과영어:450000, 고등단과영어:220000",Y,N,경기도 수원시 권선구 세권로94번길 1,", 2층 전체 (세류동)",16578,,20231018
J10,경기도교육청,수원시,교습소,3000034008,신나는중국어교습소,20170823,20170823,개원,        ,99991231,90,9,입시.검정 및 보습,보통교과,,보습, ,Y,N,경기도 수원시 장안구 만석로19번길 11-7,", 703호 일부, 703-1호 (천천동)",16329,031-2713-3338,20231018
J10,경기도교육청,수원시,교습소,3000054043,신남보컬교습소,20230202,20230202,개원,        ,99991231,9,9,예능(대),예능(중),,음악, ,Y,N,경기도 수원시 팔달구 권광로180번길 21,", 2층 일부 (인계동)",16488,010-4896-4869,20231018
J10,경기도교육청,수원시,교습소,41024,신동신미술교습소,20100324,20100324,개원,        ,99991231,10,9,예능(대),예능(중),미술일반(초등),미술, ,Y,N,경기도 수원시 장안구 만석로 29, 현대성우우방아파트 상가 202호 (천천동),440712,031-268-4354,20231018
J10,경기도교육청,수원시,교습소,3000043283,신명해법독서논술교습소,20200129,20200129,개원,        ,99991231,126,6,입시.검정 및 보습,보통교과,고등논술,보습,"고등논술:300000, 초등논술:130000, 중등논술:150000",Y,N,경기도 수원시 장안구 정자로41번길 12,", 3층 301호 (천천동, 비단마을 신명아파트)",16323,null,20260201
J10,경기도교육청,수원시,교습소,32117,신성이해법수학교습소,20080811,20080811,개원,        ,99991231,3,3,입시.검정 및 보습,보통교과,초등단과(수학),보습,"초등단과(수학):150000, 중등단과(수학):200000",N,N,경기도 수원시 영통구 청명북로 33,  삼성아파트 상가동 203호 2층 (영통동),443470,,20231018
J10,경기도교육청,수원시,교습소,7983,신좋은그림미술교습소,20020819,20020819,개원,        ,99991231,16,4,예능(대),예능(중),미술일반,미술,"미술일반:0, 초등미술1:100000, 초등미술2:130000, 미술정규1:50000, 미술정규2:100000, 미술정규3:140000, 미술기본기(고급):230000",N,N,경기도 수원시 팔달구 덕영대로697번길 17,  그린프라자 402호 (화서동),442870,031-245-2006,20240303
J10,경기도교육청,수원시,교습소,67938,신포르테피아노교습소,19831022,19831022,개원,        ,99991231,5,4,예능(대),예능(중),음악일반 피아노(초급),음악,"음악일반 피아노(초급):66000, 음악일반 피아노(중급):71000, 음악일반 피아노(고급):82000, 초등음악 피아노:110000",Y,N,경기도 수원시 권선구 세권로108번길 33-4,", 3층 일부 (세류동 1014)",16578,031-238-0733,20231018
J10,경기도교육청,수원시,교습소,29803,신효동해법영어교습소,20080213,20080213,개원,        ,99991231,7,7,입시.검정 및 보습,보통교과,초등영어,보습, ,Y,N,경기도 수원시 영통구 매탄로140번길 54-14,", 1층 일부 (매탄동)",443848,031-211-0570,20231018
J10,경기도교육청,수원시,교습소,3000064187,실력수학교습소,20240115,20240115,개원,        ,        ,0,9,입시.검정 및 보습,보통교과,초등단과수학A,보습,"초등단과수학A:200000, 초등단과수학B:180000, 중등단과수학:250000",Y, ,경기도 수원시 영통구 태장로71번길 15,"205호, 206호(망포동)",16688,,20240128
J10,경기도교육청,수원시,교습소,3000049603,심수학교습소,20220112,20220112,개원,        ,99991231,15,5,입시.검정 및 보습,보통교과,고등수학2,보습,"고등수학2:340000, 초등수학:300000, 중등수학:320000, 고등수학1:340000",Y,N,경기도 수원시 영통구 효원로 363,", 204호 (매탄동, 매탄 위브 하늘채 303 상가B)",16543,null,20260405
J10,경기도교육청,수원시,교습소,32251,씨알논술교습소,20080825,20080825,개원,        ,99991231,24,6,입시.검정 및 보습,보통교과,초등단과(1~3)논술,보습, ,Y,N,경기도 수원시 팔달구 일월로18번길 4-26, 꽃뫼버들마을 코오롱아파트 상가동 101호 (화서동),442873,031-227-5867,20231018
J10,경기도교육청,수원시,교습소,3000034691,아고라논술교습소,20171103,20171103,개원,        ,99991231,3,9,입시.검정 및 보습,보통교과,초등논술,보습,"초등논술:160000, 중등논술:180000, 고등논술(고1):270000, 고등논술(고2):350000, 고등논술(고3):400000",Y,N,경기도 수원시 영통구 대학로 109,", 202호(이의동, 골드클래스5)",16224,,20250202
J10,경기도교육청,수원시,교습소,3000034746,아뜰리에쥬드미술교습소,20171109,20171109,개원,        ,99991231,8,8,예능(대),예능(중),초등초급,미술,"초등초급:110000, 초등중급:110000",Y,N,경기도 수원시 영통구 광교호수로152번길 23,", 203호 (하동)",16513,null,20251026
J10,경기도교육청,수원시,교습소,3000041280,아뜰리에피카소미술교습소,20190722,20190722,개원,        ,99991231,0,0,예능(대),예능(중),,미술, ,Y,N,경기도 수원시 영통구 삼성로302번길 5,", C동 1층 일부 (원천동)",16522,,20251019
J10,경기도교육청,수원시,교습소,3000077510,아람입시컨설팅진학지도교습소,20260220,20260220,개원,        ,        ,0,0,입시.검정 및 보습,,,, ,Y, ,경기도 수원시 영통구 법조로 25,"A동 1309호(하동, 광교 SK VIEW Lake A)",16514,,20260301
J10,경기도교육청,수원시,교습소,70057,아마데우스음악교습소,19960506,19960506,개원,        ,99991231,83,4,예능(대),예능(중),피아노A,음악,"피아노A:160000, 일반음악 피아노:140000, 피아노:135000, 바이올, 플루트:70000, 첼로, 클라리오넷:70000, 키보드:34500, 우쿨렐레:34500, 오카리나:34500, 리코더:34500, 단소:34500, 하모니카:34500, 칼림바:34500, 합창:34500",Y,N,경기도 수원시 영통구 청명로 130,", 205호 일부 (영통동, 벽산삼익아파트)",16707,031-202-1591,20250105
J10,경기도교육청,수원시,교습소,32562,아마빌레음악교습소,20080929,20080929,개원,        ,99991231,95,9,예능(대),예능(중),입시음악 주1회,음악,"입시음악 주1회:80000, 초중급음악 주2회:120000, 초중급음악 주3회:150000, 초중급음악 주4회:160000, 초중급음악 주5회:180000",Y,N,경기도 수원시 권선구 권중로 99,", 벽산한성아파트 상가동 2층 202호 (권선동,벽산한성아파트)",441714,031-233-2332,20260405
J10,경기도교육청,수원시,교습소,70701,아모르실용음악,19800813,19800813,개원,19800813,99991231,54,9,예능(대),예능(중),음악일반 실용음악 기타A,음악, ,Y,N,경기도 수원시 팔달구 정조로 811,", 4층 (팔달로1가)",442021,031-243-4374,20231018
J10,경기도교육청,수원시,교습소,3000050615,아벨수학교습소,20220330,20220330,개원,        ,99991231,63,9,입시.검정 및 보습,보통교과,초등수학,보습,"초등수학:170000, 중등수학:194000, 중등수학:260000, 초등수학:220000, 중등수학:290000, 초등수학:250000, 중등수학:380000, 초등수학(주4):200000, 초등수학(주2):250000, 중등수학(주2):320000, 중등수학:270000",Y,N,경기도 수원시 권선구 곡반정로 188,", 204호 (곡반정동, 수원 하늘채 더퍼스트 1단지 상가)",16668,null,20240324
J10,경기도교육청,수원시,교습소,3000046561,아부라카창의수학교습소,20210331,20210331,개원,        ,99991231,8,9,기타(대),기타(중),,기타(소), ,Y,N,경기도 수원시 영통구 매영로310번길 87,",  307호 (영통동, 동보.신명아파트)",16699,,20231018
J10,경기도교육청,수원시,교습소,3000033528,아쌤수학교습소,20170620,20170620,개원,        ,99991231,88,8,입시.검정 및 보습,보통교과,초5-초6,보습,"초5-초6:170000, 중등부:240000, 고등부:240000, 예비초-초2:130000, 예비초-초2:150000, 초3-초4:150000, 초3-초4:160000, 초5-초6:170000, 중등수학기초개념응용:250000, 중등수학응용심화:270000, 중등수학응용심화:270000, 초등수학:160000, 초등기초심화(3~4):170000, 초등기초심화(5~6):180000, 중등수학:270000, 중등심화:300000",Y,N,경기도 수원시 영통구 봉영로1770번길 21,", 223호 (영통동, 한국·신명아파트)",16713,,20231018
J10,경기도교육청,수원시,교습소,3000054916,아우룸영어교습소,20230410,20230410,개원,        ,99991231,54,6,입시.검정 및 보습,보통교과,초등파닉스,보습,"초등파닉스:120000, 기초영어A(초등):80000, 기초영어B(초등):60000, 기본영어A리딩(초등):190000, 기본영어B소리영어(초등):20000, 심화영어A(초등):170000, 심화영어B(초등):40000, 중등영어A:190000, 중등영어B:80000",Y,N,경기도 수원시 권선구 세권로304번길 44,", 202호 (권선동, 삼성프라자)",16553,,20231018
J10,경기도교육청,수원시,교습소,3000061619,아이리스플러스영어교습소,20230809,20230809,개원,        ,        ,0,5,입시.검정 및 보습,보통교과,초등영어,보습,"초등영어:250000, 중등영어:350000, 고등영어:450000, 제타영어(중등):160000",N, ,경기도 수원시 권선구 곡반정로 160,509호(곡반정동),16668,,20231018
J10,경기도교육청,수원시,교습소,3000019524,아이마음미술교습소,20130917,20130917,개원,        ,99991231,36,9,예능(대),예능(중),,미술, ,Y,N,경기도 수원시 영통구 봉영로1744번길 11,", 304-1호 (영통동,벽산.풍림아파트)",443817,,20231018
J10,경기도교육청,수원시,교습소,3000050812,아이보리미술교습소,20220414,20220414,개원,        ,99991231,90,9,예능(대),예능(중),,미술, ,Y,N,경기도 수원시 영통구 덕영대로1555번길 46,", 203호 (영통동, 롯데크리닉상가)",16700,,20231018
J10,경기도교육청,수원시,교습소,3000068236,아이브피아노음악교습소,20240314,20240314,개원,        ,        ,0,9,예능(대),,,, ,Y, ,경기도 수원시 장안구 경수대로976번길 16,", 201호 일부(조원동, 수원한일타운주상가)",16294,,20250720
J10,경기도교육청,수원시,교습소,3000047926,아이비와이교육국어교습소,20210819,20210819,개원,        ,99991231,18,9,입시.검정 및 보습,보통교과,,보습, ,Y,N,경기도 수원시 영통구 청명로 69,",  5층 일부 (영통동)",16705,,20231018
J10,경기도교육청,수원시,교습소,3000036018,아이비이프렙영어교습소,20180223,20180223,개원,        ,99991231,12,4,입시.검정 및 보습,보통교과,,보습, ,Y,N,경기도 수원시 권선구 경수대로225번길 24-32,", 1층 일부 (세류동)",16658,,20231018
J10,경기도교육청,수원시,교습소,41554,아이비잉글리쉬영어교습소,20100520,20100520,개원,        ,99991231,126,6,입시.검정 및 보습,보통교과,초등영어2,보습,"초등영어2:100000, 초등영어3:150000, 초등영어:200000, 중등영어:300000, 중등영어1:250000, 중등영어2:220000, 중등영어3:210000, 고등영어:260000, 고등영어1:230000",Y,N,경기도 수원시 영통구 권선로803번길 30,", 1층 (매탄동)",16546,,20241117
J10,경기도교육청,수원시,교습소,24759,아이샘미술교습소,20061122,20061122,개원,        ,99991231,27,9,예능(대),예능(중),미술,미술,"미술:50000, 미술:130000, 미술:110000",N,N,경기도 수원시 영통구 동탄원천로881번길 58,", 503호 (매탄동, 아이쌤프라자)",16548,,20250309
J10,경기도교육청,수원시,교습소,3000033850,아이아트미술교습소,20170802,20170802,개원,        ,99991231,72,8,예능(대),예능(중),미술1,미술,"미술1:90000, 미술2:130000, 미술3:180000, 미술4:115000, 미술초급:100000, 미술초급:150000, 미술초급:200000, 미술초급:130000, 미술중급:250000",Y,N,경기도 수원시 권선구 동수원로145번길 74,", 수원아이파크시티1단지 상가-2 118호 (권선동, 수원아이파크시티 1단지)",16663,null,20240128
J10,경기도교육청,수원시,교습소,3000050449,아이엠수학교습소,20220317,20220317,개원,        ,99991231,30,5,입시.검정 및 보습,보통교과,,보습, ,Y,N,경기도 수원시 영통구 인계로 219,", 113호 (매탄동, 삼성1차아파트상가동)",16537,,20250504
J10,경기도교육청,수원시,교습소,3000027898,아이크레호매실미술교습소,20160211,20160211,개원,        ,99991231,24,7,예능(대),예능(중),,미술, ,Y,N,경기도 수원시 권선구 매실로 70,", 212호 일부 (호매실동, 호매실GS아파트 301동)",16395,,20240310
J10,경기도교육청,수원시,교습소,3000027002,아첼음악교습소,20151201,20151201,개원,        ,99991231,51,7,예능(대),예능(중),,음악,"피아노(바이엘):120000, 피아노(체르니100):130000, 피아노(체르니30):140000, 오카리나:1, 리코더:1, 플룻:30000, 기초반:130000, 중급반:140000, 고급반:150000, 기초반:130000, 중급반:140000, 고급반:150000",Y,N,경기도 수원시 권선구 세류로 60,", 201호,202호 일부 (세류동,엘에이치수원센트럴1단지상가동)",16459,031-222-1441,20250323
J10,경기도교육청,수원시,교습소,3000069036,아카데미창곡선초점논술교습소,20240531,20240531,개원,        ,        ,0,5,입시.검정 및 보습,,,, ,Y, ,경기도 수원시 권선구 덕영대로1217번길 35,1층 일부(권선동),16584,031-232-7794,20240602
J10,경기도교육청,수원시,교습소,3000051707,아카데미창광교SK뷰점국어논술교습소,20220713,20220713,개원,        ,99991231,24,4,입시.검정 및 보습,보통교과,초등논술,보습,"초등논술:120000, 중등논술:150000, 고등논술:250000, 초등논술:120000, 중등논술:150000, 고등논술:250000, 초등부논술:150000, 중등부논술:180000, 고등부논술:300000",Y,N,경기도 수원시 영통구 에듀타운로 102,", B동 726호 (이의동, 광교중앙역 SK VIEW)",16509,null,20231126
J10,경기도교육청,수원시,교습소,3000039333,아카데미창권선프라임점논술교습소,20190118,20190118,개원,        ,99991231,15,5,입시.검정 및 보습,보통교과,,보습·논술, ,Y,N,경기도 수원시 권선구 세권로304번길 62,", 208호 (권선동, 베스토아)",16553,,20231018
J10,경기도교육청,수원시,교습소,3000042223,아카데미창논술교습소,20191104,20191104,개원,        ,99991231,9,3,입시.검정 및 보습,보통교과,초등논술,보습·논술,"초등논술:130000, 중등논술:160000, 고등논술A:260000, 고등논술B:300000",Y,N,경기도 수원시 영통구 태장로 81,", 2층 202호 전체  (망포동, 망포동 e-타운II)",16688,null,20260405
J10,경기도교육청,수원시,교습소,3000043350,아카데미창수원천천점논술교습소,20200204,20200204,개원,        ,99991231,48,6,입시.검정 및 보습,보통교과,초등저학년논술,보습,"초등저학년논술:120000, 초등고학년논술:130000, 중학논술:150000, 고등논술:250000, 초등저학년:120000, 초등고학년:130000, 중등:150000, 고등:200000",Y,N,경기도 수원시 장안구 덕영대로535번길 34,", 5층 503호 일부(천천동, 천천동그린프라자)",16329,031-271-9442,20250302
J10,경기도교육청,수원시,교습소,3000023389,아코영어교습소,20141119,20141119,개원,        ,99991231,55,4,입시.검정 및 보습,보통교과,초등단과,보습,"초등단과:230000, 중등단과1:270000, 고등단과:250000, 중등단과2:220000, 초등단과영어A:230000, 초등단과영어B:170000, 초등단과영어C:150000, 중등단과영어A:270000, 중등단과영어B:220000, 중등단과영어C:180000, 고등단과영어:250000",Y,N,경기도 수원시 권선구 금곡로102번길 30,", 501호 (금곡동,폴리프라자)",441842,,20231018
J10,경기도교육청,수원시,교습소,3000075976,아토마실험과학교습소,20250918,20250918,개원,        ,        ,0,7,입시.검정 및 보습,,,, ,Y, ,경기도 수원시 권선구 매곡로 43,"203호(금곡동, 호반베르디움 더 센트럴 310동)",16397,,20260308
J10,경기도교육청,수원시,교습소,3000047109,아트그로우미술교습소,20210528,20210528,개원,        ,99991231,9,9,예능(대),예능(중),,미술, ,Y,N,경기도 수원시 팔달구 팔달로99번길 56,", 1층 (화서동)",16442,,20231018
J10,경기도교육청,수원시,교습소,3000053033,아트레브미술교습소,20221114,20221114,개원,        ,99991231,14,7,예능(대),예능(중),,미술, ,Y,N,경기도 수원시 영통구 광교호수공원로 277,", 1F-059호 (원천동, 광교중흥에스클래스 판매시설)",16517,,20231018
J10,경기도교육청,수원시,교습소,3000054797,아트블랑미술교습소,20230329,20230329,개원,        ,99991231,12,9,예능(대),예능(중),,미술, ,Y,N,경기도 수원시 권선구 호매실로104번길 24-43,", 504호 (호매실동, 호매실중앙 파크뷰 주건축물제1동)",16630,,20231018
J10,경기도교육청,수원시,교습소,3000041195,아트삼일미술교습소,20190712,20190712,개원,        ,99991231,56,6,예능(대),예능(중),유아미술A,미술, ,Y,N,경기도 수원시 장안구 율전로101번길 73,", 3층 306호 (율전동, 수원성균관대역동문굿모닝힐)",16361,,20231018
J10,경기도교육청,수원시,교습소,37605,아트샘미술교습소,20090925,20090925,개원,        ,99991231,112,7,예능(대),예능(중),미술일반 유치부 미술,미술,"미술일반 유치부 미술:130000, 미술일반 초등 저학년 미술:130000, 미술일반 초등 고학년 미술:160000, 미술일반 중등 미술:180000, 초등-저(미술):130000, 초등-저(미술):100000, 초등-저(미술):80000, 초등-저(미술):40000, 초등-고(미술):140000, 초등-고(미술):110000, 초등-고(미술):90000, 초등-고(미술):50000, 미술:150000, 미술:120000, 미술:90000, 미술:50000",Y,N,경기도 수원시 팔달구 세지로 298-1,  1층 일부 (지동),442836,,20231018
J10,경기도교육청,수원시,교습소,3000067904,아트앤하트곡반정하늘채더퍼스트미술교습소,20240222,20240222,개원,        ,        ,0,6,예능(대),,아트B,,"아트B:140000, 아트C:150000, 아트D:160000, 하트A:170000, 하트B:180000, 하트C:190000, 하트D:200000",Y, ,경기도 수원시 권선구 망포로 13,"202호(곡반정동,수원 하늘채 더퍼스트 1단지 상가동)",16668,,20240324
J10,경기도교육청,수원시,교습소,3000054327,아트앤하트광교이편한세상미술교습소,20230223,20230223,개원,        ,99991231,24,9,예능(대),예능(중),,미술, ,N,N,경기도 수원시 영통구 센트럴타운로 76,", 202호(e편한세상 광교 근린생활시설-1) (이의동, e편한세상 광교)",16505,,20231018
J10,경기도교육청,수원시,교습소,3000051415,아트앤하트영통한양수자인미술교습소,20220620,20220620,개원,        ,99991231,18,6,예능(대),예능(중),아트A,미술,"아트A:120000, 하트B:180000, 미술C:180000",Y,N,경기도 수원시 영통구 영통로154번길 56,", 202호 (망포동, 한양수자인 에듀파크)",16691,,20231018
J10,경기도교육청,수원시,교습소,3000074833,아트올라미술교습소,20250714,20250714,개원,        ,        ,0,0,예능(대),,,, ,Y, ,경기도 수원시 팔달구 팔달로110번길 38,(고등동) 1층 일부,16448,,20250720
J10,경기도교육청,수원시,교습소,3000032338,아트이공구스튜디오미술교습소,20170314,20170314,개원,        ,99991231,84,6,예능(대),예능(중),미술일반(초등),미술,"미술일반(초등):55000, 미술일반(초등):85000, 미술일반(초등):115000, 미술일반(초등):150000, 미술일반(중고등):120000, 미술일반(중고등):160000, 미술일반(중고등):200000, 초등미술:60000, 초등미술:85000, 초등미술:115000, 초등미술:150000, 중고등미술:120000, 중고등미술:160000, 중고등미술:200000",Y,N,경기도 수원시 장안구 화산로 263,", 209호 (율전동, 신일아파트 상가동)",16359,,20231018
J10,경기도교육청,수원시,교습소,3000043403,아트인더북미술교습소,20200210,20200210,개원,        ,99991231,36,9,예능(대),예능(중),,미술, ,Y,N,경기도 수원시 팔달구 수성로244번길 25,", 201동 203호 (화서동, 화서위브하늘채)",16433,,20231018
J10,경기도교육청,수원시,교습소,3000023798,아트인미술교습소,20141223,20141223,개원,        ,99991231,20,5,예능(대),예능(중),유치부,미술,"유치부:110000, 저학년부:130000, 고학년부:150000, 일반부:170000",Y,N,경기도 수원시 영통구 월드컵로87번길 7,", 403-1호 (원천동)",443380,,20231018
J10,경기도교육청,수원시,교습소,3000062016,아트캠프71음악교습소,20230913,20230913,개원,        ,        ,0,5,예능(대),예능(중),우쿠렐레A (그룹반),음악,"우쿠렐레A (그룹반):80000, 우쿠렐레B (그룹반):160000, 기타A (그룹반):80000, 기타B (그룹반):160000, 우쿠렐레, 기타(개인):160000, 우쿨렐레(성인그룹):100000, 우쿠렐레(성인 개인):160000",Y, ,경기도 수원시 영통구 봉영로1517번길 73,"204호(영통동, 삼성.태영 아파트 상가동)",16700,,20250105
J10,경기도교육청,수원시,교습소,3000040648,아트클로버미술교습소,20190521,20190521,개원,        ,99991231,40,4,예능(대),예능(중),일반미술1,음악,"일반미술1:40000, 일반미술2:60000, 일반미술3:80000, 일반미술4:100000, 일반미술5:120000, 일반미술1:40000, 일반미술2:80000, 일반미술3:100000, 일반미술4:130000, 일반미술5:150000",Y,N,경기도 수원시 장안구 천천로21번길 33,", 1층 103-1호 (정자동, 청솔마을주공아파트)",16330,,20231018
J10,경기도교육청,수원시,교습소,3000071945,아트트리미술교습소,20240919,20240919,개원,        ,        ,0,9,예능(대),예능(중),초등미술A,미술,"초등미술A:101000, 초등미술B:152000",Y, ,경기도 수원시 영통구 영통로 107,", 5층 오른쪽 일부(망포동)",16687,010-2423-0656,20251214
J10,경기도교육청,수원시,교습소,3000048613,아트포레광교미술교습소,20211101,20211101,개원,        ,99991231,0,0,예능(대),예능(중),,미술, ,Y,N,경기도 수원시 영통구 에듀타운로 102,", B동 415호 (이의동, 광교중앙역 SK VIEW)",16509,,20251221
J10,경기도교육청,수원시,교습소,3000072339,아트플래닛미술교습소,20241105,20241105,개원,        ,        ,0,0,예능(대),,,, ,Y, ,경기도 수원시 권선구 수성로 47,", 4층 2호(구운동, 삼환아파트 상가동)",16415,,20241117
J10,경기도교육청,수원시,교습소,3000072289,아트피아창의미술교습소,20241031,20241031,개원,        ,        ,0,0,예능(대),예능(중),미술 1,미술,"미술 1:100000, 미술 2:130000, 미술 3:150000, 미술 4:200000",Y, ,경기도 수원시 장안구 송원로 109-8,", 304호(조원동)",16294,,20251221
J10,경기도교육청,수원시,교습소,3000017629,아트힐미술교습소,20130212,20130212,개원,        ,99991231,32,8,예능(대),예능(중),,미술, ,Y,N,경기도 수원시 영통구 권광로260번길 36,", 현대힐스테이트아파트 유치원, 학원 201호 일부 (매탄동,현대힐스테이트아파트)",443710,,20231018
J10,경기도교육청,수원시,교습소,3000049880,아틔움음악교습소,20220207,20220207,개원,        ,99991231,4,9,예능(대),예능(중),,음악, ,Y,N,경기도 수원시 영통구 광교중앙로 170,", B127호(하동, 광교 효성해링턴 타워)",16514,,20240310
J10,경기도교육청,수원시,교습소,3000054985,아티라움미술교습소,20230414,20230414,개원,        ,99991231,0,0,예능(대),예능(중),,미술, ,Y,N,경기도 수원시 권선구 금곡로102번길 30,", 605호 (금곡동, 폴리프라자)",16385,,20250518
J10,경기도교육청,수원시,교습소,3000043127,안다미술교습소,20200115,20200115,개원,        ,99991231,0,0,예능(대),예능(중),,미술, ,Y,N,경기도 수원시 영통구 광교중앙로 170,", 2층 221호 전체 (하동, 광교 효성해링턴 타워)",16514,,20250727
J10,경기도교육청,수원시,교습소,3000053294,안온미술교습소,20221205,20221205,개원,        ,99991231,30,6,예능(대),예능(중),,미술, ,Y,N,경기도 수원시 영통구 권광로260번길 36,", 207호 (매탄동, 현대힐스테이트아파트 상가2)",16532,,20241201
J10,경기도교육청,수원시,교습소,3000074774,알로하영어교습소,20250709,20250707,개원,        ,        ,0,6,입시.검정 및 보습,보통교과,초등영어1,보습,"초등영어1:198000, 초등영어2:187000, 중등영어:305000",Y, ,경기도 수원시 장안구 대평로51번길 56,", 402호(정자동,화서역파크뷰)",16319,,20251012
J10,경기도교육청,수원시,교습소,30085,알찬수학교습소,20080304,20080304,개원,        ,99991231,63,7,입시.검정 및 보습,보통교과,초등단과1(수학),보습,"초등단과1(수학):200000, 중등단과(수학):230000",Y,N,경기도 수원시 팔달구 정자천로32번길 20,", 201호 일부 (화서동, 엘지아파트) ",442874,031-298-9369,20250629
J10,경기도교육청,수원시,교습소,42087,알토미래엔수학교습소,20100805,20100805,개원,        ,99991231,16,4,입시.검정 및 보습,보통교과,수학,보습, ,N,N,경기도 수원시 영통구 덕영대로1555번길 16,", 113호(영통동, 롯데아파트 생활편익시설)",16700,,20240929
J10,경기도교육청,수원시,교습소,3000051605,앞선수학교습소,20131218,20131218,개원,        ,99991231,0,0,입시.검정 및 보습,보통교과,,보습, ,Y,N,경기도 수원시 팔달구 팔달로110번길 38,", 1층 일부 (고등동)",16448,031-248-7772,20231018
J10,경기도교육청,수원시,교습소,3000030814,애니(Annie)영어교습소,20161121,20161121,개원,        ,99991231,6,6,입시.검정 및 보습,보통교과,,보습, ,Y,N,경기도 수원시 권선구 금곡로73번길 71,", 208호 (금곡동, 금곡엘지아파트 주상가동)",16382,,20251026
J10,경기도교육청,수원시,교습소,3000057782,애니클라비에음악교습소,20230718,20230718,개원,        ,        ,0,4,예능(대),,,, ,Y, ,경기도 수원시 영통구 웰빙타운로49번길 14,"1층 일부(이의동, 경운빌딩)",16224,,20231018
J10,경기도교육청,수원시,교습소,3000072564,애슐리영어교습소,20241127,20241127,개원,        ,        ,0,0,입시.검정 및 보습,,,, ,Y, ,경기도 수원시 장안구 대평로90번길 19,", 326호(정자동)",16334,,20241201
J10,경기도교육청,수원시,교습소,3000069335,앤스아르떼미술교습소,20240701,20240701,개원,        ,        ,0,9,예능(대),예능(중),미술 초급,미술,미술 초급:140000,Y, ,경기도 수원시 영통구 월드컵로 85,", 302호 일부(좌측)(원천동, 인터프라자)",16516,,20240707
J10,경기도교육청,수원시,교습소,3000051090,앤의다락방미술교습소,20220516,20220516,개원,        ,99991231,6,9,예능(대),예능(중),,미술, ,Y,N,경기도 수원시 팔달구 팔달로 63,", 406호 (고등동, 리더스프라자)",16450,,20231018
J10,경기도교육청,수원시,교습소,41558,야무진국어교습소,20100406,20100406,개원,        ,99991231,4,4,입시.검정 및 보습,보통교과,,보습, ,N,N,경기도 수원시 영통구 봉영로1770번길 21,  신명한국아파트 상가 3층 (영통동),443470,031-203-3888,20260201
J10,경기도교육청,수원시,교습소,70155,야외스케치미술,19970613,19970613,개원,19970613,99991231,24,8,예능(대),예능(중),미술일반(주5일),미술, ,Y,N,경기도 수원시 장안구 율전로 107,  수일빌딩 1층 (율전동),440825,031-294-8859,20231018
J10,경기도교육청,수원시,교습소,3000068982,양선생국어교습소,20240527,20240527,개원,        ,        ,0,3,입시.검정 및 보습,,,, ,Y, ,경기도 수원시 장안구 이목로 24,"113호(정자동,수원 SK SKY VIEW 601동)",16336,,20240602
J10,경기도교육청,수원시,교습소,3000073193,양쌤수학교습소,20250120,20250120,개원,        ,        ,0,0,입시.검정 및 보습,,,, ,Y, ,경기도 수원시 장안구 송정로 190,", 1동 11호(조원동,더샵광교산퍼스트파크)",16287,,20250202
J10,경기도교육청,수원시,교습소,36008,어메이징영어교습소,20090731,20090731,개원,        ,99991231,50,9,입시.검정 및 보습,보통교과,,보습,"초등단과(영어):160000, 중등단과(영어):200000, 초등단과(영어):170000, 중등단과A(영어):200000, 중등단과B(영어):240000, 중등단과C(영어):270000, 고등단과A(영어):300000, 고등단과B(영어):320000",Y,N,경기도 수원시 영통구 청명로 100,"205호 (영통동, 건영아파트) ",443817,031-202-0853,20250330
J10,경기도교육청,수원시,교습소,3000062841,어바웃플루트교습소,20231201,20231201,개원,        ,        ,0,9,예능(대),예능(중),플룻트A,음악,"플룻트A:95000, 플룻트B:190000, 플룻트C:280000, 플룻트D:380000, 플룻트E:450000, 플룻트F:60000, 플룻트(방학특강):300000",Y, ,경기도 수원시 권선구 매송고색로506번길 17,"201호(오목천동,청구2차아파트)",16634,,20231210
J10,경기도교육청,수원시,교습소,3000057598,언제나피아노교습소,20230704,20230704,개원,        ,        ,0,5,예능(대),,,, ,N, ,경기도 수원시 영통구 광교호수공원로 20,134호(더샵 광교레이크시티 근린생활시설동-1동),16515,,20231018
J10,경기도교육청,수원시,교습소,32527,에녹피아노교습소,20080910,20080910,개원,        ,99991231,9,5,예능(대),예능(중),음악일반 피아노초급,음악, ,Y,N,경기도 수원시 팔달구 경수대로642번길 24-4, 지1층 (우만동),442819,031-248-5938,20231018
J10,경기도교육청,수원시,교습소,3000074392,에듀어영어교습소,20250527,20250527,개원,        ,        ,0,8,입시.검정 및 보습,,,, ,Y, ,경기도 수원시 영통구 덕영대로 1462-14,", 103호(망포동,힐스테이트 영통)",16685,,20260201
J10,경기도교육청,수원시,교습소,3000043026,에듀케이셔니즘수학교습소,20200108,20200108,개원,        ,99991231,9,3,입시.검정 및 보습,,,,"초등단과(수학):150000, 중등단과(수학):200000, 고등단과(수학):250000, 초등반(수학):170000, 중등반(수학):200000, 고등반(수학):250000, 수리논술반(수학):300000",Y,N,경기도 수원시 장안구 정자로41번길 12,", 3층 302호 303호 (천천동, 비단마을 신명아파트)",16323,,20241222
J10,경기도교육청,수원시,교습소,3000019767,에보니음악교습소,20131025,20131025,개원,        ,99991231,15,3,예능(대),예능(중),클라리넷,음악,"클라리넷:130000, 클라리넷(입시):170000, 피아노:200000, 클라리넷(입시):210000, 클라리넷 기초:140000, 클라리넷 중급:160000, 클라리넷 입시:270000",Y,N,경기도 수원시 영통구 반달로7번길 40,", 407-1호 (영통동,평익칼라스위트)",443814,070-4131-9021,20231018
J10,경기도교육청,수원시,교습소,69305,에스더피아노,19910208,19910208,개원,20220801,20220807,6,6,예능(대),예능(중),0,음악, ,N,N,경기도 수원시 권선구 정조로565번길 22-9,(세류동),16576,031-232-7370,20231018
J10,경기도교육청,수원시,교습소,3000046104,에스발레스튜디오무용교습소,20210215,20210215,개원,        ,99991231,72,9,예능(대),예능(중),무용입시Level 1,무용,"무용입시Level 1:110000, 무용입시Level 2:130000, 무용입시Level 3:450000, 무용입시Level 3-4:750000, 발레Lv.1:120000, 발레Lv.2:140000, 평일성인반:150000, 주말성인반:160000",Y,N,경기도 수원시 장안구 덕영대로417번길 95,", 1층 전체 (율전동)",16356,,20231018
J10,경기도교육청,수원시,교습소,3000045964,에스앤티영어교습소,20210125,20210125,개원,        ,99991231,36,9,입시.검정 및 보습,보통교과,고등단과(영어),보습,"고등단과(영어):350000, 초등단과:210000, 중등단과:310000, 고등단과(영어):360000",Y,N,경기도 수원시 영통구 반달로35번길 30,", 영통역아이파크 상업시설 226호, 227호 (영통동, 영통역 아이파크)",16705,,20231018
J10,경기도교육청,수원시,교습소,3000040588,에스엠논술교습소,20190514,20190514,개원,        ,99991231,30,6,입시.검정 및 보습,보통교과,초등부 1~2학년,보습·논술,"초등부 1~2학년:80000, 초등부 3학년:100000, 초등부 4~6학년:110000, 중등부 1~3학년:130000, 고등부 1~3학년:150000",Y,N,경기도 수원시 영통구 센트럴파크로 100,", 2층 204호 전체 (이의동, 오드카운티 상가동)",16504,,20231018
J10,경기도교육청,수원시,교습소,3000021032,에스와이에스수학교습소,20140311,20140311,개원,        ,99991231,72,8,입시.검정 및 보습,보통교과,초등수학,보습,"초등수학:170000, 중등수학:220000, 초등수학:170000, 중등수학:220000, 고등수학:300000, 초등수학:200000, 초등수학:220000, 중등수학:250000, 고등수학:300000",N,N,경기도 수원시 장안구 장안로 226,", 2층 13호(정자동, 동신아파트상가동)",16340,,20250323
J10,경기도교육청,수원시,교습소,3000077532,에스텔라피아노교습소,20260223,20260223,개원,        ,        ,0,5,예능(대),,,, ,Y, ,경기도 수원시 팔달구 고등로 28,523호(고등동),16453,,20260405
J10,경기도교육청,수원시,교습소,3000019759,에이드영어수원망포영어교습소,20131018,20131018,개원,        ,99991231,72,9,입시.검정 및 보습,보통교과,,보습,"초등기초:120000, 초등기본:170000, 중등:220000, 고등:300000, 초등영여:190000, 중등영어:220000, 고등영어:300000, 초등단과(영어):190000, 중등단과(영어):250000, 고등단과(영어):300000",Y,N,경기도 수원시 영통구 영통로154번길 60,", 104호 일부 우측 (망포동 417-2외1필지)",16691,031-205-9364,20260426
J10,경기도교육청,수원시,교습소,3000071928,에이엘기타음악교습소,20240913,20240913,개원,        ,        ,0,0,예능(대),,,, ,Y, ,경기도 수원시 팔달구 효원로55번길 51,406호 (매교동),16464,,20240929
J10,경기도교육청,수원시,교습소,3000046354,에이엘영어교습소,20210311,20210311,개원,        ,99991231,12,8,입시.검정 및 보습,보통교과,,보습,"특강A:100000, 특강B:130000, 특강C:150000, 고등영어B:300000, 초등 영어:201000, 중등 영어A:328000, 고등 영어:435000, 중등 영어B:273000",Y,N,경기도 수원시 장안구 대평로 74,", 203호 (정자동, 금강프라자)",16334,010-9071-7234,20251102
J10,경기도교육청,수원시,교습소,3000029421,에이치비(HB)수학교습소,20160628,20160628,개원,        ,99991231,8,8,입시.검정 및 보습,보통교과,초등A수학,보통교과,"초등A수학:150000, 초등B수학:180000, 초등C수학:200000, 초등D수학:250000, 초등E수학:270000, 고등D수학1:290000, 고등D수학2:90000, 고등E수학:380000, 고등(특강2):170000, 고등(특강3):170000, 고등A수학:150000, 고등B수학:230000, 고등C수학1:230000, 고등C수학2:100000, 고등(특강1)수학:170000, 중등A수학:250000, 중등B수학:270000, 중등C수학:320000, 중등(특강):160000",Y,N,경기도 수원시 장안구 만석로19번길 25-5,", 902호 (천천동)",16329,,20250831
J10,경기도교육청,수원시,교습소,3000055216,에이팩영어교습소,20230510,20230510,개원,        ,99991231,15,5,입시.검정 및 보습,보통교과,,보습, ,N,N,경기도 수원시 영통구 광교호수공원로 277,", 1F-060 (원천동, 광교중흥에스클래스)",16517,,20250720
J10,경기도교육청,수원시,교습소,3000074609,에코국어교습소,20250620,20250620,개원,        ,        ,0,6,입시.검정 및 보습,,,, ,Y, ,경기도 수원시 영통구 에듀타운로 102,", 815호(이의동, 광교중앙역 SK VIEW B동)",16509,,20251109
J10,경기도교육청,수원시,교습소,3000045154,에프티영어교습소,20200929,20200929,개원,        ,99991231,72,8,입시.검정 및 보습,보통교과,초등단과(영어1),보습,"초등단과(영어1):200000, 초등단과(영어2):210000, 초등단과(영어3):220000, 초등단과(영어):190000, 초등단과(영어):190000, 초등단과(영어):200000, 초등단과(영어):210000, 중등단과(영어):240000, 중등단과(영어):250000, 중등단과(영어):260000",Y,N,경기도 수원시 영통구 중부대로448번길 28,", 201호 (원천동, 수원 원천2단지 주공아파트)",16519,,20231018
J10,경기도교육청,수원시,교습소,3000081690,엑스포보컬실용음악교습소,20260413,20260413,개원,        ,        ,0,4,예능(대),,,, ,Y, ,경기도 수원시 권선구 금곡로118번길 24,", 121호(금곡동,리치빌딩)",16388,,20260426
J10,경기도교육청,수원시,교습소,3000050808,엘랑피아노음악교습소,20220414,20220414,개원,        ,99991231,17,7,예능(대),예능(중),,음악, ,Y,N,경기도 수원시 권선구 호매실로165번길 71,", 101호 (호매실동, 호매실 금호어울림 에듀포레 110동 상가)",16628,,20250518
J10,경기도교육청,수원시,교습소,3000027879,엘리미술교습소,20160215,20160215,개원,        ,99991231,182,7,예능(대),예능(중),"미술(유치,저초등)",음악,"미술(유치,저초등):80000, 미술(유치,저초등)2:100000, 미술(유치부,저초등)3:150000, 미술(초등3~6):60000, 미술(초등3~6)2:90000, 미술(초등3~6)3:110000, 미술(초등3~6)4:160000, 미술중등:80000, 미술중등2:110000, 미술증등3:140000, 미술중등4:210000, 유치부 초등부저학년 A반:55000, 유치부 초등부저학년 B반:65000, 유치부 초등부 저학년 2회반:85000, 유치부 고학년 2회반:95000, 유치부 초등3회반:105000, 유치부초등1회A:60000, 유치부초등1회B:70000, 유치부초등2회A:90000, 유치부초등2회B:100000, 유치부초등3회:115000, 유치부초등4회:172000, 미술초급(유아,초등):60000, 미술초급(유아,초등A):110000, 미술중급(초등B):140000, 미술중급(중등):80000",Y,N,경기도 수원시 권선구 세권로 334,", 101호 일부 (권선동, 매탄권선역 리버파크 상가동)",16552,null,20250914
J10,경기도교육청,수원시,교습소,22077,엘리에셀음악교습소,20060427,20060427,개원,        ,99991231,55,4,예능(대),예능(중),음악일반 피아노초급,음악,"음악일반 피아노초급:100000, 음악일반 피아노중급:110000, 음악일반 피아노고급:120000, 바이엘(기초반):130000, 체르니100(중급반):140000, 체르니30(중급반):150000, 체르니40(고급반):160000, 바이엘반:130000, 바이엘반:110000, 성인반:130000",Y,N,경기도 수원시 영통구 권광로290번길 34-18,  우성아파트 상가 203호 (매탄동),443800,031-217-2511,20231018
J10,경기도교육청,수원시,교습소,68500,엘리제피아노,19860701,19860701,개원,19860701,99991231,5,5,예능(대),예능(중),,음악, ,N,N,경기도 수원시 팔달구 행궁로 37,  1층 일부 (남창동),442030,031-255-8452,20260201
J10,경기도교육청,수원시,교습소,3000038311,엘리트수학교습소,20181017,20181017,개원,        ,99991231,20,5,입시.검정 및 보습,보통교과,,보습, ,Y,N,경기도 수원시 영통구 동수원로 432,", 202호 (매탄동 810-2, 동남아파트 5동상가)",16537,,20231018
J10,경기도교육청,수원시,교습소,28625,엘리피아노교습소,20071105,20071105,개원,        ,99991231,5,5,예능(대),예능(중),음악일반 피아노(초급),음악, ,Y,N,경기도 수원시 권선구 권광로27번길 62,", 302호 (권선동, 삼천리권선1차아파트)",16583,031-222-3472,20231018
J10,경기도교육청,수원시,교습소,3000024793,엘린피아노교습소,20150327,20150327,개원,        ,99991231,135,5,예능(대),예능(중),초중급 주2회,음악,"초중급 주2회:140000, 초중급 주3회:160000, 초중급 주5회:180000, 고급 주3회:180000, 고급 주2회:160000",Y,N,경기도 수원시 권선구 동수원로145번길 74,", 112호 (권선동, 수원아이파크시티 1단지-2)",441738,031-225-9225,20260426
J10,경기도교육청,수원시,교습소,3000028772,엘림미술교습소,20160427,20160427,개원,        ,99991231,60,6,예능(대),예능(중),,미술, ,Y,N,경기도 수원시 영통구 청명로 130,", 202호(벽산삼익아파트상가동) (영통동)",16707,,20231018
J10,경기도교육청,수원시,교습소,3000017221,엘지숙명음악교습소,20121218,20121218,개원,        ,99991231,112,8,예능(대),예능(중),피아노,음악,"피아노:130000, 피아노:140000, 피아노:150000, 입시:270000, 플루트:120000, 우쿨렐레:120000, 바이엘:140000, 체르니100:150000, 체르니30:160000, 체르니40:170000, 체르니50:180000, 플룻:130000, 우쿠렐레:130000, 피아노입시:220000",Y,N,경기도 수원시 권선구 금곡로73번길 71,", 금곡엘지아파트 주상가동 3층 316호 (금곡동,금곡엘지아파트)",441704,031-309-0808,20231018
J10,경기도교육청,수원시,교습소,3000025785,엘지진수학교습소,20150715,20150715,개원,        ,99991231,30,9,입시.검정 및 보습,보통교과,,보습, ,Y,N,경기도 수원시 영통구 태장로82번길 32,", 202호(상가동) (망포동, 망포마을 동수원 엘지빌리지)",443706,,20231018
J10,경기도교육청,수원시,교습소,3000075642,엠비쥬얼아트(MVisualArt)미술교습소,20250814,20250814,개원,        ,        ,0,9,예능(대),,,, ,Y, ,경기도 수원시 영통구 광교중앙로248번길 7-2,", A-212호(하동, 원희캐슬 광교)",16512,,20250831
J10,경기도교육청,수원시,교습소,3000063658,엠앤비수학교습소,20231207,20231207,개원,        ,        ,0,4,입시.검정 및 보습,,,, ,Y, ,경기도 수원시 장안구 대평로 132-3,403호(정자동),16339,010-2886-9466,20231210
J10,경기도교육청,수원시,교습소,3000068272,엠제이수학교습소,20240318,20240318,개원,        ,        ,0,7,입시.검정 및 보습,보통교과,초등수학,보습,"초등수학:200000, 중등수학:270000, 고등수학:340000, 초등수학1:150000, 중등수학(지인할인):230000, 고등수학1:430000, 고등수학(지인할인):310000, 고등수학(지인할인2):320000, 초등수학2:150000, 초등수학3:250000, 중등수학2:300000, 고등수학2:370000",Y, ,경기도 수원시 영통구 매영로310번길 36,"203호 일부(영통동, 신성.신안.쌍용.진흥아파트 상가동)",16697,,20250907
J10,경기도교육청,수원시,교습소,26755,엠케이다빈치미술교습소,20070502,20070502,개원,        ,99991231,45,9,예능(대),예능(중),미술일반(A반),미술, ,Y,N,경기도 수원시 장안구 파장로 53,  벽산블루밍 상가 3-202호 (정자동),440840,031-258-9187,20231018
J10,경기도교육청,수원시,교습소,3000035125,엠클래스영어교습소,20171211,20171211,개원,        ,99991231,54,6,입시.검정 및 보습,보통교과,,보습,"영어초등기초 1:160000, 영어초등기초 2:170000, 영어초등실력 1:210000, 영어초등실력 2:220000, 영어초등심화 1:230000, 영어초등심화 2:240000, 영어중등 1:270000, 영어중등 2:280000, 영어중등 3:300000",Y,N,경기도 수원시 영통구 태장로 81,", 303-1호 (망포동)",16688,,20241229
J10,경기도교육청,수원시,교습소,3000012654,엠플러스수학교습소,20110930,20110930,개원,        ,99991231,36,9,입시.검정 및 보습,보통교과,,보습, ,Y,N,경기도 수원시 영통구 영통로154번길 60,", 104호 일부 좌측 (망포동 417-2외1필지)",16691,031-204-2060,20260426
J10,경기도교육청,수원시,교습소,3000027860,엣지수학교습소,20160205,20160205,개원,        ,99991231,117,9,입시.검정 및 보습,보통교과,,보습,"초등단과(수학,초1~5학년):140000, 초등단과(수학,초6):160000, 중등단과(수학):180000, 고등단과(수학):250000, 초등단과 수학:160000, 중등단과 수학:180000, 고등단과 수학:250000, 초등단과 수학:160000, 중등단과 수학:210000, 고등단과 수학:260000, 초등단과 수학:160000, 중등단과 수학:210000, 고등단과 수학:290000",Y,N,경기도 수원시 장안구 하률로12번길 86,", 5층 505호 (천천동, 골든프라자)",16324,031-234-8001,20251214
J10,경기도교육청,수원시,교습소,3000061936,여기지금봄수학교습소,20230905,20230905,개원,        ,        ,0,90,입시.검정 및 보습,보통교과,수학(초)1,보습,"수학(초)1:240000, 수학(초)2:300000, 수학(중):360000, 수학(고):480000",Y,N,경기도 수원시 영통구 효원로358번길 7-4,(매탄동),16546,,20250202
J10,경기도교육청,수원시,교습소,3000076835,여니티처영어교습소,20251218,20251218,개원,        ,        ,0,9,입시.검정 및 보습,,,, ,Y, ,경기도 수원시 장안구 정자천로 179,", 409호 일부(정자동)",16334,,20251221
J10,경기도교육청,수원시,교습소,3000034294,여인정영어교습소,20170922,20170922,개원,        ,99991231,78,3,입시.검정 및 보습,보통교과,초등단과,보습,"초등단과:230000, 중등단과:330000, 고등단과:380000, 중등영어:190000, 중등영어:290000, 중등영어:380000, 중등영어:480000, 고등영어:210000, 고등영어:320000, 고등영어:430000, 고등영어:530000, 고등영어:640000, 영어(중등):315000, 영어(고등):335000, 영어(고등):355000, 영어(중.고등):100000, 영어(중.고등):180000, 영어(중.고등):250000, 중등영어A:273480, 중등영어B:328176, 고등영어A:367650, 고등영어B:290250",Y,N,경기도 수원시 장안구 대평로 80,", 정현매이져1동 414호 (정자동)",16334,,20231119
J10,경기도교육청,수원시,교습소,3000029114,연세에스수학교습소,20160601,20160601,개원,        ,99991231,10,5,입시.검정 및 보습,보통교과,,보습, ,Y,N,경기도 수원시 영통구 효원로 363,", 205-1호 (매탄동 1352, 매탄위브하늘채303상가B)",16543,,20231018
J10,경기도교육청,수원시,교습소,3000037014,연쌤영어교습소,20180530,20180530,개원,        ,99991231,21,5,입시.검정 및 보습,보통교과,중등1학년,보습,"중등1학년:250000, 중등2-3학년:270000, 고등영어:300000",Y,N,경기도 수원시 권선구 금곡로 100,", 204호 (금곡동)",16385,,20240707
J10,경기도교육청,수원시,교습소,3000076340,연첼로음악교습소,20251105,20251105,개원,        ,        ,0,3,예능(대),예능(중),YEON A 기초첼로,음악,"YEON A 기초첼로:160000, YEON M 중급 첼로:200000, YEON S 중급 첼로:240000, YEON S+ 중급 첼로:280000, YEON P 첼로:220000, 그룹:120000, 음악특강:150000, 입시 첼로:400000",Y, ,경기도 수원시 영통구 광교중앙로 170,"205호(하동, 광교효성해링턴타워)",16514,,20251214
J10,경기도교육청,수원시,교습소,39389,열정영어교습소,20100107,20100107,개원,20110512,20110712,4,6,입시.검정 및 보습,보통교과,,보습,"초등단과(중국어):150000, 중등단과(중국어):190000, 고등단과(중국어):250000, 고등단과(중국어고급):250000",Y,N,경기도 수원시 장안구 대평로90번길 19,226호(정자동),16334,,20260426
J10,경기도교육청,수원시,교습소,3000054798,영렘브란트수원구운클래스미술교습소,20230329,20230329,개원,        ,99991231,5,9,예능(대),예능(중),,미술, ,Y,N,경기도 수원시 권선구 구운로63번길 46,", 101호 (구운동)",16406,,20231018
J10,경기도교육청,수원시,교습소,3000053968,영아작고등영어교습소,20230127,20230127,개원,        ,99991231,28,7,입시.검정 및 보습,보통교과,고등영어A,보습,"고등영어A:350000, 고등영어B:380000, 고등영어C:400000, 고등영어D:420000, 고등영어E:450000",Y,N,경기도 수원시 권선구 동수원로242번길 20,", 503호 일부(좌측) (권선동, 태양프라자)",16553,,20251221
J10,경기도교육청,수원시,교습소,3000037572,영어나무영어교습소,20180725,20180725,개원,        ,99991231,117,7,입시.검정 및 보습,보통교과,초등영어,보습,"초등영어:77000, 중등영어:90000, 고등영어:100000, 유치(영어):77000, 성인(영어):160000, 기초영어:57000, 초등영어:57000, 중등영어:68000, 고등영어:75000, 성인영어:110000, 유치영어:38000, 초등영어:38000, 중등영어:45000, 고등영어:50000, 성인영어:100000, 초등단과(영어):85000, 초등단과(영어):128000, 중등단과(영어):97000, 중등단과(영어):145000, 고등단과(영어):107000, 고등단과(영어):161000",Y,N,경기도 수원시 영통구 효원로358번길 23,", 1층 일부(103호) (매탄동 1161-13)",16546,,20231018
J10,경기도교육청,수원시,교습소,3000068423,영어의별영어교습소,20240329,20240329,개원,        ,        ,0,7,입시.검정 및 보습,,,, ,Y, ,경기도 수원시 권선구 곡선로 20,"105호(권선동,수원아이파크시티6단지상가동)",16666,,20240331
J10,경기도교육청,수원시,교습소,3000035527,영어의신금곡영어교습소,20180110,20180110,개원,        ,99991231,15,5,입시.검정 및 보습,보통교과,,보습, ,Y,N,경기도 수원시 권선구 서수원로577번길 305,", 서수원모아미래도 2단지내 상가 제110호 (금곡동, 수원모아미래도센트럴타운2단지)",16380,,20231018
J10,경기도교육청,수원시,교습소,3000045083,영영쌤과학실험교습소,20200918,20200918,개원,        ,99991231,36,8,입시.검정 및 보습,보통교과,초등,보습,"초등:38500, 유치부:38500, 유치부(과학실험:38500, 초등부(과학실험):38500",Y,N,경기도 수원시 장안구 화산로 87,", 101-1호(천천동)",16420,,20240929
J10,경기도교육청,수원시,교습소,3000030648,영올리브미술교습소,20161108,20161108,개원,        ,99991231,33,7,예능(대),예능(중),아동미술 초급반,미술,"아동미술 초급반:100000, 아동미술 중급반:130000",Y,N,경기도 수원시 권선구 덕영대로1190번길 100,", 아이파크시티707동 상가동 203호 (권선동)",16662,,20251207
J10,경기도교육청,수원시,교습소,34245,영재독서논술교습소,20090313,20090313,개원,        ,99991231,40,5,입시.검정 및 보습,보통교과,초등단과(독서논술),보습,"초등단과(독서논술):90000, 논술(초등):60000, 논술(초등):120000, 논술(초등):130000, 논술(초등):130000, 논술(중등):150000, 논술(초등):110000, 논술(중등):150000",Y,N,경기도 수원시 영통구 봉영로1517번길 23,  벽적골9단지 주공아파트 가상가동 202호 (영통동),443470,031-203-0364,20231018
J10,경기도교육청,수원시,교습소,3000051265,영통2단지해법영어교습소,20220603,20220603,개원,        ,99991231,35,8,입시.검정 및 보습,보통교과,,보습, ,Y,N,경기도 수원시 영통구 봉영로1770번길 21,", 303호 (영통동, 신명.한국아파트)",16713,,20231018
J10,경기도교육청,수원시,교습소,3000037795,영통메타수학교습소,20180802,20180802,개원,        ,99991231,18,6,입시.검정 및 보습,보통교과,,보습, ,Y,N,경기도 수원시 영통구 영통로290번길 28,", 202호 (영통동, 벽적골주공 휴먼시아8단지)",16698,,20240324
J10,경기도교육청,수원시,교습소,3000074204,영화동기타교습소,20250502,20250502,개원,        ,        ,0,3,예능(대),,,, ,Y, ,경기도 수원시 장안구 장안로29번길 17,", 2층 일부(영화동)",16274,,20250504
J10,경기도교육청,수원시,교습소,3000051960,예그린미술교습소,20220801,20220801,개원,        ,99991231,30,6,예능(대),예능(중),,미술, ,Y,N,경기도 수원시 권선구 여기산로 19,", 206호 (구운동, 선경아파트)",16426,,20231018
J10,경기도교육청,수원시,교습소,3000073845,예그린음악교습소,20250325,20250325,개원,        ,        ,0,0,예능(대),,,, ,Y, ,경기도 수원시 권선구 효탑로 50,", 201호(탑동,수원탑동우방파크타운)",16610,,20250330
J10,경기도교육청,수원시,교습소,3000052595,예쁜소리음악교습소,20221006,20221006,개원,        ,99991231,9,9,예능(대),예능(중),,음악, ,N,N,경기도 수원시 팔달구 팔달문로163번길 7,", 2층 일부 (우만동)",16239,,20231018
J10,경기도교육청,수원시,교습소,3000030917,예손음악교습소,20161129,20161128,개원,        ,99991231,18,6,예능(대),예능(중),피아노,음악,"피아노:140000, 피아노1:130000, 피아노2:120000",Y,N,경기도 수원시 권선구 금곡로73번길 71,", 206호(엘지빌리지 종합상가) (금곡동)",16382,,20231018
J10,경기도교육청,수원시,교습소,3000035120,예술아이미술교습소,20171211,20171211,개원,        ,99991231,36,6,예능(대),예능(중),초등미술(주4회),음악,"초등미술(주4회):110000, 초등미술(주3회):100000, 초등미술(주1회):40000, 미술:50000, 미술:80000, 미술:110000",Y,N,경기도 수원시 권선구 서수원로 607,", 403호 상가동 (금곡동)",16392,,20231018
J10,경기도교육청,수원시,교습소,3000068034,예술혼미술교습소,20240304,20240304,개원,        ,        ,0,6,예능(대),,,, ,Y, ,경기도 수원시 권선구 매탄로 11,"105호(권선동,현대아파트)",16550,,20251019
J10,경기도교육청,수원시,교습소,3000032768,예원음악교습소,20170420,20170420,개원,        ,99991231,8,4,예능(대),예능(중),피아노,음악,"피아노:130000, 피아노:140000",Y,N,경기도 수원시 영통구 센트럴파크로 60,", 109호(상가동) (이의동, 래미안 광교)",16504,,20231018
J10,경기도교육청,수원시,교습소,3000010652,예원칸타빌레음악교습소,20110308,20110308,개원,        ,99991231,244,9,예능(대),예능(중),음악일반피아노초급,음악,"음악일반피아노초급:120000, 음악일반피아노중급A:130000, 음악일반중금B:140000, 음악일반고급:150000, 음악일반피아노초급:110000, 음악일반피아노중급A:120000, 음악일반피아노중급B:130000, 음악일반고급:140000, 음악일반피아노초급:100000, 음악일반중급A:110000, 음악일반중급B:120000, 음악일반고급:130000, 피아노 초급A:130000, 피아노 초급B:140000, 피아노 중급A:150000, 피아노 중급B:160000, 피아노 고급A:170000, 피아노 고급B:180000, 피아노 입시:300000, 피아노 입시:250000, 피아노 입시:210000, 피아노 초급A:120000, 피아노 초급B:130000, 피아노 중급A:140000, 피아노 중급B:150000, 피아노 고급A:160000, 피아노 고급B:170000, 특강:0, 우쿨렐레:60000, 우쿨렐레:90000",Y,N,경기도 수원시 권선구 경수대로302번길 29,  권선삼성아파트 상가동 204호 (권선동),441715,,20231018
J10,경기도교육청,수원시,교습소,3000073838,예원플루트교습소,20250325,20250325,개원,        ,        ,0,6,예능(대),,,, ,Y, ,경기도 수원시 영통구 에듀타운로 102,", 610호(이의동, 광교중앙역 SK VIEW B동)",16509,,20250525
J10,경기도교육청,수원시,교습소,3000034259,예음음악교습소,20170919,20170919,개원,        ,99991231,5,0,예능(대),예능(중),,음악, ,Y,N,경기도 수원시 영통구 봉영로 1410-17,", 104호(e편한세상 영통2차 1단지상가동) (망포동)",16694,,20250330
J10,경기도교육청,수원시,교습소,28846,예현기타교습소,20071126,20071126,개원,        ,99991231,9,8,예능(대),예능(중),기타,음악,"기타:120000, 기타레슨:25000",N,N,경기도 수원시 영통구 영통로 115,114-2호 (망포동) ,443400,,20231018
J10,경기도교육청,수원시,교습소,3000040366,오네스또뮤직음악교습소,20190416,20190416,개원,        ,99991231,30,6,예능(대),예능(중),피아노기초A,음악,"피아노기초A:120000, 피아노중급A:130000, 피아노고급A:135000, 우쿨렐레A:30000, 드럼A:30000, 피아노 기초B:150000, 피아노 중급B:160000, 피아노고급B:170000, 드럼B:50000, 우쿨렐레B:50000, 성악(취미):120000, 성악(입시):200000",Y,N,경기도 수원시 권선구 동수원로145번길 23,", 114(수원아이파크시티4단지 상가-2) (권선동, 수원아이파크시티4단지)",16664,,20231112
J10,경기도교육청,수원시,교습소,3000031514,오늘기타음악교습소,20170104,20170103,개원,        ,99991231,19,3,예능(대),예능(중),,음악,"그룹레슨:110000, 그룹레슨 3개월:83330, 개인레슨주1회:120000, 개인레슨주2회:200000, 개인레슨주1회3개월:100000, 입시레슨주1회:200000, 입시레슨주2회:360000, 입시레슨주1회3개월:180000, 개인레슨미디:160000, 그룹레슨 주1회:100000, 그룹레슨 주1회 3개월:90000, 개인레슨 주1회:120000, 개인레슨 주2회:200000, 개인레슨 주1회 3개월:100000, 입시레슨 주1회:200000, 입시레슨 주2회:360000, 입시레슨 주1회,3개월:180000, 미디/레코딩:160000, 그룹레슨 주2회:120000, 그룹레슨 주2회 3개월:100000",Y,N,경기도 수원시 권선구 덕영대로 1095,", 1층 (세류동)",16588,,20231018
J10,경기도교육청,수원시,교습소,3000045944,오늘도그림미술교습소,20210121,20210121,개원,        ,99991231,16,8,입시.검정 및 보습,보통교과,,보습, ,Y,N,경기도 수원시 권선구 동수원로177번길 90,", 상가204호 (권선동,수원아이파크시티9단지)",16663,,20231018
J10,경기도교육청,수원시,교습소,3000034498,오늘은피아노음악교습소,20171018,20171018,개원,        ,99991231,41,3,예능(대),예능(중),바이엘B,음악,"바이엘B:150000, 체르니100A:140000, 체르니100B:160000, 체르니30A:160000, 체르니30B:180000, 체르니40A:170000, 체르니40B:190000, 콩쿨:150000, 성인1:130000, 성인2:150000, 바이엘A:130000",Y,N,경기도 수원시 영통구 영통로 111,",  202호 일부(1/2)( 엘지동수원자이아파트주상가동) (망포동, 엘지동수원자이아파트)",16687,031-202-1173,20241201
J10,경기도교육청,수원시,교습소,3000029729,오늘의라곰미술교습소,20160729,20160729,개원,        ,99991231,0,0,예능(대),예능(중),,미술, ,Y,N,경기도 수원시 영통구 도청로 65,", 128호(자연앤 힐스테이트 상가1동) (이의동)",16509,,20250810
J10,경기도교육청,수원시,교습소,3000042558,오늘의피아노음악교습소,20191204,20191204,개원,        ,99991231,30,8,예능(대),예능(중),,음악, ,Y,N,경기도 수원시 영통구 동탄원천로 1035,", 2층 202호 전체 (매탄동, 매탄3차삼성아파트 상가동)",16542,,20241117
J10,경기도교육청,수원시,교습소,3000038044,오늘피아노음악교습소,20180914,20180914,개원,        ,99991231,75,5,예능(대),예능(중),초등기초반,음악, ,Y,N,경기도 수원시 장안구 상률로12번길 72,", 1층 103호 (율전동)",16356,,20231018
J10,경기도교육청,수원시,교습소,3000017250,오르세미술교습소,20121228,20121228,개원,        ,99991231,40,7,예능(대),예능(중),미술일반(A),미술, ,Y,N,경기도 수원시 영통구 매영로310번길 12,", 207호 일부 (영통동, 신성.신안.쌍용.진흥아파트)",16697,031-203-8020,20231018
J10,경기도교육청,수원시,교습소,3000029837,오르세아뜰리에미술교습소,20160808,20160808,개원,        ,99991231,21,7,예능(대),예능(중),미술A,미술, ,Y,N,경기도 수원시 권선구 효탑로30번길 48,", 101호 (탑동, 탑캐슬아파트)",16610,,20231018
J10,경기도교육청,수원시,교습소,3000077420,오름국어교습소,20260209,20260209,개원,        ,        ,0,9,입시.검정 및 보습,,,, ,Y, ,경기도 수원시 장안구 대평로90번길 19,"142호(정자동, 라이프스포츠 수원)",16334,,20260215
J10,경기도교육청,수원시,교습소,3000046866,오름스마트해법수학교습소,20210503,20210503,개원,        ,99991231,35,7,입시.검정 및 보습,보통교과,초등수학,보습,"초등수학:150000, 중등수학:200000, 초등1.2학년단과(수학):150000, 초등3~6학년단과(수학):170000, 중등단과(수학):220000",Y,N,경기도 수원시 권선구 매실로 70,", 209호 (호매실동, 호매실GS아파트)",16395,,20231018
J10,경기도교육청,수원시,교습소,3000054556,오민영수학교습소,20230309,20230309,개원,        ,99991231,27,5,입시.검정 및 보습,보통교과,초등영어,보습,"초등영어:220000, 중등영어:280000, 고등영어:330000, 초등수학:200000, 중등수학:250000",Y,N,경기도 수원시 팔달구 수성로244번길 25,", 101호 (화서동, 화서위브하늘채)",16433,,20231203
J10,경기도교육청,수원시,교습소,3000076103,오수학교습소,20251013,20251013,개원,        ,        ,0,3,입시.검정 및 보습,,,, ,Y, ,경기도 수원시 영통구 에듀타운로 102,", 310호(이의동, 광교중앙역 SK VIEW B동)",16509,,20251102
J10,경기도교육청,수원시,교습소,3000064224,오스틴영어교습소,20240117,20240117,개원,        ,        ,0,5,입시.검정 및 보습,보통교과,영어A,보습,"영어A:380000, 영어B:400000",Y, ,경기도 수원시 영통구 봉영로 1612,"520호(영통동, 보보스프라자)",16704,,20240128
J10,경기도교육청,수원시,교습소,3000063784,오쌤영어교습소,20231218,20231218,개원,        ,        ,0,8,입시.검정 및 보습,보통교과,중등영어,보습,"중등영어:320000, 고등영어:340000",Y, ,경기도 수원시 영통구 봉영로1770번길 21,"309호(영통동, 한국.신명아파트 상가동)",16713,,20231224
J10,경기도교육청,수원시,교습소,42654,오야나무미술교습소,20101006,20101006,개원,        ,99991231,42,4,예능(대),예능(중),미술일반(A),미술,"미술일반(A):70000, 미술일반(B):80000, 미술일반(C):50000, 미술일반(D):60000, 미술일반(E):80000, 미술A초급:105840, 미술B중급:120960, 미술C초급:90720",Y,N,경기도 수원시 팔달구 덕영대로697번길 17,"117호(화서동, 그린프라자)",16435,031-255-3379,20231018
J10,경기도교육청,수원시,교습소,3000054523,오운아트미술교습소,20230308,20230308,개원,        ,99991231,2893,9,예능(대),예능(중),,미술, ,N,N,경기도 수원시 영통구 법조로 25,", A동 1512 (하동, 광교 SK VIEW Lake)",16514,,20231018
J10,경기도교육청,수원시,교습소,20515,오즈미술교습소,20060123,20060123,개원,        ,99991231,28,8,예능(대),예능(중),2일반,미술,"2일반:100000, 3일반:140000, 4일반:160000, 5일반:180000, 미술일반(매일반):85000, 미술일반(3일반):65000, 미술일반(2일반):55000, 미술일반(1일반):35000",Y,N,경기도 수원시 영통구 봉영로1770번길 21,", 304호 (영통동, 신명.한국아파트)",16713,031-205-2850,20241103
J10,경기도교육청,수원시,교습소,32528,오즈의미술관미술교습소,20080923,20080923,개원,        ,99991231,107,5,예능(대),예능(중),주2회반,미술, ,N,N,경기도 수원시 장안구 정조로1060번길 21-4,  1층왼편일부분 (송죽동),440804,null,20240505
J10,경기도교육청,수원시,교습소,13681,오즈피아노음악교습소,20041229,20041229,개원,        ,99991231,45,6,예능(대),예능(중),,음악,"음악일반 피아노 초급:100000, 음악일반 피아노 중급A:110000, 음악일반 피아노 중급B:90000, 음악일반 피아노 고급A:120000, 음악일반 피아노 고급B:100000, 피아노 기초:140000, 체르니100:150000, 체르니30:160000, 체르니40:170000",N,N,경기도 수원시 영통구 태장로 47,", 203호 (망포동, 망포마을현대2차아이파크 상가동)",16688,031-205-9674,20251019
J10,경기도교육청,수원시,교습소,3000069336,온뮤직아카데미음악교습소,20240701,20240701,개원,        ,        ,0,9,예능(대),예능(중),피아노 초급,음악,"피아노 초급:130000, 피아노 중급:160000, 피아노 고급(반주법):150000",Y, ,경기도 수원시 영통구 월드컵로 85,", 302호 일부(우측)(원천동, 인터프라자)",16516,,20240707
J10,경기도교육청,수원시,교습소,20019,온수학교습소,20051121,20051121,개원,        ,99991231,12,7,입시.검정 및 보습,보통교과,초등단과(수학),보습, ,Y,N,경기도 수원시 영통구 중부대로246번길 24,  2층 (매탄동),443800,031-215-7090,20231018
J10,경기도교육청,수원시,교습소,3000077533,올라수학교습소,20260223,20260223,개원,        ,        ,0,8,입시.검정 및 보습,,,, ,Y, ,경기도 수원시 팔달구 정조로 667,"804호(매교동, 마인프라자)",16467,,20260308
J10,경기도교육청,수원시,교습소,3000016695,올림수학교습소,20121105,20121105,개원,        ,99991231,32,8,입시.검정 및 보습,보통교과,초등단과(수학),보습,"초등단과(수학):130000, 중등단과(수학):180000, 초등단과(수학):200000, 중등단과(수학):250000, 고등단과(수학):280000",Y,N,경기도 수원시 권선구 금곡로102번길 30,", 504호 (금곡동)",16385,031-295-4375,20231018
J10,경기도교육청,수원시,교습소,3000038402,올바른영어교습소,20181025,20181025,개원,        ,99991231,42,6,입시.검정 및 보습,,초등영어-화이트,,"초등영어-화이트:160000, 초등영어-핑크:170000, 초등영어-옐로:180000, 초등영어-그린:190000, 중등영어-블루:200000, 중등영어-레드:210000, 중등영어-블랙:220000, 초등기본:180000, 초등심화:200000, 중등A:230000, 중등B:240000, 고등:300000",Y,N,경기도 수원시 권선구 입북로77번길 61,", 201호 (입북동 815, 서수원 레이크 푸르지오 2단지219동상가동)",16365,,20250302
J10,경기도교육청,수원시,교습소,3000040089,와이비엠영어교습소,20190325,20190325,개원,        ,99991231,28,7,입시.검정 및 보습,보통교과,초등단과 영어1,보습,"초등단과 영어1:228000, 중등단과 영어1:240000, 초등단과(영어):190000, 중등단과(영어):230000, 초등단과(영어):210000, 중등단과(영어):250000",Y,N,경기도 수원시 장안구 장안로29번길 7,", 1층 일부 (영화동)",16274,031-892-2020,20250309
J10,경기도교육청,수원시,교습소,3000077514,와이비엠잉글루영어교습소,20260219,20260219,개원,        ,        ,0,5,입시.검정 및 보습,,,, ,Y, ,경기도 수원시 권선구 일월천로16번길 39,"202호 (구운동,코오롱하늘채아파트)",16413,,20260222
J10,경기도교육청,수원시,교습소,3000076468,와이수학교습소,20251118,20251118,개원,        ,        ,0,7,입시.검정 및 보습,,,, ,Y, ,경기도 수원시 팔달구 고등로 15,"제지 1층 36호(고등동,수원역푸르지오자이 근린생활시설 3동)",16452,,20251123
J10,경기도교육청,수원시,교습소,3000025616,왈츠피아노음악교습소,20150617,20150617,개원,        ,99991231,26,5,예능(대),예능(중),피아노,음악,"피아노:100000, 클라리넷:100000, 플릇:100000, 우쿠렐레:100000, 바이올린:100000, 피아노+악기1개:150000, 피아노+악기1:160000, 피아노+악기1:170000, 피아노기초:100000, 피아노중급:110000, 피아노중급:120000, 피아노중급:130000, 피아노고급:150000, 바이엘(초급):140000, 체르니100(중급):150000, 체르니30(고급):160000",Y,N,경기도 수원시 장안구 서부로 2065,", 301호, 302호 (율전동, 삼성아파트)",440320,,20231022
J10,경기도교육청,수원시,교습소,3000072189,외대탑영어교습소,20241022,20241022,개원,        ,        ,0,9,입시.검정 및 보습,,,, ,Y, ,경기도 수원시 영통구 태장로 77,", 6층 일부(망포동)",16688,010-9522-6782,20260201
J10,경기도교육청,수원시,교습소,3000014911,용숙쌤의탑주산교습소,20120419,20120419,개원,        ,99991231,51,7,입시.검정 및 보습,보통교과,초등단과(수학A),보습,"초등단과(수학A):150000, 초등단과(수학B):180000, 중등단과(수학A):200000, 중등단과(수학B):220000, 고등단과(수학A):200000, 고등단과(수학B):250000, 주산암산:145000",Y,N,경기도 수원시 권선구 탑동로 45,", 2층전체 (탑동)",441440,031-2277-220,20231018
J10,경기도교육청,수원시,교습소,69692,우당서예,19931129,19931129,개원,19931129,99991231,9,9,기타(대),기타(중),,서예, ,N,N,경기도 수원시 장안구 대평로 86,", 507호 일부 (정자동)",16334,031-207-9500,20251012
J10,경기도교육청,수원시,교습소,3000021366,우리는과학자실험과학교습소,20140415,20140415,개원,        ,99991231,8,4,입시.검정 및 보습,보통교과,,보습, ,N,N,경기도 수원시 영통구 영통로90번길 4-27,", 주상가동 110호 (망포동,늘푸른 벽산아파트)",443707,,20250720
J10,경기도교육청,수원시,교습소,3000048318,우리동네수학놀이터창의수학교습소,20211005,20211005,개원,        ,99991231,0,0,기타(대),기타(중),,기타(소), ,Y,N,경기도 수원시 팔달구 동말로68번길 26,", 1층 일부 103호 (화서동)",16449,010-4322-4096,20250525
J10,경기도교육청,수원시,교습소,43184,우리음악교습소,20101105,20101105,개원,        ,99991231,54,6,예능(대),,음악일반 초급피아노 연습포함,,"음악일반 초급피아노 연습포함:120000, 음악일반 중급피아노 연습포함:140000, 음악일반 고급피아노 연습포함:160000, 음악입시 피아노+작곡 (연습포함):580000, 음악일반 그외 과목(실용반주및악기):160000, 초급바이엘:130000, 중급1 체르니100:140000, 중급2 체르니30:150000, 고급 체르니40:160000, 피아노기초:140000, 피아노중급A:150000, 피아노중급B:160000, 피아노중급C:170000, 기초피아노(바이엘):140000, 체르니100:150000, 체30:160000, 체40:170000, 바이엘:140000, 체르니100A:150000, 체르니30:160000, 체르니40:170000",Y,N,경기도 수원시 영통구 동수원로 448,  현대아파트 상가동 2층 203호 (매탄동),443713,031-212-0249,20231018
J10,경기도교육청,수원시,교습소,3000055646,우아말글센터스피치교습소,20230629,20230629,개원,        ,        ,0,0,기타(대),,,, ,Y, ,경기도 수원시 영통구 태장로7번길 49,"104호(망포동, 영통 플래티넘베이스 씨)",16685,,20231018
J10,경기도교육청,수원시,교습소,3000081676,우주과학교습소,20260410,20260410,개원,        ,        ,0,1,입시.검정 및 보습,,,, ,Y, ,경기도 수원시 장안구 대평로90번길 19,"126호(정자동, 라이프스포츠 수원)",16334,,20260412
J10,경기도교육청,수원시,교습소,3000050209,운서미술교습소,20220228,20220228,개원,        ,99991231,27,9,예능(대),예능(중),유치미술 주2회,미술,"유치미술 주2회:100000, 초등미술 주2회:100000, 초등미술 주3회:150000, 초등미술 주4회:200000, 중등미술 주2회:150000, 디지털드로잉반A:150000, 디지털드로잉반B:200000",Y,N,경기도 수원시 영통구 중부대로448번길 100,", 207호 (원천동, 원천주공종합상가)",16519,,20240929
J10,경기도교육청,수원시,교습소,29690,원리수학교습소,20080130,20080130,개원,        ,99991231,30,9,입시.검정 및 보습,보통교과,초등단과(수학),보습, ,Y,N,경기도 수원시 영통구 매탄로168번길 7,  1층일부 (매탄동),443802,031-214-0568,20231018
J10,경기도교육청,수원시,교습소,3000045540,원수학교습소,20201130,20201130,개원,        ,99991231,12,3,입시.검정 및 보습,보통교과,,보습, ,Y,N,경기도 수원시 장안구 송원로 109-8,", 2층 204호 (조원동, 수원 한일타운 분산상가1)",16294,,20231018
J10,경기도교육청,수원시,교습소,3000076532,원탑수학교습소,20251124,20251124,개원,        ,        ,0,6,입시.검정 및 보습,,,, ,Y, ,경기도 수원시 권선구 권광로 55,", A208-1호(권선동, 권선자이 이편한세상 상가1)",16582,,20251130
J10,경기도교육청,수원시,교습소,3000062675,원픽영어교습소,20231120,20231120,개원,        ,        ,0,9,입시.검정 및 보습,,,, ,Y, ,경기도 수원시 권선구 세류로90번길 34,205호(세류동),16459,,20240609
J10,경기도교육청,수원시,교습소,39967,월드도미넌트음악교습소,20100226,20100226,개원,        ,99991231,12,4,예능(대),예능(중),,음악,"음악일반 피아노(초급):110000, 음악일반 피아노(중급):120000, 음악일반 피아노(고급):130000",Y,N,경기도 수원시 팔달구 권광로 373, 101동 203호(우만동,442754,031-217-5578,20250105
J10,경기도교육청,수원시,교습소,3000030875,월드우리들음악교습소,20161124,20161124,개원,        ,99991231,42,7,예능(대),예능(중),음악일반.기초,음악, ,Y,N,경기도 수원시 팔달구 권광로 373,", 월드메르디앙 분산상가 204호 (우만동, 월드메르디앙 아파트)",16493,031-213-9755,20231018
J10,경기도교육청,수원시,교습소,3000073562,웰링수학교습소,20250228,20250228,개원,        ,        ,0,0,입시.검정 및 보습,,,, ,Y, ,경기도 수원시 장안구 장안로359번길 21,", 1층 일부(정자동)",16346,,20250302
J10,경기도교육청,수원시,교습소,3000029939,웰스영어교습소,20160818,20160818,개원,        ,99991231,16,8,입시.검정 및 보습,보통교과,초등영어,보습,"초등영어:220000, 중등영어:250000",Y,N,경기도 수원시 권선구 곡선로 10,", 102호 아이파크시티 상가동 (권선동)",16666,,20231018
J10,경기도교육청,수원시,교습소,39317,위너스영어천천점교습소,20091208,20091208,개원,        ,99991231,10,9,입시.검정 및 보습,보통교과,초등단과(수학),보습, ,Y,N,경기도 수원시 장안구 하률로12번길 86,  골든프라자 401호 (천천동),440330,031-271-0575,20231018
J10,경기도교육청,수원시,교습소,3000040877,위니잉글리쉬영어교습소,20190612,20190612,개원,        ,99991231,84,6,입시.검정 및 보습,보통교과,초등파닉스,보습,"초등파닉스:180000, 초등리딩+파닉스:190000, 초등리딩:190000, 기초영어 파닉스:180000, 초등영어 파닉스:192000, 초등영어리딩파닉스:217000, 초등영어1~3단계:228000, 초등영어리딩4단계문법:247000, 초등단과(영어)파닉스기초:182000, 초등단과(영어)파닉스:192000, 초등단과(영어)파닉스/리딩:217000, 초등단과(영어)리딩(1),리딩(2):228000, 초등단과(영어)리딩(3):238000, 초등단과(영어)리딩(4):247000",Y,N,경기도 수원시 영통구 덕영대로 1400,", 2층 203호 전체 (망포동, 아이파크 캐슬 2단지 상가에이동)",16684,,20231018
J10,경기도교육청,수원시,교습소,3000029325,위드수학교습소,20160622,20160622,개원,        ,99991231,0,0,입시.검정 및 보습,보통교과,고등수학1,보습,"고등수학1:450000, 중등수학1:325000, 중등수학2:25000, 초등수학1:232000, 초등수학2:18000",Y,N,경기도 수원시 영통구 광교호수공원로 277,", 1F-20 (원천동, 광교중흥에스클래스)",16517,,20250406
J10,경기도교육청,수원시,교습소,3000049133,위드잉글리시영어교습소,20211210,20211210,개원,        ,99991231,16,4,입시.검정 및 보습,보통교과,초등영어,보습,"초등영어:170000, 초등영어:200000, 중등영어:190000, 중등영어:240000",Y,N,경기도 수원시 권선구 권중로 99,", 207호 (권선동, 벽산한성아파트)",16558,,20231018
J10,경기도교육청,수원시,교습소,3000010696,위드제인영어교습소,20100316,20100316,개원,        ,99991231,21,7,입시.검정 및 보습,보통교과,초등단과(영어),보습,"초등단과(영어):150000, 중등단과(영어):250000, 고등단과(영어):300000",Y,N,경기도 수원시 팔달구 중부대로 184-24,  이레빌딩 3층 (인계동),442828,,20231018
J10,경기도교육청,수원시,교습소,3000053355,위즈덤수학교습소,20221208,20221208,개원,        ,99991231,0,0,입시.검정 및 보습,보통교과,,보습, ,Y,N,경기도 수원시 영통구 에듀타운로 65,", 104호 (이의동, 자연앤자이 상가1동)",16509,,20240421
J10,경기도교육청,수원시,교습소,3000074650,위캔수학교습소,20250624,20250624,개원,        ,        ,0,6,입시.검정 및 보습,,,, ,Y, ,경기도 수원시 영통구 웰빙타운로49번길 14,", 4층 일부(이의동)",16224,,20250629
J10,경기도교육청,수원시,교습소,15742,위플피아노교습소,20050321,20050321,개원,        ,99991231,40,5,예능(대),예능(중),바이엘1,음악,"바이엘1:130000, 바이엘2:140000, 바이엘3:150000, 고급반-실용음악, 작품(체르니)1:160000, 고급반-실용음악, 작품(체르니)2:170000",Y,N,경기도 수원시 권선구 덕영대로1217번길 24,", 206호 (권선동, 두산동아아파트 상가동) ",441712,031-232-3801,20260426
J10,경기도교육청,수원시,교습소,3000061742,유니수학교습소,20230821,20230821,개원,        ,        ,0,7,입시.검정 및 보습,보통교과,,보습,"초등수학1:210000, 초등수학2:180000, 중등수학1:320000, 중등수학2:270000, 초등수학A:190000, 초등수학B:220000, 초등수학C:240000, 중등수학A:280000, 중등수학B:320000",Y, ,경기도 수원시 영통구 광교호수공원로 20,", 137호(원천동,더샵 광교레이크시티 근린생활시설동-1동)",16515,,20251012
J10,경기도교육청,수원시,교습소,3000069182,유니잉글리시영어교습소,20240614,20240614,개원,        ,        ,0,7,국제화,,,, ,Y, ,경기도 수원시 영통구 광교호수공원로 277,", 1F-018호(원천동,광교중흥에스클래스 판매시설)",16517,,20260201
J10,경기도교육청,수원시,교습소,3000068159,유니팝미술고등센터미술교습소,20240311,20240311,개원,        ,        ,0,9,예능(대),,,, ,Y, ,경기도 수원시 팔달구 팔달로 63,", 205호(고등동, 리더스프라자)",16452,010-2493-2300,20240505
J10,경기도교육청,수원시,교습소,3000036342,유앤영어교습소,20180322,20180322,개원,        ,99991231,25,5,입시.검정 및 보습,보통교과,,보습, ,Y,N,경기도 수원시 영통구 산남로 71,", 102호 (매탄동)",16524,031-216-1580,20231018
J10,경기도교육청,수원시,교습소,3000018162,유피수학교습소,20130411,20130411,개원,        ,99991231,24,4,입시.검정 및 보습,보통교과,중등수학,보습,"중등수학:250000, 초등수학:180000",Y,N,경기도 수원시 팔달구 중부대로223번길 93,", 1층 일부 (우만동)",442816,031-214-9493,20250518
J10,경기도교육청,수원시,교습소,3000039693,윤선생우리집앞영어교습소,20190226,20190226,개원,        ,99991231,48,8,입시.검정 및 보습,보통교과,,보습,"초등1~3영어:180000, 초등4~6영어:200000, 중등영어:230000, 초등영어(1-3학년):200000, 초등영어(4-6학년):220000, 중등영어:250000",Y,N,경기도 수원시 영통구 센트럴파크로 60,", 1층 110호 전체 (이의동, 래미안 광교 근린생활시설동)",16504,,20240818
J10,경기도교육청,수원시,교습소,3000029230,윤선생우리집앞영어교실광교교습소,20160610,20160610,개원,        ,99991231,18,9,입시.검정 및 보습,보통교과,초등영어,보습,"초등영어:200000, 중등영어:250000",Y,N,경기도 수원시 영통구 웰빙타운로 70,", 105호(광교호반베르디움상가동) (이의동)",16222,,20240303
J10,경기도교육청,수원시,교습소,3000046886,윤선생우리집앞영어교실광교월드마크영어교습소,20210504,20210504,개원,        ,99991231,0,0,입시.검정 및 보습,보통교과,,보습, ,Y,N,경기도 수원시 영통구 센트럴타운로 107,", 204동 B-34호 (이의동, 광교푸르지오 월드마크, 월드스퀘어)",16507,031-233-4433,20251012
J10,경기도교육청,수원시,교습소,3000043737,윤선생우리집앞영어교실권선자이점영어교습소,20200311,20200311,개원,        ,99991231,10,5,입시.검정 및 보습,보통교과,,보습, ,Y,N,경기도 수원시 권선구 권중로50번길 8-39,", 201호 일부(우측) (권선동, 위너스프라자)",16556,,20231018
J10,경기도교육청,수원시,교습소,3000068119,윤선생우리집앞영어교실금곡점영어교습소,20240307,20240307,개원,        ,        ,0,9,입시.검정 및 보습,보통교과,초등 영어 파닉스반,보습,"초등 영어 파닉스반:200000, 초등 영어 일반:220000, 중등 영어 일반:250000, 고등 영어 일반:290000, 초등 B 영어:200000, 중등 영어:285000, 고등 영어:320000, 초등A 영어:180000",Y, ,경기도 수원시 권선구 금곡로73번길 71,", 403호 일부(금곡동, 금곡엘지아파트 주상가동)",16382,,20250316
J10,경기도교육청,수원시,교습소,3000074020,윤선생우리집앞영어교실영통글빛영어교습소,20250409,20250409,개원,        ,        ,0,9,입시.검정 및 보습,,,, ,Y, ,경기도 수원시 영통구 망포로84번길 10,",104호(망포동, 영통아이파크캐슬3단지 상가동)",16684,,20250413
J10,경기도교육청,수원시,교습소,3000052988,윤선생우리집앞영어교실팔달영어교습소,20221109,20221109,개원,        ,99991231,0,0,입시.검정 및 보습,보통교과,,보습, ,Y,N,경기도 수원시 팔달구 권광로 363,", 403-1호 (우만동, 월드프라자)",16494,,20231018
J10,경기도교육청,수원시,교습소,3000052170,윤선생우리집앞영어교실효탑영어교습소,20220824,20220824,개원,        ,99991231,50,9,입시.검정 및 보습,보통교과,,보습, ,Y,N,경기도 수원시 권선구 효탑로30번길 22,", 101호 (탑동, 진흥그린빌)",16610,,20231018
J10,경기도교육청,수원시,교습소,3000035515,윤선생우리집앞영어모아영어교습소,20180110,20180110,개원,        ,99991231,100,6,입시.검정 및 보습,보통교과,파닉스,보습,"파닉스:190000, 영어 1-2학년:200000, 영어 3-4학년:210000, 영어 5-6학년:220000, 중등 1학년:250000, 중등 2-1학년:260000",Y,N,경기도 수원시 권선구 서수원로577번길 305,", 모아미래도 2단지 1층 106호 (금곡동, 수원모아미래도센트럴타운2단지)",16380,,20231224
J10,경기도교육청,수원시,교습소,3000068954,윤수학교습소,20240523,20240523,개원,        ,        ,0,9,입시.검정 및 보습,,,, ,Y, ,경기도 수원시 영통구 효원로 363,", 204호(매탄동,매탄 위브 하늘채 302 상가A)",16543,,20240630
J10,경기도교육청,수원시,교습소,3000062311,윤스피아노음악교습소,20231017,20231017,개원,        ,        ,0,0,예능(대),,,, ,Y, ,경기도 수원시 영통구 영흥숲길 50,", 108호(원천동,영흥숲푸르지오파크비엔근린생활시설-2)",16523,,20231030
J10,경기도교육청,수원시,교습소,3000062204,윤슬한자교습소,20231005,20231005,개원,        ,        ,0,6,입시.검정 및 보습,보통교과,초등A,보습,"초등A:90000, 초등B:100000, 초등C:110000, 초등D:120000, 초등A-1:130000, 초등B-1:140000, 중등 한문:130000, 고등 한문:150000, 초등 특강1 한자:100000, 중등 특강2 한문:120000",Y, ,경기도 수원시 팔달구 권광로 367,1층 일부(102호)(우만동),16494,,20260405
J10,경기도교육청,수원시,교습소,27109,윤음악교습소,20070612,20070612,개원,        ,99991231,5,8,예능(대),예능(중),,음악,"피아노:150000, 피아노(32시간):90000",N,N,경기도 수원시 영통구 영통로290번길 28,", 204호 (영통동 972-8)",16698,031-203-5869,20251019
J10,경기도교육청,수원시,교습소,3000024196,윤진실국어교습소,20150204,20150204,개원,        ,99991231,14,7,입시.검정 및 보습,보통교과,,보습, ,N,N,경기도 수원시 팔달구 화양로67번길 10,", 상가 104호 (화서동, 수원화서역 동문굿모닝힐아파트)",16435,031-252-7916,20250316
J10,경기도교육청,수원시,교습소,3000064214,윤피아노음악교습소,20240117,20240117,개원,        ,        ,0,8,예능(대),,,, ,Y, ,경기도 수원시 장안구 정자로19번길 18,"201호(천천동,천천일성아파트 상가동)",16323,,20240128
J10,경기도교육청,수원시,교습소,32532,율전주공해법수학교습소,20080901,20080901,개원,        ,99991231,75,7,입시.검정 및 보습,보통교과,,보습,"초등수학(월45시간):90000, 중등수학(월45시간):103000, 초등단과(수학):150000, 중등단과(수학):200000, 고등단과(수학):250000, 초등 수학:170000, 초등 수학:180000, 중등 수학:230000, 중등 수학:230000, 중등 수학:250000, 고등 수학:300000, 고등 수학:330000",N,N,경기도 수원시 장안구 상률로 32,"206호 (율전동, 밤꽃마을뜨란채아파트상가) ",440724,031-268-2683,20241229
J10,경기도교육청,수원시,교습소,3000067677,은솔스즈키바이올린음악교습소,20240130,20240130,개원,        ,        ,0,5,예능(대),,,, ,Y, ,경기도 수원시 권선구 금곡로73번길 71,", 218호(금곡동, 금곡엘지아파트 주상가동)",16382,,20240303
J10,경기도교육청,수원시,교습소,3000044512,은쌤초중수학교습소,20200702,20200703,개원,        ,99991231,18,6,입시.검정 및 보습,보통교과,,보습, ,Y,N,경기도 수원시 장안구 화산로125번길 9,", 2층 205호 (천천동, 천천 푸르지오)",16420,,20231018
J10,경기도교육청,수원시,교습소,68784,은혜피아노,19871124,19871124,개원,20220801,20220807,6,6,예능(대),예능(중),0,음악, ,N,N,경기도 수원시 권선구 상탑로 114,(서둔동),16615,031-245-6570,20231018
J10,경기도교육청,수원시,교습소,3000043893,음악담다음악교습소,20200326,20200326,개원,        ,99991231,54,8,예능(대),예능(중),피아노(초급),음악,"피아노(초급):140000, 피아노(중급):150000, 피아노(고급):160000, 초,중급:150000",Y,N,경기도 수원시 권선구 동수원로 218-39,", 107호 (권선동, 권선종합프라자)",16554,,20231018
J10,경기도교육청,수원시,교습소,3000032932,음표쉼표음악교습소,20170502,20170502,개원,        ,99991231,95,5,예능(대),예능(중),음악일반(기초건반),음악,"음악일반(기초건반):130000, 음악일반(중급건반):140000, 음악일반(중급건반):130000, 음악일반(타악):70000, 음악일반(고급건반):150000, 음악일반(고급건반):160000, 기초:140000, 중급1:150000, 중급2:160000, 고급:170000, 주5회기초:140000, 주4회기초:140000, 주4회중급:150000, 주3회중급:140000, 기초:140000, 기초:150000, 중급:160000, 중급:150000, 고급:170000",Y,N,경기도 수원시 권선구 덕영대로1323번길 25-8,", 102호 일부 (권선동, 권선3지구 주공1단지 상가동)",16554,,20231018
J10,경기도교육청,수원시,교습소,69565,이강일바이올린교습소,19930506,19930506,개원,19930506,99991231,6,6,예능(대),예능(중),바이올린 중급반,음악,"바이올린 중급반:280000, 바이올린 입시반:500000, 바이올린 초급반:200000",Y,N,경기도 수원시 팔달구 권광로 159,  수원프라자1601호 (인계동),442834,031-237-2100,20251012
J10,경기도교육청,수원시,교습소,3000081766,이담수학교습소,20260422,20260422,개원,        ,        ,0,8,입시.검정 및 보습,,,, ,Y, ,경기도 수원시 권선구 금곡로118번길 24,", 117호(금곡동,리치빌딩)",16388,,20260426
J10,경기도교육청,수원시,교습소,3000054519,이든영어교습소,20230308,20230308,개원,        ,99991231,16,8,입시.검정 및 보습,보통교과,,보습, ,Y,N,경기도 수원시 영통구 태장로54번길 56,", 102호 (망포동, A동)",16686,,20231018
J10,경기도교육청,수원시,교습소,3000033413,이레수학교습소,20170626,20170626,개원,        ,99991231,40,8,입시.검정 및 보습,보통교과,,보습, ,Y,N,경기도 수원시 장안구 서부로 2065,", 310호 (율전동, 삼성아파트 상가)",16363,,20231018
J10,경기도교육청,수원시,교습소,3000069210,이로운책논술교습소,20240619,20240619,개원,        ,        ,0,5,입시.검정 및 보습,보통교과,"예비 초 1,2논술",보습,"예비 초 1,2논술:100000, 초등 3~6 논술:110000, 중등 논술:150000",Y, ,경기도 수원시 영통구 권광로260번길 36,", 203호(매탄동,현대힐스테이트아파트 상가1)",16532,,20251207
J10,경기도교육청,수원시,교습소,3000077132,이룸독서논술교습소,20260114,20260114,개원,        ,        ,0,9,입시.검정 및 보습,,,, ,Y, ,경기도 수원시 장안구 하률로12번길 86,"2층 202호(천천동, 골든프라자)",16324,,20260201
J10,경기도교육청,수원시,교습소,3000075047,이룸영어교습소,20250805,20250805,개원,        ,        ,0,8,국제화,외국어,파닉스(초등),외국어,"파닉스(초등):160000, 리딩 주3회 1:240000, 리딩 주2회 1:240000, 일반영어(성인):160000, 리딩 주3회 2:260000, 리딩 주2회 2:260000, 추가보강:0, 특강1:130000, 특강2:180000, 특강3:240000",Y, ,경기도 수원시 영통구 태장로36번길 36,", 209호(망포동,영통푸르지오파인베르 근린생활시설)",16686,,20260201
J10,경기도교육청,수원시,교습소,3000047504,이마고발레교습소,20210708,20210708,개원,        ,99991231,16,8,예능(대),예능(중),발레초중급,무용,"발레초중급:160000, 발레고급:300000, 발레일반:140000, 발레입시:200000",Y,N,경기도 수원시 영통구 웰빙타운로 47,", 303호 (이의동)",16224,031-211-1128,20250504
J10,경기도교육청,수원시,교습소,3000036268,이비영어교습소,20180316,20180316,개원,        ,99991231,0,0,입시.검정 및 보습,보통교과,,보습, ,Y,N,경기도 수원시 영통구 매여울로53번길 22,", 1층 일부(102호) (매탄동)",16531,,20250323
J10,경기도교육청,수원시,교습소,3000027392,이산국어교습소,20151224,20151224,개원,        ,99991231,9,3,입시.검정 및 보습,보통교과,,보습, ,Y,N,경기도 수원시 영통구 효원로 363,", 205호 (매탄동, 매탄 위브 하늘채B상가)",16543,031-211-0442,20250831
J10,경기도교육청,수원시,교습소,3000027745,이상종고등영어교습소,20160126,20160126,개원,        ,99991231,4,4,입시.검정 및 보습,보통교과,,보습, ,Y,N,경기도 수원시 권선구 동수원로242번길 20,", 502호 일부 (권선동,태양프라자)",16553,,20231018
J10,경기도교육청,수원시,교습소,3000016891,이샘논술교습소,20121122,20121122,개원,        ,99991231,56,4,입시.검정 및 보습,보통교과,초등 토론 논술(초급),보습,"초등 토론 논술(초급):153000, 초등 토론 논술(중급):160000, 초등 토론 논술(고급):168000, 중등 토론 논술(실전):190000",Y,N,경기도 수원시 권선구 권광로 55,", A209-2호 전체 (권선동, 권선자이 이편한세상)",16582,031-238-0111,20260201
J10,경기도교육청,수원시,교습소,3000014559,이선희아뜰리에미술교습소,20120307,20120307,개원,        ,99991231,6,6,예능(대),예능(중),미술일반(기초),미술, ,N,N,경기도 수원시 영통구 태장로71번길 15,", 2층 204호 전체 (망포동, 망포마을동수원엘지빌리지)",16688,,20231018
J10,경기도교육청,수원시,교습소,3000036013,이수쌤영어교습소,20180226,20180226,개원,        ,99991231,112,7,입시.검정 및 보습,보통교과,,보습,"초등단과(영어)1:150000, 초등단과(영어)2:160000, 초등단과(영어)3:120000, 중등단과(영어):140000, 초등단과(영어)4:130000, 초등단과(영어):160000, 초등단과(영어):140000, 초등단과(영어):170000, 초등단과(영어):140000, 초등단과(영어):170000, 초등단과(영어):160000, 초등단과(영어):170000, 초등단과(영어):180000, 초등단과(영어):140000, 초등단과(영어):150000, 중등단과(영어):170000",Y,N,경기도 수원시 팔달구 권광로 373,", 2층 206호 (우만동, 월드메르디앙 아파트 주상가동)",16493,,20250309
J10,경기도교육청,수원시,교습소,3000073502,이승희고등영어교습소,20250221,20250221,개원,        ,        ,0,0,입시.검정 및 보습,보통교과,고등영어,보습,"고등영어:320000, 예비고등(중학) 영어:250000",Y, ,경기도 수원시 장안구 만석로20번길 25,", 203호(정자동,청솔마을 SK한화아파트)",16330,,20250302
J10,경기도교육청,수원시,교습소,3000050198,이쌤강남수학교습소,20220225,20220225,개원,        ,99991231,21,7,입시.검정 및 보습,보통교과,,보습, ,Y,N,경기도 수원시 팔달구 화양로50번길 30,", 203호 (화서동, 블루밍 푸른숲 아파트)",16438,,20231018
J10,경기도교육청,수원시,교습소,3000077056,이알씨(ERC)영어독서클럽광교초점영어교습소,20260108,20260108,개원,        ,        ,0,0,입시.검정 및 보습,보통교과,유초등 영어,보습,"유초등 영어:130000, 초등 영어:200000, 유초등 영어2:200000, 유초등 영어3:230000, 유초등 영어4:280000",Y, ,경기도 수원시 영통구 웰빙타운로 41,"303호(이의동, 드림스퀘어2)",16224,,20260405
J10,경기도교육청,수원시,교습소,3000065593,이알씨(ERC)영어독서클럽수원망포대선초점영어교습소,20240122,20240122,개원,        ,        ,0,9,입시.검정 및 보습,,,, ,Y, ,경기도 수원시 영통구 영통로154번길 60,"3층 일부(303-2호, 망포동)",16691,,20250209
J10,경기도교육청,수원시,교습소,3000069384,이알씨(ERC)영어독서클럽영어교습소,20240705,20240705,개원,        ,        ,0,6,국제화,,,, ,Y, ,경기도 수원시 영통구 에듀타운로 102,", 622호(이의동, 광교중앙역 SK VIEW B동)",16509,,20240707
J10,경기도교육청,수원시,교습소,3000038436,이야기혜윰독서논술교습소,20181029,20181029,개원,        ,99991231,12,6,입시.검정 및 보습,보통교과,,보습, ,Y,N,경기도 수원시 영통구 봉영로1517번길 20,", 213,214호 (영통동967-2 , 극동.풍림아파트상가동)",16699,,20231018
J10,경기도교육청,수원시,교습소,34210,이엘피아노음악교습소,20090312,20090312,개원,        ,99991231,84,9,예능(대),,바이엘(초급),,"바이엘(초급):170000, 체르니100(중급1):180000, 체르니30(중급2):190000, 체르니40(고급):200000, 작품반(고급):220000, 입시반:330000, 우쿨렐레:150000, 오카리나:150000",N,N,경기도 수원시 영통구 매영로310번길 12,", 209호 (영통동 963-2, 신성.신안.쌍용.진흥아파트)",16697,031-202-2024,20231018
J10,경기도교육청,수원시,교습소,3000061659,이오미술교습소,20230814,20230814,개원,        ,        ,0,4,예능(대),,,, ,Y, ,경기도 수원시 영통구 영통로90번길 4-27,"201호(망포동,늘푸른 벽산아파트 주상가동)",16692,,20231018
J10,경기도교육청,수원시,교습소,3000081744,이음아트미술교습소,20260420,20260420,개원,        ,        ,0,40,예능(대),,,, ,Y, ,경기도 수원시 권선구 서수원로577번길 341,"(금곡동,수원모아미래도센트럴타운1단지)",16380,,20260426
J10,경기도교육청,수원시,교습소,3000052330,이음줄음악교습소,20220906,20220906,개원,        ,99991231,16,8,예능(대),예능(중),,음악, ,Y,N,경기도 수원시 권선구 칠보로 102,", 106호 (호매실동, 한양수자인파크원)",16401,,20231018
J10,경기도교육청,수원시,교습소,3000050450,이정은바이올린스튜디오음악교습소,20220317,20220317,개원,        ,99991231,185,5,예능(대),예능(중),,음악, ,Y,N,경기도 수원시 영통구 에듀타운로 102,", B동 626호 (이의동, 광교중앙역 SK VIEW)",16509,,20231018
J10,경기도교육청,수원시,교습소,3000020876,이주석기타교습소,20140225,20140225,개원,        ,99991231,5,5,입시.검정 및 보습,보통교과,,보습, ,N,N,경기도 수원시 권선구 덕영대로1207번길 46-15 ,", 1층 (권선동)",441831,,20231018
J10,경기도교육청,수원시,교습소,3000054524,이지수학교습소,20230308,20230308,개원,        ,99991231,10,5,입시.검정 및 보습,보통교과,,보습, ,N,N,경기도 수원시 영통구 광교호수공원로 20,", 근린생활시설동 1동, B1-83 (원천동, 더샵 광교레이크시티)",16515,,20231018
J10,경기도교육청,수원시,교습소,3000040567,이지아트미술교습소,20190513,20190513,개원,        ,99991231,99,9,예능(대),예능(중),미술일반,미술,"미술일반:50000, 미술일반:110000, 미술일반(중등):80000, 미술일반(미술):64000, 미술일반(미술):114000, 미술일반1:68000, 미술일반2:130000, 미술일반(중등):90000, 미술일반:69660, 미술일반:139320, 미술일반:92880",Y,N,경기도 수원시 장안구 이목로 24,", 2층 206호 (정자동, 수원 SK SKY VIEW)",16336,,20231018
J10,경기도교육청,수원시,교습소,3000046230,이지영어교습소,20210226,20210226,개원,        ,99991231,64,8,입시.검정 및 보습,보통교과,영어,보습,"영어:130000, 영어:170000, 영어:200000, 영어:250000, 영어:130000, 영어:170000, 영어:200000, 영어:250000",Y,N,경기도 수원시 영통구 태장로82번길 32,", 동수원자이1차 상가동 210호 (망포동, 동수원자이1차)",16687,,20231018
J10,경기도교육청,수원시,교습소,3000046840,이창현코딩교습소,20210429,20210429,개원,        ,99991231,18,6,정보,정보,,정보교과, ,Y,N,경기도 수원시 영통구 산남로 99,", 1층 일부 (매탄동)",16525,,20231018
J10,경기도교육청,수원시,교습소,3000062807,이치수학교습소,20231129,20231129,개원,        ,        ,0,9,입시.검정 및 보습,,,, ,Y, ,경기도 수원시 영통구 법조로 25,", A동 406호(하동, 광교 SK VIEW Lake A))",16514,,20231203
J10,경기도교육청,수원시,교습소,3000068980,이티영어교습소,20240527,20240527,개원,        ,        ,0,5,입시.검정 및 보습,,,, ,Y, ,경기도 수원시 장안구 만석로177번길 42,1층 일부(파장동),16351,,20240602
J10,경기도교육청,수원시,교습소,3000017413,이한도예교습소,20130116,20130116,개원,        ,99991231,18,9,예능(대),예능(중),미술일반(도예A),미술, ,Y,N,경기도 수원시 권선구 일월천로15번길 21-16,", 101호(로뎀하우스A동) (구운동)",16412,,20231018
J10,경기도교육청,수원시,교습소,3000040913,이해법셀파수학교습소,20190617,20190617,개원,        ,99991231,10,5,입시.검정 및 보습,보통교과,,보습, ,Y,N,경기도 수원시 권선구 호매실로165번길 30,", 101호 (호매실동, 수원호매실휴먼시아16단지아파트)",16628,,20231018
J10,경기도교육청,수원시,교습소,3000024176,이해법수학셀파수학정자한라교습소,20150202,20150202,개원,        ,99991231,35,4,입시.검정 및 보습,보통교과,,보습, ,N,N,경기도 수원시 장안구 만석로20번길 28,", 202호 및 203호 (정자동, 청솔마을 한라 아파트)",16330,,20241215
J10,경기도교육청,수원시,교습소,3000073503,이향국악교습소,20250221,20250221,개원,        ,        ,0,0,예능(대),,,, ,Y, ,경기도 수원시 장안구 이목로 24,", 601동 210호(정자동,수원 SK SKY VIEW)",16336,,20250302
J10,경기도교육청,수원시,교습소,39396,이화가야금교습소,20091217,20091217,개원,        ,99991231,7,5,예능(대),예능(중),음악일반 가야금,음악,"음악일반 가야금:120000, 가야금:150000, 해금:110000",Y,N,경기도 수원시 장안구 정자천로173번길 17,", 706호 (정자동)",16334,031-258-8516,20231018
J10,경기도교육청,수원시,교습소,3000051201,이화더피아노음악교습소,20220527,20220527,개원,        ,99991231,81,9,예능(대),예능(중),,음악, ,Y,N,경기도 수원시 권선구 곡반정로 158,", 수원하늘채더퍼스트 2단지 상가 201호 (곡반정동)",16668,,20250302
J10,경기도교육청,수원시,교습소,3000050828,이화바이올린음악교습소,20220415,20220415,개원,        ,99991231,25,6,예능(대),예능(중),,음악, ,Y,N,경기도 수원시 영통구 효원로 363,", 110호(매탄위브하늘채 303 상가B) (매탄동, 매탄 위브 하늘채)",16543,,20231018
J10,경기도교육청,수원시,교습소,3000046037,이화앤해금스튜디오음악교습소,20210203,20210202,개원,        ,99991231,16,5,예능(대),예능(중),,음악, ,Y,N,경기도 수원시 영통구 법조로 25,",  A동 411호 (하동, 광교 SK VIEW Lake A)",16514,031-8001-2001,20231018
J10,경기도교육청,수원시,교습소,70130,이화엘피아노교습소,19970303,19970303,개원,19970303,99991231,103,4,예능(대),예능(중),음악일반(피아노),음악,"음악일반(피아노):110000, 피아노기초:110000, 체르니100:120000, 체르니30:130000, 체르니40:140000, 플룻:50000, 고급:150000, 음악일반(악기):50000, 음악일반(피아노기초):120000, 음악일반(피아노초급):130000, 음악일반(피아노중급):140000, 음악일반(피아노고급):150000, 음악일반(피아노작품):160000, 음악일반(피아노):110000, 기초 바이엘:130000, 초급 체르니100:140000, 중급 체르니30:150000, 고급 체르니40:160000, 입시,전공(작품, 연주):370000",Y,N,경기도 수원시 권선구 여기산로 19,", 104호 (구운동, 선경아파트)",16426,031-291-5469,20231018
J10,경기도교육청,수원시,교습소,3000020784,이화피아노교습소,20140220,20140220,개원,        ,99991231,15,5,예능(대),예능(중),,음악,"초급:120000, 중급:130000, 고급:150000",Y,N,경기도 수원시 영통구 법조로 134,", 광교호수마을 참누리레이크상가동 104호 (하동)",443280,,20250629
J10,경기도교육청,수원시,교습소,3000077564,이화힐스피아노교습소,20260225,20260225,개원,        ,        ,0,5,예능(대),,,, ,Y, ,경기도 수원시 권선구 호매실로166번길 33,"109호(호매실동,힐스테이트 호매실)",16629,,20260301
J10,경기도교육청,수원시,교습소,28305,이효신사회교습소,20071008,20071008,개원,        ,99991231,6,2,입시.검정 및 보습,보통교과,중등단과(사회),보습, ,Y,N,경기도 수원시 영통구 봉영로 1612,  보보스프라자 320호 (영통동),443814,031-202-4209,20231018
J10,경기도교육청,수원시,교습소,3000053759,인계하연과학실험교습소,20230110,20230110,개원,        ,99991231,32,6,입시.검정 및 보습,보통교과,,보습, ,Y,N,경기도 수원시 팔달구 수원천로210번길 19,", 704호 (인계동), 센트럴프라자",16470,,20250302
J10,경기도교육청,수원시,교습소,69503,인당서예,19921202,19921202,개원,19921202,99991231,6,6,기타(대),기타(중),기타 서예초급,서예, ,Y,N,경기도 수원시 권선구 세권로 186,  2층 (권선동),441824,031-232-8306,20231018
J10,경기도교육청,수원시,교습소,3000046186,일단고에듀수학교습소,20210223,20210223,개원,        ,99991231,18,6,입시.검정 및 보습,보통교과,,보습, ,Y,N,경기도 수원시 영통구 반달로7번길 40,", 평익빌딩 10층 1001-3 (영통동, 평익칼라스위트)",16704,,20231018
J10,경기도교육청,수원시,교습소,3000067957,일등급영어교습소,20240227,20240227,개원,        ,        ,0,7,입시.검정 및 보습,보통교과,,보습,"초등영어:220000, 중등영어:320000, 고등영어:430000",Y, ,경기도 수원시 영통구 영통로 232,"상가1동 203호(영통동,두산.우성.한신아파트 상가1동)",16698,,20250831
J10,경기도교육청,수원시,교습소,3000081595,일등논술교습소,20260403,20260403,개원,        ,        ,0,9,입시.검정 및 보습,보통교과,초등논술,보습·논술,"초등논술:150000, 중등논술:200000",Y, ,경기도 수원시 권선구 곡반정로 160,", 142호(곡반정동, 라퍼스트)",16668,,20260426
J10,경기도교육청,수원시,교습소,27306,일등수학교습소,20070627,20070627,개원,        ,99991231,12,3,입시.검정 및 보습,보통교과,초등단과(수학),보습, ,Y,N,경기도 수원시 팔달구 권광로317번길 15, 선경아파트 상가동 2층 202호 (인계동),442762,031-214-9005,20231018
J10,경기도교육청,수원시,교습소,3000045859,일랑아트미술교습소,20210112,20210112,개원,        ,99991231,27,9,예능(대),예능(중),,미술,"주3:120000, 주1:64000, 초급:50000, 드로잉a:100000, 드로잉b:140000, 회화a:70000, 회화b:140000",Y,N,경기도 수원시 영통구 매탄로 82,", 402호 (매탄동, 우남퍼스트빌 상가동)",16547,,20250309
J10,경기도교육청,수원시,교습소,3000075750,일상미술교습소,20250826,20250826,개원,        ,        ,0,0,예능(대),,,, ,Y, ,경기도 수원시 영통구 효원로 363,"217호(매탄동,매탄위브하늘채 303 상가B)",16543,,20250831
J10,경기도교육청,수원시,교습소,3000013290,일월피아노음악교습소,20111130,20111130,개원,        ,99991231,274,9,예능(대),예능(중),음악일반(피아노초급),음악,"음악일반(피아노초급):90000, 음악일반(피아노중급):100000, 음악일반(피아노고급):110000, 피아노초등초급:110000, 피아노초등중급:120000, 피아노초등고급:130000, 피아노초급:120000, 피아노중급:130000, 피아노고급1:140000, 피아노고급2:150000, 우클렐레:50000, 드럼:50000, 첼로:90000, 피아노:250000, 첼로:270000, 피아노(초):130000, 피아노(중):140000, 피아노(고):150000, 피아노(초):100000, 피아노(중):100000, 피아노(고):100000, 바이올린:100000, 첼로:100000, 플릇:100000, 리코더:20000, 오카리나:20000, 단소:20000",Y,N,경기도 수원시 권선구 일월천로16번길 39, 엘디코오롱아파트 상가동 204호 (구운동),441734,,20231018
J10,경기도교육청,수원시,교습소,3000010589,일취월장수학교습소,20110321,20110321,개원,        ,99991231,3,2,입시.검정 및 보습,보통교과,초등단과(수학),보습, ,Y,N,경기도 수원시 장안구 대평로 86,", 505호 전체 (정자동)",16334,,20250518
J10,경기도교육청,수원시,교습소,3000044423,일타국어교습소,20200619,20200619,개원,        ,99991231,18,9,입시.검정 및 보습,보통교과,,보습, ,Y,N,경기도 수원시 권선구 권광로 66,", 202호일부 (권선동)",16556,,20231018
J10,경기도교육청,수원시,교습소,3000025673,일퍼센트국어교습소,20150629,20150629,개원,        ,99991231,36,9,입시.검정 및 보습,보통교과,,보습,"중등 과학:200000, 고등 통합과학:220000, 고등 물리I:220000, 고등 화학I:220000, 고등 생명I:220000, 고등 지구I:220000, 고등 지구II:220000, 고등 물리II:220000, 고등 화학II:220000, 고등 생명II:220000",Y,N,경기도 수원시 장안구 정자천로 187,", 205호 (정자동, 롯데프라자)",440841,,20250720
J10,경기도교육청,수원시,교습소,3000039577,읽고쓰다리드인독서교습소,20190215,20190215,개원,        ,99991231,45,9,입시.검정 및 보습,보통교과,,보습·논술, ,Y,N,경기도 수원시 팔달구 덕영대로697번길 17,", 203-2호 (화서동, 그린프라자)",16435,,20231018
J10,경기도교육청,수원시,교습소,3000076222,임정화중국어교습소,20251024,20251024,개원,        ,        ,0,5,국제화,외국어,1대1 회화A,외국어,"1대1 회화A:120000, 1대1 회화B:180000, 1대1 회화C:240000, 1대1 외고내신반:240000, 1대1 자격증A:180000, 1대1 자격증B:240000, 그룹 회화 A:120000, 그룹 회화 B:160000, 그룹 외고내신 A:200000, 그룹 외고내신 B:240000, 그룹 자격증 A:120000, 그룹 자격증 B:180000, 특강반:480000",Y, ,경기도 수원시 팔달구 정조로 697,"703호(매교동, 마인프라자)",16467,,20260426
J10,경기도교육청,수원시,교습소,3000016214,임채영미술교습소,20120831,20120831,개원,        ,99991231,9,9,예능(대),예능(중),미술일반,미술, ,Y,N,경기도 수원시 장안구 대평로152번길 25-5,", 2층 전체 (정자동)",440838,070-4082-1883,20231018
J10,경기도교육청,수원시,교습소,3000081758,임효주성악교습소,20260422,20260422,개원,        ,        ,0,0,예능(대),,,, ,Y, ,경기도 수원시 영통구 광교중앙로 240,", 401호(하동)",16512,,20260426
J10,경기도교육청,수원시,교습소,3000031868,입북자이해법수학교습소,20170206,20170206,개원,        ,99991231,0,0,입시.검정 및 보습,보통교과,초등 수학,보습,"초등 수학:180000, 중등 수학:250000",Y,N,경기도 수원시 권선구 입북로 50,", 205호 (입북동)",16369,null,20240128
J10,경기도교육청,수원시,교습소,3000076025,잉글리쉬바나나영어교습소,20250926,20250926,개원,        ,        ,0,5,입시.검정 및 보습,보통교과,영어(초A),보통교과,"영어(초A):185000, 영어(초B):200000, 영어(초C):220000, 영어(중A):240000, 영어(중B):260000",Y, ,경기도 수원시 장안구 대평로51번길 56,", 207호(정자동,화서역파크뷰 상가동)",16319,,20251026
J10,경기도교육청,수원시,교습소,3000062568,잉글리쉬코드영어교습소,20231108,20231108,개원,        ,        ,0,7,입시.검정 및 보습,보통교과,중등영어,보통교과,"중등영어:320000, 고등영어:380000, 초등원서A:150000, 초등원서H:220000, 중등특강:215000, 초등특강:200000, 고등특강:230000, 초등영어A:250000, 초등영어B:290000, 초등영어C:270000",Y, ,경기도 수원시 영통구 태장로 81,403-1호 일부(망포동),16688,,20260201
J10,경기도교육청,수원시,교습소,3000044637,잉글리시버디호매실점영어교습소,20200720,20200720,개원,        ,99991231,18,6,입시.검정 및 보습,보통교과,,보습, ,Y,N,경기도 수원시 권선구 매곡로 43,", (상가)310동 202호 (금곡동, 호반베르디움 The Central)",16397,031-293-1996,20231018
J10,경기도교육청,수원시,교습소,3000048035,잉글리시아이곡정초점영어교습소,20210831,20210831,개원,        ,99991231,49,7,입시.검정 및 보습,보통교과,,보습, ,Y,N,경기도 수원시 권선구 동수원로145번길 74,", 104호 (권선동, 수원아이파크시티 1단지)",16663,,20231018
J10,경기도교육청,수원시,교습소,3000053804,잉글리시아이광교중흥점영어교습소,20230112,20230112,개원,        ,99991231,32,8,입시.검정 및 보습,보통교과,초등영어,보습,"초등영어:214140, 중등영어:214140, 초등영어:210000, 중등영어:240000",N,N,경기도 수원시 영통구 광교호수공원로 277,", 2F-040 (원천동, 광교중흥에스클래스)",16517,,20240331
J10,경기도교육청,수원시,교습소,3000054481,잉글리시아이글빛초점영어교습소,20230307,20230307,개원,        ,99991231,0,0,입시.검정 및 보습,보통교과,,보습, ,Y,N,경기도 수원시 영통구 망포로84번길 10,", 202호 (망포동, 영통아이파크캐슬3단지 상가동)",16684,,20231018
J10,경기도교육청,수원시,교습소,3000062064,잉글리시아이매교인계영어교습소,20230918,20230918,개원,        ,        ,0,9,입시.검정 및 보습,보통교과,초등영어A,보습,"초등영어A:190000, 초등영어B:210000, 초등영어C:230000, 중등영어A:280000, 중등영어B:280000",N, ,경기도 수원시 팔달구 수원천로210번길 19,"703호(인계동, 센트럴프라자)",16470,,20251130
J10,경기도교육청,수원시,교습소,3000062039,잉글리시아이영흥푸르지오영어교습소,20230913,20230913,개원,        ,        ,0,6,입시.검정 및 보습,,,, ,Y, ,경기도 수원시 영통구 영흥숲길 50,", 203호(원천동,영흥숲푸르지오파크비엔 근린생활시설-1)",16523,,20250406
J10,경기도교육청,수원시,교습소,3000062571,잉글리시아이포레나북수원점영어교습소,20231109,20231109,개원,        ,        ,0,7,입시.검정 및 보습,보통교과,초등영어1,보습,"초등영어1:201240, 초등영어2:234780, 초등영어3:251550, 중등영어1:287176, 중등영어2:328176, 초등영어 특강1:100620, 초등영어 특강2:150930",Y, ,경기도 수원시 장안구 경수대로 1110-39,"201호(파장동,포레나 북수원)",16206,010-6736-0424,20231126
J10,경기도교육청,수원시,교습소,3000062824,자연수학교습소,20231130,20231130,개원,        ,        ,0,7,입시.검정 및 보습,보통교과,,보습,"초등수학:234780, 중등수학:355524, 고등수학:435375, 초등수학:220000, 중등수학:320000, 고등수학:430000, 초등수학:176085, 초등수학1:201240, 초등수학2:234780, 중등수학:300828, 고등수학:435375, 중등수학2:290000, 고등수학2:380000",Y, ,경기도 수원시 영통구 법조로149번길 9,", 1층 일부(104호)(하동)",16512,,20260405
J10,경기도교육청,수원시,교습소,3000073433,자이언트리딩광교중앙역점영어교습소,20250217,20250217,개원,        ,        ,0,9,국제화,외국어,,외국어,"원서리딩1:200000, 원서리딩2:270000",Y, ,경기도 수원시 영통구 도청로 65,", 122호(이의동,자연앤 힐스테이트 상가1동)",16509,,20251207
J10,경기도교육청,수원시,교습소,28685,자이일차해법수학교습소,20071113,20071113,개원,        ,99991231,46,9,입시.검정 및 보습,보통교과,초등단과(수학),보습,"초등단과(수학):130000, 중등단과(수학):180000, 초등단과(수학):180000, 중등단과(수학):230000",Y,N,경기도 수원시 영통구 태장로82번길 32, 망포마을 동수원엘지빌리지 상가동 205호 (망포동),443706,031-273-4518,20231018
J10,경기도교육청,수원시,교습소,20838,작은레몬미술교습소,20060217,20060217,개원,        ,99991231,32,4,예능(대),예능(중),미술일반 초등1,미술, ,Y,N,경기도 수원시 영통구 청명로 96,", 204호 일부 (영통동, 건영1차아파트)",16709,,20231018
J10,경기도교육청,수원시,교습소,3000046929,재미잼가베앤플레이팩토창의수학교습소,20210427,20210427,개원,        ,99991231,40,7,기타(대),기타(중),창의1,기타(소),"창의1:75000, 창의2:87000, 창의3:94000, 창의4:97000, 창의수학A:84000, 창의수학B:96000, 창의수학C:148000",Y,N,경기도 수원시 권선구 금곡로102번길 29,", 204호 일부(금곡동, 센트럴프라자A)",16388,,20240128
J10,경기도교육청,수원시,교습소,3000029422,전광일수학교습소,20160629,20160629,개원,        ,99991231,27,9,입시.검정 및 보습,보통교과,초등수학A,보습,"초등수학A:190000, 초등수학B:190000, 중등수학A:240000, 중등수학B:240000, 고등수학A:270000, 고등수학B:270000, 초등단과(수학):150000, 중등단과(수학):190000, 고등단과(수학):210000",Y,N,경기도 수원시 장안구 경수대로 940,", 409-2호 (조원동, 일호골든타워)",16295,031-245-1455,20240623
J10,경기도교육청,수원시,교습소,3000072707,전쌤수학교습소,20241211,20241211,개원,        ,        ,0,8,입시.검정 및 보습,보통교과,초등수학1,보습,"초등수학1:187000, 초등수학2:280000, 중등수학1:254000, 중등수학2:380000, 초등수학3:210000",Y, ,경기도 수원시 장안구 송원로 20,"A동 108호(송죽동,수원 아너스빌 위즈)",16307,,20250202
J10,경기도교육청,수원시,교습소,38505,점프기타교습소,20091110,20091110,개원,        ,99991231,5,5,예능(대),예능(중),음악일반 기타,음악, ,Y,N,경기도 수원시 영통구 봉영로1517번길 23,  벽적골9단지 주공아파트 가상가동 1층 102호 (영통동),443470,,20231018
J10,경기도교육청,수원시,교습소,3000072590,정상영국어교습소,20241202,20241202,개원,        ,        ,0,9,입시.검정 및 보습,,,, ,Y, ,경기도 수원시 권선구 일월천로16번길 39,", 207-2호(구운동, 코오롱하늘채아파트 상가동)",16413,,20251012
J10,경기도교육청,수원시,교습소,3000052736,정성영어교습소,20221020,20221020,개원,        ,99991231,15,9,입시.검정 및 보습,보통교과,,보습, ,Y,N,경기도 수원시 영통구 대학로 47,", 403호 (이의동, STSR-CJ3)",16225,,20231018
J10,경기도교육청,수원시,교습소,3000055116,정쌤위드수학교습소,20230501,20230501,개원,        ,99991231,70,7,입시.검정 및 보습,보통교과,,보습, ,Y,N,경기도 수원시 장안구 만석로19번길 11-7,", 7층 702호 일부 (천천동, 대일프라자)",16329,,20231018
J10,경기도교육청,수원시,교습소,3000074604,정예스셈수학교습소,20250620,20250620,개원,        ,        ,0,4,입시.검정 및 보습,보통교과,초등수학 A,보습,"초등수학 A:200000, 초등수학 B:100000, 중등수학 A:270000, 중등수학 B:100000, 고등수학 A:290000",Y, ,경기도 수원시 권선구 경수대로235번길 21,", 1층 일부(세류동)",16658,,20250629
J10,경기도교육청,수원시,교습소,26568,정자동뮤즈피아노음악교습소,20070418,20070418,개원,        ,99991231,66,6,예능(대),예능(중),초급A 바이엘,음악,"초급A 바이엘:140000, 초급B 바이엘:120000, 중급B 체르니100:150000, 중급B 체르니100:130000, 중급C 체르니30:160000, 중급C 체르니30:140000, 고급D 체르니40:170000, 고급D 체르니40:150000, 레퍼토리A:180000, 레퍼토리B:160000, 칼림바:50000",Y,N,경기도 수원시 장안구 만석로20번길 28,", 204호 (정자동, 청솔마을 한라 아파트 상가동)",16330,031-268-1424,20231018
J10,경기도교육청,수원시,교습소,3000076290,정자동위드수학교습소,20251030,20251030,개원,        ,        ,0,6,입시.검정 및 보습,,,, ,Y, ,경기도 수원시 장안구 대평로90번길 19,", 302호(정자동, 라이프스포츠수원)",16334,,20251102
J10,경기도교육청,수원시,교습소,28891,정자이지수학교습소,20071129,20071129,개원,        ,99991231,26,4,입시.검정 및 보습,보통교과,초등단과(수학2),보습,"초등단과(수학2):170000, 중등단과(수학2):220000, 고등단과(수학2):260000, 초등단과(수학):150000, 중등단과(수학):200000, 고등단과(수학):250000, 중등단과(수학):180000, 초등단과:150000, 중등단과:200000, 고등단과:200000",Y,N,경기도 수원시 장안구 장안로 226,", 3층 1호(정자동, 동신아파트상가동)",16340,,20250323
J10,경기도교육청,수원시,교습소,3000049175,정천리드인독서논술교습소,20211216,20211216,개원,        ,99991231,0,0,입시.검정 및 보습,보통교과,,보습, ,Y,N,경기도 수원시 장안구 화산로 87,", 212호 (천천동, 천천 푸르지오 근린생활시설-1)",16420,,20231018
J10,경기도교육청,수원시,교습소,3000011298,정플루트교습소,20110531,20110531,개원,        ,99991231,3,2,예능(대),예능(중),음악일반 플룻(초급),음악,"음악일반 플룻(초급):130000, 음악일반 플룻(중급):140000, 음악일반 플룻(고급):210000",Y,N,경기도 수원시 장안구 대평로90번길 8,  한빛프라자 106호 오른쪽 일부 (정자동),440841,031-268-3565,20231018
J10,경기도교육청,수원시,교습소,68898,정혜선참소리피아노교습소,19800814,19800814,개원,19800814,99991231,10,4,예능(대),예능(중),음악일반 피아노(초급),음악,"음악일반 피아노(초급):90000, 음악일반 피아노(중급):100000",Y,N,경기도 수원시 권선구 서호동로14번길 74,", 1층 일부 (서둔동 27-56)",16619,031-257-6806,20231018
J10,경기도교육청,수원시,교습소,37781,제삼교실수학교습소,20091006,20091006,개원,        ,99991231,21,9,입시.검정 및 보습,보통교과,초등단과(수학),보습, ,Y,N,경기도 수원시 팔달구 중부대로223번길 66,  201-1호 (우만동),442816,,20231018
J10,경기도교육청,수원시,교습소,3000035510,제스트과학교습소,20180109,20180109,개원,        ,99991231,16,4,입시.검정 및 보습,보통교과,,보습, ,Y,N,경기도 수원시 장안구 대평로 80,", 정연메이져1동 410호 (정자동)",16334,,20231018
J10,경기도교육청,수원시,교습소,3000028693,제이리영어교습소,20160418,20160418,개원,        ,99991231,6,2,입시.검정 및 보습,보통교과,,보습, ,Y,N,경기도 수원시 장안구 대평로51번길 56,", 203호 (정자동, 꽃뫼노을마을한국아파트 상가동)",16319,,20231018
J10,경기도교육청,수원시,교습소,3000077134,제이매쓰(JMATH)광교수학교습소,20260114,20260114,개원,        ,        ,0,0,입시.검정 및 보습,,,, ,Y, ,경기도 수원시 영통구 법조로 25,"A동 1606호(하동, 광교 SK VIEW Lake A)",16514,,20260201
J10,경기도교육청,수원시,교습소,3000045375,제이매쓰수학교습소,20201104,20201104,개원,        ,99991231,35,9,입시.검정 및 보습,보통교과,수학(초등),보습,"수학(초등):230000, 수학(중등):220000, 수학(중등):130000, 수학(고등):450000, 중등(심화반):400000, 고등(방학특강):150000, 고등(클리닉):100000",Y,N,경기도 수원시 영통구 영통로 111,", 204호(망포동,엘지동수원자이아파트)",16687,,20260201
J10,경기도교육청,수원시,교습소,3000072069,제이잉글리쉬(jayEnglish)영어교습소,20241008,20241008,개원,        ,        ,0,9,국제화,외국어,,실용외국어(유아/초·중·고),"영어A:332000, 영어B:499000, 영어C:665000, 영어D:266000, 영어E:166000, 영어F:199000, 영어G:266000, 영어H:299000, 영어I:399000, 영어J:110000, 영어K:133000, 영어L:177000, 영어M:199000, 영어N:266000, 영어O:66000, 영어P:99000, 영어Q:133000, 방학특강파닉스:570000, 방학특강원서리딩:460000, 방학특강문법:460000",Y, ,경기도 수원시 영통구 웰빙타운로 70,", B111호(이의동,광교 호반베르디움 근린생활시설동)",16222,,20250720
J10,경기도교육청,수원시,교습소,3000062220,제이지수학교습소,20231004,20231004,개원,        ,        ,0,9,입시.검정 및 보습,,,, ,Y, ,경기도 수원시 권선구 동수원로177번길 90,"상가127호(권선동,수원아이파크시티9단지)",16663,,20231018
J10,경기도교육청,수원시,교습소,3000018080,제이콥영어교습소,20130404,20130404,개원,        ,99991231,6,6,입시.검정 및 보습,보통교과,,보습, ,Y,N,경기도 수원시 영통구 반달로7번길 16,", 503호 (영통동)",16704,070-7574-8866,20231018
J10,경기도교육청,수원시,교습소,3000074381,조각목아뜰리에미술교습소,20250523,20250523,개원,        ,        ,0,5,예능(대),,,, ,Y, ,경기도 수원시 영통구 동수원로514번길 19,", 102호 (매탄동)",16525,,20250817
J10,경기도교육청,수원시,교습소,3000054962,조은독서논술교습소,20230413,20230413,개원,        ,99991231,120,8,입시.검정 및 보습,보통교과,,보습·논술, ,Y,N,경기도 수원시 장안구 대평로 86,", 206호 (정자동, 화이트쇼핑몰)",16334,,20251214
J10,경기도교육청,수원시,교습소,6533,조은새피아노교습소,20040226,20040226,개원,        ,99991231,24,4,예능(대),예능(중),음악일반 피아노(초급),음악, ,Y,N,경기도 수원시 장안구 정조로1088번길 18-18,", 1층 (송죽동,샤론교회)",440804,031-251-7940,20231018
J10,경기도교육청,수원시,교습소,3000074610,조이링크영어교습소,20250620,20250620,개원,        ,        ,0,6,입시.검정 및 보습,보통교과,,보습,"파닉스A(기초):200000, 파닉스B(심화):200000, English Core I:200000, English Core II:250000, Insight I:200000, Insight II:250000, 토요클리닉:45000, 방학특강:23400",Y, ,경기도 수원시 영통구 대학로 98,", 202호(이의동,광교 호반베르디움 트라엘)",16224,,20250629
J10,경기도교육청,수원시,교습소,3000077168,조이스영어교습소,20260114,20260114,개원,        ,        ,0,9,입시.검정 및 보습,보통교과,초등 A,보습,"초등 A:230000, 초등 B:250000, 중등 A:300000, 중등 B:330000",Y, ,경기도 수원시 영통구 효원로 363,", 216호(매탄동,매탄위브하늘채303 상가B)",16543,,20260215
J10,경기도교육청,수원시,교습소,3000028711,조이아트미술교습소,20160419,20160419,개원,        ,99991231,36,9,예능(대),예능(중),,미술, ,Y,N,경기도 수원시 영통구 센트럴타운로 92,", 101호 (이의동)",16505,,20231018
J10,경기도교육청,수원시,교습소,43213,조이엘음악교습소,20101115,20101115,개원,        ,99991231,49,7,예능(대),예능(중),,음악,"피아노:150000, 리코더:60000, 오카리나:60000, 하모니카:60000, 피아노(초급):130000, 피아노(중급):140000, 피아노(고급):150000",Y,N,경기도 수원시 영통구 영통로90번길 4-27,", 204호, 205호, 206호 (망포동)",16692,031-273-3466,20250914
J10,경기도교육청,수원시,교습소,3000052163,조이플룻음악교습소,20220823,20220823,개원,        ,99991231,18,9,예능(대),예능(중),,음악, ,Y,N,경기도 수원시 팔달구 팔달로 63,", 206호 (고등동), 리더스프라자",16452,,20231018
J10,경기도교육청,수원시,교습소,3000039574,조이피아노음악교습소,20190215,20190215,개원,        ,99991231,16,4,예능(대),,,,"피아노:130000, 플룻:130000, 기타:45000, 바이올린:45000, 바이엘기초과정:150000, 바이엘중급과정:150000, 체르니100(중급):160000, 체르니30/40(중급):170000",Y,N,경기도 수원시 권선구 호매실로166번길 63,", 201호 (호매실동, 호매실스위첸 능실마을19단지)",16629,,20240421
J10,경기도교육청,수원시,교습소,28298,좋은친구미술교습소,20071005,20071005,개원,        ,99991231,9,9,예능(대),예능(중),,미술, ,N,N,경기도 수원시 영통구 권광로260번길 36,", 204호 (매탄동, 현대힐스테이트아파트 상가1)",16532,031-217-1911,20250330
J10,경기도교육청,수원시,교습소,3000063830,주티영어교습소,20231222,20231222,개원,        ,        ,0,9,입시.검정 및 보습,,,, ,Y, ,경기도 수원시 영통구 태장로54번길 92,506호 일부(망포동),16686,,20250406
J10,경기도교육청,수원시,교습소,3000026620,중대미술교습소,20151021,20151021,개원,        ,99991231,12,4,예능(대),예능(중),,미술, ,Y,N,경기도 수원시 영통구 광교중앙로266번길 20,", 305호 (하동)",443280,,20231018
J10,경기도교육청,수원시,교습소,3000076712,중흥수학교습소,20251209,20251209,개원,        ,        ,0,3,입시.검정 및 보습,보통교과,초등수학심화,보습,"초등수학심화:210000, 중등수학심화:380000, 고등수학심화:480000",Y, ,경기도 수원시 영통구 광교호수공원로 277,"판매시설 1F-51호(원천동,광교중흥에스클래스)",16517,,20251214
J10,경기도교육청,수원시,교습소,3000015838,쥴리어드음악교습소,20120719,20120719,개원,        ,99991231,34,6,예능(대),예능(중),음악일반 피아노,음악, ,Y,N,경기도 수원시 장안구 장안로359번길 20,", 힐스테이트 상가동 104-1 (이목동)",440310,,20231018
J10,경기도교육청,수원시,교습소,3000051254,즐거운미술교습소,20220603,20220603,개원,        ,99991231,18,9,예능(대),예능(중),,미술,"미술A 주1회:110000, 미술B 주2회:140000, 미술C 주1회:118000, 미술D:150000, 미술E:178000",Y,N,경기도 수원시 영통구 매영로310번길 87,", 205호 (영통동, 동보.신명아파트)",16699,,20260308
J10,경기도교육청,수원시,교습소,3000033296,즐거운음악교습소,20170615,20170615,개원,        ,99991231,16,0,예능(대),예능(중),피아노,음악,"피아노:130000, 바이올린:120000",Y,N,경기도 수원시 권선구 호매실로165번길 70,", 104호 (호매실동, 호매실경남아너스빌 가상가동)",16628,031-306-0608,20250720
J10,경기도교육청,수원시,교습소,3000032222,즐거움이가득찬수학교습소,20170209,20170209,개원,        ,99991231,0,0,입시.검정 및 보습,보통교과,,보습, ,Y,N,경기도 수원시 영통구 청명로 83-1,", 3층 일부 (영통동)",16705,,20231018
J10,경기도교육청,수원시,교습소,3000069608,지니어스바둑교습소,20240729,20240730,개원,        ,        ,0,9,기타(대),기타(중),바둑1,바둑,"바둑1:120000, 바둑2:160000, 바둑3:200000, 바둑4:240000, 바둑5:280000",Y, ,경기도 수원시 팔달구 수원천로210번길 19,"701호(인계동,센트럴프라자)",16470,,20251207
J10,경기도교육청,수원시,교습소,3000039811,지니엘리트영어교습소,20190305,20190305,개원,        ,99991231,150,6,입시.검정 및 보습,보통교과,초등영어,보습,"초등영어:192000, 초등영어:173000, 초등영어:154000, 초등영어:231000, 중등영어:186000, 중등영어:272000, 중등영어:226000, 중등영어:340000, 고등영어:201000, 고등영어:302000, 고등영어:252000, 고등영어:378000, 초등단과(영어):171000, 초등단과(영어)단어특강:2000, 중등단과(영어)A:266000, 중등단과(영어)A특강:6000, 중등단과(영어)B:364000, 중등단과(영어)B특강:28000, 고등단과(영어)A:324000, 고등단과(영어)A특강:28000, 고등단과(영어)B:324000, 고등단과(영어)B특강:48000, 고등단과(영어)C:404000, 고등단과(영어)D:404000, 고등단과(영어)D특강:40000",Y,N,경기도 수원시 권선구 수성로 18,", 108호, 109호 (구운동, 강남아파트)",16426,,20231018
J10,경기도교육청,수원시,교습소,3000042427,지니킴영어교습소,20191122,20191122,개원,        ,99991231,30,5,입시.검정 및 보습,보통교과,중등영어,보습,"중등영어:200000, 고등영어:300000",Y,N,경기도 수원시 장안구 화산로 235,", 4층 일부 (율전동)",16360,,20231231
J10,경기도교육청,수원시,교습소,3000035472,지니피아노음악교습소,20180108,20180108,개원,        ,99991231,12,9,예능(대),예능(중),,음악,"초급:110000, 중급:120000, 주4회:130000, 주5회:150000, 우쿨렐레B:40000, 리코더:60000, 피아노A:80000, 피아노B:100000, 우쿨렐레A:70000, 우쿨렐레B:40000, 리코더A:60000",Y,N,경기도 수원시 팔달구 중부대로223번길 102,", 2층 205호 (우만동, 주공아파트 상가)",16496,,20250608
J10,경기도교육청,수원시,교습소,3000034115,지덕체이스턴영어교습소,20170901,20170901,개원,        ,99991231,28,6,입시.검정 및 보습,보통교과,,보습,"초등단과:150000, 중등단과:200000, 고등단과:350000, 초등영어:180000, 초등단과(영어):210000, 중등단과(영어):350000, 고등단과(영어):450000",Y,N,경기도 수원시 권선구 금호로 45,", 306호 (금곡동)",16396,,20241215
J10,경기도교육청,수원시,교습소,3000038095,지비독서토론논술교습소,20180921,20180921,개원,        ,99991231,18,6,입시.검정 및 보습,보통교과,,보습·논술, ,Y,N,경기도 수원시 권선구 당진로15번길 24,", 2층 일부(202호) (당수동 260-6)",16376,031-415-8836,20231018
J10,경기도교육청,수원시,교습소,3000047053,지수학교습소,20210524,20210524,개원,        ,99991231,34,8,입시.검정 및 보습,보통교과,,보습,"중등단과(수학):200000, 고등단과(수학):250000, 중등단과(수학):200000, 고등단과(수학):250000, 중·고등특강(수학):80000",Y,N,경기도 수원시 권선구 매송고색로506번길 17,", 203호 (오목천동, 청구2차아파트)",16634,,20250323
J10,경기도교육청,수원시,교습소,3000037048,지쌤영어교습소,20180530,20180530,개원,        ,99991231,0,0,입시.검정 및 보습,보통교과,,보습, ,Y,N,경기도 수원시 영통구 태장로82번길 32,", 201호 (망포동, 동수원자이1차상가동)",16687,,20231018
J10,경기도교육청,수원시,교습소,38507,지안아트미술교습소,20091029,20091029,개원,        ,99991231,6,3,예능(대),예능(중),미술일반 초등,미술, ,N,N,경기도 수원시 팔달구 장다리로245번길 7,  1층 일부 (인계동),442832,031-222-7918,20231018
J10,경기도교육청,수원시,교습소,3000077314,지유린음악교습소,20260129,20260129,개원,        ,        ,0,8,예능(대),예능(중),기초(피아노1),음악,"기초(피아노1):150000, 기초(피아노2):170000, 기초(피아노3):200000, 중급1(피아노 체르니100):150000, 중급2(피아노 체르니30):150000, 고급1(피아노 체르니40):220000, 작품반(피아노):320000, 입시반(피아노):400000, 바이올린(작품):150000, 우쿠렐레(작품):150000, 칼림바(작품):150000, 하프(작품):150000, 카혼(작품):150000, 콩쿠르(피아노):700000, 연주반(피아노):600000",Y, ,경기도 수원시 영통구 태장로36번길 36,", 219호(망포동,영통푸르지오파인베르 근린생활시설)",16686,,20260208
J10,경기도교육청,수원시,교습소,3000075638,지유피아노쏭음악교습소,20250812,20250812,개원,        ,        ,0,9,예능(대),,,, ,Y, ,경기도 수원시 영통구 태장로36번길 8,", 101호(망포동,영통푸르지오트레센츠 근린생활시설)",16686,,20250817
J10,경기도교육청,수원시,교습소,11663,지지이천재영어교습소,20041018,20041018,개원,        ,99991231,18,6,입시.검정 및 보습,보통교과,초등단과(영어),보습,"초등단과(영어):150000, 중등단과(영어):170000, 단과(초등):160000, 단과(중등):190000",Y,N,경기도 수원시 권선구 고산로6번길 45,", 107호 일부 (고색동 291, 대원아파트상가동)",16649,031-293-0579,20231018
J10,경기도교육청,수원시,교습소,3000051179,지혜셈수학교습소,20220523,20220523,개원,        ,99991231,21,7,입시.검정 및 보습,보통교과,,보습, ,Y,N,경기도 수원시 권선구 권광로27번길 62,", 301호 (권선동, 삼천리권선1차아파트)",16583,,20231018
J10,경기도교육청,수원시,교습소,3000047153,진수학교습소,20210602,20210602,개원,        ,99991231,12,5,입시.검정 및 보습,보통교과,,보습, ,Y,N,경기도 수원시 장안구 수일로 227,", 2층 일부(201호,202호) (조원동)",16293,,20231018
J10,경기도교육청,수원시,교습소,3000035341,진수학굿모닝수학교습소,20171222,20171222,개원,        ,99991231,15,5,입시.검정 및 보습,보통교과,,보습, ,Y,N,경기도 수원시 장안구 율전로101번길 73,", 수원성균관대역동문굿모닝힐 단지내상가 201호 (율전동)",16361,,20241229
J10,경기도교육청,수원시,교습소,3000077557,진영어교습소,20260225,20260225,개원,        ,        ,0,0,국제화,,,, ,Y, ,경기도 수원시 영통구 센트럴타운로 107,",204동 1층 88호(이의동,광교푸르지오 월드마크, 월드스퀘어)",16507,,20260308
J10,경기도교육청,수원시,교습소,3000031997,진화수학교습소,20170215,20170215,개원,        ,99991231,18,6,입시.검정 및 보습,보통교과,초등단과(A),보습,"초등단과(A):190000, 초등수학(B-1):190000, 초등수학(B-2):150000, 초등수학(C-1):230000, 중1수학(A1):250000, 중1수학(B1):250000, 중1수학(C1-1):270000, 중1수학(C1-2):270000, 중2수학(A2):270000, 중2수학(B2):270000, 중2수학(C2-1):290000, 중2수학(C2-2):290000, 중3수학(A3):290000, 중3수학(B3):290000, 중3수학(C3-1):310000, 고등수학(A4-1):330000, 고등수학(A4-2):350000, 수학(VIP):100000, 수학(VIP.s):100000, 수학(B.clinic):100000, 수학(B.clinic-s):100000, 초등단과(수학):150000, 중등단과(수학):200000, 고등단과(수학):250000",Y,N,경기도 수원시 장안구 상률로12번길 70-13,", 1층 일부 (율전동, 상지빌딩)",16356,null,20240526
J10,경기도교육청,수원시,교습소,3000037378,찬수학교습소,20180706,20180706,개원,        ,99991231,60,6,입시.검정 및 보습,보통교과,,보습,"초등단과A(수학):250000, 초등단과B(수학):100000, 중등단과A(수학):300000, 중등단과B(수학):150000, 고등단과A(수학):400000, 고등단과B(수학):200000, 초등단과(수학):215000, 초등단과(수학):215000, 중등단과(수학):315000, 고등단과(수학):420000",Y,N,경기도 수원시 영통구 인계로220번길 10,", 3층 전체 (매탄동)",16543,,20241103
J10,경기도교육청,수원시,교습소,3000015615,참바른글씨교습소,20120627,20120627,개원,        ,99991231,9,9,기타(대),기타(중),기타 글씨교정,기타(소), ,Y,N,경기도 수원시 영통구 봉영로 1620,", 101동 216호 (영통동,대우 월드마크 영통)",443851,031-273-9967,20231018
J10,경기도교육청,수원시,교습소,3000023359,참소리나무음악교습소,20141113,20141113,개원,        ,99991231,20,9,예능(대),예능(중),,음악, ,Y,N,경기도 수원시 장안구 파장로 53,", 정자벽산블루밍상가 1, 302호 (정자동, 정자 벽산블루밍)",440840,,20231018
J10,경기도교육청,수원시,교습소,15769,참재미난미술교습소,20050325,20050325,개원,        ,99991231,18,9,예능(대),예능(중),미술,미술,"미술:78000, 미술일반:100000",N,N,경기도 수원시 장안구 수성로245번길 21,"203호 (정자동, 두견마을,영남·우방·한솔아파트)",440842,031-269-4422,20231018
J10,경기도교육청,수원시,교습소,38514,참좋은수학교습소,20091020,20091020,개원,        ,99991231,24,6,입시.검정 및 보습,보통교과,,보습,"초등단과 수학:150000, 중등단과 수학:200000, 초등단과(수학):170000, 중등단과(수학):230000",Y,N,경기도 수원시 장안구 화산로 87,  천천푸르지오 상가 1동 414호 (천천동),440710,031-291-0943,20251026
J10,경기도교육청,수원시,교습소,3000054950,창논술교습소,20230412,20230412,개원,        ,99991231,14,7,입시.검정 및 보습,보통교과,,보습·논술, ,Y,N,경기도 수원시 권선구 금곡로102번길 15,", 324호 (금곡동, 비즈웍스)",16388,,20231018
J10,경기도교육청,수원시,교습소,3000033988,창언어논술교습소,20170821,20170821,개원,        ,99991231,8,4,입시.검정 및 보습,보통교과,,보습, ,Y,N,경기도 수원시 장안구 이목로 24,", 601-209 (정자동, 수원 SK SKY VIEW)",16336,,20231018
J10,경기도교육청,수원시,교습소,3000028854,창의나무수학교습소,20160511,20160511,개원,        ,99991231,3,3,입시.검정 및 보습,보통교과,,보습, ,Y,N,경기도 수원시 권선구 세류로 32,", 402호 (세류동)",16593,,20231018
J10,경기도교육청,수원시,교습소,3000035244,창의라온미술교습소,20171218,20171218,개원,        ,99991231,104,8,예능(대),예능(중),기초미술1,미술,"기초미술1:50000, 기초미술2:80000, 기초미술3:100000, 기초미술4:130000, 자유미술1:50000, 자유미술2:80000, 자유미술3:100000, 자유미술4:130000, 미술 1회반:46000, 미술 2회반:85000, 미술 3회반:125000, 미술 4회반:165000, 미술 5회반:204000",Y,N,경기도 수원시 영통구 웰빙타운로 70,", 104호(광교호반베르디움상가동) (이의동, 광교 호반베르디움)",16222,,20231018
J10,경기도교육청,수원시,교습소,3000029423,창의사고력수학교습소,20160629,20160629,개원,        ,99991231,8,4,입시.검정 및 보습,보통교과,,보습, ,Y,N,경기도 수원시 장안구 정자천로189번길 47,", 107호 (정자동, 연꽃마을 풍림아파트)",16334,,20231018
J10,경기도교육청,수원시,교습소,3000052835,창의톡톡수학교습소,20221027,20221027,개원,        ,99991231,0,0,입시.검정 및 보습,보통교과,,보습, ,Y,N,경기도 수원시 권선구 세류로 32,", 301호 (세류동)",16593,,20250601
J10,경기도교육청,수원시,교습소,3000068538,창작소우주미술교습소,20240408,20240408,개원,        ,        ,0,9,예능(대),예능(중),미술A,미술,"미술A:160000, 미술B:170000, 미술C:130000, 미술D:35000",Y, ,경기도 수원시 영통구 웰빙타운로49번길 36,", 108호(이의동, 에코프라자)",16224,,20240421
J10,경기도교육청,수원시,교습소,3000077536,창작스튜디오단단미술교습소,20260223,20260223,개원,        ,        ,0,5,입시.검정 및 보습,,,, ,Y, ,경기도 수원시 권선구 칠보로 102,"108-2호(호매실동,한양수자인파크원 상가2동)",16401,,20260308
J10,경기도교육청,수원시,교습소,3000037140,창조그리고미술교습소,20180612,20180612,개원,        ,99991231,4,4,예능(대),예능(중),,미술, ,Y,N,경기도 수원시 권선구 입북로 50,", 207호 전체 (입북동, 서수원 자이아파트)",16369,null,20240303
J10,경기도교육청,수원시,교습소,15739,창조하는꼬마화가들미술교습소,20050322,20050322,개원,        ,99991231,18,9,예능(대),예능(중),미술일반,미술, ,Y,N,경기도 수원시 영통구 영통로 498,  황골주공아파트 가상가동 201호 (영통동),443470,031-203-2229,20231018
J10,경기도교육청,수원시,교습소,3000055400,채움국어논술교습소,20230531,20230531,개원,        ,99991231,36,4,입시.검정 및 보습,,초등A(정규),,"초등A(정규):128000, 초등A-1(심화):171000, 초등B(정규):149000, 초등B-1(심화):192000, 초등C:107000, 중등A(정규):194000, 중등B(심화):242000, 고등국어A:404000, 고등논술B:485000, 초등 A:125000, 초등 B:150000, 중등 A:164000, 중등 B:218000, 고등 A:290000, 고등 B:174000, 고등 C:348000",Y,N,경기도 수원시 팔달구 인계로 20,", 120호 (매교동), 매교역푸르지오SKVIEW상가1동",16469,,20231018
J10,경기도교육청,수원시,교습소,3000064023,채움독서논술교습소,20240104,20240104,개원,        ,        ,0,5,입시.검정 및 보습,,,, ,Y, ,경기도 수원시 팔달구 덕영대로803번길 39,401호 일부(화서동),16442,,20240107
J10,경기도교육청,수원시,교습소,3000043449,채움뮤직음악교습소,20200213,20200213,개원,        ,99991231,7,7,예능(대),예능(중),,음악, ,Y,N,경기도 수원시 팔달구 화양로50번길 30,", 상가3동 202호 (화서동, 블루밍 푸른숲 아파트)",16438,,20241229
J10,경기도교육청,수원시,교습소,3000062587,채움수학교습소,20231110,20231110,개원,        ,        ,0,9,입시.검정 및 보습,보통교과,초등 수학1,보습,"초등 수학1:180000, 초등 수학2:150000, 초등 수학3:180000, 초등 수학4:100000, 초등 수학5:120000, 중등 수학6:250000, 중등 수학7:270000, 중등 수학8:200000, 고등 수학:380000",Y, ,경기도 수원시 장안구 금당로 48,2층 전체(조원동),16282,,20260208
J10,경기도교육청,수원시,교습소,3000072830,책나무권선독서논술교습소,20241220,20241220,개원,        ,        ,0,0,입시.검정 및 보습,보통교과,독서논술 초등A,보습,"독서논술 초등A:134160, 독서논술 초등B:184470, 독서논술 초등C:201240, 독서논술 중등A:182320, 독서논술 중등B:227900",Y, ,경기도 수원시 권선구 세권로304번길 62,", 209호(권선동, 베스토아)",16553,,20250302
J10,경기도교육청,수원시,교습소,3000071950,책나무수원매탄독서논술교습소,20240919,20240919,개원,        ,        ,0,7,입시.검정 및 보습,,,, ,Y, ,경기도 수원시 영통구 효원로 363,", 214호(매탄동,매탄 위브 하늘채 303 상가B)",16543,,20240929
J10,경기도교육청,수원시,교습소,3000076255,책먹는아이창의글쓰기교습소,20251028,20251028,개원,        ,        ,0,9,기타(대),,,, ,Y, ,경기도 수원시 영통구 월드컵로87번길 7,", 403호(원천동, 호반프라자)",16516,,20251102
J10,경기도교육청,수원시,교습소,3000053139,책통클럽공필왕독서논술교습소,20221123,20221123,개원,        ,99991231,24,0,입시.검정 및 보습,기타(중),,기타(소), ,Y,N,경기도 수원시 장안구 천천로22번길 34,", 204호 (정자동, 백설마을 삼환 나우빌 아파트 상가동)",16332,,20250202
J10,경기도교육청,수원시,교습소,3000068040,책통클럽광교독서논술교습소,20240304,20240304,개원,        ,        ,0,8,입시.검정 및 보습,,,, ,Y, ,경기도 수원시 영통구 에듀타운로 65,", 104호(이의동,자연앤자이 상가2동)",16509,,20240310
J10,경기도교육청,수원시,교습소,3000069179,책통클럽논술교습소,20240614,20240614,개원,        ,        ,0,5,입시.검정 및 보습,보통교과,초등논술,보습,"초등논술:120000, 중등논술:140000",Y, ,경기도 수원시 장안구 경수대로976번길 16,", 204호(조원동, 수원한일타운주상가)",16294,,20250720
J10,경기도교육청,수원시,교습소,3000068011,책통클럽독서논술교소,20240228,20240228,개원,        ,        ,0,9,입시.검정 및 보습,,,, ,Y, ,경기도 수원시 권선구 매곡로 43,", 206호(금곡동, 호반베르디움 더 센트럴)",16397,,20240303
J10,경기도교육청,수원시,교습소,3000068013,책통클럽수원호매실센터독서논술교습소,20240228,20240228,개원,        ,        ,0,7,입시.검정 및 보습,,,, ,Y, ,경기도 수원시 권선구 매실로 70,", 204호(호매실동, 호매실GS아파트 301동)",16395,,20240303
J10,경기도교육청,수원시,교습소,3000032107,천재메릭스수학교습소,20170227,20170227,개원,        ,99991231,8,4,입시.검정 및 보습,보통교과,,보습, ,Y,N,경기도 수원시 권선구 고산로6번길 45,", 107호 일부 (고색동, 대원아파트)",16649,,20231018
J10,경기도교육청,수원시,교습소,3000037658,청명그레이스음악교습소,20180709,20180709,개원,        ,99991231,54,9,예능(대),예능(중),,음악,"플룻:100000, 드럼:120000, 바이엘과정:130000, 체르니100번:140000, 체르니30번:150000, 바이엘:140000, 체르니100:150000, 체르니30,40:160000, 바이엘1:150000, 체르니100A:160000, 체르니30:170000, 체르니40:170000",Y,N,경기도 수원시 영통구 청명로 130,", 벽산아파트 상가 206호 (영통동, 벽산삼익아파트)",16707,,20260308
J10,경기도교육청,수원시,교습소,3000026638,청명상상미술교습소,20151022,20151022,개원,        ,99991231,18,9,예능(대),예능(중),,미술, ,Y,N,경기도 수원시 영통구 청명북로 33,", 상가동 205호 일부(좌측) (영통동, 청명마을삼성아파트)",443738,,20231018
J10,경기도교육청,수원시,교습소,3000076214,청명소리숲피아노음악교습소,20251023,20251023,개원,        ,        ,0,7,예능(대),예능(중),초급A(바이엘),음악,"초급A(바이엘):160000, 초급B(체르니100):170000, 중급C(체르니30):180000, 중급D(체르니40):190000, 성인기초:160000",Y, ,경기도 수원시 영통구 영통로 460,", 203호(영통동,대우.동신아파트 상가동)",16707,,20251221
J10,경기도교육청,수원시,교습소,39969,청명연세수학교습소,20100226,20100226,개원,        ,99991231,68,8,입시.검정 및 보습,예능(중),,미술,"미술일반B반 주1회:60000, 미술일반B반 주2회:70000, 미술일반B반 주3회:85000, 미술일반B반 주4회:100000, 미술일반B반 주5회:115000, 미술일반A반 주1회:60000, 미술일반A반 주2회:80000, 미술일반A반 주3회:95000, 미술일반A반 주4회:110000, 미술일반A반 주5회:125000, 미술일반(주1회):70000, 미술일반(주2회):90000, 미술일반(주3회):105000, 미술일반(주4회):120000, 미술일반(주5회):135000, 미술(주1회반):75000, 미술(주2회반):100000, 미술(주3회반):115000, 미술(주4회반):130000, 미술(주5회반):145000",Y,N,경기도 수원시 영통구 청명로 130,", 203호(영통동, 영통에듀파크 상가동)",16707,031-203-6553,20260215
J10,경기도교육청,수원시,교습소,3000043291,청수진수학교습소,20200129,20200129,개원,        ,99991231,96,9,입시.검정 및 보습,보통교과,초등단과(수학),보습,"초등단과(수학):289000, 중등단과(수학):340000, 고등단과(수학):378000, 주말특강(중등):113000, 주말특강(고등):126000, 초등단과:231000, 중등단과:272000, 중등단과:340000, 초등단과(수학):231000, 중등단과(수학):272000, 중등단과(수학):340000, 고등단과(수학):378000, 주말특강(수학):126000, 초등단과(수학):256000, 중등단과(수학):363000, 고등단과(수학):404000, 초등수학:300000, 중등수학:410000, 고등수학:435000",Y,N,경기도 수원시 영통구 웰빙타운로 51,", 3층 304호 전체 (이의동, 골드클래스1)",16224,null,20240602
J10,경기도교육청,수원시,교습소,3000036062,청음음악교습소,20180302,20180302,개원,        ,99991231,18,9,예능(대),예능(중),,음악, ,Y,N,경기도 수원시 팔달구 덕영대로735번길 55,", 2층 202호 (화서동)",16436,,20231018
J10,경기도교육청,수원시,교습소,3000047603,최강영어교습소,20210720,20210720,개원,        ,99991231,36,4,입시.검정 및 보습,보통교과,중등영어C,보습,"중등영어C:490000, 고등영어D:570000, 초등영어:250000, 중등영어:300000, 고등영어:350000, 초등영어A:280000, 중등영어B:330000, 고등영어C:350000, 고등영어B:380000",Y,N,경기도 수원시 장안구 화산로 87,", 206호 (천천동, 천천 푸르지오 근린생활시설-1)",16420,null,20250504
J10,경기도교육청,수원시,교습소,3000017521,최강해법수학교습소,20130129,20130124,개원,        ,99991231,64,6,입시.검정 및 보습,,,,"초등단과(수학):150000, 중등단과(수학):200000, 초등수학:170000, 중등수학:210000, 고등수학:280000, 초등수학(1,2):150000, 중등수학(2,3):230000, 초등1-2단과(수학):160000, 초등3-6단과(수학):180000, 중든1단과(수학):220000, 중등2-3단과(수학):230000, 고등단과(수학):290000, 초등1,2(수학):170000, 초등3~6(수학):190000, 중1(수학):230000, 중2,3(수학):240000, 고등(수학):300000",Y,N,경기도 수원시 장안구 금당로39번길 34,", 주공뉴타운 가상가동 202-1호 (조원동,주공뉴타운)",440200,031-3041-025,20250608
J10,경기도교육청,수원시,교습소,3000045641,최상위국어교습소,20201210,20201210,개원,        ,99991231,0,0,입시.검정 및 보습,보통교과,고등국어B,보습,"고등국어B:300000, 고등국어A:280000, 중등국어B:240000, 중등국어A:220000",Y,N,경기도 수원시 영통구 봉영로 1620,", 401호 (영통동, 대우 월드마크 영통)",16704,null,20250518
J10,경기도교육청,수원시,교습소,3000072437,최상위수학교습소,20241115,20241115,개원,        ,        ,0,0,입시.검정 및 보습,,,, ,Y, ,경기도 수원시 장안구 서부로 2065,", 208호(율전동,삼성아파트)",16363,,20251102
J10,경기도교육청,수원시,교습소,3000010598,최송이영어교습소,20110404,20110404,개원,        ,99991231,6,3,입시.검정 및 보습,보통교과,초등단과(영어),보습, ,Y,N,경기도 수원시 영통구 영통로 498,  황골마을 주공1단지아파트 가상가동 202호 오른쪽일부 (영통동),443470,,20231018
J10,경기도교육청,수원시,교습소,3000052004,최쌤수학교습소,20220804,20220804,개원,        ,99991231,40,5,입시.검정 및 보습,보통교과,,보습, ,Y,N,경기도 수원시 영통구 산남로29번길 23,", 1층 일부 (매탄동)",16539,,20231018
J10,경기도교육청,수원시,교습소,3000069420,최용석국어교습소,20240706,20240706,개원,        ,        ,0,0,입시.검정 및 보습,,,, ,Y, ,경기도 수원시 장안구 대평로 80,", 714호(정자동)",16334,,20240804
J10,경기도교육청,수원시,교습소,3000081607,최유진영어교습소,20260406,20260406,개원,        ,        ,0,0,입시.검정 및 보습,보통교과,중등 영어 A,보통교과,"중등 영어 A:270000, 중등 영어 B:410000, 중등 영어 특강:136000, 고1 영어 특강:145000, 고1 영어 A:290000, 고1 영어 B:430000, 고2 영어 A:290000, 고2 영어 B:430000, 고2 영어 특강:145000, 고3 영어:232000, 고1 영어 C:357000, 고2 영어 C:357000",Y, ,경기도 수원시 팔달구 정조로 697,702호(매교동),16467,,20260412
J10,경기도교육청,수원시,교습소,3000029480,카리스음악교습소,20160705,20160705,개원,        ,99991231,50,9,예능(대),예능(중),,음악,"바이엘:200000, 체르니100:200000, 체르니30:200000, 체르니40:200000, 체르니50:200000",Y,N,경기도 수원시 영통구 중부대로448번길 28,", 202호(수원원천2단지상가) (원천동)",16519,010-4746-8562,20251123
J10,경기도교육청,수원시,교습소,3000074161,카야아트플레이미술교습소,20250429,20250429,개원,        ,        ,0,8,예능(대),,,, ,Y, ,경기도 수원시 영통구 광교중앙로266번길 30,", 501-1호(하동, 그랜드프라자)",16512,,20250817
J10,경기도교육청,수원시,교습소,3000042240,카페나무한자교습소,20191104,20191104,개원,        ,99991231,15,5,입시.검정 및 보습,보통교과,,보습, ,Y,N,경기도 수원시 장안구 장안로217번길 14,", 2층 204-2호 (정자동, 범야건설주식회사)",16339,,20231018
J10,경기도교육청,수원시,교습소,22807,칸타빌레피아노음악교습소,20060630,20060630,개원,        ,99991231,20,6,예능(대),예능(중),,음악,"음악일반 피아노(초급):130000, 초급(초등피아노):140000, 중급(초등피아노):150000, 고급(초등피아노):160000, 피아노(고급2):170000",Y,N,경기도 수원시 장안구 천천로74번길 35, 대월마을 주공아파트 상가동 203호 (정자동),440729,031-246-4631,20240929
J10,경기도교육청,수원시,교습소,28660,케어수학교습소,20071108,20071108,개원,        ,99991231,69,5,입시.검정 및 보습,보통교과,수학(초),보습,"수학(초):150000, 수학(중):290000, 수학(고1):320000, 수학(고2):340000, 특강(중,고):210000",Y,N,경기도 수원시 장안구 만석로 29, 비단마을 성우우방상가 203호 (천천동),440712,031-890-7905,20231018
J10,경기도교육청,수원시,교습소,3000033556,케이매쓰수학교습소,20170707,20170707,개원,        ,99991231,96,7,입시.검정 및 보습,,초등단과(수학),,"초등단과(수학):150000, 초등단과(수학(:180000, 중등단과(수학):250000, 중등단과(수학):200000, 고등단과(수학):300000, 고등단과(수학):300000, 초등단과수학1:150000, 초등단과수학2:180000, 초등단과수학3:110000, 초등단과수학4:110000, 중등단과수학1:250000, 중등단과수학2:200000, 고등단과수학1:300000, 고등단과수학2:300000, 초등단과(1-2):100000, 초등단과(3-6):120000, 초등수학A:150000, 중등수학1,2A:270000, 중등수학3A:300000, 고등수학1A:350000, 고등수학2A:380000, 고등수학3A:430000",Y,N,경기도 수원시 장안구 정자로41번길 12,", 상가동 203호 (천천동, 비단마을 신명아파트)",16323,,20231018
J10,경기도교육청,수원시,교습소,3000039259,케이시실용영어교습소,20190111,20190111,개원,        ,99991231,6,3,국제화,외국어,실용영어1,실용외국어(유아/초·중·고),"실용영어1:144000, 실용영어2:216000",Y,N,경기도 수원시 영통구 매탄로140번길 54-20,", 1층 103호 전체 (매탄동)",16544,null,20240303
J10,경기도교육청,수원시,교습소,3000028732,케이아이수학교습소,20160420,20160420,개원,        ,99991231,46,6,입시.검정 및 보습,보통교과,초등단과,보습,"초등단과:170000, 중등단과:230000, 초등수학:200000",Y,N,경기도 수원시 영통구 청명로 130,", 201호 일부(벽산삼익아파트상가동) (영통동)",16707,,20231018
J10,경기도교육청,수원시,교습소,3000027317,케이엠(KM)수학교습소,20151218,20151218,개원,        ,99991231,30,5,입시.검정 및 보습,보통교과,초등 수학,보습,"초등 수학:200000, 중등 수학:270000",Y,N,경기도 수원시 장안구 천천로22번길 34,", 2층 205호(백설마을삼환나우빌아파트상가동) (정자동)",16332,,20260201
J10,경기도교육청,수원시,교습소,3000051100,케즈실용영어교습소,20220516,20220516,개원,        ,99991231,70,6,국제화,외국어,,실용외국어(유아/초·중·고),"여름특강:180000, 초등4:300000, 초등여름특강1:300000, 초등여름특강2:180000, 겨울특강-1:860000, 겨울특강-2:570000, 초등2:130000, 초등2-1:175000, 초등3:195000, 초등3-1:264000",Y,N,경기도 수원시 영통구 웰빙타운로56번길 76,", 근린생활시설 101호 (이의동, e편한세상 TERRACE 광교 West hill)",16223,,20260405
J10,경기도교육청,수원시,교습소,3000068095,켄트영어교습소,20240307,20240307,개원,        ,        ,0,8,입시.검정 및 보습,보통교과,영어1,보습,"영어1:250000, 영어2:270000, 영어3:80000, 중등영어:250000, 고등영어:320000, 특강:80000",Y, ,경기도 수원시 영통구 영통로 507,4층 일부(영통동),16706,,20240324
J10,경기도교육청,수원시,교습소,3000081664,코어에듀수학교습소,20260409,20260409,개원,        ,        ,0,0,입시.검정 및 보습,,,, ,Y, ,경기도 수원시 영통구 광교호수공원로 277,"2F-015호(원천동,광교중흥에스클래스 판매시설)",16517,,20260426
J10,경기도교육청,수원시,교습소,3000033299,콩수학교습소,20170616,20170616,개원,        ,99991231,102,9,입시.검정 및 보습,보통교과,,보습,"초등A:240000, 초등B:260000, 중등A:340000, 중등B:390000, 고등A:450000, 고등B:500000, 고등C:550000",Y,N,경기도 수원시 장안구 화산로 87,", 218호 (천천동, 천천 푸르지오 근린생활시설-1)",16420,,20251221
J10,경기도교육청,수원시,교습소,3000054718,쿠키즈영어뮤지컬실용영어교습소,20230322,20230322,개원,        ,99991231,0,0,국제화,외국어,,실용외국어(유아/초·중·고), ,Y,N,경기도 수원시 장안구 정자로42번길 52,", 207호 (천천동, 비단마을 베스트타운 상가동)",16325,,20251123
J10,경기도교육청,수원시,교습소,26783,큐엔에이(QnA)수학교습소,20070514,20070514,개원,        ,99991231,5,9,입시.검정 및 보습,보통교과,,보습, ,Y,N,경기도 수원시 권선구 덕영대로1152번길 2,  2층 (세류동),441880,031-235-3900,20251012
J10,경기도교육청,수원시,교습소,3000049223,크레모나음악교습소,20211220,20211220,개원,        ,99991231,8,5,예능(대),예능(중),유아바이올린(5~7세),음악,"유아바이올린(5~7세):120000, 스즈키(50분) 1권~4권:150000, 스즈키(60분) 1권~4권:180000, 스즈키(60분) 협주곡:280000, 앙상블 그룹(90분):276000",Y,N,경기도 수원시 영통구 대학로 98,", 205호 (이의동, 광교 호반베르디움 트라엘 8116동)",16224,,20231018
J10,경기도교육청,수원시,교습소,3000048037,크롬수학교습소,20210901,20210901,개원,        ,99991231,63,9,입시.검정 및 보습,보통교과,초등심화수학,보습,"초등심화수학:250000, 중등기본수학:270000, 중등심화수학:320000, 고등수학:340000, 초등기본수학:200000",Y,N,경기도 수원시 장안구 이목로 24,", 204호 일부(우측) (정자동, 수원 SK SKY VIEW 상가 601동)",16336,031-893-5039,20251012
J10,경기도교육청,수원시,교습소,3000051284,크리아트권선초미술교습소,20220607,20220607,개원,        ,99991231,9,9,예능(대),예능(중),,미술, ,Y,N,경기도 수원시 권선구 권선로639번길 32,", 1층 일부 (권선동)",16569,,20231018
J10,경기도교육청,수원시,교습소,3000054833,크리아트라퍼스트미술교습소,20230403,20230403,개원,        ,99991231,16,9,예능(대),예능(중),미술 A,미술,"미술 A:120000, 미술 B:130000, 미술 C:170000, 미술 D:180000",Y,N,경기도 수원시 권선구 곡반정로 160,", 517호 일부(서측) (곡반정동, 라퍼스트)",16668,,20231018
J10,경기도교육청,수원시,교습소,3000073563,크리아트천천미술교습소,20250228,20250228,개원,        ,        ,0,0,예능(대),예능(중),미술1,미술,"미술1:110000, 미술2:160000",Y, ,경기도 수원시 장안구 덕영대로535번길 34,", 503호 일부(천천동)",16329,,20250316
J10,경기도교육청,수원시,교습소,3000068247,크리티컬리드인독서논술교습소,20240314,20240314,개원,        ,        ,0,6,입시.검정 및 보습,,,, ,Y, ,경기도 수원시 권선구 매곡로 43,", 207호(금곡동, 호반베르디움 더 센트럴310동(근린생활시설-1))",16397,070-8064-6510,20240324
J10,경기도교육청,수원시,교습소,3000071697,크림슨잉글리쉬입시센터교습소,20240828,20240828,개원,        ,        ,0,9,입시.검정 및 보습,,,, ,Y, ,경기도 수원시 권선구 효원로94번길 1,(세류동) 3층 전체,16572,,20240929
J10,경기도교육청,수원시,교습소,3000062040,큰수학교습소,20230913,20230913,개원,        ,        ,0,6,입시.검정 및 보습,보통교과,초등수학A,보습,"초등수학A:230000, 초등수학B:330000, 고등수학:464400",Y, ,경기도 수원시 영통구 영흥숲길 50,", 107호(원천동,영흥숲푸르지오파크비엔 근린생활시설-2)",16523,,20241103
J10,경기도교육청,수원시,교습소,3000069488,큰오름수학교습소,20240715,20240715,개원,        ,        ,0,9,입시.검정 및 보습,,,, ,Y, ,경기도 수원시 영통구 센트럴파크로 60,", 112호(이의동,래미안 광교 근린생활시설동)",16504,,20240804
J10,경기도교육청,수원시,교습소,3000053879,클레프피아노음악교습소,20230119,20230119,개원,        ,99991231,15,5,예능(대),예능(중),,음악, ,Y,N,경기도 수원시 장안구 화산로 87,", 303호 (천천동, 천천 푸르지오 근린생활시설-1)",16420,,20231018
J10,경기도교육청,수원시,교습소,3000072967,키스톤영어교습소,20241230,20241230,개원,        ,        ,0,0,입시.검정 및 보습,보통교과,초등기초 영어,보습,"초등기초 영어:190000, 초등기본 영어:200000, 초등 중급 영어:210000, 초등고급 영어:220000, 초등심화 영어:240000, 중등 영어:280000, 고등 기초영어:300000, 고등 영어 1:330000, 고등영어 2:360000",Y, ,경기도 수원시 권선구 동수원로177번길 40,"상가213호(권선동,수원아이파크시티8단지)",16663,,20251130
J10,경기도교육청,수원시,교습소,3000029985,키움마인드맵논술교습소,20160817,20160817,개원,        ,99991231,9,0,입시.검정 및 보습,보통교과,,보습, ,Y,N,경기도 수원시 팔달구 권광로 246,", 1단지 상가 201호 (인계동, 래미안 노블클래스)",16534,,20231018
J10,경기도교육청,수원시,교습소,3000043768,키움미술교습소,20200313,20200313,개원,        ,99991231,56,7,예능(대),예능(중),유치부미술,미술,"유치부미술:120000, 초등부미술:120000, 유치초등부미술A:110000, 유치초등부미술B:130000, 유치초등부미술C:150000, 유아미술(주2회):90000, 유아미술(주3회):110000, 유아미술(주4회):130000, 유아미술(주5회):140000, 초등미술(주2회):90000, 초등미술(주3회):110000, 초등미술(주4회):130000, 초등미술(주5회):140000",Y,N,경기도 수원시 영통구 매탄로51번길 14-15,", 1층 일부 (매탄동)",16546,null,20250105
J10,경기도교육청,수원시,교습소,3000076630,킴앤리영어교습소,20251201,20251201,개원,        ,        ,0,4,국제화,,,, ,Y, ,경기도 수원시 영통구 효원로 393,", 603호 일부(매탄동, 밀래니엄프라자)",16545,,20251207
J10,경기도교육청,수원시,교습소,3000054477,탄탄수학교습소,20230306,20230306,개원,        ,99991231,0,0,입시.검정 및 보습,보통교과,초등수학,보습,"초등수학:200000, 중등수학:300000",N,N,경기도 수원시 장안구 대평로51번길 56,", 상가동 202호 (정자동, 화서역파크뷰)",16319,,20250525
J10,경기도교육청,수원시,교습소,3000037383,탈레스수학교습소,20180709,20180709,개원,        ,99991231,65,9,입시.검정 및 보습,보통교과,"초등1,2(수학)",보습,"초등1,2(수학):130000, 초등1,2(수학):130000, 초등3,4(수학):150000, 초등3,4(수학):150000, 초등5,6(수학):160000, 초등5,6(수학):160000, 중등(수학):249000, 고등(수학):340000, 초등1,2:139000, 초등3,4:156000, 초등5,6:169000",Y,N,경기도 수원시 팔달구 세류로75번길 2,", 2층 일부 (매산로3가)",16460,031-222-0979,20231018
J10,경기도교육청,수원시,교습소,3000042844,탑영어교습소,20191224,20191224,개원,        ,99991231,18,6,입시.검정 및 보습,보통교과,,보습, ,Y,N,경기도 수원시 장안구 장안로359번길 20,", 1층 105호 (이목동, 수원장안힐스테이트)",16343,031-271-3160,20250209
J10,경기도교육청,수원시,교습소,28484,탑일대일과학교습소,20071022,20071022,개원,        ,99991231,10,4,입시.검정 및 보습,보통교과,초등단과(과학),보습, ,Y,N,경기도 수원시 영통구 반달로7번길 40,", 901-4호 (영통동, 평익칼라스위트)",16704,031-205-2829,20231018
J10,경기도교육청,수원시,교습소,3000032982,탑클래스(Topclass)영어교습소,20170510,20170510,개원,        ,99991231,84,6,입시.검정 및 보습,보통교과,,보습,"초등단과(해법영어):170000, 중등단과(해법영어):220000, 초등단과(화상영어(해법영어회원)):60000, 중등단과(화상영어(해법영어회원)):60000, 초등단과(영어보드게임):40000, 초등단과(화상영어(해법영어비회원)):120000, 중등단과(화상영어(해법영어비회원)):120000, 초등영어:180000, 중등영어:200000, 초등영어파닉스기초반:380000, 초등 영어:200000, 초등 영어:220000, 예비중 영어:260000, 중등 영어:260000",Y,N,경기도 수원시 권선구 덕영대로1190번길 100,", 707동 상가동 2층 204호 (권선동)",16662,,20250309
J10,경기도교육청,수원시,교습소,3000044142,탑클래스수학교습소,20200504,20200504,개원,        ,99991231,36,9,입시.검정 및 보습,보통교과,초등단과(수학),보습,"초등단과(수학):130000, 중등단과(수학):200000, 중등단과(수학):220000, 초등단과(수학):150000",Y,N,경기도 수원시 장안구 상률로 32,", 2층 205호 (율전동, 밤꽃마을뜨란채)",16354,,20231018
J10,경기도교육청,수원시,교습소,3000062037,탑클수학교습소,20230913,20230913,개원,        ,        ,0,9,입시.검정 및 보습,,,, ,Y, ,경기도 수원시 권선구 입북로77번길 61,", 104호 219동 상가(입북동,서수원 레이크 푸르지오 2단지)",16365,,20250309
J10,경기도교육청,수원시,교습소,3000055619,태라아트미술교습소,20230628,20230628,개원,        ,        ,0,7,예능(대),,클로이아트(초등 주1회),,"클로이아트(초등 주1회):130000, 클로이아트(초등 주2회):135000, 클로이아트(초등 주3회):160000, 클로이아트(초등 주5회):185000, 클로이아트(6-7세):130000, 바비아트(4-5세):130000",Y, ,경기도 수원시 권선구 서수원로577번길 341,", B119호(금곡동, 수원모아미래도센트럴타운1단지 상가동)",16380,,20231231
J10,경기도교육청,수원시,교습소,3000064015,태미의실용영어교습소,20240104,20240104,개원,        ,        ,0,0,국제화,,,, ,Y, ,경기도 수원시 영통구 광교호수공원로 277,", 2F-028(원천동, 광교중흥에스클래스 판매시설)",16517,,20240107
J10,경기도교육청,수원시,교습소,3000075802,태피스튜디오영어교습소,20250901,20250901,개원,        ,        ,0,7,국제화,,,, ,Y, ,경기도 수원시 영통구 봉영로1770번길 21,", 109호(영통동, 한국신명아파트상가동)",16713,,20250907
J10,경기도교육청,수원시,교습소,3000055280,테스영어교습소,20230516,20230516,개원,        ,99991231,0,0,입시.검정 및 보습,보통교과,초등1,보습,"초등1:150000, 초등2:160000, 초등3:170000, 초등4:180000, 중등:200000, 초등영어(원서반):170000, 초등영어A:190000, 초등영어B:210000, 중등영어:210000, 고등영어:230000, 영어특강반A:50000, 영어특강반B:100000, 영어특강반C:150000",Y,N,경기도 수원시 권선구 매실로 70,", 203호 (호매실동, 호매실GS아파트)",16395,null,20241215
J10,경기도교육청,수원시,교습소,3000043264,토론하는아이들논술교습소,20200123,20200123,개원,        ,99991231,24,6,입시.검정 및 보습,보통교과,논술(초1),보습,"논술(초1):100000, 논술(초2~3):120000, 논술(초4~6):140000, 논술(중1~3):160000",Y,N,경기도 수원시 장안구 화산로 87,"310호(천천동, 천천 푸르지오 근린생활시설-1)",16420,,20260412
J10,경기도교육청,수원시,교습소,3000052745,토론하는아이들아이파크시티1단지점논술교습소,20221020,20221020,개원,        ,99991231,18,9,입시.검정 및 보습,보통교과,,보습·논술, ,Y,N,경기도 수원시 권선구 동수원로145번길 74,", 103호 (권선동, 수원아이파크시티 1단지)",16663,,20231018
J10,경기도교육청,수원시,교습소,3000033279,토브영어교습소,20170615,20170615,개원,        ,99991231,28,7,입시.검정 및 보습,보통교과,초등단과 기초영어,보습, ,Y,N,경기도 수원시 영통구 대학로 98,", 204호 (이의동)",16224,031-212-8101,20231018
J10,경기도교육청,수원시,교습소,3000029492,토셀(TOSEL)영어교습소,20160705,20160705,개원,        ,99991231,0,0,입시.검정 및 보습,보통교과,,보습, ,Y,N,경기도 수원시 팔달구 화양로50번길 30,"201호·202호(화서동,화서역 블루밍푸른숲아파트)",16438,,20250413
J10,경기도교육청,수원시,교습소,15690,톡톡미술교습소,20050204,20050204,개원,        ,99991231,75,6,예능(대),예능(중),미술일반 유치반,미술,"미술일반 유치반:80000, 미술일반 초등반:80000, 유치부:120000, 초등부:120000, 중등부:120000",Y,N,경기도 수원시 장안구 만석로19번길 25-5,  센타프라자 502호 (천천동),440330,031-269-5036,20231018
J10,경기도교육청,수원시,교습소,3000024280,통수학교습소,20150213,20150213,개원,        ,99991231,20,6,입시.검정 및 보습,보통교과,,보습, ,Y,N,경기도 수원시 장안구 대평로 80,", 710호 (정자동, 정연메이져1동)",440841,,20250420
J10,경기도교육청,수원시,교습소,3000075951,트라이수학교습소,20250916,20250916,개원,        ,        ,0,6,입시.검정 및 보습,보통교과,초등수학 A,보습,"초등수학 A:200000, 초등수학 B:250000, 초등수학 C:290000, 초등수학 D:330000, 중등수학 A:200000, 중등수학 B:250000, 중등수학 C:150000",Y, ,경기도 수원시 장안구 대평로 27,", 201동 116호 일부(정자동,화서역 파크푸르지오)",16318,,20251102
﻿J10,경기도교육청,수원시,교습소,3000041224,튼튼영어마스터클럽망포영어교습소,20131105,20131105,개원,        ,99991231,18,4,입시.검정 및 보습,보통교과,초등단과,보습,"초등단과:210000, 중등단과:270000",Y,N,경기도 수원시 영통구 영통로90번길 4-27,", 벽산아파트 후문 상가동 103호 (망포동, 늘푸른 벽산아파트)",16692,null,20250105
J10,경기도교육청,수원시,교습소,3000045664,튼튼영어매탄엠씨영어교습소,20201214,20201214,개원,        ,99991231,0,0,입시.검정 및 보습,보통교과,,보습, ,Y,N,경기도 수원시 영통구 매탄로51번길 14-16,", 1층 일부 (매탄동)",16546,,20251207
J10,경기도교육청,수원시,교습소,3000020870,티오피탑영어교습소,20140227,20140227,개원,        ,99991231,81,6,입시.검정 및 보습,,,,"초등단과(영어A):155000, 중등단과(영어):200000, 고등단과(영어):250000, 초등단과(영어B):170000, 초등단과A(영어):155000, 초등단과B(영어):170000, 중등단과(영어):210000, 고등단과(영어):250000, 초등단과(영어):160000, 초등단과(영어):180000, 중등단과(영어):220000, 초등단과(영어):160000, 초등단과(영어):180000, 중등단과(영어):220000, 고등단과(영어):260000, 초등영어A:190000, 초등영어B:200000, 중등영어A:230000, 중등영어B:240000, 고등영어A:270000, 고등영어B:280000",N,N,경기도 수원시 장안구 화산로 263,", 신일아파트 상가동 206호 (율전동,신일아파트)",440726,,20251221
J10,경기도교육청,수원시,교습소,9914,파란꿈미술교습소,20040723,20040723,개원,        ,99991231,67,9,예능(대),예능(중),"기초,심화(주1회)",미술,"기초,심화(주1회):76239, 기초(주2회):118594, 기초(주3회):150000, 심화(주2회):118594, 심화(주3회):160000, 심화(주4회):170000, 심화(주5회):190000",Y,N,경기도 수원시 영통구 봉영로1517번길 20,", 210호, 211호 (영통동 967-2, 극동.풍림아파트상가동)",16699,031-205-4430,20251026
J10,경기도교육청,수원시,교습소,3000010663,파란여우미술교습소,20110412,20110412,개원,        ,99991231,6,6,예능(대),예능(중),,미술,"미술일반(초급):100000, 미술일반(중급):100000, 미술일반(고급):100000",Y,N,경기도 수원시 권선구 효탑로 50, 우방파크타운상가 2층 204호 (탑동),441759,,20251019
J10,경기도교육청,수원시,교습소,3000041151,파스칼수학교습소,20190708,20190708,개원,        ,99991231,32,8,입시.검정 및 보습,보통교과,,보습, ,Y,N,경기도 수원시 영통구 영통로200번길 156,", 1층 104호 일부 (망포동, 방죽마을영통뜨란채상가동)",16694,031-202-0731,20231018
J10,경기도교육청,수원시,교습소,38610,파워수학교습소,20091125,20091125,개원,        ,99991231,27,3,입시.검정 및 보습,보통교과,초등단과(수학),보습, ,Y,N,경기도 수원시 권선구 덕영대로1217번길 37,  1층 일부 (권선동),441831,031-239-5020,20231018
J10,경기도교육청,수원시,교습소,3000047503,파인수학교습소,20210708,20210708,개원,        ,99991231,96,9,입시.검정 및 보습,보통교과,초등수학1,보습,"초등수학1:180000, 초등수학2:180000, 초등수학3:200000, 초등수학4:270000, 초등수학5:270000, 중등수학1:320000, 중등수학2:320000, 중등수학3:480000, 고등수학1:500000, 초등단과(수학)1:231000, 초등단과(수학)2:231000, 중등단과(수학)1:287000, 중등단과(수학)2:287000, 초등단과(수학)3:219450, 초등단과(수학)4:219450, 고등단과(수학):340000, 초등단과(수학)5:240000, 초등단과(수학)6:240000, 초등단과(수학)7:230000, 초등단과(수학)8:230000, 중등단과(수학)3:290000, 중등단과(수학)4:290000, 중등단과(수학)5:280000, 중등단과(수학)6:280000, 초등단과(수학)9:170000",Y,N,경기도 수원시 영통구 에듀타운로 102,", B동 424호 (이의동, 광교중앙역 SK VIEW)",16509,null,20241215
J10,경기도교육청,수원시,교습소,17261,파인힐미술교습소,20050615,20050615,개원,        ,99991231,8,8,예능(대),예능(중),미술(초급),미술, ,N,N,경기도 수원시 팔달구 권광로 373, 월드메르디앙아파트 주상가동 303호 (우만동),442754,031-215-0553,20231018
J10,경기도교육청,수원시,교습소,3000068637,파장초뮤엠영어교습소,20240418,20240418,개원,        ,        ,0,6,입시.검정 및 보습,보통교과,초등 화이트,보습,"초등 화이트:200000, 초등 옐로우:220000, 초등 핑크:220000, 초등 그린:240000, 초등 레드:260000, 초등 블랙:260000, 초등 잌스:280000, 중등:280000, 초등 y-system:30000, 초등 블루:240000",Y, ,경기도 수원시 장안구 장안로 271,"203호(정자동, 북수원자이렉스비아 상가3동)",16336,,20260308
J10,경기도교육청,수원시,교습소,3000044162,퍼펙트코딩교습소,20200508,20200508,개원,        ,99991231,5,5,정보,정보,,정보교과, ,Y,N,경기도 수원시 권선구 동수원로177번길 40,", 220호 (권선동, 수원아이파크시티8단지 상가동)",16663,,20250727
J10,경기도교육청,수원시,교습소,17035,포도나무피아노교습소,20050415,20050415,개원,        ,99991231,4,4,예능(대),예능(중),음악일반 피아노(초),음악, ,Y,N,경기도 수원시 권선구 구운로64번길 25-1,", 1층 일부 (구운동 485-3)",16407,,20231018
J10,경기도교육청,수원시,교습소,3000074700,포레나수학교습소,20250630,20250630,개원,        ,        ,0,6,입시.검정 및 보습,,,, ,Y, ,경기도 수원시 장안구 경수대로 1110-39,", 203호(파장동,포레나 북수원 근린생활시설)",16206,,20250706
J10,경기도교육청,수원시,교습소,3000068024,포제이스미술교습소,20240229,20240229,개원,        ,        ,0,4,예능(대),,,, ,Y, ,경기도 수원시 영통구 인계로 219,", 108호(매탄동,삼성1차아파트 상가동)",16537,,20240505
J10,경기도교육청,수원시,교습소,3000076271,폴링앤튜링미래영재과학교습소,20251029,20251029,개원,        ,        ,0,7,입시.검정 및 보습,,,, ,Y, ,경기도 수원시 영통구 월드컵로150번길 20,", 203호(원천동, 아주프라자)",16500,,20251102
J10,경기도교육청,수원시,교습소,3000039720,푸르넷매탄수학교습소,20190227,20190227,개원,        ,99991231,54,9,입시.검정 및 보습,보통교과,초등수학,보습,"초등수학:125000, 중등수학:240000, 초등수학(단과):125000, 중등수학:240000, 초등수학특강:60000, 중등수학특강:80000",Y,N,경기도 수원시 영통구 매영로 85,", 2층 205호 전체 (매탄동, 성일코아빌딩)",16527,,20240804
J10,경기도교육청,수원시,교습소,3000034185,푸르넷정쌤수학교습소,20170911,20170911,개원,        ,99991231,36,9,입시.검정 및 보습,보통교과,,보습, ,Y,N,경기도 수원시 권선구 금곡로102번길 15,", 524호 (금곡동)",16388,,20250706
J10,경기도교육청,수원시,교습소,15611,풀노리아트미술교습소,20050304,20050304,개원,        ,99991231,63,9,예능(대),예능(중),미술일반(매일반),미술, ,Y,N,경기도 수원시 장안구 만석로20번길 28, 청솔마을 한라아파트 상가동 207호 (정자동),440734,031-268-3709,20231018
J10,경기도교육청,수원시,교습소,3000077429,프라임원수학교습소,20260210,20260210,개원,        ,        ,0,8,입시.검정 및 보습,,,, ,Y, ,경기도 수원시 영통구 영통로 519,", 2층 일부(203호, 영통동)",16706,,20260215
J10,경기도교육청,수원시,교습소,3000054305,프랜시스실용영어교습소,20230222,20230222,개원,        ,99991231,6,6,국제화,외국어,,실용외국어(유아/초·중·고), ,Y,N,경기도 수원시 영통구 청명북로 33,", 103호 (영통동, 청명마을삼성아파트 상가동)",16709,,20251019
J10,경기도교육청,수원시,교습소,3000010588,프롬피아노음악교습소,20110324,20110324,개원,        ,99991231,131,5,예능(대),예능(중),피아노초급 바이엘 주5,음악,"피아노초급 바이엘 주5:170000, 피아노 중급 체르니 주5:180000, 피아노 초급 바이엘 주3:160000, 피아노 중급 체르니 주3:170000, 우쿨렐레 주2(초급):60000, 피아노 전과정(주4):180000, 피아노 전과정(주3):160000, 피아노 전과정(주2):140000, 우쿠렐레(주2):60000, 우쿠렐레(주1):40000",Y,N,경기도 수원시 팔달구 수성로244번길 25, 화서위브하늘채 201동 207호 (화서동),442150,031-242-2567,20260201
J10,경기도교육청,수원시,교습소,3000051111,프리마뮤직음악교습소,20220517,20220517,개원,        ,99991231,20,5,예능(대),예능(중),,음악, ,Y,N,경기도 수원시 영통구 광교호수공원로 20,", 근린생활시설동-2동, 150호(101동) (원천동, 더샵 광교레이크시티)",16515,,20231018
J10,경기도교육청,수원시,교습소,3000074110,프리어(Freer)영어교습소,20250423,20250423,개원,        ,        ,0,4,입시.검정 및 보습,,,, ,Y, ,경기도 수원시 영통구 영통로 232,", 204-2호(영통동, 두산.우성.한신아파트 상가2동)",16698,,20260201
J10,경기도교육청,수원시,교습소,3000074752,프린스턴정석영어교습소,20250703,20250703,개원,        ,        ,0,9,입시.검정 및 보습,,,, ,Y, ,경기도 수원시 권선구 경수대로 202,", 2층 59호(권선동, 수원아이파크시티12단지)",16662,,20250706
J10,경기도교육청,수원시,교습소,3000081599,프린키피아마테마티카수학교습소,20260403,20260403,개원,        ,        ,0,9,입시.검정 및 보습,,,, ,Y, ,경기도 수원시 팔달구 세지로198번길 18-10,101호(인계동),16476,,20260412
J10,경기도교육청,수원시,교습소,3000025226,플라워미술교습소,20150406,20150406,개원,        ,99991231,18,9,예능(대),예능(중),,미술, ,Y,N,경기도 수원시 권선구 매송고색로 671,", 2층 일부 (고색동)",16625,,20231018
J10,경기도교육청,수원시,교습소,3000047213,플랜비수학교습소,20210608,20210608,개원,        ,99991231,261,9,입시.검정 및 보습,보통교과,초등단과(수학),보습,"초등단과(수학):220000, 중등단과(수학):295000, 중등단과(수학):315000, 중등단과(수학):385000, 고등단과(수학):370000, 고등단과(수학):460000, 초등단과(수학):235000, 중등단과(수학):315000, 중등단과(수학):385000, 중등단과(수학):430000, 고등단과(수학):400000, 고등단과(수학):430000, 고등단과(수학):480000, 고등단과(수학):580000, 고등단과(수학):700000, 초등단과(수학):260000, 중등단과(수학):315000, 중등단과(수학):340000, 중등단과(수학):385000, 중등단과(수학):430000, 중등단과(수학):550000, 중등단과(수학):585000, 고등단과(수학):400000, 고등단과(수학):430000, 고등단과(수학):460000, 고등단과(수학):485000, 고등단과(수학):580000, 고등단과(수학):685000, 고등단과(수학):720000",Y,N,경기도 수원시 영통구 에듀타운로 102,", 614호 (이의동, 광교중앙역 SK VIEW)",16509,010-2950-0237,20231018
J10,경기도교육청,수원시,교습소,3000046445,플러스수학교습소,20210316,20210316,개원,        ,99991231,16,8,입시.검정 및 보습,보통교과,,보습, ,Y,N,경기도 수원시 장안구 화산로233번길 10,", 403호 (율전동)",16360,,20231018
J10,경기도교육청,수원시,교습소,3000035769,플레이기타음악교습소,20180202,20180202,개원,        ,99991231,36,9,예능(대),예능(중),,음악, ,Y,N,경기도 수원시 권선구 서부로 1534,", 상가동 206호 (고색동, 대한아파트)",16650,,20231018
J10,경기도교육청,수원시,교습소,3000049602,플레이팩토매탄위브창의수학교습소,20220112,20220112,개원,        ,99991231,16,4,기타(대),기타(중),초등수학A,기타(소),"초등수학A:115000, 초등수학B:80000, 초등수학C:180000, 초등수학D:190000",Y,N,경기도 수원시 영통구 효원로 363,", 204-1호 (매탄동, 매탄 위브 하늘채 303 상가B)",16543,null,20260405
J10,경기도교육청,수원시,교습소,3000069118,플레이팩토사고력수학놀이터창의수학교습소,20240610,20240610,개원,        ,        ,0,9,기타(대),,,, ,Y, ,경기도 수원시 영통구 광교호수공원로 20,", 131호(원천동,더샵 광교레이크시티 근린생활시설동-1동)",16515,,20240616
J10,경기도교육청,수원시,교습소,3000075035,플레이팩토영통푸르지오점창의수학교습소,20250804,20250804,개원,        ,        ,0,7,기타(대),,,, ,Y, ,경기도 수원시 영통구 태장로36번길 36,", 206호(망포동,영통푸르지오파인베르 근린생활시설)",16686,,20250810
J10,경기도교육청,수원시,교습소,3000073286,플레이팩토일월창의수학교습소,20250131,20250131,개원,        ,        ,0,0,기타(대),기타(중),창의수학,기타(중),창의수학:166410,Y, ,경기도 수원시 권선구 일월천로16번길 39,"205-1호(구운동, 코오롱하늘채아파트 상가동)",16413,,20250209
J10,경기도교육청,수원시,교습소,3000062012,플레이팩토창의수학교습소,20230913,20230913,개원,        ,        ,0,6,기타(대),,,, ,N, ,경기도 수원시 팔달구 매산로 102,"714호(교동, 매산타워)",16464,,20231018
J10,경기도교육청,수원시,교습소,3000071755,플레이팩토천천창의수학교습소,20240829,20240829,개원,        ,        ,0,9,기타(대),기타(중),초등창의수학 주1회,기타(소),"초등창의수학 주1회:100000, 초등창의수학 주2회:190000",Y, ,경기도 수원시 장안구 화산로 87,"308호(천천동, 천천 푸르지오 근린생활시설-1)",16420,,20260405
J10,경기도교육청,수원시,교습소,15673,피아노놀이터음악교습소,20050204,20050204,개원,        ,99991231,146,4,예능(대),예능(중),,음악,"음악일반(초급):100000, 음악일반(중급체르니100):110000, 음악일반(중급피아노):120000, 음악일반(고급):150000, 음악일반(피아노+악기):160000, 피아노(초금):120000, 피아노(중급):130000, 피아노(고급):140000, 플릇:150000, 바이올린:150000, 피아노기초(바이엘):130000, 피아노중급(체르니100):140000, 피아노중급(체르니30):150000, 피아노고급(체르니40):160000, 플룻:160000, 바이올린:160000, 피아노기초 (바이엘):130000",Y,N,경기도 수원시 장안구 정자로41번길 12, 비단마을 신명아파트 상가동 211호 212호 (천천동),440732,031-268-0370,20250420
J10,경기도교육청,수원시,교습소,3000042096,피아노랑음악교습소,20191021,20191021,개원,        ,99991231,61,7,예능(대),예능(중),고급A - 1,음악,"고급A - 1:120000, 고급A - 2:140000, 고급A - 3:160000, 고급A - 4:180000, 고급B - 1:130000, 고급B - 2:150000, 고급B - 3:170000, 고급B - 4:190000, 고급C- 1:140000, 고급C - 2:160000, 고급C - 3:180000, 고급C - 4:200000",Y,N,경기도 수원시 권선구 동수원로177번길 90,", 139호 (권선동, 수원아이파크시티9단지 상가)",16663,,20260426
J10,경기도교육청,수원시,교습소,27335,피아노베이직피아노교습소,20070703,20070703,개원,        ,99991231,20,4,예능(대),예능(중),피아노초급,음악, ,Y,N,경기도 수원시 장안구 경수대로976번길 16,", 302호(조원동, 수원한일타운주상가)",16294,031-252-7001,20250720
J10,경기도교육청,수원시,교습소,3000039329,피아노블음악교습소,20190118,20190118,개원,        ,99991231,61,5,예능(대),예능(중),음악일반,음악,"음악일반:150000, 음악입시:160000, 음악입시:500000",Y,N,경기도 수원시 장안구 경수대로994번길 49,", 1층 107호 (송죽동, 현광프라자)",16298,,20231018
J10,경기도교육청,수원시,교습소,3000030465,피아노울림음악교습소,20161013,20161013,개원,        ,99991231,93,9,예능(대),예능(중),피아노,음악, ,Y,N,경기도 수원시 권선구 세권로316번길 49,", 현대아파트 상가동 202호 (권선동)",16552,031-225-0205,20231018
J10,경기도교육청,수원시,교습소,42132,피아노의숲음악교습소,20100816,20100816,개원,        ,99991231,10,5,예능(대),예능(중),피아노 초급1,음악,"피아노 초급1:160000, 피아노 초급2:180000, 피아노 중급:190000, 피아노 입시:240000, 피아노입시2:320000, 음악일반(피아노초급):110000, 음악일반(피아노중급):120000",Y,N,경기도 수원시 권선구 망포로 13,"203호(곡반정동,수원 하늘채 더퍼스트 1단지)",16668,031-215-3773,20240707
J10,경기도교육청,수원시,교습소,3000022733,피아노이야기호매실음악교습소,20140905,20140905,개원,        ,99991231,9,7,예능(대),예능(중),피아노,음악,피아노:120000,Y,N,경기도 수원시 권선구 호매실로165번길 30,", 103호 (호매실동, 수원호매실휴먼시아16단지아파트 상가동)",441884,031-293-7716,20231018
J10,경기도교육청,수원시,교습소,3000030806,피아노치는고양이음악교습소,20161117,20161117,개원,        ,99991231,24,6,예능(대),예능(중),주5회반A,음악,"주5회반A:140000, 주3회반A:130000, 주5회반B:150000, 주3회반B:140000, 주3회반C:160000",Y,N,경기도 수원시 영통구 태장로 81,", 607호 (망포동, 망포동 e-타운ll)",16688,031-206-1740,20231210
J10,경기도교육청,수원시,교습소,3000035743,피아노포레스튜디오음악교습소,20180130,20180130,개원,        ,99991231,8,4,예능(대),예능(중),피아노,음악, ,Y,N,경기도 수원시 장안구 화산로125번길 9,", 107호 108호 (천천동, 천천 푸르지오)",16420,,20231018
J10,경기도교육청,수원시,교습소,3000046865,피아노포르테음악교습소,20210503,20210503,개원,        ,99991231,0,0,예능(대),예능(중),,음악, ,Y,N,경기도 수원시 권선구 호매실로218번길 22,", 103호 (호매실동, 호매실마을 14단지 벨섬시티 상가2동)",16402,,20251012
J10,경기도교육청,수원시,교습소,42656,피치영어교습소,20101007,20101007,개원,        ,99991231,9,9,입시.검정 및 보습,보통교과,초등단과(영어),보습,초등단과(영어):150000,Y,N,경기도 수원시 영통구 동탄원천로 1035,", 203호 (매탄동 1217-7, 매탄3차삼성아파트상가동)",16542,,20231018
J10,경기도교육청,수원시,교습소,3000077266,피카소미술이야기미술교습소,20260126,20260126,개원,        ,        ,0,9,예능(대),,,, ,Y, ,경기도 수원시 권선구 경수대로 202,", 79호(권선동, 수원아이파크시티12단지)",16662,,20260208
J10,경기도교육청,수원시,교습소,3000051638,피크닉아트미술교습소,20220707,20220707,개원,        ,99991231,18,9,예능(대),예능(중),,미술, ,Y,N,경기도 수원시 장안구 만석로19번길 41-9,", 601호 (천천동, 롯데프라자)",16329,,20231018
J10,경기도교육청,수원시,교습소,3000054255,핀잉글리시영어교습소,20230217,20230217,개원,        ,99991231,28,7,입시.검정 및 보습,보통교과,,보습, ,N,N,경기도 수원시 영통구 에듀타운로 35,", 상가2동 103 (이의동, 자연앤자이)",16509,,20231018
J10,경기도교육청,수원시,교습소,3000057829,필미에르필아트미술교습소,20230720,20230721,개원,        ,        ,0,8,예능(대),,미술유치부,,"미술유치부:120000, 미술초등부:140000",Y, ,경기도 수원시 영통구 광교호수공원로 20,", 135호(원천동, 더샵 광교레이크시티 근린생활시설동-1동)(원천동)",16515,,20250727
J10,경기도교육청,수원시,교습소,39344,필아트미술교습소,20091228,20091228,개원,        ,99991231,66,9,예능(대),예능(중),미술1,미술,"미술1:65000, 미술2:130000, 미술3:170000, 미술4:65000, 미술5:125000, 미술6:165000, 특강미술1:75000, 특강미술2:145000",Y,N,경기도 수원시 장안구 경수대로976번길 42, 플러스빌딩 3층 (송죽동),440800,031-245-7737,20240303
J10,경기도교육청,수원시,교습소,3000076096,필업영어교습소,20251013,20251013,개원,        ,        ,0,5,입시.검정 및 보습,,,, ,Y, ,경기도 수원시 권선구 덕영대로1217번길 31,", 1층 일부(권선동)",16584,,20251019
J10,경기도교육청,수원시,교습소,3000032643,핑거비뮤직음악교습소,20210603,20170410,개원,        ,99991231,84,6,예능(대),예능(중),음악일반(피아노초급),음악,"음악일반(피아노초급):130000, 음악일반(피아노중급):140000, 음악일반(피아노고급):150000, 음악일반(우쿨렐레):50000, 음악일반(플룻):50000, 피아노초급:120000, 피아노중급:130000, 피아노고급:140000, 피아노상급:150000, 우쿨렐레플루트:50000, 피아노초급:140000, 피아노중급:150000, 피아노고급:160000, 피아노입시:300000",Y,N,경기도 수원시 권선구 곡선로 10,", 106호 (권선동 1355, 수원아이파크시티5단지상가)",16666,null,20240331
J10,경기도교육청,수원시,교습소,3000033004,하나영어교습소,20170519,20170519,개원,        ,99991231,48,24,입시.검정 및 보습,보통교과,초등단과(영어),보습,"초등단과(영어):180000, 중등단과(영어):220000, 고등단과(영어):400000, 초등단과:180000, 중등단과:280000, 고등단과:450000",Y,N,경기도 수원시 영통구 매영로310번길 46,", 306호(소망문화센터) (영통동)",16697,031-203-0577,20231018
J10,경기도교육청,수원시,교습소,3000024735,하늘소리피아노음악교습소,20150324,20150324,개원,        ,99991231,22,5,예능(대),예능(중),바이엘,예능(중),"바이엘:140000, 체르니100:150000, 체르니30,40:160000, 드럼1:50000, 드럼2:80000, 피아노기초:100000, 체르니:120000, 피아노:120000",Y,N,경기도 수원시 권선구 상탑로39번길 41,", 3층 (탑동)",441440,031-294-5002,20250706
J10,경기도교육청,수원시,교습소,3000025163,하늘음악교습소,20150209,20150209,개원,        ,99991231,25,9,예능(대),예능(중),,음악, ,Y,N,경기도 수원시 팔달구 중부대로 184-24,", 4층 전체 (인계동)",442828,,20231018
J10,경기도교육청,수원시,교습소,3000062062,하늘피아노새음악교습소,20230915,20230918,개원,        ,        ,0,7,예능(대),예능(중),,음악,"바이엘:140000, 체르니100:150000, 체르니30:160000, 체르니40:170000, 재즈피아노:280000, 작품반:170000, 반주법:170000, 성인반:190000",Y, ,경기도 수원시 권선구 덕영대로1190번길 100,"718동 상가 108호(권선동,수원아이파크시티7단지)",16662,,20250907
J10,경기도교육청,수원시,교습소,3000011094,하랑피아노음악교습소,20110513,20110513,개원,        ,99991231,60,5,예능(대),예능(중),음악일반 피아노초급,음악,"음악일반 피아노초급:90000, 음악일반 피아노중급:95000, 음악일반 피아노고급:100000, 피아노(기초):120000, 피아노(초급):130000, 피아노(중급):140000, 피아노(고급):150000, 플루트(초급):120000, 플루트(중급):130000, 플루트(고급):140000, 바이엘(초급):140000, 체르니100(초급):150000, 체르니30(중급):160000, 체르니40(중급):170000",Y,N,경기도 수원시 영통구 봉영로1744번길 16,  상가동 202호 (영통동),443470,031-202-2027,20231018
J10,경기도교육청,수원시,교습소,3000075087,하루보컬스튜디오음악교습소,20250807,20250807,개원,        ,        ,0,3,예능(대),예능(중),실용음악(초급반),음악,"실용음악(초급반):160000, 실용음악(중급반):250000, 실용음악(고급반):300000",Y, ,경기도 수원시 영통구 대학로 48,", 102호(이의동, 광교에코푸르지오시티 A동)",16226,,20251026
J10,경기도교육청,수원시,교습소,3000069117,하루캘리서예교습소,20240610,20240610,개원,        ,        ,0,9,기타(대),,,, ,Y, ,경기도 수원시 팔달구 세지로198번길 1,", 2층 일부(인계동)",16476,010-7466-1114,20250330
J10,경기도교육청,수원시,교습소,3000020564,하모니음악교습소,20140122,20140122,개원,        ,99991231,48,8,입시.검정 및 보습,보통교과,,보습, ,Y,N,경기도 수원시 권선구 매탄로 25,", 삼천리권선2차아파트상가동201,202호 (권선동,삼천리권선2차아파트)",441717,,20231018
J10,경기도교육청,수원시,교습소,3000073840,하모니크피아노스튜디오음악교습소,20250325,20250325,개원,        ,        ,0,7,예능(대),예능(중),실용피아노+이론1,음악,"실용피아노+이론1:140000, 실용피아노+이론2:210000, 실용피아노+작곡+이론:280000, 입시실용음악1:325000, 입시실용음악2:650000",Y, ,경기도 수원시 영통구 센트럴타운로 107,", 1-113호(이의동,광교푸르지오 월드마크 204동)",16507,,20250406
J10,경기도교육청,수원시,교습소,3000021583,하모니하우스기타교습소,20140509,20140509,개원,        ,99991231,0,0,예능(대),보통교과,,보습, ,N,N,경기도 수원시 영통구 덕영대로1673번길 32,", 1층 (영통동)",443814,,20251019
J10,경기도교육청,수원시,교습소,3000068098,하쌤수학교습소,20240306,20240306,개원,        ,        ,0,4,입시.검정 및 보습,,,, ,Y, ,경기도 수원시 권선구 삼천병마로1566번길 11,403호(오목천동),16636,,20240324
J10,경기도교육청,수원시,교습소,38515,하얀도화지미술교습소,20091022,20091022,개원,        ,99991231,7,7,예능(대),예능(중),미술(주5회*60분),미술, ,Y,N,경기도 수원시 장안구 장안로 29,", 20 (영화동)",440822,031-256-3495,20231018
J10,경기도교육청,수원시,교습소,2577,하얀풍경미술교습소,20020909,20020909,개원,        ,99991231,27,9,예능(대),예능(중),초등입시미술,미술,"초등입시미술:85000, 초등미술:105000",Y,N,경기도 수원시 권선구 덕영대로1217번길 31,  2층 (권선동),441831,031-233-3394,20231231
J10,경기도교육청,수원시,교습소,3000026937,하연과학교습소,20151125,20151125,개원,        ,99991231,24,6,입시.검정 및 보습,보통교과,과학초등,보습,"과학초등:38000, 초등과학:55500, 중등과학:97000, 고등과학:100000",Y,N,경기도 수원시 영통구 봉영로1517번길 20,", 212호 (영통동, 극동.풍림아파트)",16699,,20231018
J10,경기도교육청,수원시,교습소,3000044251,하음음악교습소,20200525,20150918,개원,        ,99991231,80,8,예능(대),예능(중),,음악,"피아노:120000, 피아노바이엘:130000, 체르니60:140000, 체르니30:150000, 체르니40:160000, 바이엘:140000, 체르니100:150000, 체르니30:160000, 체르니40:170000, 입시전문:180000",Y,N,경기도 수원시 권선구 동수원로145번길 73,", 113호 (권선동, 수원아이파크시티3단지)",16664,,20240505
J10,경기도교육청,수원시,교습소,3000054248,하이매쓰수학교습소,20230217,20230217,개원,        ,99991231,45,5,입시.검정 및 보습,보통교과,,보습, ,Y,N,경기도 수원시 권선구 금호로15번길 15,", 205호 (금곡동, 신미주아파트 상가동)",16398,,20231018
J10,경기도교육청,수원시,교습소,3000054883,하이실용음악교습소,20230405,20230405,개원,        ,99991231,65,9,예능(대),예능(중),,음악, ,Y,N,경기도 수원시 팔달구 고등로 15,", 42호 (고등동, 수원역푸르지오자이 근린생활시설 3동)",16452,,20231018
J10,경기도교육청,수원시,교습소,3000068049,하이탑영어교실영어교습소,20240305,20240305,개원,        ,        ,0,6,입시.검정 및 보습,,,, ,Y, ,경기도 수원시 영통구 동탄지성로488번길 22,"상가동 102호(망포동,망포마을 벽산 이빌리지 상가)",16686,,20240310
J10,경기도교육청,수원시,교습소,3000052091,한국엔피디영어교습소,20220812,20220812,개원,        ,99991231,18,9,입시.검정 및 보습,보통교과,,보습, ,Y,N,경기도 수원시 장안구 화산로187번길 1,", 7층 일부 (율전동, 래미안상가 704호)",16418,,20231018
J10,경기도교육청,수원시,교습소,3000077100,한길보컬교습소,20260112,20260112,개원,        ,        ,0,2,예능(대),예능(중),보컬 4회,음악,"보컬 4회:200000, 보컬 5주 주2회:400000, 보컬 10주 주1회:400000",Y, ,경기도 수원시 권선구 효원로 90,(세류동) 102호,16459,,20260201
J10,경기도교육청,수원시,교습소,41551,한마음음악교습소,20100609,20100609,개원,20170125,20170131,50,9,예능(대),예능(중),음악일반(피아노기초),음악, ,N,N,경기도 수원시 장안구 덕영대로417번길 99,", 201호 (율전동 143-3)",440824,031-8002-1130,20231018
J10,경기도교육청,수원시,교습소,3000032560,한세미술교습소,20170324,20170324,개원,        ,99991231,7,7,예능(대),보통교과,,보습, ,Y,N,경기도 수원시 팔달구 동말로67번길 26,", 1층 일부 (화서동)",16439,031-255-7843,20251019
J10,경기도교육청,수원시,교습소,3000051663,한솔플러스금곡점영어교습소,20220708,20220708,개원,        ,99991231,30,6,입시.검정 및 보습,보통교과,고1영어,보습,"고1영어:300000, 고2영어:320000, 고3영어:340000, 초 1~3학년 영어:160000, 초 4~6학년 영어:200000, 중등부 영어:250000",Y,N,경기도 수원시 권선구 금곡로73번길 71,", 315호 (금곡동, 금곡엘지아파트)",16382,null,20250202
J10,경기도교육청,수원시,교습소,26844,한쌤수학교습소,20070517,20070517,개원,        ,99991231,33,9,입시.검정 및 보습,보통교과,초등 수학,보습,"초등 수학:150000, 중등 수학:210000, 고등 수학:300000",Y,N,경기도 수원시 권선구 경수대로302번길 32,", 202호 (권선동 1188-1, 성지아파트상가동)",16585,031-224-1150,20231030
J10,경기도교육청,수원시,교습소,3000076464,한쌤수학교실수학교습소,20251118,20251118,개원,        ,        ,0,9,입시.검정 및 보습,,,, ,Y, ,경기도 수원시 장안구 대평로51번길 22,", 203호(정자동,꽃뫼노을마을신안아파트상가동)",16319,,20251123
J10,경기도교육청,수원시,교습소,3000052706,한양보습국어교습소 ,20221019,20221019,개원,        ,99991231,0,0,입시.검정 및 보습,보통교과,,보습, ,Y,N,경기도 수원시 팔달구 정조로 802,", 3층 일부  (팔달로1가)",16257,,20231203
J10,경기도교육청,수원시,교습소,3000069180,한예종기타교습소,20240614,20240614,개원,        ,        ,0,9,예능(대),,,, ,Y, ,경기도 수원시 장안구 금당로 32,",5층 전체(조원동, 광교에비뉴 주건축물제1동)",16282,,20240623
J10,경기도교육청,수원시,교습소,3000023297,한우리독서논술교습소,20141107,20141107,개원,        ,99991231,54,9,입시.검정 및 보습,보통교과,,보습,"초등논술:120000, 중등논술:130000, 고등논술:200000, 초등논술:130000, 초등논술심화:130000, 중등논술:180000",Y,N,경기도 수원시 영통구 영통로154번길 98,", 3층 (망포동)",443400,,20260201
J10,경기도교육청,수원시,교습소,3000076912,한우리독서토론논술광교에듀타운논술교습소,20251226,20251226,개원,        ,        ,0,0,입시.검정 및 보습,,,, ,Y, ,경기도 수원시 영통구 에듀타운로 35,"104호(이의동,자연앤자이)",16509,,20260201
J10,경기도교육청,수원시,교습소,3000053805,한우리독서토론논술매탄위브독서논술교습소,20230112,20230112,개원,        ,99991231,14,7,입시.검정 및 보습,보통교과,,보습, ,N,N,경기도 수원시 영통구 효원로 363,", 302상가A, 208-1 (매탄동, 매탄 위브 하늘채)",16543,,20231018
J10,경기도교육청,수원시,교습소,3000076285,한우리독서토론망포푸르지오논술교습소,20251030,20251030,개원,        ,        ,0,9,입시.검정 및 보습,,,, ,Y, ,경기도 수원시 영통구 태장로36번길 8,", 103호(망포동,영통푸르지오트레센츠)",16686,,20251123
J10,경기도교육청,수원시,교습소,3000081600,한우리수원권선고색태산독서논술교습소,20260402,20260402,개원,        ,        ,0,9,입시.검정 및 보습,보통교과,독서논술(정규반),보습·논술,"독서논술(정규반):130000, 독서논술(심화반):150000, 독서논술:170000",Y, ,경기도 수원시 권선구 매송고색로691번길 9,"상가동 202호(고색동,고색2차태산아파트)",16625,,20260412
J10,경기도교육청,수원시,교습소,3000081618,한우리수원권선당수인정프린스독서논술교습소,20260406,20260406,개원,        ,        ,0,8,입시.검정 및 보습,,,, ,Y, ,경기도 수원시 권선구 당진로15번길 53,"202호 (0당수동,인정프린스아파트상가)",16378,,20260412
J10,경기도교육청,수원시,교습소,3000073040,한우리아이파크시티독서논술교습소,20250106,20250106,개원,        ,        ,0,0,입시.검정 및 보습,,,, ,Y, ,경기도 수원시 권선구 동수원로177번길 40,"상가205호 (권선동,수원아이파크시티8단지)",16663,,20260201
J10,경기도교육청,수원시,교습소,3000044844,함께하는플레이팩토수학교습소,20200824,20200824,개원,        ,99991231,40,8,입시.검정 및 보습,보통교과,초등단가 수학1,보습,"초등단가 수학1:80000, 초등단가 수학2:120000, 수학1:90000, 초등수학1:35000, 초등수학1:55000, 초등수학1:75000, 초등수학1:95000",Y,N,경기도 수원시 장안구 이목로 24,", 601동 2층 211호 (정자동, 수원 SK SKY VIEW)",16336,,20241103
J10,경기도교육청,수원시,교습소,3000061968,해나피아노음악교습소,20230908,20230908,개원,        ,        ,0,9,예능(대),예능(중),,음악,"초등음악A:130000, 초등음악B:150000, 초등음악C:170000",Y, ,경기도 수원시 영통구 도청로 65,", 101호(이의동,자연앤 힐스테이트)",16509,,20260405
J10,경기도교육청,수원시,교습소,3000047734,해리정독영어교습소,20210730,20210730,개원,        ,99991231,24,6,입시.검정 및 보습,보통교과,,보습, ,Y,N,경기도 수원시 영통구 광교호수공원로 277,", 1F-058호 (원천동, 광교중흥에스클래스)",16517,,20231018
J10,경기도교육청,수원시,교습소,43439,해법과학교실영통이단지교습소,20101201,20101201,개원,        ,99991231,10,5,입시.검정 및 보습,보통교과,초등단과 과학,보습, ,Y,N,경기도 수원시 영통구 봉영로1770번길 21,  한국신명아파트 상가동 2층 225호 (영통동),443470,031-206-0762,20231018
J10,경기도교육청,수원시,교습소,3000012994,해법과학신나무점교습소,20111107,20111107,개원,        ,99991231,2,2,입시.검정 및 보습,보통교과,초등단과 과학,보습,초등단과 과학:40000,Y,N,경기도 수원시 영통구 매영로310번길 46,  3층 305호 (영통동),443470,,20231018
J10,경기도교육청,수원시,교습소,38585,해법독서논술교실교습소,20091120,20091120,개원,        ,99991231,8,3,입시.검정 및 보습,보통교과,초등단과 논술,보습, ,Y,N,경기도 수원시 장안구 상률로 32,", 201호 (율전동, 밤꽃마을뜨란채 상가동)",16354,070-8243-9694,20231018
J10,경기도교육청,수원시,교습소,39662,해법수학구운교습소,20100202,20100202,개원,        ,99991231,19,7,입시.검정 및 보습,보통교과,초등단과(수학),보습,"초등단과(수학):110000, 중등단과(수학):150000, 고등단과(수학):300000",Y,N,경기도 수원시 권선구 여기산로 19, 선경아파트 상가 203호 (구운동),441731,031-278-1965,20231018
J10,경기도교육청,수원시,교습소,3000013768,해법수학블루밍교습소,20120106,20120106,개원,        ,99991231,40,9,입시.검정 및 보습,보통교과,초등수학A,보습,"초등수학A:100000, 초등수학B:200000, 초등수학C:150000, 초등수학D:225000, 초등수학E:300000, 중등수학A:246000, 중등수학B:300000, 중등수학C:328000, 중등수학D:437000, 고등수학A:348000, 고등수학B:464000, 중등수학E:100000, 고등수학C:100000, 초등수학F:150000, 초등수학G:200000, 고등수학:406350, 고등수학1:108000",Y,N,경기도 수원시 팔달구 화양로50번길 30,", 상가2동 201호, 202호 (화서동, 블루밍 푸른숲 아파트)",16438,,20240303
J10,경기도교육청,수원시,교습소,41540,해법수학영통삼단지점교습소,20100614,20100614,개원,        ,99991231,9,6,입시.검정 및 보습,보통교과,중등수학,보습,"중등수학:320000, 고등수학:430000, 초등수학:250000",Y,N,경기도 수원시 영통구 영통로 460,", 205호 일부 우측 (영통동 956-2, 대우.동신아파트 상가동)",16707,031-206-6878,20251019
J10,경기도교육청,수원시,교습소,3000024175,해법수학와이비교습소,20150202,20150202,개원,        ,99991231,30,5,입시.검정 및 보습,보통교과,초등단과(수학),보습, ,Y,N,경기도 수원시 장안구 천천로74번길 35,", 202호 (정자동, 대월마을 주공아파트)",440729,070-8804-3559,20231018
J10,경기도교육청,수원시,교습소,3000012759,해법수학장안힐스테이트교습소,20111013,20111013,개원,        ,99991231,18,3,입시.검정 및 보습,보통교과,초등단과(수학),보습,"초등단과(수학):200000, 중등단과(수학):270000",Y,N,경기도 수원시 장안구 장안로359번길 20,", 1층 105-1호 (이목동, 수원장안힐스테이트)",16343,031-269-1877,20240929
J10,경기도교육청,수원시,교습소,3000016801,해법영어교실천천신명교습소,20121112,20121112,개원,        ,99991231,104,8,입시.검정 및 보습,보통교과,,보습,"초등단과(영어1):160000, 초등단과(영어2):200000, 중등단과(영어1):190000, 중등단과(영어2):240000, 중등단과(영어3):290000, 초등영어(A):100000, 초등영어(B):160000, 초등영어(C):180000, 초등영어(D):240000, 중등영어(A):220000, 중등영어(B):240000, 중등영어(C):290000, 중등영어(D)):310000",Y,N,경기도 수원시 장안구 정자로41번길 12,", 신명아파트상가동 2층 205호 일부, 206호 전체 (천천동,비단마을 신명아파트)",440732,031-305-3872,20250413
J10,경기도교육청,수원시,교습소,3000020752,해법영어주니어교습소,20140214,20140218,개원,        ,99991231,24,8,입시.검정 및 보습,보통교과,초등단과 영어,보습,"초등단과 영어:129780, 중등단과 영어:264600, 고등단과 영어:302400",N,N,경기도 수원시 장안구 상률로 32,", 207호 (율전동,밤꽃마을뜨란채)",440724,,20231018
J10,경기도교육청,수원시,교습소,29566,해법정자삼환수학교습소,20080117,20080117,개원,        ,99991231,31,6,입시.검정 및 보습,보통교과,초등단과 수학,보습,"초등단과 수학:150000, 중등단과 수학:200000, 초등단과수학:170000",Y,N,경기도 수원시 장안구 천천로22번길 34,", 207호 (정자동, 백설마을 삼환 나우빌 아파트)",16332,031-268-3544,20231018
J10,경기도교육청,수원시,교습소,3000018318,해법중국어권선점교습소,20130425,20130425,개원,        ,99991231,27,9,입시.검정 및 보습,보통교과,초등단과(중국어),보습, ,Y,N,경기도 수원시 권선구 동수원로146번길 136-12,", 1층 102호 전체 (곡반정동)",441400,031-239-1109,20231018
J10,경기도교육청,수원시,교습소,3000024959,해법중국어정자교습소,20150409,20150409,개원,        ,99991231,78,6,국제화,외국어,,실용외국어(유아/초·중·고), ,Y,N,경기도 수원시 장안구 대평로 86,", 506호 (정자동)",440841,null,20250720
J10,경기도교육청,수원시,교습소,3000037225,해법청명영어교습소,20180620,20180620,개원,        ,99991231,0,0,입시.검정 및 보습,보통교과,초등 영어A,보습,"초등 영어A:180000, 초등 영어B:200000, 중등 영어C:250000",Y,N,경기도 수원시 영통구 청명북로 33,", 205호 (영통동, 청명마을삼성아파트상가동)",16709,,20250413
J10,경기도교육청,수원시,교습소,3000027559,해법한일타운영어교습소,20160108,20160108,개원,        ,99991231,14,6,입시.검정 및 보습,보통교과,,보습, ,Y,N,경기도 수원시 장안구 송원로 109-8,", 306호,307호 (조원동)",16294,,20231018
J10,경기도교육청,수원시,교습소,3000049467,해봄수학교습소,20220103,20220103,개원,        ,99991231,0,0,입시.검정 및 보습,보통교과,,보습, ,Y,N,경기도 수원시 권선구 호매실로165번길 71,", 104호 (호매실동, 호매실 금호어울림 에듀포레)",16628,,20250302
J10,경기도교육청,수원시,교습소,3000044081,해온국어교습소,20200422,20200422,개원,        ,99991231,10,5,입시.검정 및 보습,보통교과,,보습, ,Y,N,경기도 수원시 영통구 광교중앙로 170,", 6층 A동 613호 전체 (하동, 광교 효성해링턴 타워)",16514,,20231018
J10,경기도교육청,수원시,교습소,3000034071,해인수학교습소,20170829,20170829,개원,        ,99991231,56,8,입시.검정 및 보습,보통교과,,보습,"초등수학:150000, 중등수학:180000, 초등단과수학:160000, 중등단과수학:200000, 초등(파닉스):210000, 초등 영어:230000, 중등 영어:250000",Y,N,경기도 수원시 권선구 칠보로 138,", 104-2호 (호매실동)",16401,,20250727
J10,경기도교육청,수원시,교습소,3000025004,햇살나무수학교습소,20150414,20150414,개원,        ,99991231,0,0,입시.검정 및 보습,보통교과,,보습, ,Y,N,경기도 수원시 영통구 산남로 83,", 1층 일부 (매탄동)",443801,,20231018
J10,경기도교육청,수원시,교습소,3000074420,행복한11월진학지도교습소,20250529,20250529,개원,        ,        ,0,3,입시.검정 및 보습,,,, ,Y, ,경기도 수원시 영통구 반달로35번길 30,", 340호 일부(영통동, 영통역아이파크)",16705,,20250810
J10,경기도교육청,수원시,교습소,3000047419,행복한논술교습소,20210630,20210630,개원,        ,99991231,18,6,입시.검정 및 보습,보통교과,초등논술,보습·논술,"초등논술:120000, 중등논술:140000, 고등논술:160000",Y,N,경기도 수원시 권선구 금호로 45,", 304호 (금곡동, 삼익1차아파트)",16396,null,20251012
J10,경기도교육청,수원시,교습소,42506,향기있는피아노교습소,20100913,20100913,개원,        ,99991231,38,5,예능(대),예능(중),음악일반 피아노(기초),음악,"음악일반 피아노(기초):110000, 음악일반 피아노(초급):120000, 음악일반 피아노(중급):130000, 음악일반 피아노(고급):140000, 입문과정(피아노):140000, 입문과정(피아노):120000, 중급입시(피아노):160000, 중급입시(피아노):140000, 고급입시(피아노):250000, 피아노A:110000, 피아노A-1:120000, 피아노B:130000, 피아노C:140000, 피아노D:150000",Y,N,상가 103호 ,경기도 수원시 영통구 인계로189번길 119-1,443800,031-217-0402,20231018
J10,경기도교육청,수원시,교습소,3000068477,허그아트스튜디오미술교습소,20240403,20240403,개원,        ,        ,0,7,예능(대),예능(중),초급(미술1),미술,"초급(미술1):160000, 중급(미술2):180000, 중급(미술3):60000",Y, ,경기도 수원시 장안구 화산로 87,", 208호(천천동, 천천 푸르지오 근린생활시설-1)",16420,,20260201
J10,경기도교육청,수원시,교습소,3000073538,현대벽산더오름수학교습소,20250226,20250226,개원,        ,        ,0,0,입시.검정 및 보습,보통교과,수학1,보습,"수학1:190000, 수학2:150000, 수학3:250000",Y, ,경기도 수원시 장안구 정자천로188번길 64,", 206호(정자동,화서역 현대벽산)",16316,,20250427
J10,경기도교육청,수원시,교습소,3000044703,현수학교습소,20200731,20200731,개원,        ,99991231,24,7,입시.검정 및 보습,보통교과,,보습, ,Y,N,경기도 수원시 팔달구 덕영대로697번길 17,", 208-2호 (화서동, 그린프라자)",16435,,20231018
J10,경기도교육청,수원시,교습소,3000054102,혜담국어교습소,20230207,20230207,개원,        ,99991231,16,9,입시.검정 및 보습,보통교과,초등국어,보습,"초등국어:160000, 중등국어:190000, 고등국어:280000",Y,N,경기도 수원시 권선구 곡반정로 160,", 508호 (곡반정동, 라퍼스트)",16668,,20260308
J10,경기도교육청,수원시,교습소,3000069602,혜담수학교습소,20240729,20240729,개원,        ,        ,0,9,입시.검정 및 보습,보통교과,초등수학1,보습,"초등수학1:160000, 초등수학2:59000, 초등수학3:200000, 초등수학4:290000, 중등수학:200000, 초등수학5:140000, 초등수학6:220000",Y, ,경기도 수원시 영통구 센트럴파크로 100,", 205호(이의동,광교 센트럴타운 오드카운티 상가동)",16504,,20241222
J10,경기도교육청,수원시,교습소,25117,혜성음악교습소,20061222,20061222,개원,        ,99991231,4,4,예능(대),예능(중),피아노(초급),음악, ,Y,N,경기도 수원시 권선구 매송고색로691번길 9,  상가 2층 (고색동),441812,031-295-4156,20231018
J10,경기도교육청,수원시,교습소,3000077939,혜안수학교습소,20260330,20260330,개원,        ,        ,0,9,입시.검정 및 보습,,,, ,Y, ,경기도 수원시 권선구 서수원로 437,"301호 (호매실동, 메종프라자)",16402,,20260405
J10,경기도교육청,수원시,교습소,3000038536,혜훈베스틴피아노교습소,20181107,20181107,개원,        ,99991231,20,5,예능(대),예능(중),,음악, ,Y,N,경기도 수원시 장안구 수성로262번길 84,", 1층 일부 (영화동)",16274,031-243-5974,20231018
J10,경기도교육청,수원시,교습소,3000040283,호매실더올림수학교습소,20190409,20190409,개원,        ,99991231,87,9,입시.검정 및 보습,보통교과,초등수학1,보습,"초등수학1:170000, 초등수학2:180000, 초등수학3:150000, 중학수학1:230000, 중학수학2:250000",Y,N,경기도 수원시 권선구 매곡로 43,", 210호 (금곡동, 호반베르디움 The Central)",16397,,20250413
J10,경기도교육청,수원시,교습소,3000031035,호매실스마트해법수학교습소,20161206,20161206,개원,        ,99991231,97,7,입시.검정 및 보습,보통교과,초등수학,보습,"초등수학:150000, 중등수학:180000, 고등수학:250000, 초등단과(1,2학년):120000, 초등단과(3~6학년):150000, 중등단과-중123:200000, 고등단과-고1:250000, 초등단과수학 1,2학년단과(수학):150000, 초등3~6학년단과(수학):170000, 중등단과(수학):220000",Y,N,경기도 수원시 권선구 매실로 70,", 208호 (호매실동, 호매실GS아파트)",16395,,20231018
J10,경기도교육청,수원시,교습소,3000048009,호매실호반해법영어교습소,20210830,20210830,개원,        ,99991231,28,7,입시.검정 및 보습,보통교과,,보습, ,Y,N,경기도 수원시 권선구 매곡로 43,", 209호 (금곡동, 호반베르디움 The Central)",16397,,20231018
J10,경기도교육청,수원시,교습소,3000046816,호수고래리드인독서논술교습소,20210427,20210427,개원,        ,99991231,97,6,입시.검정 및 보습,보통교과,초등A,보습·논술,"초등A:175000, 초등B:210000, 초등C:240000, 초등D:270000, 초등E:280000, 중등A:180000, 중등B:220000, 중등C:270000, 중등D:290000, 초등논술(저):120000, 초등논술(고):130000, 중등논술1:180000, 초등논술1:85656, 초등논술2:128484, 초등논술3:171312, 초등논술4:214140, 중등논술2:194016, 중등논술3:97008, 중등논술4:145512, 중등논술5:194016, 중등논술6:242520",Y,N,경기도 수원시 영통구 광교호수공원로 277,", 1F 57호 (원천동, 광교중흥에스클래스)",16517,null,20241117
J10,경기도교육청,수원시,교습소,3000064024,호호아트랩미술교습소,20240104,20240104,개원,        ,        ,0,6,예능(대),,,, ,Y, ,경기도 수원시 권선구 호매실로166번길 63,"202호(호매실동,호매실스위첸 상가동)",16629,,20240107
J10,경기도교육청,수원시,교습소,3000076241,홍쌤영재교실창의수학교습소,20251028,20251028,개원,        ,        ,0,9,입시.검정 및 보습,,,, ,Y, ,경기도 수원시 영통구 태장로7번길 49,", 106호(망포동, 영통 플래티넘베이스 씨)",16685,,20251102
J10,경기도교육청,수원시,교습소,3000062436,홍익그림숲영흥숲본점미술교습소,20231027,20231027,개원,        ,        ,0,9,예능(대),,,, ,Y, ,경기도 수원시 영통구 영흥숲길 50,", 110호(원천동,영흥숲푸르지오파크비엔근린생활시설-2)",16523,,20231030
J10,경기도교육청,수원시,교습소,3000076019,홍익아뜰리에미술교습소,20250925,20250925,개원,        ,        ,0,5,예능(대),,,, ,Y, ,경기도 수원시 권선구 경수대로247번길 32,1층 일부(세류동),16657,,20251012
J10,경기도교육청,수원시,교습소,3000050459,홍익아트슐레미술교습소,20220317,20220317,개원,        ,99991231,30,6,예능(대),예능(중),,미술, ,Y,N,경기도 수원시 장안구 정자로144번길 38,", 2층 일부 (정자동, 고경구씨 근생 및 주택)",16339,,20231018
J10,경기도교육청,수원시,교습소,15668,홍익이지미술교습소,20050224,20050224,개원,        ,99991231,9,9,예능(대),예능(중),미술(초등),미술, ,Y,N,경기도 수원시 장안구 경수대로976번길 16,", 307호(조원동, 수원한일타운주상가)",16294,031-241-8548,20250720
J10,경기도교육청,수원시,교습소,3000044183,홍익컬러아트미술교습소,20200512,20200512,개원,        ,99991231,56,7,예능(대),예능(중),미술일반(주3회),미술,"미술일반(주3회):170000, 미술일반(주2회):130000",Y,N,경기도 수원시 영통구 대학로 98,", 2층 203호 전체 (이의동, 광교 호반베르디움 트라엘 8116동)",16224,,20260301
J10,경기도교육청,수원시,교습소,15785,화가영렘브란트미술교습소,20050330,20050330,개원,        ,99991231,20,7,예능(대),예능(중),미술일반,미술,"미술일반:78000, 미술:150000, 미술:110000, 미술:70000",Y,N,경기도 수원시 영통구 태장로82번길 32,", 307호 (망포동 686, 동수원자이1차상가동)",16687,031-273-8994,20231018
J10,경기도교육청,수원시,교습소,3000049795,화서푸르지오점스마트해법영어교습소,20220128,20220128,개원,        ,99991231,40,9,입시.검정 및 보습,,초등영어1,,"초등영어1:230000, 중등영어1:250000, 중등영어2:300000, 초등영어2:230000",Y,N,경기도 수원시 장안구 대평로 27,", 201동 208호 (정자동, 화서역 파크푸르지오)",16318,,20231018
J10,경기도교육청,수원시,교습소,3000025126,화인아트미술교습소,20150430,20150430,개원,        ,99991231,144,9,예능(대),예능(중),고급(입시)C,미술,"고급(입시)C:480000, 고급(입시)D:650000, 초급A:120000, 초급B:160000, 중급A:220000, 중급B:160000, 고급(입시)A:370000, 고급(입시)B:330000",Y,N,경기도 수원시 권선구 금곡로73번길 71,", 306호 (금곡동, 금곡엘지아파트)",441704,031-247-0660,20240303
J10,경기도교육청,수원시,교습소,68322,화홍서예,19850826,19850826,개원,        ,99991231,54,9,기타(대),기타(중),기타 서예(초급),서예,"기타 서예(초급):100000, 기타 서예(중급):120000, 기타 서예(고급):150000, 기타 작품반:300000, 기타 입시반:500000",Y,N,경기도 수원시 팔달구 권광로 373, 월드메르디앙 아파트 주상가동 301호 (우만동),442754,031-245-7477,20231018
J10,경기도교육청,수원시,교습소,3000028123,환수학교습소,20160303,20160303,개원,        ,99991231,0,0,입시.검정 및 보습,보통교과,,보습, ,Y,N,경기도 수원시 팔달구 권광로 373,", 302호 (주상가동) (우만동, 월드메르디앙 아파트)",16493,031-215-4835,20231018
J10,경기도교육청,수원시,교습소,2391,황골기타교습소,20030307,20030307,개원,        ,99991231,14,7,예능(대),예능(중),음악일반 기타 초급,음악, ,N,N,경기도 수원시 영통구 봉영로1770번길 21,  힌국신명A상가동 212호 (영통동),443470,031-205-4511,20231018
J10,경기도교육청,수원시,교습소,3000044354,후플룻교습소,20200610,20200610,개원,        ,99991231,6,6,예능(대),예능(중),,음악, ,Y,N,경기도 수원시 권선구 서수원로577번길 305,", 112호 (금곡동)",16380,,20231018
J10,경기도교육청,수원시,교습소,3000053257,훈수학교습소,20221201,20221201,개원,        ,99991231,63,7,입시.검정 및 보습,보통교과,,보습,"초등A:120000, 초등B:170000, 초등C:190000, 초등D:210000, 초등E:250000, 중등A:190000, 중등B:290000, 고등A:450000, 초등E:80000",Y,N,경기도 수원시 영통구 효원로 363,", 211호 (매탄동, 매탄 위브 하늘채 303 상가B)",16543,,20241222
J10,경기도교육청,수원시,교습소,3000051847,희쌤수학교습소,20220726,20220726,개원,        ,99991231,24,8,입시.검정 및 보습,보통교과,,보습, ,Y,N,경기도 수원시 영통구 태장로 81,", 205-1호 (망포동, 망포동 e-타운ll)",16688,,20231018
J10,경기도교육청,수원시,교습소,17222,희음악교습소,20050426,20050426,개원,        ,99991231,75,8,예능(대),예능(중),음악일반 피아노초급,음악, ,Y,N,경기도 수원시 영통구 매탄로140번길 54-8,  1층 일부 (매탄동),443848,031-214-1522,20231018
J10,경기도교육청,수원시,교습소,3000017631,힐링아트미술교습소,20130218,20130218,개원,        ,99991231,27,9,예능(대),예능(중),,미술, ,Y,N,경기도 수원시 장안구 정자천로189번길 47,", 연꽃마을 풍림아파트 상가동 201호 (정자동,연꽃마을 풍림아파트)",440720,,20250302
J10,경기도교육청,수원시,학원,3000068382,(광교점)짱솔학원,20240325,20240325,개원,        ,        ,100,50,입시.검정 및 보습,보통교과,"보습,보통교과",보습, ,Y,N,경기도 수원시 영통구 에듀타운로 84,", 301호, 301-1호(이의동, 세븐스퀘어)",16509,,20250302
J10,경기도교육청,수원시,학원,19216,(주)성민학원,20081023,20051028,개원,        ,99991231,600,74,국제화,외국어,,실용외국어(유아/초·중·고), ,Y,N,경기도 수원시 장안구 하률로 23,  4층 5층 (천천동),440330,031-271-3884,20260222
J10,경기도교육청,수원시,학원,3000073313,0823영통관리형독서실,20250206,20250206,개원,        ,        ,76,76,독서실,,,, ,Y, ,경기도 수원시 영통구 영일로 26,", 401호(영통동)",16705,,20250518
J10,경기도교육청,수원시,학원,25582,1등급수학학원,20070131,20070131,개원,        ,99991231,106,38,입시.검정 및 보습,보통교과,"보습,",보습, ,Y,N,경기도 수원시 영통구 봉영로 1587,  다모아프라자 506호 (영통동),443470,,20231018
J10,경기도교육청,수원시,학원,3000072555,2관호매실청운학원,20241127,20241127,개원,        ,        ,180,60,입시.검정 및 보습,,,, ,Y, ,경기도 수원시 권선구 금곡로102번길 20,", 603호(금곡동, 센타프라자)",16385,,20251221
J10,경기도교육청,수원시,학원,3000072478,2호점영어수학시간학원,20241119,20241119,개원,        ,        ,0,0,입시.검정 및 보습,,,, ,Y, ,경기도 수원시 장안구 율전로101번길 37,", 1층 전체(율전동)",16361,,20251109
J10,경기도교육청,수원시,학원,3000022893,316아카데미학원,20140930,20140930,개원,        ,99991231,116,35,예능(대),예능(중),"음악,",음악, ,Y,N,경기도 수원시 영통구 청명로 83-1,", 5층 (영통동)",443815,,20231018
J10,경기도교육청,수원시,학원,3000072556,3관호매실청운학원,20241127,20241127,개원,        ,        ,210,70,입시.검정 및 보습,,,, ,Y, ,경기도 수원시 권선구 금곡로102번길 20,", 604호(금곡동, 센타프라자)",16385,,20251221
J10,경기도교육청,수원시,학원,3000049024,BPM학원,20211203,20211203,개원,        ,99991231,500,85,입시.검정 및 보습,보통교과,보습,보습, ,Y,N,경기도 수원시 장안구 상률로46번길 9,", 401호·402호(율전동, 율전주공상가)",16353,,20260405
J10,경기도교육청,수원시,학원,3000053101,EMB주니어아카데미학원,20221121,20221121,개원,        ,99991231,96,50,국제화,외국어,외국어,외국어, ,Y,N,경기도 수원시 팔달구 수원천로210번길 19,", 705-708호 (인계동), 센트럴프라자",16470,031-222-5281,20260405
J10,경기도교육청,수원시,학원,3000052419,EZM수학학원,20220916,20220916,개원,        ,99991231,130,52,입시.검정 및 보습,,"보습,보통교과,",, ,Y,N,경기도 수원시 팔달구 정조로 667,", 406호 (매교동), 마이온프라자",16467,null,20240324
J10,경기도교육청,수원시,학원,3000049821,HEI해나잉글리쉬학원,20220203,20220203,개원,        ,99991231,120,58,입시.검정 및 보습,보통교과,보습,보습, ,Y,N,경기도 수원시 영통구 영통로153번길 98,", 2층 201호 (망포동, 국제프라자)",16689,,20260405
J10,경기도교육청,수원시,학원,3000054317,JP수학학원,20230223,20230223,개원,        ,99991231,0,0,입시.검정 및 보습,보통교과,,보습, ,Y,N,경기도 수원시 장안구 대평로 86,", 508호 (정자동, 화이트쇼핑몰)",16334,,20231018
J10,경기도교육청,수원시,학원,3000053927,JY발레학원,20230125,20230125,개원,        ,99991231,70,70,예능(대),예능(중),,무용, ,Y,N,경기도 수원시 팔달구 효원로55번길 49,", 4층 일부(401호) (매교동), 매교리얼티",16464,,20231018
J10,경기도교육청,수원시,학원,3000055579,KAGE영재교육학원,20230615,20230615,개원,        ,99991231,0,0,입시.검정 및 보습,보통교과,보습,보습, ,Y,N,경기도 수원시 영통구 봉영로 1612,", 511호 (영통동, 보보스프라자)",16704,null,20240303
J10,경기도교육청,수원시,학원,29148,LM이문어학원,20071221,20071221,개원,        ,99991231,174,50,국제화,외국어,,실용외국어(유아/초·중·고), ,Y,N,경기도 수원시 장안구 송원로 81,  메가플러스2차 503호 일부 (조원동),440200,031-245-8685,20260308
J10,경기도교육청,수원시,학원,3000035947,PK대치스파르타독서실,20180221,20180221,개원,        ,99991231,117,117,독서실,독서,"독서실(유아/초·중·고),",독서실(유아/초·중·고), ,Y,N,경기도 수원시 영통구 반달로 105,", 4층일부(오른쪽) (영통동)",16705,,20231018
J10,경기도교육청,수원시,학원,3000021852,SAP영어학원,20140612,20140612,개원,        ,99991231,593,30,입시.검정 및 보습,보통교과,,보습, ,Y,N,경기도 수원시 영통구 월드컵로87번길 7,", 301호, 호반프라자 (원천동)",443380,031-2160-553,20250413
J10,경기도교육청,수원시,학원,3000052625,SA실용음악학원,20221012,20221012,개원,        ,99991231,200,28,예능(대),예능(중),,음악, ,Y,N,경기도 수원시 팔달구 중부대로 177,", 101호 (우만동, 송림빌딩)",16494,null,20250706
J10,경기도교육청,수원시,학원,3000054619,SBS아카데미게임입시학원,20230315,20230315,개원,        ,99991231,0,0,기타(대),기타(중),,기타(소), ,Y,N,경기도 수원시 팔달구 효원로 288,", 603호 (인계동, 대원콤비프라자)",16491,031-546-5791,20251221
J10,경기도교육청,수원시,학원,3000051212,SI수학전문학원,20220530,20220530,개원,        ,99991231,164,60,입시.검정 및 보습,보통교과,보습,보습, ,Y,N,경기도 수원시 권선구 세류로90번길 31,", 3층 일부 (세류동)",16459,,20231231
J10,경기도교육청,수원시,학원,116241,SJ성지학원,19910528,19910528,개원,        ,99991231,72,72,입시.검정 및 보습,,"보습,",, ,Y,N,경기도 수원시 권선구 곡반정로 160,", 418호 (곡반정동, 라퍼스트)",16668,031-237-2255,20251019
J10,경기도교육청,수원시,학원,3000019013,SK뷰음악학원,20130722,20130722,개원,        ,99991231,336,14,예능(대),예능(중),"음악,",음악, ,Y,N,경기도 수원시 장안구 이목로 24,", 수원 에스케이뷰상가동 603동 204호 (정자동) (정자동)",440840,031-268-7554,20231018
J10,경기도교육청,수원시,학원,41179,SR영어독서학원,20100601,20100601,개원,        ,99991231,774,50,입시.검정 및 보습,보통교과,보통교과,보통교과, ,Y,N,경기도 수원시 장안구 파장로 53,", 정자 벽산블루밍상가1 2층 201호 (정자동)",440840,031-255-5567,20240630
J10,경기도교육청,수원시,학원,3000068774,YBM잉글루엠수학학원,20240503,20240503,개원,        ,        ,180,36,입시.검정 및 보습,보통교과,보습,보습, ,Y, ,경기도 수원시 팔달구 팔달로 63,", 203호,204호(고등동, 리더스프라자)",16452,010-3390-9491,20260301
J10,경기도교육청,수원시,학원,39920,YU영수학원,20100208,20100225,개원,        ,99991231,350,0,입시.검정 및 보습,보통교과,보습,보습, ,Y,N,경기도 수원시 팔달구 일월로22번길 4,  2층 전체 (화서동),442150,031-309-0505,20260201
J10,경기도교육청,수원시,학원,3000047505,가람수학학원,20210708,20210708,개원,        ,99991231,250,40,입시.검정 및 보습,보통교과,,보습, ,Y,N,경기도 수원시 영통구 동탄원천로881번길 58,", 403호 (매탄동, 아이쌤프라자)",16548,010-5364-2517,20260405
J10,경기도교육청,수원시,학원,3000027939,가온무용학원,20160218,20160218,개원,        ,99991231,400,0,예능(대),예능(중),무용,무용, ,Y,N,경기도 수원시 권선구 금곡로102번길 37,", 501호,502호 일부 (금곡동, 센트럴프라자B)",16388,031-296-7688,20260301
J10,경기도교육청,수원시,학원,3000029961,가온프리미엄독서실,20160822,20160822,개원,        ,99991231,0,0,독서실,독서,,독서실(유아/초·중·고), ,Y,N,경기도 수원시 영통구 권선로882번길 8,", 31-51 (신동)",16683,031-203-2338,20231018
J10,경기도교육청,수원시,학원,3000043001,가우스수학과학학원,20200107,20200107,개원,        ,99991231,240,44,입시.검정 및 보습,보통교과,,보습, ,Y,N,경기도 수원시 영통구 웰빙타운로 41,", 203호, 204호 (이의동)",16224,031-211-7489,20251221
J10,경기도교육청,수원시,학원,3000052416,가우스수학인재관학원,20220915,20220915,개원,        ,99991231,150,50,입시.검정 및 보습,보통교과,보습,보습, ,Y,N,경기도 수원시 영통구 웰빙타운로49번길 36,"202호 일부, 303호 일부(이의동)",16224,,20240804
J10,경기도교육청,수원시,학원,3000017722,가우스수학학원,20130225,20130222,개원,        ,99991231,316,67,입시.검정 및 보습,보통교과,"보습,",보습, ,Y,N,경기도 수원시 장안구 대평로 80,", 306호,307호 (정자동 877-4 ,정연메이져1동)",440841,031-269-5518,20231018
J10,경기도교육청,수원시,학원,3000028294,갓매쓰학원,20160310,20160310,개원,        ,99991231,66,60,입시.검정 및 보습,보통교과,,보습, ,Y,N,경기도 수원시 장안구 이목로 24-3,", 211호, 401호 (정자동, SKY PLAZA SKY PLAZA)",16336,,20250330
J10,경기도교육청,수원시,학원,21543,강남스카이학원,20111113,20060316,개원,        ,99991231,32,70,입시.검정 및 보습,보통교과,보습,보습, ,Y,N,경기도 수원시 권선구 동수원로242번길 28,", 2층 (권선동)",441885,031-267-0575,20260405
J10,경기도교육청,수원시,학원,3000068689,강남티피에스(TPS)어학원,20240425,20240425,개원,        ,        ,150,50,국제화,외국어,외국어,외국어, ,Y, ,경기도 수원시 권선구 수성로 18,", 4층 전체(구운동, 강남아파트 유치원동)",16426,,20260426
J10,경기도교육청,수원시,학원,3000041411,강쌤학원,20190802,20190802,개원,        ,99991231,118,46,입시.검정 및 보습,보통교과,"보습,",보습, ,Y,N,경기도 수원시 장안구 만석로19번길 11-7,", 8층 801호 (천천동, 대일)",16329,,20231018
J10,경기도교육청,수원시,학원,3000067671,강의하는아이들수원매교학원,20240130,20240130,개원,        ,        ,135,45,입시.검정 및 보습,,,, ,Y,N,경기도 수원시 팔달구 세지로 196,", 402호 일부(인계동)",16476,010-2022-3004,20250316
J10,경기도교육청,수원시,학원,3000072420,강의하는아이들수학학원,20241114,20241114,개원,        ,        ,150,50,입시.검정 및 보습,,,, ,Y, ,경기도 수원시 장안구 이목로 24-3,", 203호(정자동, 스카이플라자)",16336,,20250525
J10,경기도교육청,수원시,학원,3000033006,강의하는아이들신영통학원,20170519,20170519,개원,        ,99991231,68,0,입시.검정 및 보습,보통교과,"보습,",보습, ,Y,N,경기도 수원시 영통구 영통로 136,",  204호(센트럴타워) (망포동)",16691,,20231018
J10,경기도교육청,수원시,학원,3000021474,강하다수학학원,20140425,20140425,개원,        ,99991231,160,50,입시.검정 및 보습,보통교과,"보습,",보습, ,Y,N,경기도 수원시 영통구 매탄로108번길 24,", 501호 (매탄동,삼성프라자Ⅰ)",443848,,20231018
J10,경기도교육청,수원시,학원,3000018380,건스기타전문학원,20130429,20130429,개원,        ,99991231,110,16,예능(대),예능(중),,음악, ,Y,N,경기도 수원시 영통구 에듀타운로 17,", 406호 (이의동1369-2, 국제프라자)",443270,031-211-9577,20250817
J10,경기도교육청,수원시,학원,22090,겨자씨자라큰나무미술학원,20060510,20060510,개원,        ,99991231,35,35,예능(대),예능(중),"미술,",미술, ,Y,N,경기도 수원시 영통구 반달로 44,  5층 (영통동),443470,031-282-1271,20231018
J10,경기도교육청,수원시,학원,3000011608,경기목공기술학원,20110627,20110622,개원,        ,99991231,738,60,직업기술,산업기반기술,"건축,공예,",건축, ,Y,N,경기도 수원시 권선구 덕영대로 1150,", 1층 일부, 5층 일부 (세류동, 동일빌딩)",16657,031-221-7893,20240602
J10,경기도교육청,수원시,학원,3000024163,경기사관학원,20150202,20150202,개원,        ,99991231,150,78,입시.검정 및 보습,보통교과,보습,보습, ,Y,N,경기도 수원시 권선구 삼천병마로1598번길 32,"304호 (오목천동, 대유빌딩)",16635,031-308-7070,20240929
J10,경기도교육청,수원시,학원,3000040589,경기소방학원,20190515,20190515,개원,        ,99991231,390,100,인문사회(대),인문사회(중),"성인고시,",성인고시, ,Y,N,경기도 수원시 팔달구 갓매산로 51,", 702호 일부 (매산로2가, 에스알프라자23차)",16455,031-255-9112,20231018
J10,경기도교육청,수원시,학원,3000073224,경기실용무용학원,20250123,20250123,개원,        ,        ,180,30,예능(대),,,, ,Y,N,경기도 수원시 영통구 도청로89번길 23,", 401호, 402호(이의동, 월드프라자)",16509,,20250202
J10,경기도교육청,수원시,학원,3000022242,경기카이스건설기술학원,20140718,20140718,개원,        ,99991231,1710,64,인문사회(대),인문사회(중),성인고시,성인고시, ,Y,N,경기도 수원시 팔달구 권광로187번길 10-3,", 3층 일부 (인계동)",442834,,20250406
J10,경기도교육청,수원시,학원,3000045172,경기평생기술학원,20201005,20201005,개원,        ,99991231,120,20,종합(대),,"건축,공예",, ,Y,N,경기도 수원시 팔달구 갓매산로 91,", 2층 일부(202~212, 215~221호) (매산로1가, 터미널타워빌딩)",16455,031-253-7336,20250316
J10,경기도교육청,수원시,학원,3000069610,경희블레스음악학원,20240726,20240726,개원,        ,        ,35,7,예능(대),예능(중),음악,음악, ,Y, ,경기도 수원시 권선구 금곡로118번길 24,", 202호(금곡동)",16388,,20251102
J10,경기도교육청,수원시,학원,114111,경희선음악학원,19960827,19960827,개원,        ,99991231,112,14,예능(대),예능(중),음악,음악, ,Y,N,경기도 수원시 권선구 금호로15번길 6,  2층 (금곡동),441841,031-295-8155,20240107
J10,경기도교육청,수원시,학원,3000022805,고고한수학학원,20140917,20140917,개원,        ,99991231,210,45,입시.검정 및 보습,보통교과,"보습,",보습, ,Y,N,경기도 수원시 영통구 매탄로 142 ,", 404호 (매탄동)",443848,031-211-1031,20250706
J10,경기도교육청,수원시,학원,3000036143,고등관곰수학학원,20180308,20180308,개원,        ,99991231,665,183,입시.검정 및 보습,보통교과,"보습,",보습, ,Y,N,경기도 수원시 영통구 효원로 381,", 402-1호, 403호 (매탄동)",16545,,20231018
J10,경기도교육청,수원시,학원,3000069039,고등동삼성영어셀레나학원,20240531,20240531,개원,        ,        ,150,30,입시.검정 및 보습,,,, ,Y, ,경기도 수원시 팔달구 팔달로 69,", 306호(고등동, 수원라임스퀘어 주건축물제1동)",16452,010-8114-0582,20240602
J10,경기도교육청,수원시,학원,3000051642,고등동삼성영어학원,20220707,20220707,개원,        ,99991231,150,30,입시.검정 및 보습,보통교과,보습,보습, ,Y,N,경기도 수원시 팔달구 덕영대로803번길 39,", 402호 (화서동, 디아이포에버Ⅱ)",16442,031-2950-5059,20240609
J10,경기도교육청,수원시,학원,43433,고등제이프라임학원,20101206,20101201,개원,        ,99991231,1400,100,입시.검정 및 보습,보통교과,보습,보습, ,Y,N,경기도 수원시 장안구 만석로19번길 11-7,", 404호 (천천동, 대일)",16329,031-271-5801,20260412
J10,경기도교육청,수원시,학원,3000016730,고래영어원천학원,20121107,20121107,개원,        ,99991231,100,37,입시.검정 및 보습,보통교과,,보습, ,Y,N,경기도 수원시 영통구 중부대로448번길 96,", 203호 (원천동)",443380,031-214-5567,20250323
J10,경기도교육청,수원시,학원,9664,고려에이스학원,20040702,20040702,개원,        ,99991231,66,66,입시.검정 및 보습,보통교과,"보습,",보습, ,Y,N,경기도 수원시 권선구 탑동로 50,  2층 (탑동),441440,031-294-8886,20231018
J10,경기도교육청,수원시,학원,16032,고색예닮음악학원,20050415,20050415,개원,        ,99991231,50,20,예능(대),예능(중),음악,음악, ,Y,N,경기도 수원시 권선구 매송고색로673번길 11, 외1필지 고색1차태산A상가동 301 302호 (고색동),441812,031-297-9353,20251207
J10,경기도교육청,수원시,학원,3000076877,고수학원,20251223,20251223,개원,        ,        ,60,30,입시.검정 및 보습,,,, ,Y, ,경기도 수원시 장안구 대평로90번길 46,", 204호(정자동, 선일프라자)",16334,,20260201
J10,경기도교육청,수원시,학원,3000012039,고수학학원,20110728,20110728,개원,        ,99991231,155,144,입시.검정 및 보습,보통교과,"입시,",입시, ,Y,N,경기도 수원시 영통구 영통로 105,", 3층 일부 (망포동, 한샘빌딩)",16687,031-273-1112,20231210
J10,경기도교육청,수원시,학원,3000045355,고씽학원,20201103,20201103,개원,        ,99991231,0,0,입시.검정 및 보습,보통교과,보습,보습, ,Y,N,경기도 수원시 영통구 법조로 25,", 407호, 408호, 409호  (하동, 광교 SK VIEW Lake A)",16514,,20260405
J10,경기도교육청,수원시,학원,3000067986,고윤지영어학원,20240228,20240228,개원,        ,        ,60,0,입시.검정 및 보습,,,, ,Y,N,경기도 수원시 영통구 도청로17번길 10,", 206호(이의동, 성희프라자)",16509,,20251214
J10,경기도교육청,수원시,학원,3000054183,곡반초점카라음악학원,20230214,20230214,개원,        ,99991231,222,37,예능(대),예능(중),"음악,",음악, ,Y,N,경기도 수원시 권선구 곡반정로 160,", 523호, 524호 (곡반정동, 라퍼스트)",16668,,20231018
J10,경기도교육청,수원시,학원,3000048338,골든스테이트어학원,20211005,20211005,개원,        ,99991231,90,50,국제화,외국어,,실용외국어(유아/초·중·고), ,Y,N,경기도 수원시 영통구 태장로7번길 57,", 302호, 303호 (망포동, 영통 플래티넘베이스 디)",16685,,20250601
J10,경기도교육청,수원시,학원,3000030691,곰수학학원,20161110,20161110,개원,        ,99991231,1500,120,입시.검정 및 보습,보통교과,"보습,",보습, ,Y,N,경기도 수원시 영통구 효원로 381,", 901호 일부 (매탄동 1267-1)",16545,031-217-9449,20231018
J10,경기도교육청,수원시,학원,115782,공감늘수학능률영어학원,20020614,20020614,개원,        ,99991231,112,60,입시.검정 및 보습,보통교과,보습,보습, ,Y,N,경기도 수원시 팔달구 일월로22번길 8,  3층 (화서동),442150,031-296-2209,20250330
J10,경기도교육청,수원시,학원,3000041455,공감수학학원,20190808,20190808,개원,        ,99991231,72,21,입시.검정 및 보습,보통교과,,보습, ,Y,N,경기도 수원시 영통구 봉영로 1410-17,", 1층 106호 및 107호 전체 (망포동, e편한세상 영통2차 1단지 106동(상가동))",16694,,20250209
J10,경기도교육청,수원시,학원,3000045988,공감영수학원,20210127,20210127,개원,        ,99991231,130,46,입시.검정 및 보습,보통교과,,보습, ,Y,N,경기도 수원시 권선구 금곡로 116,", 306호 (금곡동, 유동타워)",16388,031-546-2997,20251207
J10,경기도교육청,수원시,학원,3000076341,공감입시탐구곳간학원,20251105,20251105,개원,        ,        ,180,45,입시.검정 및 보습,,,, ,Y, ,경기도 수원시 영통구 청명남로 21,", 605호(영통동, 아셈프라자)",16704,,20251109
J10,경기도교육청,수원시,학원,3000017139,공감입시학원,20121203,20121203,개원,        ,99991231,250,50,입시.검정 및 보습,보통교과,"보습,입시",입시, ,Y,N,경기도 수원시 영통구 청명남로 21,", 608호(영통동, 아셈프라자)",16704,031-206-9505,20251102
J10,경기도교육청,수원시,학원,3000022421,공경단학원,20140801,20140801,개원,        ,99991231,860,250,인문사회(대),인문사회(중),"성인고시,",성인고시, ,Y,N,경기도 수원시 팔달구 갓매산로 51,", 701호 (매산로2가,에스알프라자23차)",442847,031-258-0011,20231018
J10,경기도교육청,수원시,학원,26276,공부가잘되는독서실,20070323,20070323,개원,        ,99991231,150,95,독서실,독서,"독서실(유아/초·중·고),",독서실(유아/초·중·고), ,Y,N,경기도 수원시 권선구 매송고색로 735,  2층 3층 (고색동),441804,031-291-1232,20231018
J10,경기도교육청,수원시,학원,3000051324,공부길목리드인독서논술국어학원,20220610,20220610,개원,        ,99991231,210,30,입시.검정 및 보습,보통교과,"보습,",보습, ,Y,N,경기도 수원시 권선구 효원로 90,", 205호 (세류동)",16459,,20231018
J10,경기도교육청,수원시,학원,3000052648,공부머리문해력국어학원,20221012,20221012,개원,        ,99991231,60,41,입시.검정 및 보습,보통교과,,보습, ,Y,N,경기도 수원시 권선구 금곡로212번길 25,", 305호 (금곡동, 광일프라자)",16393,,20251214
J10,경기도교육청,수원시,학원,3000054203,공부에스미다학원,20230213,20230213,개원,        ,99991231,40,35,입시.검정 및 보습,보통교과,,보습, ,Y,N,경기도 수원시 영통구 월드컵로87번길 7,", 202호 (원천동)",16516,,20231018
J10,경기도교육청,수원시,학원,3000041043,공부의비밀프리미엄독서실,20190628,20190628,개원,        ,99991231,186,93,독서실,독서,,독서실(유아/초·중·고), ,Y,N,경기도 수원시 장안구 송원로 63,", 5층 전체 (송죽동, 신성빌딩)",16305,,20231018
J10,경기도교육청,수원시,학원,3000026272,공부의자신감학원,20150910,20150910,개원,        ,99991231,315,60,입시.검정 및 보습,보통교과,보습,보습, ,Y,N,경기도 수원시 장안구 대평로90번길 8,", 4층 402호 (정자동, 한빛프라자)",440841,null,20250202
J10,경기도교육청,수원시,학원,3000041004,공부의정석수학과학관학원,20190625,20190625,개원,        ,99991231,160,78,입시.검정 및 보습,보통교과,"보습,",보습, ,Y,N,경기도 수원시 영통구 매영로 85,", 3층 303호 전체 (매탄동)",16527,,20231018
J10,경기도교육청,수원시,학원,3000051627,공부의정석영재관학원,20220706,20220706,개원,        ,99991231,0,0,입시.검정 및 보습,보통교과,,보습, ,Y,N,경기도 수원시 영통구 매봉로 6,", 5층 (매탄동)",16527,,20251109
J10,경기도교육청,수원시,학원,3000025769,공부의정석학원,20150501,20150501,개원,        ,99991231,200,84,종합(대),보통교과,"보습,진학상담지도,진학지도",보습, ,Y,N,경기도 수원시 영통구 매영로 85,", 504호, 302호 (매탄동, 성일코아빌딩)",16527,031-217-1300,20251019
J10,경기도교육청,수원시,학원,3000046991,공부의정석효원매탄관학원,20210514,20210514,개원,        ,99991231,200,100,입시.검정 및 보습,보통교과,보습,보습, ,Y,N,경기도 수원시 영통구 효원로 397,", 501호 일부 (매탄동, 중앙프라자)",16545,010-4534-9139,20241229
J10,경기도교육청,수원시,학원,26612,공부하는아이들학원,20070424,20070424,개원,        ,99991231,200,120,입시.검정 및 보습,보통교과,,보습, ,Y,N,경기도 수원시 권선구 탑동로 34,", 2층 전체, 3층 일부 (탑동)",16605,,20251130
J10,경기도교육청,수원시,학원,3000033974,공부하는이유영수학원,20170818,20170818,개원,        ,99991231,148,40,입시.검정 및 보습,보통교과,보습,보습, ,Y,N,경기도 수원시 권선구 금호로15번길 6,", 2층 일부 (금곡동)",16398,null,20241117
J10,경기도교육청,수원시,학원,41967,공터영어원천센터이엠영어학원,20100809,20100730,개원,        ,99991231,60,60,입시.검정 및 보습,보통교과,"보습,",보습, ,Y,N,경기도 수원시 영통구 매영로 85,  5층 503호 (매탄동),443807,031-252-0353,20240616
J10,경기도교육청,수원시,학원,3000030556,공터영어천천푸르지오학원,20161028,20161028,개원,        ,99991231,140,30,입시.검정 및 보습,보통교과,"보습,",보습, ,Y,N,경기도 수원시 장안구 화산로 87,", 209호·210호 (천천동, 천천 푸르지오 근린생활시설-1)",16420,,20231018
J10,경기도교육청,수원시,학원,3000053209,공터영어학원,20221129,20221129,개원,        ,99991231,0,0,입시.검정 및 보습,보통교과,,보습, ,Y,N,경기도 수원시 팔달구 권광로 257,", 3층 일부 (인계동)",16487,031-215-1617,20231018
J10,경기도교육청,수원시,학원,3000054464,관인비발디음악학원,20230306,20230306,개원,        ,99991231,240,30,예능(대),예능(중),,음악, ,Y,N,경기도 수원시 권선구 세류로90번길 34,", 304호 (세류동, 한마음프라자)",16459,,20231018
J10,경기도교육청,수원시,학원,3000051139,광교공감수학학원,20220520,20220520,개원,        ,99991231,0,0,입시.검정 및 보습,보통교과,,보습, ,Y,N,경기도 수원시 영통구 광교중앙로 180,", 207호, 208호 (하동, 광교 효성해링턴 타워 레이크)",16514,,20231018
J10,경기도교육청,수원시,학원,3000021813,광교그로윈업잉글리쉬학원,20140605,20140529,개원,        ,99991231,150,40,입시.검정 및 보습,보통교과,,보습, ,Y,N,경기도 수원시 영통구 웰빙타운로 41,", 201호(이의동, 드림스퀘어2)",16224,031-212-0582,20250622
J10,경기도교육청,수원시,학원,3000051533,광교나무미술학원,20220629,20220629,개원,        ,99991231,0,0,예능(대),예능(중),,미술, ,Y,N,경기도 수원시 영통구 광교호수공원로 155,", B114호, B115호 (원천동, 수원광교에일린의뜰 1204)",16517,,20260201
J10,경기도교육청,수원시,학원,3000062582,광교라온수학학원,20231109,20231110,개원,        ,        ,150,50,입시.검정 및 보습,,,, ,Y, ,경기도 수원시 영통구 에듀타운로 102,", 420호~423호(이의동, 광교중앙역 SK VIEW B동)",16509,,20250413
J10,경기도교육청,수원시,학원,3000017144,광교뮤즈음악학원,20121214,20121214,개원,        ,99991231,192,15,예능(대),예능(중),음악,음악, ,Y,N,경기도 수원시 영통구 도청로17번길 34,", 402호 (이의동)",16509,070-7621-9267,20240303
J10,경기도교육청,수원시,학원,3000040495,광교비엔나음악학원,20190501,20190501,개원,        ,99991231,75,11,예능(대),예능(중),음악,음악, ,Y,N,경기도 수원시 영통구 대학로 101,", 3층 303호 전체 (이의동, 드림스퀘어1)",16224,031-2120-113,20250518
J10,경기도교육청,수원시,학원,3000075840,광교산의초점독서논술학원,20250903,20250903,개원,        ,        ,154,22,입시.검정 및 보습,,,, ,Y,N,경기도 수원시 영통구 센트럴타운로 94,", 501호 일부(이의동)",16505,,20260201
J10,경기도교육청,수원시,학원,3000052702,광교셀렉티드에잇어학원,20221018,20221018,개원,        ,99991231,60,120,국제화,외국어,외국어,외국어, ,Y,N,경기도 수원시 영통구 센트럴타운로100번길 14,", 301호, 302호, 303호 (이의동, 랜드빌딩)",16505,,20250518
J10,경기도교육청,수원시,학원,3000033911,광교소마학원,20170809,20170809,개원,        ,99991231,6,30,입시.검정 및 보습,보통교과,,보습, ,Y,N,경기도 수원시 영통구 혜령로 8,", 위너프라자 201호 (이의동)",16509,031-213-3220,20231018
J10,경기도교육청,수원시,학원,3000053218,광교수학전문차임수강학원,20221129,20221129,개원,        ,99991231,30,50,입시.검정 및 보습,,"보습,",, ,Y,N,경기도 수원시 영통구 에듀타운로106번길 16,", 303호 (이의동, 하이니티교육연구시설)",16509,,20231018
J10,경기도교육청,수원시,학원,3000034145,광교숲음악학원,20170904,20170904,개원,        ,99991231,60,0,예능(대),예능(중),음악,음악, ,Y,N,경기도 수원시 영통구 웰빙타운로49번길 32,", 401호 일부, 402호 (이의동, 광교 웰빙프라자 빌딩)",16224,,20250831
J10,경기도교육청,수원시,학원,3000017716,광교슈테른음악학원,20130215,20130215,개원,        ,99991231,80,20,예능(대),예능(중),음악,음악, ,Y,N,경기도 수원시 영통구 에듀타운로 84 ,", 401호 (이의동1347-5)",443270,031-214-5664,20260308
J10,경기도교육청,수원시,학원,3000052442,광교아름다운사람들미용학원,20220919,20220919,개원,        ,99991231,60,32,기타(대),기타(중),"이·미용,",이·미용, ,Y,N,경기도 수원시 영통구 광교중앙로266번길 20,", 403호 (하동, 골드클래스10)",16512,,20231018
J10,경기도교육청,수원시,학원,3000045722,광교아이비스영어학원,20201223,20201223,개원,        ,99991231,10,18,입시.검정 및 보습,보통교과,,보습, ,Y,N,경기도 수원시 영통구 도청로89번길 43,", 307호 (이의동, 에듀프라자)",16509,031-212-5100,20231018
J10,경기도교육청,수원시,학원,3000017923,광교알티오라어학원,20130304,20130304,개원,20141229,20150104,554,94,종합(대),외국어,,실용외국어(유아/초·중·고), ,Y,N,경기도 수원시 영통구 에듀타운로 24,", 202호, 303호 (이의동,그린프라자)",443270,031-214-0520,20260405
J10,경기도교육청,수원시,학원,3000051178,광교애니톡학원,20220525,20220525,개원,        ,99991231,186,62,예능(대),예능(중),,미술, ,Y,N,경기도 수원시 영통구 에듀타운로 102,", B동 704호, 705호 (이의동, 광교중앙역 SK VIEW)",16509,031-211-0904,20250330
J10,경기도교육청,수원시,학원,3000029960,광교에듀이룸아이학원,20160822,20160822,개원,        ,99991231,250,50,기타(대),기타(중),"기타(소),",기타(소), ,Y,N,경기도 수원시 영통구 에듀타운로 84,", 302호 (이의동)",16509,031-217-6700,20231018
J10,경기도교육청,수원시,학원,3000018584,광교에듀타운와이즈리더영어독서전문학원,20130516,20130516,개원,        ,99991231,180,44,입시.검정 및 보습,보통교과,,보습, ,Y,N,경기도 수원시 영통구 에듀타운로 23,", 303호 (이의동1369-1, 광교프라자)",443270,031-216-7905,20260201
J10,경기도교육청,수원시,학원,3000020105,광교에스엘피어학원,20131205,20131205,개원,        ,99991231,438,170,종합(대),,외국어,, ,Y,N,경기도 수원시 영통구 도청로89번길 30,", 301호, 401호 일부 (이의동)",443270,031-203-1240,20250720
J10,경기도교육청,수원시,학원,3000041807,광교에이프릴어학원,20190917,20190917,개원,        ,99991231,137,114,국제화,외국어,실용외국어(유아/초·중·고),실용외국어(유아/초·중·고), ,Y,N,경기도 수원시 영통구 혜령로 8,", 3층 301호, 302호, 303호 전체 (이의동, 위너프라자)",16509,null,20250810
J10,경기도교육청,수원시,학원,3000012302,광교에픽학원,20230622,20230622,개원,        ,        ,120,120,입시.검정 및 보습,보통교과,,보습, ,Y,N,경기도 수원시 영통구 도청로89번길 43,"404호 전체, 405호 전체, 406호 일부",16509,,20251012
J10,경기도교육청,수원시,학원,3000063719,광교이언어학원,20231212,20231212,개원,        ,        ,1140,190,종합(대),,실용외국어(유아/초·중·고),, ,Y, ,경기도 수원시 영통구 법조로 25,", 208호, 209호, 221호, 222호, 223호, 224호, 225호, 226호,312호(하동)",16514,,20260426
J10,경기도교육청,수원시,학원,3000040224,광교이평천국어생각학원,20190404,20190404,개원,        ,99991231,105,61,입시.검정 및 보습,보통교과,,보습, ,Y,N,경기도 수원시 영통구 에듀타운로 102,"B동 210호, 211호, 212호(이의동, 광교중앙역 SK VIEW)",16509,031-262-2134,20260426
J10,경기도교육청,수원시,학원,3000019643,광교정상어학원,20131017,20131118,개원,        ,99991231,126,170,국제화,외국어,,실용외국어(유아/초·중·고), ,Y,N,경기도 수원시 영통구 혜령로 8,", 401호,402호,403호 (이의동)",443270,031-213-0533,20251019
J10,경기도교육청,수원시,학원,3000063822,광교조이음악학원,20231221,20231221,개원,        ,        ,175,25,예능(대),,,, ,Y, ,경기도 수원시 영통구 광교호수공원로 20,", 203호(원천동,더샵 광교레이크시티 근린생활시설동-1동)",16515,,20241103
J10,경기도교육청,수원시,학원,3000042671,광교중흥스마트해법수학해법영어학원,20191211,20191211,개원,        ,99991231,202,50,입시.검정 및 보습,보통교과,보습,보습, ,Y,N,경기도 수원시 영통구 광교호수공원로 277,", 1층 1F-052호, 053호 전체 (원천동, 중흥 S-클래스 판매시설)",16517,031-211-9409,20260208
J10,경기도교육청,수원시,학원,3000049412,광교지티스어학원,20211230,20211230,개원,        ,99991231,75,101,국제화,외국어,,실용외국어(유아/초·중·고), ,Y,N,경기도 수원시 영통구 대학로 109,", 203호 (이의동,골드클래스5)",16224,031-211-3275,20250907
J10,경기도교육청,수원시,학원,3000025713,광교진경원음악학원,20150703,20150703,개원,        ,99991231,50,11,예능(대),,"음악,",, ,Y,N,경기도 수원시 영통구 센트럴타운로 92,", 502호 (이의동)",443270,,20231018
J10,경기도교육청,수원시,학원,3000033887,광교청담어학원,20170807,20170807,개원,        ,99991231,750,250,종합(대),,"보습,실용외국어(유아/초·중·고)",, ,Y,N,경기도 수원시 영통구 광교로 146,", 2층 일부 (이의동)",16507,031-215-9407,20251102
J10,경기도교육청,수원시,학원,3000041542,광교티나음악학원,20190821,20190821,개원,        ,99991231,14,14,예능(대),예능(중),,음악, ,Y,N,경기도 수원시 영통구 광교호수공원로 277,", 2층 2F-026호 및 2F-027호 전체 (원천동, 중흥 S-클래스 판매시설)",16517,031-215-2167,20241103
J10,경기도교육청,수원시,학원,3000048450,광교폴리어학원,20211019,20211019,개원,        ,99991231,426,142,국제화,외국어,,실용외국어(유아/초·중·고), ,Y,N,경기도 수원시 영통구 에듀타운로 102,", B동 401~410호 (이의동, 광교중앙역 SK VIEW)",16509,,20260405
J10,경기도교육청,수원시,학원,3000031219,구선생과음악인들다솔음악학원,20161220,20161220,개원,        ,99991231,110,40,예능(대),예능(중),음악,음악, ,Y,N,경기도 수원시 장안구 이목로 24,", 203호 (정자동, 수원 SK SKY VIEW 603동)",16336,,20260215
J10,경기도교육청,수원시,학원,6160,구운청산학원,19891115,19891115,개원,        ,99991231,43,43,입시.검정 및 보습,보통교과,"보습,",보습, ,Y,N,경기도 수원시 권선구 여기산로 22-1,  외1필지 3층 (서둔동),441857,031-294-3680,20231018
J10,경기도교육청,수원시,학원,1825,국강별하학원,20030428,20030428,개원,        ,99991231,184,40,입시.검정 및 보습,보통교과,"보습,",보습, ,Y,N,경기도 수원시 장안구 정자천로173번길 11-3,", 3층 일부 (정자동)",16334,031-268-1715,20231018
J10,경기도교육청,수원시,학원,3000026346,국대국어학원,20150918,20150918,개원,        ,99991231,895,45,입시.검정 및 보습,보통교과,보습,보습, ,Y,N,경기도 수원시 영통구 청명남로 21,", 502-B호 일부 (영통동, 아셈프라자)",16704,031-202-6584,20260426
J10,경기도교육청,수원시,학원,3000042613,국대초중등학원,20191206,20191206,개원,        ,99991231,429,62,입시.검정 및 보습,보통교과,보습,보습, ,Y,N,경기도 수원시 영통구 청명남로 21,", 7층 702호 전체 (영통동, 아셈프라자)",16704,,20260426
J10,경기도교육청,수원시,학원,3000051997,국본외대국제루트엠학원,20220804,20220804,개원,        ,99991231,360,120,종합(대),,"보습,외국어",, ,Y,N,경기도 수원시 팔달구 정조로 667,", 803호 전체, 804호 일부, 805호 일부, 806호 일부(매교동, 마이온프라자Ⅱ)",16467,,20251221
J10,경기도교육청,수원시,학원,3000038088,국악이좋다국악전문학원,20180921,20180921,개원,        ,99991231,41,13,예능(대),예능(중),음악,음악, ,Y,N,경기도 수원시 영통구 효원로 381,", 604호 (매탄동, 새롬프라자16차)",16545,,20250302
J10,경기도교육청,수원시,학원,3000076864,국어다움학원,20251219,20251219,개원,        ,        ,195,65,입시.검정 및 보습,,,, ,Y, ,경기도 수원시 영통구 반달로7번길 6,", 607호(영통동, 센타프라자)",16704,,20260201
J10,경기도교육청,수원시,학원,3000030418,국어의대표학원,20161012,20161012,개원,        ,99991231,990,45,입시.검정 및 보습,보통교과,보습,보습, ,Y,N,경기도 수원시 영통구 청명남로 21,", 502-B호 일부 (영통동, 아셈프라자)",16704,031-2026-584,20260426
J10,경기도교육청,수원시,학원,3000045826,국어의본영통1관학원,20210107,20210107,개원,        ,99991231,135,147,입시.검정 및 보습,보통교과,"보습,",보습, ,Y,N,경기도 수원시 영통구 봉영로 1569,", 505호일부(내측) (영통동, NEW WORLD PLAZA)",16703,,20250209
J10,경기도교육청,수원시,학원,3000045829,국어의본영통2관학원,20210107,20210107,개원,        ,99991231,75,63,입시.검정 및 보습,보통교과,,보습, ,Y,N,경기도 수원시 영통구 봉영로 1569,", 505호일부(외측) (영통동, NEW WORLD PLAZA)",16703,,20250209
J10,경기도교육청,수원시,학원,41764,국어의정경국어전문학원,20100715,20100715,개원,20211227,20220301,210,60,입시.검정 및 보습,보통교과,보습,보습, ,Y,N,경기도 수원시 영통구 태장로 81,  외 1필지 망포동E-타운Ⅱ 5층 503호 (망포동),443400,031-203-7905,20260201
J10,경기도교육청,수원시,학원,3000074873,국어의훈련호매실학원,20250716,20250716,개원,        ,        ,270,45,입시.검정 및 보습,,,, ,Y, ,경기도 수원시 권선구 매실로 51,2층 전체(호매실동),16400,,20250720
J10,경기도교육청,수원시,학원,3000061827,국어전문차오름학원,20230829,20230829,개원,        ,        ,150,50,입시.검정 및 보습,보통교과,보습,보습, ,Y,N,경기도 수원시 영통구 태장로7번길 38,"202호(망포동, 망포쌍용에듀파크 상가동1)",16685,,20240128
J10,경기도교육청,수원시,학원,3000034048,국어팩토리학원,20170828,20170828,개원,        ,99991231,25,50,입시.검정 및 보습,보통교과,"보습,",보습, ,Y,N,경기도 수원시 영통구 봉영로 1623,", 드림피아빌딩 410호 (영통동)",16703,,20231018
J10,경기도교육청,수원시,학원,3000029459,국제건설종합학원,20160704,20160704,개원,        ,99991231,60,60,직업기술,산업기반기술,"건축,",건축, ,Y,N,경기도 수원시 영통구 동수원로 526,", 4층 전체(신라빌딩) (매탄동)",16525,,20231018
J10,경기도교육청,수원시,학원,115866,국제외국어학원,19880524,19880524,개원,20220715,20220807,196,142,종합(대),,"어학(성인),",, ,Y,N,경기도 수원시 영통구 중부대로 259,", 301호, 302호, 303호 (원천동 79-8외1필지,예스크리닉동수원점)",16503,031-214-0515,20231018
J10,경기도교육청,수원시,학원,3000042717,국제커피제과직업전문학원,20191216,20191216,개원,        ,99991231,30,50,직업기술,산업응용기술,,"식음료품(바리스타,소믈리에)", ,Y,N,경기도 수원시 장안구 서부로 2136,", 3층 전체 (율전동)",16417,031-305-7635,20250914
J10,경기도교육청,수원시,학원,3000034142,국풀국어영통학원,20170904,20170904,개원,        ,99991231,270,90,입시.검정 및 보습,보통교과,"보습,",보습, ,Y,N,경기도 수원시 영통구 반달로7번길 6,", 805호(영통동, 센타프라자)",16704,031-204-6605,20260201
J10,경기도교육청,수원시,학원,3000074406,국풀국어장안학원,20250528,20250528,개원,        ,        ,360,80,입시.검정 및 보습,,,, ,Y, ,경기도 수원시 장안구 대평로 86,", 601호 일부(정자동)",16334,,20250601
J10,경기도교육청,수원시,학원,3000041626,국풀최용훈국어전문학원,20190828,20190828,개원,        ,99991231,235,48,입시.검정 및 보습,,,, ,Y,N,경기도 수원시 영통구 도청로17번길 34,", 3층 302호 전체 (이의동)",16509,031-8067-5033,20231018
J10,경기도교육청,수원시,학원,113835,굿쌤학원,19950712,19950712,개원,        ,99991231,110,70,입시.검정 및 보습,보통교과,보습,보습, ,Y,N,경기도 수원시 팔달구 팔달문로 82,", 2층 201호 (지동,진우아파트상가동)",442836,031-253-0300,20240616
J10,경기도교육청,수원시,학원,13775,권선소리숲음악학원,19931106,19931106,개원,        ,99991231,25,9,예능(대),예능(중),"음악,",음악, ,Y,N,경기도 수원시 권선구 권선로639번길 28,  2층 (권선동),441821,031-234-1056,20231018
J10,경기도교육청,수원시,학원,3000051013,권선소마사고력수학학원,20220506,20220506,개원,        ,99991231,40,27,입시.검정 및 보습,보통교과,"보습,",보습, ,Y,N,경기도 수원시 권선구 곡반정로 177,", 301호 (곡반정동, DM스퀘어)",16667,,20231018
J10,경기도교육청,수원시,학원,3000054795,권선스즈키첼로바이올린음악학원,20230329,20230329,개원,        ,99991231,200,40,예능(대),예능(중),,음악, ,Y,N,경기도 수원시 권선구 곡반정로 160,", 609호 (곡반정동, 라퍼스트)",16668,,20231018
J10,경기도교육청,수원시,학원,33394,권선중앙지앤비어학원,20081218,20081218,개원,        ,99991231,110,80,국제화,외국어,"실용외국어(유아/초·중·고),",실용외국어(유아/초·중·고), ,Y,N,경기도 수원시 권선구 세지로140번길 23,  1 2층전체 (권선동),441821,031-233-0579,20231018
J10,경기도교육청,수원시,학원,115890,권선학원,19880901,19880901,개원,        ,99991231,160,180,입시.검정 및 보습,보통교과,"보습,",보습, ,Y,N,경기도 수원시 권선구 권선로639번길 33,  2층 (권선동),441821,031-223-1617,20260308
J10,경기도교육청,수원시,학원,3000051098,권지단학습트레이닝센터학원,20220516,20220516,개원,        ,99991231,0,0,입시.검정 및 보습,보통교과,,보습·논술, ,Y,N,경기도 수원시 영통구 에듀타운로 102,", B동 810호, 811호 (이의동, 광교중앙역 SK VIEW)",16509,,20251012
J10,경기도교육청,수원시,학원,3000071908,그라운디댄스학원,20240911,20240911,개원,        ,        ,230,46,예능(대),,,, ,Y, ,경기도 수원시 팔달구 매산로130번길 10,", 3층일부(매교동)",16465,,20250720
J10,경기도교육청,수원시,학원,22406,그래머시플라워학원,20060602,20060602,개원,        ,99991231,520,40,기예(대),기예(중),"공예(종이접기,꽃꽂이,꽃기예),","공예(종이접기,꽃꽂이,꽃기예)", ,Y,N,경기도 수원시 팔달구 권광로 211,", 901 904호 (인계동)",16489,031-253-4070,20231018
J10,경기도교육청,수원시,학원,3682,그랜드음악학원,19990818,19990818,개원,        ,99991231,265,40,예능(대),예능(중),음악,음악, ,Y,N,경기도 수원시 영통구 봉영로 1605,", 모던타운 602호일부 (영통동)",443810,031-204-0021,20241229
J10,경기도교육청,수원시,학원,3000081699,그루밍피티학원,20260414,20260414,개원,        ,        ,25,25,입시.검정 및 보습,,,, ,Y, ,경기도 수원시 영통구 청명남로28번길 2,", 202호(영통동, 아이텐텐빌딩)",16705,,20260426
J10,경기도교육청,수원시,학원,3000041790,그루학원,20190916,20190916,개원,        ,99991231,6,30,입시.검정 및 보습,보통교과,,보습, ,Y,N,경기도 수원시 영통구 청명남로60번길 2,", 2층 전체 (영통동)",16705,,20231018
J10,경기도교육청,수원시,학원,3000037171,그룹액터스연기학원,20180615,20180615,개원,        ,99991231,60,20,기타(대),기타(중),,기타(소), ,Y,N,경기도 수원시 장안구 서부로2135번길 30,", 3층 전부 (율전동, 명문어린이집)",16360,,20231018
J10,경기도교육청,수원시,학원,3000039021,그리마미술학원,20181214,20181214,개원,        ,99991231,68,60,예능(대),,,, ,Y,N,경기도 수원시 영통구 망포로 136,", 403호, 404호 (망포동, 영통 플래티넘베이스 에이)",16685,,20250330
J10,경기도교육청,수원시,학원,34145,그린독서실,20090303,20090303,개원,        ,99991231,105,105,독서실,독서,독서실(유아/초·중·고),독서실(유아/초·중·고), ,Y,N,경기도 수원시 영통구 중부대로246번길 24,  3층전체 (매탄동),443800,031-215-7090,20250810
J10,경기도교육청,수원시,학원,3000030947,그린램프라이브러리매탄독서실,20161201,20161201,개원,        ,99991231,351,117,독서실,독서,독서실(유아/초·중·고),독서실(유아/초·중·고), ,Y,N,경기도 수원시 영통구 효원로 400,", 601호 일부, 601-1호 (매탄동)",16547,,20250720
J10,경기도교육청,수원시,학원,3000034686,그린램프라이브러리수원정자독서실,20171101,20171101,개원,        ,99991231,300,75,독서실,독서,독서실(유아/초·중·고),독서실(유아/초·중·고), ,Y,N,경기도 수원시 장안구 대평로 72,", 701호 일부 (정자동)",16334,031-271-5911,20251012
J10,경기도교육청,수원시,학원,3000072712,그린램프라이브러리영통캠퍼스관리형독서실,20241212,20241212,개원,        ,        ,166,166,독서실,독서,독서실,독서실, ,Y, ,경기도 수원시 영통구 봉영로 1587,", 804호 일부(영통동)",16703,032-204-5911,20260301
J10,경기도교육청,수원시,학원,1552,그린빌음악학원,20020808,20020808,개원,        ,99991231,560,25,예능(대),예능(중),음악,음악, ,Y,N,경기도 수원시 영통구 동탄원천로881번길 58,", 504호 (매탄동, 아이쌤프라자)",16548,031-214-0211,20250420
J10,경기도교육청,수원시,학원,3000068029,그린아이아트미술학원,20240229,20240229,개원,        ,        ,120,20,예능(대),예능(중),미술,미술, ,Y, ,경기도 수원시 권선구 삼천병마로1566번길 11,112호(오목천동),16636,,20251012
J10,경기도교육청,수원시,학원,3000022888,그림나무권선미술학원,20140930,20140930,개원,        ,99991231,230,25,예능(대),예능(중),"미술,",미술, ,Y,N,경기도 수원시 권선구 권광로 55,", B202호 (권선동, 권선자이 이편한세상 상가2)",441768,,20231018
J10,경기도교육청,수원시,학원,3000047392,그림상자미술학원,20210629,20210629,개원,        ,99991231,12,12,예능(대),예능(중),미술,미술, ,Y,N,경기도 수원시 영통구 웰빙타운로49번길 28,", 1층 일부 (이의동)",16224,010-9372-3252,20250316
J10,경기도교육청,수원시,학원,3000054021,그림숲미술학원,20230201,20230201,개원,        ,99991231,32,18,예능(대),예능(중),,미술, ,Y,N,경기도 수원시 권선구 금곡로212번길 25,", 205호 (금곡동, 광일프라자)",16393,,20231018
J10,경기도교육청,수원시,학원,3000067714,그림아트스튜디오수원매교미술학원,20240202,20240202,개원,        ,        ,100,20,예능(대),예능(중),미술,미술, ,Y, ,경기도 수원시 팔달구 매산로 102,", 908호(교동, 매산타워)",16464,010-4300-1575,20250316
J10,경기도교육청,수원시,학원,23773,그림쟁이미술학원,20060922,20060922,개원,        ,99991231,20,20,예능(대),예능(중),"미술,",미술, ,Y,N,경기도 수원시 권선구 탑동로 39-7 (), ,441440,031-296-7706,20231018
J10,경기도교육청,수원시,학원,3000040476,그림책한스푼학원,20190429,20190429,개원,        ,99991231,12,40,예능(대),기타(중),,기타(소), ,Y,N,경기도 수원시 권선구 금곡로118번길 24,", 301호 (금곡동, 리치빌딩)",16388,,20251026
J10,경기도교육청,수원시,학원,19640,그릿잉글리쉬학원,20051125,20051125,개원,        ,99991231,120,35,입시.검정 및 보습,보통교과,,보통교과, ,Y,N,경기도 수원시 영통구 태장로 81,  외1 망포동E-타운2 404호 404-1호 (망포동),443400,031-204-0553,20250209
J10,경기도교육청,수원시,학원,3000055437,근본영어학원,20230601,20230601,개원,        ,99991231,130,25,입시.검정 및 보습,보통교과,보습,보습, ,Y,N,경기도 수원시 영통구 영통로 515,", 4층 일부 (영통동)",16706,null,20241229
J10,경기도교육청,수원시,학원,3000052974,글로벌리더스영어수학학원,20221108,20221108,개원,        ,99991231,230,46,입시.검정 및 보습,보통교과,보습,보습, ,Y,N,경기도 수원시 영통구 광교호수공원로 20,", 근린생활시설동-1동, B1-74호, B1-75호 (원천동, 더샵 광교레이크시티)",16515,,20251026
J10,경기도교육청,수원시,학원,3000018014,글로벌해법영어학원,20130322,20130322,개원,        ,99991231,68,33,입시.검정 및 보습,보통교과,"보습,",보습, ,Y,N,경기도 수원시 권선구 효탑로16번길 43-21,", 2층 전체 (탑동, 873-1)",441440,,20231018
J10,경기도교육청,수원시,학원,3000073242,글리국제어학원,20250124,20250124,개원,        ,        ,220,55,입시.검정 및 보습,보통교과,보통교과,보통교과, ,Y, ,경기도 수원시 팔달구 고등로 32,"610호 및 611호 일부(고등동, SJ타워)",16453,,20251109
J10,경기도교육청,수원시,학원,3000048581,글봄독서논술학원,20211028,20211028,개원,        ,99991231,12,18,입시.검정 및 보습,보통교과,,보습·논술, ,Y,N,경기도 수원시 영통구 에듀타운로 102,", B동 512호, 513호 (이의동, 광교중앙역 SK VIEW)",16509,031-546-0918,20231018
J10,경기도교육청,수원시,학원,19059,글쓰기보약국어전문학원,20051018,20051018,개원,        ,99991231,240,40,입시.검정 및 보습,보통교과,"보습,",보습, ,Y,N,경기도 수원시 팔달구 권광로 363, 월드프라자 401호 (우만동),442816,031-214-3220,20231018
J10,경기도교육청,수원시,학원,3000061731,금곡2관이칠이수학학원,20230821,20230821,개원,        ,        ,200,40,입시.검정 및 보습,보통교과,보습,보습, ,Y, ,경기도 수원시 권선구 금곡로118번길 24,", 506호(금곡동, 리치빌딩)",16388,,20260201
J10,경기도교육청,수원시,학원,114617,금곡한울림음악학원,19980508,19980508,개원,        ,99991231,31,69,예능(대),예능(중),"음악,",음악, ,Y,N,경기도 수원시 권선구 금호로 45, 삼익상가 3층 (금곡동),441840,031-295-4133,20231018
J10,경기도교육청,수원시,학원,3683,금란음악학원,19990825,19990825,개원,        ,99991231,30,10,예능(대),예능(중),"음악,",음악, ,Y,N,경기도 수원시 권선구 고산로6번길 45, 대원아파트 상가동 302303호 3층 (고색동),441726,031-296-2955,20231018
J10,경기도교육청,수원시,학원,3000038896,금호에이스영수학원,20181211,20181211,개원,        ,99991231,125,31,입시.검정 및 보습,보통교과,"보습,",보습, ,Y,N,경기도 수원시 권선구 칠보로 138,", 201호 (호매실동)",16401,,20231018
J10,경기도교육청,수원시,학원,3000054636,기둥수학학원,20230315,20230315,개원,        ,99991231,0,0,입시.검정 및 보습,보통교과,,보습, ,Y,N,경기도 수원시 영통구 덕영대로 1470,", 602호 (망포동, 망포역 플래티넘베이스)",16685,null,20240804
J10,경기도교육청,수원시,학원,3000075610,기탄사고력교실북수원자이마루학원,20250811,20250811,개원,        ,        ,120,30,입시.검정 및 보습,보통교과,보습,보습, ,Y, ,경기도 수원시 장안구 장안로 272,", 4층 전체(정자동)",16337,,20250907
J10,경기도교육청,수원시,학원,3000055361,기파랑문해원수원광교학원,20230524,20230524,개원,        ,99991231,0,0,입시.검정 및 보습,보통교과,,보습, ,Y,N,경기도 수원시 영통구 도청로17번길 40,", 404호, 405호 (이의동)",16509,031-2112-103,20231030
J10,경기도교육청,수원시,학원,3000062772,기파랑문해원수원망포국어학원,20231127,20231127,개원,        ,        ,200,40,입시.검정 및 보습,,,, ,Y,N,경기도 수원시 영통구 태장로7번길 57,"202호(망포동, 영통 플래티넘베이스 디)",16685,,20251221
J10,경기도교육청,수원시,학원,3000047335,기파랑문해원수원정자학원,20210621,20210621,개원,        ,99991231,240,60,입시.검정 및 보습,보통교과,보습,보습, ,Y,N,경기도 수원시 장안구 대평로 86,"603호, 604호(정자동, 화이트쇼핑몰)",16334,031-247-1935,20250615
J10,경기도교육청,수원시,학원,3000047628,기파랑문해원영통중등학원,20210721,20210721,개원,        ,99991231,80,40,입시.검정 및 보습,,"보습,",, ,Y,N,경기도 수원시 영통구 반달로7번길 6,", 804호 (영통동, 센타프라자)",16704,null,20251019
J10,경기도교육청,수원시,학원,3000040027,기파랑문해원영통초등학원,20190320,20190320,개원,        ,99991231,38,47,입시.검정 및 보습,,,, ,Y,N,경기도 수원시 영통구 봉영로 1587,", 5층 504호 전체 (영통동, 다모아프라자)",16703,,20240331
J10,경기도교육청,수원시,학원,3000071972,기파랑문해원중등2관학원,20240924,20240924,개원,        ,        ,231,77,입시.검정 및 보습,,,, ,Y, ,경기도 수원시 영통구 반달로7번길 6,", 704호(영통동, 센타프라자)",16704,010-8328-6605,20250406
J10,경기도교육청,수원시,학원,3000044610,길진도장기능사전문학원,20200716,20200716,개원,        ,99991231,36,12,직업기술,산업기반기술,건축,건축, ,Y,N,경기도 수원시 장안구 장안로 26,", 3층 일부 (영화동, 영진빌딩)",16272,null,20251123
J10,경기도교육청,수원시,학원,35589,김대영영어전문학원,20090717,20090717,개원,        ,99991231,90,72,입시.검정 및 보습,보통교과,"보습,",보습, ,Y,N,경기도 수원시 팔달구 권광로276번길 9,  외1필지 삼성아파트 상가동 301호~302호 (인계동),442828,031-216-8305,20250302
J10,경기도교육청,수원시,학원,3000030161,김대중클리닉영어학원,20160909,20160909,개원,        ,99991231,60,30,입시.검정 및 보습,보통교과,보습,보습, ,Y,N,경기도 수원시 장안구 대평로 74,", 401호 (정자동)",16334,031-548-1678,20260405
J10,경기도교육청,수원시,학원,3000026118,김명기수학학원,20150821,20150821,개원,        ,99991231,116,30,입시.검정 및 보습,보통교과,보습,보습, ,Y,N,경기도 수원시 영통구 매탄로108번길 16,", 502호 (매탄동, 엔타운)",443848,031-225-8853,20260405
J10,경기도교육청,수원시,학원,23418,김명신음악학원,20060828,20060828,개원,        ,99991231,30,15,예능(대),예능(중),,음악, ,Y,N,경기도 수원시 팔달구 권광로180번길 19,  3층 (인계동),442835,031-235-8899,20260426
J10,경기도교육청,수원시,학원,3000026903,김문호수학학원,20151120,20151120,개원,        ,99991231,508,175,입시.검정 및 보습,보통교과,보습,보습, ,Y,N,경기도 수원시 영통구 봉영로 1612,", 515호, 614호 (영통동)",16704,031-204-0273,20250914
J10,경기도교육청,수원시,학원,22538,김보민영어학원,20060614,20060614,개원,        ,99991231,150,70,국제화,외국어,"실용외국어(유아/초·중·고),",실용외국어(유아/초·중·고), ,Y,N,경기도 수원시 영통구 영통로 136,", 304호 (망포동 386, 센트럴타워)",16691,031-203-4852,20231018
J10,경기도교육청,수원시,학원,3000015348,김샘교육학원,20120604,20120604,개원,        ,99991231,486,300,입시.검정 및 보습,보통교과,"보습,",보습, ,Y,N,경기도 수원시 팔달구 인계로 134,", 4층 전체 (인계동)",442834,031-237-2266,20260426
J10,경기도교육청,수원시,학원,3000049374,김선희댄스스포츠학원,20211229,20211229,개원,        ,99991231,40,75,기예(대),기예(중),,댄스, ,Y,N,경기도 수원시 영통구 매여울로40번길 77,", 4층 (매탄동, 동명빌딩)",16525,,20231018
J10,경기도교육청,수원시,학원,3000074787,김앤박수학입시학원,20250708,20250708,개원,        ,        ,180,90,입시.검정 및 보습,,,, ,Y,N,경기도 수원시 영통구 에듀타운로 25,", 203호(이의동, 명품프라자)",16509,,20251026
J10,경기도교육청,수원시,학원,3000045978,김영편입자연계전문관학원,20210125,20210125,개원,        ,99991231,1300,100,인문사회(대),인문사회(중),대학편입,대학편입, ,Y,N,경기도 수원시 팔달구 덕영대로 923-1,", 4층 402호 일부 (매산로1가, 새수원 빌딩)",16461,031-257-7033,20250302
J10,경기도교육청,수원시,학원,115466,김영편입학원,20010705,20010705,개원,        ,99991231,2300,241,인문사회(대),인문사회(중),대학편입,대학편입, ,Y,N,경기도 수원시 팔달구 덕영대로 923-1,", 501호 일부 (매산로1가, 새수원 빌딩)",16461,031-257-7033,20250302
J10,경기도교육청,수원시,학원,3000068506,김영현수학학원,20240405,20240405,개원,        ,        ,200,50,입시.검정 및 보습,,,, ,Y,N,경기도 수원시 영통구 웰빙타운로49번길 18,", 3층 일부(이의동)",16224,,20250316
J10,경기도교육청,수원시,학원,3000017542,김영현음악학원,20121231,20121227,개원,        ,99991231,205,40,예능(대),예능(중),"음악,",음악, ,Y,N,경기도 수원시 권선구 금곡로 112,", 404호,405호(이수프라자) (금곡동)",16388,031-292-8580,20231018
J10,경기도교육청,수원시,학원,3000073414,김윤미국어전문학원,20250214,20250214,개원,        ,        ,200,50,입시.검정 및 보습,보통교과,보습,보습, ,Y, ,경기도 수원시 영통구 영통로 107,", 4층 일부(403호, 망포동)",16687,,20251221
J10,경기도교육청,수원시,학원,1543,김은선플룻음악학원,20020913,20020913,개원,        ,99991231,100,20,예능(대),예능(중),음악,음악, ,Y,N,경기도 수원시 영통구 매탄로 102,", 503호 (매탄동 1261-2외1필지, 이삭프라자)",16545,031-211-7303,20240804
J10,경기도교육청,수원시,학원,3000036643,김재용애견미용학원,20180413,20180413,개원,        ,99991231,100,40,직업기술,일반서비스,애견미용,애견미용, ,Y,N,경기도 수원시 영통구 매여울로40번길 37,", 4층 (매탄동, 영광빌딩)",16525,,20260201
J10,경기도교육청,수원시,학원,3000050499,김종호수학학원,20220321,20220321,개원,        ,99991231,0,0,입시.검정 및 보습,보통교과,,보습, ,Y,N,경기도 수원시 영통구 봉영로 1612,", 706호 (영통동, 보보스프라자)",16704,,20231018
J10,경기도교육청,수원시,학원,3000023930,김주은영어학원,20150106,20150106,개원,        ,99991231,90,30,국제화,외국어,,실용외국어(유아/초·중·고), ,Y,N,경기도 수원시 장안구 대평로 86,", 602호(정자동, 화이트쇼핑몰)",16334,,20241215
J10,경기도교육청,수원시,학원,3000011306,김창훈수학학원,20110531,20110531,개원,20140430,20140506,33,60,입시.검정 및 보습,보통교과,"보습,",보습, ,Y,N,경기도 수원시 영통구 청명로 87,", 3층 (영통동)",16705,031-204-9001,20231030
J10,경기도교육청,수원시,학원,34725,김채웅미술학원,20090415,20090415,개원,        ,99991231,517,55,예능(대),예능(중),미술,미술, ,Y,N,경기도 수원시 장안구 화산로 87,  천천푸르지오 근린생활시설-1 401 402 403호 (천천동),440330,031-256-3235,20260201
J10,경기도교육청,수원시,학원,3000061864,김홍수영어전문학원,20230830,20230830,개원,        ,        ,90,30,입시.검정 및 보습,,,, ,Y,N,경기도 수원시 영통구 영통로 136,"606호(망포동, 센트럴타워)",16691,,20231018
J10,경기도교육청,수원시,학원,3000039722,김홍중음악학원,20190227,20190227,개원,        ,99991231,160,17,예능(대),예능(중),,음악, ,Y,N,경기도 수원시 영통구 광교호수공원로 80,", 2층 254호, 255호, 256호 전체 (원천동, 광교아이파크)",16514,031-211-8225,20231018
J10,경기도교육청,수원시,학원,3000041490,꼬끌리플로리스트학원,20190812,20190812,개원,        ,99991231,429,40,기예(대),기예(중),,"공예(종이접기,꽃꽂이,꽃기예)", ,Y,N,경기도 수원시 팔달구 향교로47번길 2,", 2층 일부, 4층 일부 (매산로2가, 한림빌딩)",16456,031-547-9585,20260208
J10,경기도교육청,수원시,학원,3000046052,꽉찬수학학원,20210205,20210205,개원,        ,99991231,192,30,입시.검정 및 보습,,"보습,",, ,Y,N,경기도 수원시 팔달구 권광로 363,", 202호 (우만동, 월드프라자)",16494,,20250831
J10,경기도교육청,수원시,학원,3000040061,꿈꾸는그리미미술학원,20190322,20190322,개원,        ,99991231,19,19,예능(대),예능(중),,미술, ,Y,N,경기도 수원시 장안구 정자로41번길 12,", 2층, 207호 208호 209호 (천천동, 비단마을 신명아파트)",16323,,20231018
J10,경기도교육청,수원시,학원,3000028132,꿈꾸는피아니스트꿈피음악학원,20160303,20160303,개원,        ,99991231,178,33,예능(대),예능(중),,음악, ,Y,N,경기도 수원시 장안구 이목로 24-3,", 405호 (정자동)",16336,,20241229
J10,경기도교육청,수원시,학원,3000020890,꿈스케치미술학원,20140228,20140228,개원,        ,99991231,80,20,예능(대),예능(중),"미술,",미술, ,Y,N,경기도 수원시 영통구 영통로 154번길 60,", 402호 (망포동)",443400,031-2362-368,20231018
J10,경기도교육청,수원시,학원,3000043131,꿈의발걸음영수학원,20200115,20200115,개원,        ,99991231,172,48,입시.검정 및 보습,보통교과,"보습,",보습, ,Y,N,경기도 수원시 권선구 동수원로145번길 23,", 106호, 107호 (권선동, 수원아이파크시티4단지)",16664,,20231018
J10,경기도교육청,수원시,학원,3000076615,끝내주는수학학원,20251201,20251201,개원,        ,        ,105,35,입시.검정 및 보습,,,, ,Y, ,경기도 수원시 영통구 영통로 136,", 309호(망포동, 센트럴타워)",16691,,20251207
J10,경기도교육청,수원시,학원,3000026117,나다고등국어논술학원,20150821,20150821,개원,        ,99991231,150,45,입시.검정 및 보습,보통교과,"보습,",보습, ,Y,N,경기도 수원시 영통구 청명남로 21,", 705호 (영통동, 아셈프라자)",443814,,20231018
J10,경기도교육청,수원시,학원,3000064036,나다국어학원,20240105,20240105,개원,        ,        ,120,60,입시.검정 및 보습,,,, ,Y, ,경기도 수원시 영통구 청명남로 21,"405호(영통동, 아셈프라자)",16704,,20250316
J10,경기도교육청,수원시,학원,24381,나다논술학원,20061109,20061109,개원,20150921,20150927,34,40,입시.검정 및 보습,보통교과,"보습,보습·논술,",보습, ,Y,N,경기도 수원시 영통구 청명남로 21,  아셈프라자 708호 (영통동),443470,031-206-8082,20231018
J10,경기도교육청,수원시,학원,3000039984,나무그루이관보습논술학원,20190315,20190315,개원,        ,99991231,186,28,입시.검정 및 보습,,"보습,보습·논술,",, ,Y,N,경기도 수원시 영통구 매영로310번길 46,", 5층 503호 일부(좌측) (영통동)",16697,031-202-5135,20231018
J10,경기도교육청,수원시,학원,40292,나무미술학원,20100322,20100319,개원,        ,99991231,80,25,예능(대),예능(중),"미술,",미술, ,Y,N,경기도 수원시 영통구 덕영대로1555번길 13,  세일빌딩 5층 503호 (영통동),443812,031-206-1995,20231018
J10,경기도교육청,수원시,학원,3000046184,나무뷰티미용학원,20210223,20210223,개원,        ,99991231,1630,30,직업기술,산업응용기술,이·미용,이·미용, ,Y,N,경기도 수원시 팔달구 향교로 139,", 3층 전체 (교동)",16463,,20260201
J10,경기도교육청,수원시,학원,3000032634,나비가레영어전문학원,20170403,20170403,개원,        ,99991231,30,45,입시.검정 및 보습,보통교과,,보습, ,Y,N,경기도 수원시 영통구 청명남로 16,",  4층 전체 (영통동)",16705,,20250316
J10,경기도교육청,수원시,학원,3000048160,나비발레학원,20210914,20210914,개원,        ,99991231,120,15,예능(대),예능(중),,무용, ,Y,N,경기도 수원시 영통구 봉영로 1623,", 203호 전체, 204호 일부 (영통동, 드림피아빌딩)",16703,,20250727
J10,경기도교육청,수원시,학원,3000075898,나인플러스학원,20250909,20250909,개원,        ,        ,160,40,입시.검정 및 보습,,,, ,Y, ,경기도 수원시 팔달구 팔달문로130번길 69,(우만동) 406호,16240,,20250914
J10,경기도교육청,수원시,학원,3000017711,나임음악학원,20130202,20130204,개원,        ,99991231,175,10,예능(대),예능(중),"음악,",음악, ,Y,N,경기도 수원시 영통구 인계로 218,", 3층 전체 (매탄동923-14)",443806,,20231018
J10,경기도교육청,수원시,학원,3000049132,날개달기학원,20211213,20211213,개원,        ,99991231,60,25,입시.검정 및 보습,보통교과,,보습, ,Y,N,경기도 수원시 장안구 만석로19번길 11-7,", 302호 (천천동, 대일)",16329,,20250727
J10,경기도교육청,수원시,학원,3000053929,남달라학원,20230125,20230125,개원,        ,99991231,400,80,입시.검정 및 보습,보통교과,보습,보습, ,Y,N,경기도 수원시 팔달구 효원로55번길 49,", 4층 일부(402호, 403호) (매교동, 매교리얼티)",16464,,20260201
J10,경기도교육청,수원시,학원,3000028842,남쌤의그릿수학학원,20160504,20160504,개원,        ,99991231,210,30,입시.검정 및 보습,보통교과,보습,보습, ,Y,N,경기도 수원시 장안구 대평로 80,", 311호 (정자동)",16334,031-245-0578,20250427
J10,경기도교육청,수원시,학원,3000067985,내가만든그림책광교학원,20240228,20240228,개원,        ,        ,45,15,예능(대),,,, ,Y,N,경기도 수원시 영통구 법조로 25,", 근린생활 233호, 234호(하동, 광교 SK VIEW Lake A)",16514,,20260201
J10,경기도교육청,수원시,학원,3000050140,내공캐쳐영수학원,20220223,20220223,개원,        ,99991231,90,72,입시.검정 및 보습,보통교과,,보습, ,Y,N,경기도 수원시 장안구 장안로 226,", 4층 2호(정자동, 동신아파트상가동)",16340,,20250323
J10,경기도교육청,수원시,학원,3000038920,넘버원색소폰학원,20181212,20181212,개원,        ,99991231,3,17,기예(대),기예(중),"실용음악(성악),",실용음악(성악), ,Y,N,경기도 수원시 권선구 금곡로196번길,", 62, 506호 (금곡동)",16397,,20231018
J10,경기도교육청,수원시,학원,3000064111,네스수학학원,20240110,20240110,개원,        ,        ,180,60,입시.검정 및 보습,,,, ,Y, ,경기도 수원시 영통구 영통로 215,",3층 일부(303호, 영통동)",16698,,20251123
J10,경기도교육청,수원시,학원,3000064112,네스스파르타학원,20240110,20240110,개원,        ,        ,75,25,입시.검정 및 보습,,,, ,Y, ,경기도 수원시 영통구 영통로 215,"3층 일부(302호, 영통동)",16698,,20251123
J10,경기도교육청,수원시,학원,3000074062,네스에듀5관학원,20250417,20250417,개원,        ,        ,0,120,입시.검정 및 보습,,,, ,Y, ,경기도 수원시 영통구 영통로214번길 9,", 601호, 602호(영통동, 서린프라자)",16698,,20250810
J10,경기도교육청,수원시,학원,3000077232,넥톤영어학원,20260123,20260123,개원,        ,        ,120,30,입시.검정 및 보습,,,, ,Y, ,경기도 수원시 영통구 반달로7번길 40,", 609호, 610호(영통동, 평익칼라스위트)",16704,,20260201
J10,경기도교육청,수원시,학원,3000027814,노리가베수학학원,20160202,20160202,개원,        ,99991231,60,24,기타(대),기타(중),"기타(소),",기타(소), ,Y,N,경기도 수원시 영통구 봉영로1770번길 21,", 201호, 202호, 203호 (영통동, 신명아파트)",16713,,20231018
J10,경기도교육청,수원시,학원,3000030748,노블학원,20161116,20161116,개원,        ,99991231,40,55,입시.검정 및 보습,보통교과,보습,보습, ,Y,N,경기도 수원시 장안구 금당로 42,", 602호 (조원동, 그린프라자)",16282,,20240707
J10,경기도교육청,수원시,학원,3000068664,노씨데브원격학원,20240423,20240423,개원,        ,        ,500,50,기타(대),,,, ,Y, ,경기도 수원시 영통구 영일로6번길 7,3층 일부(영통동),16702,,20250316
J10,경기도교육청,수원시,학원,3000076935,노아아트미술학원,20251229,20251229,개원,        ,        ,75,15,예능(대),,,, ,Y, ,경기도 수원시 팔달구 팔달로 69,"301호(고등동, 수원라임스퀘어 주건축물제1동)",16452,,20260201
J10,경기도교육청,수원시,학원,115763,노아클래식관인음악학원,20020520,20020520,개원,        ,99991231,40,10,예능(대),예능(중),"음악,",음악, ,Y,N,경기도 수원시 영통구 태장로82번길 32,", 망포마을 동수원 엘지빌리지상가동 3층 310호,311호 (망포동)",443706,031-206-7778,20250209
J10,경기도교육청,수원시,학원,3000038888,노엘뮤즈음악학원,20181206,20181206,개원,        ,99991231,54,26,예능(대),예능(중),음악,음악, ,Y,N,경기도 수원시 권선구 서수원로47번길 9,", 2층 일부 (오목천동)",16640,null,20260405
J10,경기도교육청,수원시,학원,3000047750,논증하는사자수학학원,20210802,20210802,개원,        ,99991231,40,24,입시.검정 및 보습,보통교과,,보습, ,Y,N,경기도 수원시 영통구 태장로7번길 57,",  203호 (망포동)",16685,null,20250427
J10,경기도교육청,수원시,학원,1530,논증하는사자영통수학학원,20021121,20021121,개원,        ,99991231,200,100,입시.검정 및 보습,보통교과,보습,보습, ,Y,N,경기도 수원시 영통구 청명남로 21,"704호 (영통동, 아셈프라자)",443470,031-203-0420,20250810
J10,경기도교육청,수원시,학원,3000052742,논증하는사자황골수학학원,20221020,20221020,개원,        ,99991231,30,24,입시.검정 및 보습,보통교과,,보습, ,Y,N,경기도 수원시 영통구 영통로 505,", 301호 (영통동, 정원빌딩)",16706,,20231018
J10,경기도교육청,수원시,학원,114190,높은꿈학원,19961107,19961107,개원,        ,99991231,135,72,입시.검정 및 보습,보통교과,,보습, ,Y,N,경기도 수원시 권선구 세권로304번길 44,  삼성프라자 4층 401호 전체 (권선동),441885,031-205-9393,20250302
J10,경기도교육청,수원시,학원,35165,눈높이러닝센터권선학원,20090603,20090603,개원,        ,99991231,1358,45,입시.검정 및 보습,보통교과,보습,보습, ,Y,N,경기도 수원시 권선구 세권로 211,", 4층 (권선동)",441824,031-224-9109,20250831
J10,경기도교육청,수원시,학원,3000028342,눈높이러닝센터다솔학원,20160316,20160316,개원,        ,99991231,2950,90,입시.검정 및 보습,보통교과,,보습, ,Y,N,경기도 수원시 장안구 이목로 24-3,", 309호 및 310-2호 (정자동)",16336,031-271-9109,20240616
J10,경기도교육청,수원시,학원,3000015005,눈높이러닝센터망포학원,20120425,20120425,개원,        ,99991231,1626,40,입시.검정 및 보습,보통교과,보습,보습, ,Y,N,경기도 수원시 영통구 태장로 73,", 201호 (망포동,정석 그린프라자)",443400,031-202-9109,20240929
J10,경기도교육청,수원시,학원,3000014007,눈높이러닝센터매탄학원,20120207,20120207,개원,        ,99991231,1504,42,입시.검정 및 보습,보통교과,보습,보습, ,Y,N,경기도 수원시 영통구 인계로220번길 6-3,", 3층 (매탄동)",16543,031-215-9509,20250831
J10,경기도교육청,수원시,학원,3000024669,눈높이러닝센터명당학원,20150318,20150318,개원,        ,99991231,638,77,입시.검정 및 보습,보통교과,보습,보습, ,Y,N,경기도 수원시 권선구 동수원로242번길 22,", 3층 전체(센타프라자) (권선동)",441885,031-232-9108,20250831
J10,경기도교육청,수원시,학원,39681,눈높이러닝센터숙지학원,20100208,20100208,개원,        ,99991231,1674,15,입시.검정 및 보습,보통교과,,보습, ,Y,N,경기도 수원시 팔달구 동말로25번길 96,", 4층 (화서동)",442867,031-256-9109,20240616
J10,경기도교육청,수원시,학원,3000032635,눈높이러닝센터신풍학원,20170404,20170404,개원,        ,99991231,1733,45,입시.검정 및 보습,보통교과,보습,보습, ,Y,N,경기도 수원시 영통구 도청로17번길 34,",  203호 204호(에듀메디컬) (이의동)",16509,,20260201
J10,경기도교육청,수원시,학원,3000026939,눈높이러닝센터영통학원,20151125,20151125,개원,        ,99991231,1753,90,입시.검정 및 보습,보통교과,보습,보습, ,Y,N,경기도 수원시 영통구 덕영대로1555번길 13,", 504호 (영통동)",16698,031-205-9109,20260201
J10,경기도교육청,수원시,학원,3000017378,눈높이러닝센터오목천학원,20130107,20130104,개원,        ,99991231,778,36,입시.검정 및 보습,보통교과,보습,보습, ,Y,N,경기도 수원시 권선구 삼천병마로1598번길 42,", 3층 전체 (오목천동)",441849,031-292-9509,20241222
J10,경기도교육청,수원시,학원,38622,눈높이러닝센터원천학원,20091118,20091118,개원,        ,99991231,1453,62,입시.검정 및 보습,보통교과,보습,보습, ,Y,N,경기도 수원시 영통구 매영로 143,", 301호 (원천동, 원천원흥프라자)",16519,031-237-9090,20260201
J10,경기도교육청,수원시,학원,38530,눈높이러닝센터조원학원,20091028,20091028,개원,        ,99991231,1973,68,입시.검정 및 보습,보통교과,,보습, ,Y,N,경기도 수원시 장안구 금당로 42,  외1필지 그린프라자 201호 (조원동),440847,031-253-9509,20260405
J10,경기도교육청,수원시,학원,34314,눈높이러닝센터청명학원,20090316,20090316,개원,        ,99991231,853,97,입시.검정 및 보습,보통교과,보습,보습, ,Y,N,경기도 수원시 영통구 봉영로1759번길 8-9,", 7층 전체 (영통동 946-5)",16712,031-273-9109,20260201
J10,경기도교육청,수원시,학원,3000032353,눈높이러닝센터칠보학원,20170316,20170316,개원,        ,99991231,1333,120,입시.검정 및 보습,보통교과,보습,보습, ,Y,N,경기도 수원시 권선구 금곡로102번길 20,", 505호 (금곡동, 센타프라자)",16385,031-293-0509,20241222
J10,경기도교육청,수원시,학원,41788,눈높이러닝센터한일학원,20100707,20100709,개원,        ,99991231,1325,36,입시.검정 및 보습,보통교과,,보습, ,Y,N,경기도 수원시 장안구 경수대로 940, 일호골든타워 124호 (조원동),440200,031-247-9090,20240616
J10,경기도교육청,수원시,학원,37749,눈높이러닝센터호매실학원,20091005,20091005,개원,        ,99991231,713,60,입시.검정 및 보습,보통교과,보습,보습, ,Y,N,경기도 수원시 권선구 칠보로235번길 23,", 4층 일부 (호매실동 88)",16395,031-293-9109,20241222
J10,경기도교육청,수원시,학원,3000033883,눈높이베스트천천학원,20170804,20170804,개원,        ,99991231,1868,15,입시.검정 및 보습,보통교과,보습,보습, ,Y,N,경기도 수원시 장안구 만석로19번길 11-2,", 천경빌딩 502호,503호 (천천동)",16329,031-271-0951,20250302
J10,경기도교육청,수원시,학원,3000037193,눈높이정자명인학원,20180618,20180618,개원,        ,99991231,1703,54,입시.검정 및 보습,보통교과,,보습, ,Y,N,경기도 수원시 장안구 수성로 253,", 3층 전체 (정자동, 정자메디컬센터)",16317,,20251123
J10,경기도교육청,수원시,학원,3000023436,눈송이음악학원,20141124,20141124,개원,        ,99991231,110,25,예능(대),예능(중),,음악, ,Y,N,경기도 수원시 팔달구 화양로38번길 17,", 501호 (화서동)",442864,031-256-0177,20260201
J10,경기도교육청,수원시,학원,3000034129,뉴레몬트리음악학원,20170904,20170904,개원,        ,99991231,425,60,예능(대),예능(중),음악,음악, ,Y,N,경기도 수원시 장안구 이목로 24,", 604동 201호·202호(공용면적포함) (정자동, 수원 SK SKY VIEW)",16336,,20260201
J10,경기도교육청,수원시,학원,2184,뉴루체음악학원,19991113,19991113,개원,        ,99991231,126,24,예능(대),예능(중),"음악,",음악, ,Y,N,경기도 수원시 권선구 일월천로16번길 39,", 304호 (구운동, 코오롱하늘채아파트)",16413,031-292-6822,20240929
J10,경기도교육청,수원시,학원,3000068465,뉴매쓰우만학원,20240401,20240401,개원,        ,        ,246,82,입시.검정 및 보습,보통교과,보습,보습, ,Y, ,경기도 수원시 팔달구 중부대로223번길 9,", 2층 일부(우만동, 순경빌딩)",16498,010-8730-4229,20260405
J10,경기도교육청,수원시,학원,3000033206,뉴매쓰학원,20170608,20170608,개원,        ,99991231,159,120,입시.검정 및 보습,보통교과,보습,보습, ,Y,N,경기도 수원시 팔달구 중부대로223번길 15,", 5층 (우만동)",16498,null,20260405
J10,경기도교육청,수원시,학원,3000021661,뉴멜로디음악학원,20140516,20140516,개원,        ,99991231,70,13,예능(대),예능(중),,음악, ,Y,N,경기도 수원시 권선구 입북로77번길 61,", 203호~204호 (입북동,서수원레이크푸르지오2단지 상가동)",441470,031-278-4812,20250622
J10,경기도교육청,수원시,학원,3000073095,뉴블랙수학학원,20250109,20250109,개원,        ,        ,105,35,입시.검정 및 보습,보통교과,보습,보습, ,Y,N,경기도 수원시 영통구 법조로 25,", 514호, 1215호(하동, 광교 SK VIEW Lake A)",16514,,20260405
J10,경기도교육청,수원시,학원,1625,뉴비엔나음악학원,20020109,20020109,개원,        ,99991231,96,9,예능(대),예능(중),음악,음악, ,Y,N,경기도 수원시 장안구 금당로 36,", 3층 (조원동)",16282,031-253-5779,20231018
J10,경기도교육청,수원시,학원,43949,뉴빛학원,20110112,20110107,개원,        ,99991231,140,60,입시.검정 및 보습,보통교과,,보습, ,Y,N,경기도 수원시 권선구 세권로207번길 2,", 2층 (권선동)",16568,031-233-1935,20260201
J10,경기도교육청,수원시,학원,24372,뉴소리엘음악학원,20061103,20061103,개원,        ,99991231,62,18,예능(대),,"음악,",, ,Y,N,경기도 수원시 권선구 오목천로 31,  203호 2층 (오목천동),441849,031-293-7946,20231018
J10,경기도교육청,수원시,학원,3000033588,뉴쇼팽음악학원,20170710,20170710,개원,        ,99991231,20,20,예능(대),예능(중),,음악, ,Y,N,경기도 수원시 권선구 금곡로212번길 14,", 거성프라자 603호 (금곡동)",16393,,20231018
J10,경기도교육청,수원시,학원,15481,뉴스터디학원,20050328,20050328,개원,        ,99991231,242,106,입시.검정 및 보습,보통교과,"보습,",보습, ,Y,N,경기도 수원시 영통구 영통로 136, 센트럴타워 302호일부 303호 (망포동),443400,031-202-3877,20231018
J10,경기도교육청,수원시,학원,34819,뉴아마빌레음악학원,20090501,20090501,개원,        ,99991231,45,14,예능(대),예능(중),,음악, ,Y,N,경기도 수원시 장안구 화산로 87,  천천푸르지오 근린생활시설1 408 409 410호 (천천동),440330,031-292-7675,20250202
J10,경기도교육청,수원시,학원,3000021699,뉴엔젤음악학원,20140520,20140520,개원,        ,99991231,144,10,예능(대),예능(중),음악,음악, ,Y,N,경기도 수원시 권선구 입북로77번길 61,", 205호~206호 일부 (입북동,서수원레이크푸르지오2단지 상가동)",441470,,20250810
J10,경기도교육청,수원시,학원,3000069333,뉴엘르뮤직해적단학원,20240701,20240701,개원,        ,        ,120,30,예능(대),예능(중),,음악, ,Y, ,경기도 수원시 팔달구 매산로 102,", 701호(교동, 매산타워)",16464,010-7913-7772,20260201
J10,경기도교육청,수원시,학원,3000046147,뉴욕실용음악제이관학원,20210217,20210217,개원,        ,99991231,294,18,예능(대),예능(중),"음악,",음악, ,Y,N,경기도 수원시 팔달구 권광로276번길 9,", 204호,205호 (인계동, 삼성아파트)",16533,,20231018
J10,경기도교육청,수원시,학원,3000023686,뉴욕실용음악학원,20141212,20141212,개원,        ,99991231,795,25,예능(대),예능(중),"음악,",음악, ,Y,N,경기도 수원시 팔달구 권광로276번길 4,", 6층 일부 (601호) (인계동, 성우프라자)",442828,031-217-1143,20231018
J10,경기도교육청,수원시,학원,3000017412,뉴이화음악학원,20130115,20130115,개원,        ,99991231,595,14,예능(대),예능(중),음악,음악, ,Y,N,경기도 수원시 영통구 센트럴타운로100번길 8,", 401호 전체 (이의동)",16505,031-214-3088,20240310
J10,경기도교육청,수원시,학원,3000055362,뉴젠학원,20230524,20230524,개원,        ,99991231,240,65,입시.검정 및 보습,보통교과,보습,보습, ,Y,N,경기도 수원시 영통구 도청로17번길 40,", 401호, 402호 (이의동)",16509,,20260308
J10,경기도교육청,수원시,학원,1747,뉴칸타빌레음악학원,20010618,20010618,개원,        ,99991231,200,50,예능(대),예능(중),"음악,",음악, ,Y,N,경기도 수원시 장안구 경수대로976번길 22, 수원한일타운 제분산상가 2동 201호호 202호 (조원동),440200,031-244-6862,20231018
J10,경기도교육청,수원시,학원,3000044268,뉴클래식에비뉴음악학원,20200525,20200525,개원,        ,99991231,60,12,예능(대),예능(중),,음악, ,Y,N,경기도 수원시 팔달구 중부대로183번길 27,", 201호, 202호 (우만동, 동수원신도브래뉴)",16494,,20231018
J10,경기도교육청,수원시,학원,3000042454,뉴탑영어학원,20191122,20191122,개원,        ,99991231,54,69,입시.검정 및 보습,보통교과,"보습,",보습, ,Y,N,경기도 수원시 영통구 인계로 239,", 2층 201호 일부 (매탄동, 매탄성일아파트 상가-2)",16537,,20231018
J10,경기도교육청,수원시,학원,115102,뉴탑올림피아드학원,20000304,20000304,개원,        ,99991231,734,60,입시.검정 및 보습,보통교과,"보습,",보습, ,Y,N,경기도 수원시 장안구 정자천로188번길 73,", 2층 전체 (정자동)",16315,031-248-7761,20231018
J10,경기도교육청,수원시,학원,115170,뉴홍익학원,20000613,20000613,개원,        ,99991231,140,97,입시.검정 및 보습,보통교과,"보습,",보습, ,Y,N,경기도 수원시 장안구 파장로68번길 15 ,  2층  (파장동),440853,031-246-4861,20231018
J10,경기도교육청,수원시,학원,20207,느루수학학원,20051228,20051228,개원,        ,99991231,120,50,입시.검정 및 보습,보통교과,,보습, ,Y,N,경기도 수원시 영통구 태장로 73,", 403호, 604호(망포동, 정석그린프라자)",443400,031-206-3430,20250525
J10,경기도교육청,수원시,학원,3000019757,늘품국어논술학원,20131031,20131031,개원,        ,99991231,150,54,입시.검정 및 보습,보통교과,"보습,",보습, ,Y,N,경기도 수원시 영통구 효원로 381,", 504호, 505호 (매탄동, 새롬프라자16차)",16545,031-212-1056,20231018
J10,경기도교육청,수원시,학원,3000049242,늘품전과목국어논술학원,20211220,20211220,개원,        ,99991231,0,0,입시.검정 및 보습,보통교과,,보습, ,Y,N,경기도 수원시 권선구 금곡로118번길 24,", 504호 (금곡동, 리치빌딩)",16388,,20250323
J10,경기도교육청,수원시,학원,3000036019,능실공부방학원,20180221,20180221,개원,        ,99991231,169,20,입시.검정 및 보습,보통교과,보습,보습, ,Y,N,경기도 수원시 권선구 호매실로104번길 90,", 302호 (호매실동)",16630,031-292-3797,20240630
J10,경기도교육청,수원시,학원,115781,다능보습학원,20020614,20020614,개원,        ,99991231,350,100,입시.검정 및 보습,보통교과,보습,보습, ,Y,N,경기도 수원시 장안구 조원로 60,", 2층 전부,1층 일부 (조원동)",16282,031-256-7966,20251130
J10,경기도교육청,수원시,학원,2178,다라음악전문학원,19991215,19991215,개원,        ,99991231,36,8,예능(대),예능(중),"음악,",음악, ,Y,N,경기도 수원시 권선구 세화로169번길 56,", 2층 전체 (서둔동)",441853,031-227-2089,20231018
J10,경기도교육청,수원시,학원,3000062385,다비드수학학원,20231023,20231023,개원,        ,        ,45,180,입시.검정 및 보습,보통교과,보습,보습, ,Y,N,경기도 수원시 팔달구 인계로 21,208호(수원센트럴아이파크자이 근린생활시설 제1상가),16475,,20260308
J10,경기도교육청,수원시,학원,3000015215,다산학원,20120518,20120518,개원,        ,99991231,300,120,종합(대),,보습,, ,Y,N,경기도 수원시 권선구 장다리로 36,", 2층,3층,4층,5층 (세류동)",441878,031-2672-700,20260405
J10,경기도교육청,수원시,학원,3000026391,다솔미술학원,20150924,20150924,개원,        ,99991231,87,9,예능(대),예능(중),"미술,",미술, ,Y,N,경기도 수원시 장안구 이목로 24,", 602동 205호전체 204호 일부 (정자동, 수원SK스카이뷰아파트)",440840,031-260-2730,20231018
J10,경기도교육청,수원시,학원,3000076467,다온국어영어학원,20251118,20251118,개원,        ,        ,92,23,입시.검정 및 보습,보통교과,보습,보습, ,Y, ,경기도 수원시 팔달구 정조로 697,"602, 603호(매교동, 마인프라자)",16467,,20260308
J10,경기도교육청,수원시,학원,3000049277,다온수학학원,20211223,20211223,개원,        ,99991231,24,47,입시.검정 및 보습,보통교과,,보습, ,Y,N,경기도 수원시 장안구 이목로 24-9,", 4층 일부 (정자동, SKY ART PLAZA 401호)",16336,,20250720
J10,경기도교육청,수원시,학원,3000068158,다온영어학원,20240311,20240311,개원,        ,        ,185,37,입시.검정 및 보습,,,, ,Y, ,경기도 수원시 팔달구 팔달로 63,", 403호,404호(고등동, 리더스프라자)",16452,010-9855-6604,20250316
J10,경기도교육청,수원시,학원,34786,다올림과학학원,20090421,20090421,개원,        ,99991231,268,38,입시.검정 및 보습,보통교과,보습,보습, ,Y,N,경기도 수원시 장안구 정자천로173번길 17,", 605호 (정자동)",16334,031-269-8964,20251012
J10,경기도교육청,수원시,학원,3000068904,다이브댄스학원,20240516,20240516,개원,        ,        ,150,15,예능(대),,,, ,Y,N,경기도 수원시 영통구 광교중앙로 240," 2층 일부(하동, KJ 프라자)",16512,,20250316
J10,경기도교육청,수원시,학원,3000053120,다이아발레학원,20221122,20221122,개원,        ,99991231,1088,64,예능(대),예능(중),무용,무용, ,Y,N,경기도 수원시 영통구 광교로 146,", 304호 (이의동)",16507,,20250720
J10,경기도교육청,수원시,학원,3000022883,다짐수학학원,20140929,20140929,개원,        ,99991231,800,200,입시.검정 및 보습,보통교과,"보습,",보습, ,Y,N,경기도 수원시 권선구 호매실로90번길 116,", 301호·302호·305호 (호매실동, 블루테라스)",16630,,20260426
J10,경기도교육청,수원시,학원,3000050537,닥터필로스수학학원,20220323,20220323,개원,        ,99991231,20,33,입시.검정 및 보습,보통교과,보습,보습, ,Y,N,경기도 수원시 영통구 광교호수공원로 277,", 1F-025호, 026호, 027호 (원천동, 광교중흥에스클래스 판매시설)",16517,null,20240128
J10,경기도교육청,수원시,학원,35571,단비학원,20090706,20090706,개원,        ,99991231,68,68,입시.검정 및 보습,보통교과,"보습,",보습, ,Y,N,경기도 수원시 장안구 경수대로1032번길 20-9,  1층전체 (파장동),440852,031-8002-5840,20231018
J10,경기도교육청,수원시,학원,29998,단소야국악학원,20080229,20080229,개원,        ,99991231,43,12,예능(대),예능(중),"음악,",음악, ,Y,N,경기도 수원시 영통구 반달로7번길 6,  센타프라자 604호 (영통동),443814,031-204-1003,20250316
J10,경기도교육청,수원시,학원,3000048010,대교솔루니논술학원,20210830,20210830,개원,        ,99991231,36,24,입시.검정 및 보습,보통교과,,보습, ,Y,N,경기도 수원시 영통구 봉영로1770번길 21,", 318호 319호 320호 (영통동, 신명.한국아파트)",16713,,20260426
J10,경기도교육청,수원시,학원,114140,대명수학학원,19960920,19960920,개원,        ,99991231,150,60,입시.검정 및 보습,보통교과,,보습, ,Y,N,경기도 수원시 장안구 장안로 226,  동신상가 307호 (정자동),440839,031-245-3304,20260201
J10,경기도교육청,수원시,학원,23409,대상학원,20060619,20060619,개원,        ,99991231,152,62,입시.검정 및 보습,보통교과,,보습, ,Y,N,경기도 수원시 장안구 송원로 113,", 조원빌딩 3층일부(1,2,3,16,17,18호) (조원동)",440843,031-284-3818,20240929
J10,경기도교육청,수원시,학원,115555,대성제넥스까치보습학원,20011013,20011013,개원,        ,99991231,23,53,입시.검정 및 보습,보통교과,,보습, ,Y,N,경기도 수원시 권선구 여기산로 16,", 2층 전체 (서둔동)",16428,031-294-5877,20240929
J10,경기도교육청,수원시,학원,3000055087,대영수학개별지도학원,20230426,20230426,개원,        ,99991231,0,0,입시.검정 및 보습,보통교과,보습,보습, ,Y,N,경기도 수원시 영통구 센트럴타운로100번길 8,", 201호 (이의동)",16505,,20250302
J10,경기도교육청,수원시,학원,3000017379,대영수학초중등관학원,20130108,20130108,개원,        ,99991231,240,60,입시.검정 및 보습,보통교과,보습,보습, ,Y,N,경기도 수원시 영통구 센트럴타운로100번길 8,", 에이타워 301호전체 (이의동)",443270,031-217-6204,20250302
J10,경기도교육청,수원시,학원,3000042593,대영수학학원,20191205,20191205,개원,        ,99991231,140,70,입시.검정 및 보습,보통교과,"보습,입시,",보습, ,Y,N,경기도 수원시 영통구 센트럴타운로 94,", 5층 501호 일부 (이의동, 앤에스코어빌딩)",16505,null,20240128
J10,경기도교육청,수원시,학원,113951,대원음악미술학원,19960522,19960522,개원,        ,99991231,46,46,종합(대),,"음악,미술,",, ,Y,N,경기도 수원시 권선구 권중로 136 ,"  3층 (권선동, 신동아.대원아파트)",441837,031-223-1566,20231018
J10,경기도교육청,수원시,학원,1867,대인보습학원,20000322,20000322,개원,        ,99991231,60,60,입시.검정 및 보습,보통교과,"보습,",보습, ,Y,N,경기도 수원시 장안구 장안로103번길 62,  2층 전체 (정자동),440832,031-296-8179,20231018
J10,경기도교육청,수원시,학원,3000063782,대치공존독학재수학원,20231218,20231218,개원,        ,        ,120,40,입시.검정 및 보습,,,, ,Y,N,경기도 수원시 영통구 반달로 29,2층 일부(영통동),16705,,20231231
J10,경기도교육청,수원시,학원,3000046789,대치동리드앤톡영어학원,20210423,20210423,개원,        ,99991231,36,20,입시.검정 및 보습,보통교과,,보습, ,Y,N,경기도 수원시 권선구 호매실로104번길 24-70,", 404호 (호매실동,아크미파크)",16630,,20231018
J10,경기도교육청,수원시,학원,3000072616,대치명문깊은생각국풍별관학원,20241204,20241204,개원,        ,        ,100,50,입시.검정 및 보습,,,, ,Y, ,경기도 수원시 권선구 금곡로 116,", 305호(금곡동, 유동타워)",16388,,20241215
J10,경기도교육청,수원시,학원,3000046084,대치명문깊은생각국풍학원,20210208,20210208,개원,        ,99991231,60,100,입시.검정 및 보습,보통교과,,보습, ,Y,N,경기도 수원시 권선구 금곡로 112,", 402, 403, 503, 504호 (금곡동, 이수프라자)",16388,031-294-2719,20241215
J10,경기도교육청,수원시,학원,3000050051,대치명인스카이앤와이키사이언스중고등수학과학전문학원,20220221,20220221,개원,        ,99991231,0,0,입시.검정 및 보습,보통교과,,보습, ,Y,N,경기도 수원시 영통구 도청로89번길 23,", 501호  (이의동, 월드프라자)",16509,031-895-5003,20251026
J10,경기도교육청,수원시,학원,3000076391,대치바른수학피티학원,20251110,20251110,개원,        ,        ,108,27,입시.검정 및 보습,보통교과,보습,보습, ,Y, ,경기도 수원시 장안구 정자천로173번길 17,", 606호(정자동, 투대일타운)",16334,,20251123
J10,경기도교육청,수원시,학원,3000042122,대치본수학제이관학원,20191024,20191024,개원,        ,99991231,21,55,입시.검정 및 보습,보통교과,,보습, ,Y,N,경기도 수원시 영통구 청명남로 8,", 6층 전체 (영통동, 영통동근린생활시설)",16705,,20231018
J10,경기도교육청,수원시,학원,114903,대치비탑영어비탑스터디학원,19990730,19990730,개원,        ,99991231,597,200,국제화,외국어,외국어,외국어, ,Y,N,경기도 수원시 팔달구 인계로 134,", 5층 (인계동,한국인삼공사)",442834,031-225-2666,20260426
J10,경기도교육청,수원시,학원,3000036471,대치선각학원,20180329,20180329,개원,        ,99991231,408,136,입시.검정 및 보습,독서,,독서실(유아/초·중·고), ,Y,N,경기도 수원시 영통구 반달로7번길 6,", 807호전체,808호일부 (영통동, 센타프라자)",16704,031-304-0907,20241117
J10,경기도교육청,수원시,학원,3000010966,대치스마트에듀영통점학원,20110507,20110503,개원,        ,99991231,77,39,입시.검정 및 보습,보통교과,"보습,",보습, ,Y,N,경기도 수원시 영통구 청명로 83,  5층 전체 (영통동),443470,031-202-8451,20231030
J10,경기도교육청,수원시,학원,3000077487,대치에스엔티학원,20260219,20260219,개원,        ,        ,210,70,입시.검정 및 보습,,,, ,Y, ,경기도 수원시 팔달구 월드컵로 205,(우만동) 401호 일부,16497,,20260215
J10,경기도교육청,수원시,학원,13202,대치케이학원,20050105,20050105,개원,        ,99991231,60,60,입시.검정 및 보습,보통교과,"보습,",보습, ,Y,N,경기도 수원시 장안구 만석로19번길 25-6,  701호일부 (천천동),440330,031-269-0527,20250316
J10,경기도교육청,수원시,학원,3000022117,대평영수학원,20140704,20140704,개원,        ,99991231,160,40,입시.검정 및 보습,보통교과,보습,보습, ,Y,N,경기도 수원시 장안구 만석로68번길 10,", 201호, 202호, 204호 (정자동,백설마을 현대.코오롱아파트)",440719,,20251123
J10,경기도교육청,수원시,학원,3000050050,대학을꿈꾸다학원,20220218,20220218,개원,        ,99991231,45,70,입시.검정 및 보습,보통교과,,보습, ,Y,N,경기도 수원시 장안구 대평로90번길 8,", 601호,602호 (정자동, 한빛프라자)",16334,,20231018
J10,경기도교육청,수원시,학원,39482,대한국어전문학원,20100125,20100115,개원,        ,99991231,98,43,입시.검정 및 보습,기타(중),,속독, ,Y,N,경기도 수원시 장안구 경수대로 940,", 일호골든타워1 3층 309호 (조원동)",440200,031-258-8219,20240929
J10,경기도교육청,수원시,학원,3000077928,더(THE)하다사고력학원,20260330,20260330,개원,        ,        ,144,36,입시.검정 및 보습,,,, ,Y, ,경기도 수원시 영통구 광교호수공원로 277,", 1F-009호, 2F-036호(원천동,광교중흥에스클래스)",16517,,20260405
J10,경기도교육청,수원시,학원,3000025796,더국어학원,20150716,20150716,개원,        ,99991231,180,60,입시.검정 및 보습,보통교과,,보습, ,Y,N,경기도 수원시 영통구 영통로 136,", 205호(망포동, 센트럴타워)",16691,,20260201
J10,경기도교육청,수원시,학원,113728,더그레이스음악학원,19941110,19941110,개원,        ,99991231,50,40,예능(대),예능(중),"음악,",음악, ,Y,N,경기도 수원시 장안구 경수대로976번길 41, 이현빌딩 3층 (송죽동),440800,031-258-4083,20231018
J10,경기도교육청,수원시,학원,3000077126,더나은무용학원,20260113,20260113,개원,        ,        ,60,12,예능(대),예능(중),무용,무용, ,Y, ,경기도 수원시 팔달구 권광로 146,(인계동),16491,,20260201
J10,경기도교육청,수원시,학원,3000040211,더댄스스포츠학원,20190404,20190404,개원,        ,99991231,20,75,기예(대),기예(중),,댄스, ,Y,N,경기도 수원시 장안구 팔달로 291,", 2층 (영화동)",16267,,20240929
J10,경기도교육청,수원시,학원,3000026379,더마에스트로수학전문학원,20150922,20150922,개원,        ,99991231,120,40,입시.검정 및 보습,보통교과,,보습, ,Y,N,경기도 수원시 영통구 반달로 26,", 3층 일부(영통동)",16705,,20241117
J10,경기도교육청,수원시,학원,3000074508,더문영어광교중등프라임학원,20250611,20250611,개원,        ,        ,465,155,입시.검정 및 보습,보통교과,보통교과,보통교과, ,Y,N,경기도 수원시 영통구 에듀타운로 102,", 504호~507호(이의동, 광교중앙역 SK VIEW B동)",16509,,20250720
J10,경기도교육청,수원시,학원,3000049328,더문영어학원,20211227,20211227,개원,        ,99991231,400,170,입시.검정 및 보습,보통교과,"보습,",보습, ,Y,N,경기도 수원시 영통구 에듀타운로 102,", 615호~619호, 624호~625호(이의동, 광교중앙역 SKVIEW B동)",16509,,20250518
J10,경기도교육청,수원시,학원,3000022612,더뮤즈음악학원,20140825,20140825,개원,        ,99991231,50,10,예능(대),예능(중),"음악,",음악, ,Y,N,경기도 수원시 장안구 송정로 54,", 5층 일부 (정자동, 정자동 35-3 제1종근린생활시설 (안승현))",440832,,20231018
J10,경기도교육청,수원시,학원,3000052013,더배움터학원,20220804,20220804,개원,        ,99991231,231,40,입시.검정 및 보습,보통교과,"보습,",보습, ,Y,N,경기도 수원시 장안구 금당로 42,", 501호 (조원동, 그린프라자)",16282,031-4977-9926,20231018
J10,경기도교육청,수원시,학원,11593,더베스트영어학원,20081023,20041008,개원,        ,99991231,110,41,입시.검정 및 보습,보통교과,보습,보습, ,Y,N,경기도 수원시 권선구 당진로 23,", 명송프라자 4층일부 (당수동)",441480,,20240303
J10,경기도교육청,수원시,학원,3000077895,더베스트피아노학원,20260325,20260325,개원,        ,        ,60,15,예능(대),,,, ,Y, ,경기도 수원시 영통구 매탄로 102,", 401호(매탄동, 이삭프라자)",16545,,20260405
J10,경기도교육청,수원시,학원,3000046366,더본입시학원,20210312,20210312,개원,        ,99991231,135,74,입시.검정 및 보습,보통교과,보습,보습, ,Y,N,경기도 수원시 권선구 금곡로118번길 24,", 304호, 305호 (금곡동, 리치빌딩)",16388,,20260405
J10,경기도교육청,수원시,학원,3000052162,더봄피아노음악학원 ,20220823,20220823,개원,        ,99991231,30,18,예능(대),예능(중),,음악, ,Y,N,경기도 수원시 팔달구 정조로 667,", 801호 (매교동), 마이온프라자",16467,,20231018
J10,경기도교육청,수원시,학원,3000010569,더블유스카이수학전문학원,20110324,20110324,개원,        ,99991231,136,64,입시.검정 및 보습,보통교과,"보습,",보습, ,Y,N,경기도 수원시 장안구 정자천로 179,  레몬스포렉스 3층 308호 (정자동),440841,,20231018
J10,경기도교육청,수원시,학원,3000032682,더블유씨티어학원,20170411,20170411,개원,        ,99991231,562,50,국제화,외국어,실용외국어(유아/초·중·고),실용외국어(유아/초·중·고), ,Y,N,경기도 수원시 팔달구 덕영대로895번길 3,", 2층 3층 (매산로1가)",16455,,20250427
J10,경기도교육청,수원시,학원,3000052424,더샵푸르넷학원,20220914,20220914,개원,        ,99991231,0,0,입시.검정 및 보습,보통교과,보습,보습, ,Y,N,경기도 수원시 장안구 송정로 189,", 2층 전체 (조원동)",16286,,20250831
J10,경기도교육청,수원시,학원,3000030853,더셀영어학원,20161123,20161123,개원,        ,99991231,14,30,입시.검정 및 보습,보통교과,보습,보습, ,Y,N,경기도 수원시 영통구 매영로 84,", 401-3호(한국아파트 상가) (매탄동)",16542,031-216-0594,20260405
J10,경기도교육청,수원시,학원,3000050689,더수학과학학원,20220405,20220405,개원,        ,99991231,160,80,입시.검정 및 보습,보통교과,보습,보습, ,Y,N,경기도 수원시 영통구 영통로 136,", 307호 (망포동, 센트럴타워)",16691,,20251221
J10,경기도교육청,수원시,학원,3000068238,더시너지학원,20240313,20240313,개원,        ,        ,150,50,입시.검정 및 보습,보통교과,보습,보습, ,Y,N,경기도 수원시 영통구 효원로 381,", 801-2호(매탄동, 새롬프라자16차)",16545,,20251130
J10,경기도교육청,수원시,학원,3000010782,더아트바리스타제과제빵학원,20110420,20110420,개원,        ,99991231,374,94,종합(대),,"식음료품(바리스타,소믈리에)",, ,Y,N,경기도 수원시 팔달구 효원로 303,"406호 일부, 407~408호",442835,031-231-8830,20251012
J10,경기도교육청,수원시,학원,3000074771,더알파(THEALPHA)학원,20250707,20250707,개원,        ,        ,200,50,입시.검정 및 보습,,,, ,Y, ,경기도 수원시 권선구 효원로266번길 25,", 4층 일부(권선동)",16571,,20250720
J10,경기도교육청,수원시,학원,3000045739,더에듀영어초등글로벌캠퍼스학원,20201228,20201228,개원,        ,99991231,123,70,입시.검정 및 보습,보통교과,"보습,",보습, ,Y,N,경기도 수원시 영통구 영통로 136,", 306호 (망포동, 센트럴타워)",16691,031-203-6631,20250316
J10,경기도교육청,수원시,학원,3000055004,더에듀영어학원,20230417,20230417,개원,        ,99991231,42,70,입시.검정 및 보습,보통교과,보습,보습, ,Y,N,경기도 수원시 영통구 영통로 136,", 705호 일부 (망포동, 센트럴타워)",16691,null,20231224
J10,경기도교육청,수원시,학원,3000043970,더엠코드학원,20200407,20200407,개원,        ,99991231,1131,141,입시.검정 및 보습,보통교과,,보통교과, ,Y,N,경기도 수원시 영통구 봉영로 1623,", 208호 일부, 209호, 502호 (영통동, 드림피아빌딩)",16703,,20250302
J10,경기도교육청,수원시,학원,3000047962,더오름수학논술학원,20210824,20210824,개원,        ,99991231,10,25,입시.검정 및 보습,보통교과,,보습, ,Y,N,경기도 수원시 권선구 당진로 18,", 2층일부 201호 (당수동, 우진프라자)",16375,,20240324
J10,경기도교육청,수원시,학원,3881,더와이즈독서실,20031006,20031006,개원,        ,99991231,86,86,독서실,독서,독서실(유아/초·중·고),독서실(유아/초·중·고), ,Y,N,경기도 수원시 장안구 정자천로173번길 11-17,  현대프라자 501호 5층 (정자동),440841,031-255-1143,20251207
J10,경기도교육청,수원시,학원,3000055298,더와이즈스파르타학원,20230517,20230517,개원,        ,99991231,138,23,입시.검정 및 보습,보통교과,,보습, ,Y,N,경기도 수원시 장안구 대평로 80,", 405호 (정자동, 정연메이져1동)",16334,,20251123
J10,경기도교육청,수원시,학원,21548,더웰학원,20060309,20060309,개원,        ,99991231,300,0,종합(대),보통교과,"보습,진학상담지도",보습, ,Y,N,경기도 수원시 권선구 권광로 66," 202호일부, 3층 (권선동)",441824,031-223-1477,20260405
J10,경기도교육청,수원시,학원,19391,더이음음악학원,20051114,20051114,개원,        ,99991231,540,36,예능(대),예능(중),음악,음악, ,Y,N,경기도 수원시 장안구 대평로162번길 19,", 2층 (정자동,큰사랑교회)",440840,031-257-5189,20240421
J10,경기도교육청,수원시,학원,20471,더이화음악학원,20060117,20060117,개원,        ,99991231,552,13,예능(대),예능(중),,음악, ,Y,N,경기도 수원시 영통구 권광로260번길 36,", 207호 (매탄동, 현대힐스테이트아파트 상가1)",16532,031-216-7400,20251109
J10,경기도교육청,수원시,학원,3000050934,더자람영어학원,20220427,20220427,개원,        ,99991231,96,24,입시.검정 및 보습,보통교과,,보습, ,Y,N,경기도 수원시 권선구 호매실로104번길 90,", 1002호 (호매실동)",16630,,20231018
J10,경기도교육청,수원시,학원,3000046448,더잘함수학학원,20210312,20210312,개원,        ,99991231,30,59,입시.검정 및 보습,보통교과,보습,보습, ,Y,N,경기도 수원시 장안구 대평로 86,", 210호 (정자동)",16334,031-269-5251,20231217
J10,경기도교육청,수원시,학원,3000054398,더존학원,20230228,20230228,개원,        ,99991231,60,40,입시.검정 및 보습,보통교과,,보습, ,Y,N,경기도 수원시 권선구 곡반정로 160,", 515호 (곡반정동, 라퍼스트)",16668,,20231018
J10,경기도교육청,수원시,학원,3000030436,더줌영어학원,20161005,20161005,개원,        ,99991231,50,40,입시.검정 및 보습,보통교과,보습,보습, ,Y,N,경기도 수원시 팔달구 수성로182번길 101,", 2층 (화서동)",16435,null,20251012
J10,경기도교육청,수원시,학원,3000049414,더진학원,20211230,20211230,개원,        ,99991231,260,50,입시.검정 및 보습,보통교과,,보습, ,Y,N,경기도 수원시 영통구 도청로89번길 43,", 202호 (이의동, 에듀프라자)",16509,,20231018
J10,경기도교육청,수원시,학원,3000055051,더클랑피아노학원,20230424,20230424,개원,        ,99991231,80,20,기예(대),기예(중),,실용음악(성악), ,Y,N,경기도 수원시 영통구 법조로 25,", A동 1706호, 1707호 (하동, 광교 SK VIEW Lake)",16514,,20231030
J10,경기도교육청,수원시,학원,3441,더클래식학원,20030718,20030718,개원,        ,99991231,133,120,입시.검정 및 보습,보통교과,보습,보습, ,Y,N,경기도 수원시 영통구 덕영대로 1547,", 5층 (영통동 976-15)",443812,031-203-0111,20241117
J10,경기도교육청,수원시,학원,3000074856,더탑에듀학원,20250715,20250715,개원,        ,        ,200,40,입시.검정 및 보습,,,, ,Y, ,경기도 수원시 권선구 탑동로39번길 1,", 3층 전체(탑동)",16603,,20250727
J10,경기도교육청,수원시,학원,3000052505,더퍼펙트학원,20220927,20220927,개원,        ,99991231,130,79,입시.검정 및 보습,보통교과,보습,보습, ,Y,N,경기도 수원시 팔달구 팔달로 53,", 503-506호 (고등동), 고등THE퍼스트상가",16452,,20250622
J10,경기도교육청,수원시,학원,27255,더프라임영수전문학원,20070621,20070621,개원,        ,99991231,90,30,입시.검정 및 보습,보통교과,"보습,",보습, ,Y,N,경기도 수원시 팔달구 일월로22번길 14,", 한샘빌딩 5층일부 (화서동,한샘빌딩)",442150,031-293-6655,20231018
J10,경기도교육청,수원시,학원,3000019694,더프라임영수학원,20131022,20131022,개원,        ,99991231,120,45,입시.검정 및 보습,보통교과,,보습, ,Y,N,경기도 수원시 권선구 오목천로 31,", 201호 (오목천동 431-1, 로뎀프라자)",16636,,20250810
J10,경기도교육청,수원시,학원,3000068250,더프라임종합학원,20240314,20240314,개원,        ,        ,120,40,입시.검정 및 보습,보통교과,보습,보습, ,Y, ,경기도 수원시 권선구 동수원로242번길 28,5층 일부(권선동),16553,,20251130
J10,경기도교육청,수원시,학원,3000073687,더프라임푸르넷제이(J)에듀학원,20250312,20250312,개원,        ,        ,0,0,입시.검정 및 보습,,,, ,Y, ,경기도 수원시 영통구 매탄로 142,", 302호(매탄동, 양성프라자)",16544,,20251221
J10,경기도교육청,수원시,학원,31576,더프리미어십일학원,20080711,20080711,개원,        ,99991231,118,62,입시.검정 및 보습,보통교과,"보습,",보습, ,Y,N,경기도 수원시 영통구 효원로 363, 매탄위브하늘채 302상가A 306호 307호 (매탄동),443370,031-211-9712,20231030
J10,경기도교육청,수원시,학원,3000049581,더프리미엄수학학원,20220111,20220111,개원,        ,99991231,175,65,입시.검정 및 보습,보통교과,"보습,",보습, ,Y,N,경기도 수원시 팔달구 권광로276번길 31,", 2층 전체 (인계동, 태화빌딩)",16533,,20231018
J10,경기도교육청,수원시,학원,3000055234,더피아노음악학원,20230511,20230511,개원,        ,99991231,160,32,예능(대),예능(중),,음악, ,Y,N,경기도 수원시 권선구 서수원로183번길 3,", 3층 일부 (오목천동)",16636,,20240804
J10,경기도교육청,수원시,학원,3000074004,더피아니스트음악학원,20250408,20250408,개원,        ,        ,40,8,예능(대),,,, ,Y, ,경기도 수원시 장안구 만석로19번길 35,", 502호(천천동, 수정프라자)",16329,,20250629
J10,경기도교육청,수원시,학원,3000044084,더피제이에이치수학학원,20200423,20200423,개원,        ,99991231,40,46,입시.검정 및 보습,보통교과,,보습, ,Y,N,경기도 수원시 영통구 도청로17번길 34,",  3층 304호 전체 (이의동)",16509,,20231018
J10,경기도교육청,수원시,학원,3000057761,더하다학원,20230714,20230714,개원,        ,        ,360,120,입시.검정 및 보습,보통교과,"보습,보통교과,입시",보습, ,Y,N,경기도 수원시 영통구 영통로 107,"3층 일부(301호 및 302호, 망포동)",16687,,20250316
J10,경기도교육청,수원시,학원,14108,더함학원,20050113,20050113,개원,        ,99991231,16,36,입시.검정 및 보습,보통교과,보습,보습, ,Y,N,경기도 수원시 영통구 중부대로246번길 30-1,  2층 (매탄동),443800,031-211-8884,20251207
J10,경기도교육청,수원시,학원,3000054951,데이앤발레학원,20230412,20230412,개원,        ,99991231,48,20,예능(대),예능(중),,무용, ,Y,N,경기도 수원시 권선구 곡반정로 160,", 608호 (곡반정동, 라퍼스트)",16668,,20231018
J10,경기도교육청,수원시,학원,3000032449,데이지어학원,20170313,20170313,개원,        ,99991231,62,40,국제화,외국어,실용외국어(유아/초·중·고),실용외국어(유아/초·중·고), ,Y,N,경기도 수원시 영통구 태장로 81,",  203-1호(망포동 e-타운II) (망포동)",16688,null,20250518
J10,경기도교육청,수원시,학원,3000053012,데이트피아노학원,20221110,20221110,개원,        ,99991231,0,0,기예(대),예능(중),,음악, ,Y,N,경기도 수원시 장안구 경수대로 856,", 3층 (조원동, 조원빌딩)",16288,,20260405
J10,경기도교육청,수원시,학원,3000043896,도도다국어전문학원,20200326,20200326,개원,        ,99991231,36,42,입시.검정 및 보습,보통교과,"보습,",보습, ,Y,N,경기도 수원시 팔달구 일월로22번길 22-5,", 501호 (화서동, 서수원프라자)",16424,031-296-5852,20231018
J10,경기도교육청,수원시,학원,3000026526,도도음악학원,20151008,20151008,개원,        ,99991231,85,30,예능(대),예능(중),,음악, ,Y,N,경기도 수원시 영통구 웰빙타운로49번길 36,", 402호 (이의동)",443270,031-214-5033,20260412
J10,경기도교육청,수원시,학원,3000044228,도도한화실감성미술학원,20200519,20200519,개원,        ,99991231,363,21,예능(대),예능(중),"미술,",미술, ,Y,N,경기도 수원시 영통구 영통로 136,", 5층 502호 전체 (망포동, 센트럴타워)",16691,,20231018
J10,경기도교육청,수원시,학원,3000062464,도돌코딩학원,20231030,20231030,개원,        ,        ,60,20,기타(대),,,, ,Y,N,경기도 수원시 팔달구 권광로 373,"201호(우만동,월드메르디앙 아파트 분산상가동)",16493,,20231105
J10,경기도교육청,수원시,학원,115084,도레미음악학원,19860430,19860430,개원,        ,99991231,95,18,예능(대),예능(중),,음악, ,Y,N,경기도 수원시 장안구 수성로262번길 83,", 2층 (영화동, 도레미음악학원)",16274,031-255-3424,20260405
J10,경기도교육청,수원시,학원,3000061935,도레미피아노음악학원,20230905,20230905,개원,        ,        ,180,30,예능(대),예능(중),음악,음악, ,Y,N,경기도 수원시 팔달구 인계로 21,"204호(인계동, 수원센트럴아이파크자이 근린생활시설 제1상가)",16475,031-222-7933,20240623
J10,경기도교육청,수원시,학원,3000036611,도르르미술학원,20180411,20180411,개원,        ,99991231,66,25,예능(대),예능(중),"미술,",미술, ,Y,N,경기도 수원시 팔달구 덕영대로735번길 66-2,", 1층 일부 (화서동)",16436,,20231018
J10,경기도교육청,수원시,학원,3000064115,도토리팔레트미술학원,20240110,20240110,개원,        ,        ,80,10,예능(대),,,, ,Y,N,경기도 수원시 장안구 금당로 32,3층 일부(조원동),16282,,20240128
J10,경기도교육청,수원시,학원,3000053917,독서논술라임국어학원,20230125,20230125,개원,        ,99991231,200,40,입시.검정 및 보습,보통교과,보습,보습, ,Y,N,경기도 수원시 영통구 망포로84번길 10,", 205호·206호 (망포동, 영통아이파크캐슬3단지)",16684,null,20250209
J10,경기도교육청,수원시,학원,3000042077,독서테라피리드인독서논술학원,20191021,20191021,개원,        ,99991231,168,24,입시.검정 및 보습,보통교과,"보습·논술,",보습·논술, ,Y,N,경기도 수원시 장안구 장안로 226,", 3층 5호(정자동, 동신아파트상가동)",16340,,20250323
J10,경기도교육청,수원시,학원,3000020315,독수강영학원,20131227,20131227,개원,        ,99991231,520,47,입시.검정 및 보습,보통교과,"보습,",보습, ,Y,N,경기도 수원시 팔달구 일월로22번길 11,", 4층 전체 (화서동 724-3, 한영빌딩)",16422,070-7550-5049,20231018
J10,경기도교육청,수원시,학원,3000026640,독한에듀윌9급공무원학원,20151023,20151023,개원,        ,99991231,8250,211,인문사회(대),인문사회(중),"성인고시,인문사회(중)",성인고시, ,Y,N,경기도 수원시 팔달구 덕영대로 905,", 207호, 303호~309호 (매산로1가, 아이메카 상가)",16455,031-813-0600,20260405
J10,경기도교육청,수원시,학원,3000022649,돌격수학광교중앙역관학원,20140829,20140829,개원,        ,99991231,70,20,입시.검정 및 보습,보통교과,보습,보습, ,Y,N,경기도 수원시 영통구 에듀타운로 17,", 305호 (이의동)",443270,,20251026
J10,경기도교육청,수원시,학원,3000019016,동남영수학원,20130705,20130705,개원,        ,99991231,336,40,입시.검정 및 보습,보통교과,"보습,",보습, ,Y,N,경기도 수원시 영통구 동수원로 432,", 306호, 307호 (매탄동,동남아파트)",443370,031-216-1131,20250302
J10,경기도교육청,수원시,학원,6476,동보컴퓨터학원,19890314,19890314,개원,        ,99991231,96,48,직업기술,컴퓨터,"컴퓨터(정보처리,통신기기,인터넷,소프트웨어)","컴퓨터(정보처리,통신기기,인터넷,소프트웨어)", ,Y,N,경기도 수원시 장안구 장안로 226,", 3층(정자동)",16340,031-247-7292,20250720
J10,경기도교육청,수원시,학원,32262,동수원광교와이즈만영재교육학원,20080901,20080827,개원,        ,99991231,519,108,입시.검정 및 보습,보통교과,"보습,",보습, ,Y,N,경기도 수원시 영통구 매탄로 142,", 401호, 402호, 403호, 201호 전체 (매탄동, 양성프라자)",16544,031-217-2709,20231018
J10,경기도교육청,수원시,학원,3000024811,동수원요리전문학원,20150330,20150330,개원,        ,99991231,160,32,직업기술,산업응용기술,"식음료품(바리스타,소믈리에),","식음료품(바리스타,소믈리에)", ,Y,N,경기도 수원시 팔달구 중부대로223번길 4,", 403호 (우만동, 블루하우스)",442816,031-213-5330,20231030
J10,경기도교육청,수원시,학원,114253,동수원음악학원,19970106,19970106,개원,        ,99991231,104,45,예능(대),예능(중),"음악,",음악, ,Y,N,경기도 수원시 영통구 중부대로 267,  지하 (원천동),443821,031-214-0700,20231018
J10,경기도교육청,수원시,학원,114394,동수원종로엠보습학원,19970811,19970811,개원,19970811,99991231,160,60,입시.검정 및 보습,보통교과,"보습,",보습, ,Y,N,경기도 수원시 팔달구 권광로 280,", 4층 일부 우측 (인계동)",16533,031-217-6993,20231018
J10,경기도교육청,수원시,학원,114396,동수원종로엠속셈학원,19970811,19970811,개원,        ,99991231,10,30,기타(대),기타(중),"속셈,",속셈, ,Y,N,경기도 수원시 팔달구 권광로 280,", 4층 일부 좌측 (인계동)",16533,031-217-6993,20231030
J10,경기도교육청,수원시,학원,3451,두견칸타빌레음악학원,19990914,19990914,개원,        ,99991231,20,14,예능(대),예능(중),"음악,",음악, ,Y,N,경기도 수원시 장안구 수성로245번길 21 ,"  2층 (정자동, 두견마을,영남·우방·한솔아파트) ",440842,031-244-8253,20231018
J10,경기도교육청,수원시,학원,3000053493,두뇌과학학원,20221220,20221220,개원,        ,99991231,80,20,입시.검정 및 보습,보통교과,,보습, ,Y,N,경기도 수원시 영통구 반달로7번길 16,", 414호(영통동, e-폴리스)",16704,,20240929
J10,경기도교육청,수원시,학원,3000019516,두드림독서실,20130930,20130930,개원,        ,99991231,367,129,독서실,독서,"독서실(유아/초·중·고),",독서실(유아/초·중·고), ,Y,N,경기도 수원시 권선구 금곡로102번길 20,", 4층 401호, 402호 (금곡동, 센타프라자)",16385,031-295-0875,20231018
J10,경기도교육청,수원시,학원,3000022408,두드림사고력수학학원,20140730,20140730,개원,        ,99991231,24,53,입시.검정 및 보습,보통교과,"보습,",보습, ,Y,N,경기도 수원시 권선구 권광로 55,", A205호 (권선동,권선자이 이편한세상 상가1)",441768,,20231018
J10,경기도교육청,수원시,학원,3000050346,두런영어학원,20220310,20220310,개원,        ,99991231,75,20,입시.검정 및 보습,보통교과,,보습, ,Y,N,경기도 수원시 장안구 만석로159번길 56,", 4층 전체 (파장동, 승리속셈보습학원)",16351,,20231018
J10,경기도교육청,수원시,학원,11447,두손으로만드는소리학원,20121006,20040924,개원,20140430,20140506,17,17,예능(대),예능(중),음악,음악, ,Y,N,경기도 수원시 권선구 당진로15번길 19-9,", 성원프라자 201호 (당수동)",441480,,20251026
J10,경기도교육청,수원시,학원,3000037015,두잇(doit)영어학원,20180530,20180530,개원,        ,99991231,16,72,국제화,외국어,,실용외국어(유아/초·중·고), ,Y,N,경기도 수원시 권선구 호매실로104번길 90,", 505호 (호매실동)",16630,,20241103
J10,경기도교육청,수원시,학원,3000045637,드럼과사람들학원,20101105,20101105,개원,        ,99991231,60,20,기예(대),기예(중),,실용음악(성악), ,Y,N,경기도 수원시 장안구 송정로90번길 3,", 4층 401호 (정자동, 메디플라자)",16311,031-246-5150,20231018
J10,경기도교육청,수원시,학원,3000023310,드럼이야기음악학원,20141111,20141111,개원,        ,99991231,150,20,예능(대),예능(중),"음악,",음악, ,Y,N,경기도 수원시 팔달구 팔달로 125,", 2층 전체 (화서동)",442858,,20231030
J10,경기도교육청,수원시,학원,3000030697,드로잉팔레트미술학원,20161111,20161111,개원,        ,99991231,58,20,예능(대),예능(중),"미술,",미술, ,Y,N,경기도 수원시 영통구 매영로310번길 46,", 503호 일부(우측) (영통동)",16697,,20231018
J10,경기도교육청,수원시,학원,3000033633,드림수학학원,20170713,20170713,개원,        ,99991231,170,30,입시.검정 및 보습,보통교과,,보습, ,Y,N,경기도 수원시 장안구 경수대로994번길 31,", 302호 (송죽동, 광교프라자)",16298,,20251019
J10,경기도교육청,수원시,학원,3444,드림실용음악학원,19990914,19990914,개원,        ,99991231,30,30,예능(대),예능(중),,음악, ,Y,N,경기도 수원시 장안구 정조로 958,  2층 3층 (영화동),440819,031-247-4546,20251012
J10,경기도교육청,수원시,학원,3000032683,드림인교육학원,20170411,20170411,개원,        ,99991231,200,40,입시.검정 및 보습,보통교과,보습,보습, ,Y,N,경기도 수원시 권선구 동수원로242번길 28,4층 일부(권선동),16553,,20240324
J10,경기도교육청,수원시,학원,3000038950,드림타운영어학원,20181217,20181217,개원,        ,99991231,32,24,입시.검정 및 보습,보통교과,"보습,",보습, ,Y,N,경기도 수원시 영통구 봉영로 1432-36,", 102호, 103호 (망포동, e편한세상 영통2차 2단지)",16694,031-8067-8205,20231018
J10,경기도교육청,수원시,학원,3000047444,드림플라잇승무원학원,20210702,20210702,개원,        ,99991231,332,83,기타(대),기타(중),"항공,항공승무원",항공승무원, ,Y,N,경기도 수원시 권선구 권선로 472,", 2층(세류동, 세지빌딩)",16591,031-548-2161,20250323
J10,경기도교육청,수원시,학원,115532,드림하이플러스학원,20010929,20010929,개원,        ,99991231,180,45,입시.검정 및 보습,보통교과,보습,보습, ,Y,N,경기도 수원시 권선구 금곡로102번길 30,", 503호 (금곡동)",16385,031-292-7164,20251130
J10,경기도교육청,수원시,학원,39288,드림학원,20091222,20091222,개원,        ,99991231,36,61,입시.검정 및 보습,보통교과,보습,보습, ,Y,N,경기도 수원시 권선구 세권로195번길 20-24,  2층일부 (권선동),441824,031-224-4568,20251221
J10,경기도교육청,수원시,학원,3000073288,등대애견미용학원,20250131,20250131,개원,        ,        ,160,40,직업기술,,,, ,Y,N,경기도 수원시 권선구 호매실로90번길 101,"508호(호매실동, 라니힐)(호매실동)",16630,010-2463-4445,20250209
J10,경기도교육청,수원시,학원,32444,등용문독서실,20080912,20080912,개원,        ,99991231,233,93,독서실,독서,"독서실(유아/초·중·고),",독서실(유아/초·중·고), ,Y,N,경기도 수원시 팔달구 동말로25번길 108,", 현대프라자 402호,403호전체 (화서동)",442867,031-302-6196,20231018
J10,경기도교육청,수원시,학원,3000074900,등용문학원,20250721,20250721,개원,        ,        ,60,20,입시.검정 및 보습,,,, ,Y, ,경기도 수원시 영통구 청명남로 56,", 301호 (영통동)",16705,,20250727
J10,경기도교육청,수원시,학원,15135,디딤돌음악미술학원,20050304,20050304,개원,        ,99991231,60,64,종합(대),,보통교과,, ,Y,N,경기도 수원시 영통구 영통로90번길 4-27,", 유치원동 3층 (망포동, 늘푸른 벽산아파트)",16692,031-206-5666,20240804
J10,경기도교육청,수원시,학원,3000019874,디사이플러학원,20131111,20131111,개원,        ,99991231,100,60,입시.검정 및 보습,보통교과,,보습, ,Y,N,경기도 수원시 권선구 덕영대로 1302,", 3층 일부 (곡반정동)",441400,031-241-5889,20231018
J10,경기도교육청,수원시,학원,3000077896,디아댄스곡반학원,20260325,20260325,개원,        ,        ,180,60,예능(대),,,, ,Y, ,경기도 수원시 권선구 곡반정로 160,", 603호,604호(곡반정동, 라퍼스트)",16668,,20260405
J10,경기도교육청,수원시,학원,3000075707,디아댄스망포학원,20250822,20250822,개원,        ,        ,60,15,예능(대),예능(중),무용,무용, ,Y, ,경기도 수원시 영통구 영통로 136,", 311호(망포동, 센트럴타워)",16691,,20260405
J10,경기도교육청,수원시,학원,3000048767,디아이국제학원,20211116,20211116,개원,        ,99991231,0,0,입시.검정 및 보습,보통교과,,보습, ,Y,N,경기도 수원시 영통구 에듀타운로 102,", B동 411호, 412호 (이의동, 광교중앙역 SK VIEW)",16509,,20260201
J10,경기도교육청,수원시,학원,3000044245,디앤비공부의숲학원,20200522,20200522,개원,        ,99991231,197,24,입시.검정 및 보습,보통교과,보습,보습, ,Y,N,경기도 수원시 권선구 경수대로235번길 61,", 2층전체 (세류동)",16658,,20251012
J10,경기도교육청,수원시,학원,3000032078,디앤실용음악학원,20170223,20170223,개원,        ,99991231,10,44,예능(대),예능(중),,음악, ,Y,N,경기도 수원시 권선구 금곡로102번길 38,", 405호 (금곡동)",16385,031-227-9913,20231018
J10,경기도교육청,수원시,학원,3000051830,디앤써영어학원,20220725,20220725,개원,        ,99991231,150,0,입시.검정 및 보습,보통교과,보습,보습, ,Y,N,경기도 수원시 팔달구 정조로 667,",802호 (매교동, 마이온프라자)",16467,,20260201
J10,경기도교육청,수원시,학원,3000042002,디어마이발레리나학원,20191010,20191010,개원,        ,99991231,48,47,예능(대),예능(중),,무용, ,Y,N,경기도 수원시 영통구 광교중앙로248번길 7-2,", 2층 A-214호, A-215호 전체 (하동, 원희캐슬 광교)",16512,,20231018
J10,경기도교육청,수원시,학원,3000074130,디어클래식광교중앙점음악학원,20250425,20250425,개원,        ,        ,120,15,예능(대),예능(중),음악,음악, ,Y,N,경기도 수원시 영통구 법조로 25,", A동 1004호, 1005호(하동, 광교 SK VIEW Lake A)",16514,,20260426
J10,경기도교육청,수원시,학원,3000051517,디어클래식음악학원,20220628,20220628,개원,        ,99991231,204,34,예능(대),예능(중),음악,음악, ,Y,N,경기도 수원시 영통구 광교호수공원로 20,", 근린생활시설동-1동, B1-10호, B1-11호 (원천동, 더샵 광교레이크시티)",16515,,20260426
J10,경기도교육청,수원시,학원,39213,디엘수학전문학원,20091210,20091210,개원,        ,99991231,286,45,입시.검정 및 보습,보통교과,"보습,",보습, ,Y,N,경기도 수원시 영통구 봉영로1770번길 21,", 신명・한국아파트상가동 204호,205호,206호 (영통동)",443817,031-211-3444,20231018
J10,경기도교육청,수원시,학원,19563,디와이비최선어학원,20051123,20051123,개원,        ,99991231,1539,860,종합(대),,외국어,, ,Y,N,경기도 수원시 영통구 봉영로 1605,", 302호~306-1호 (영통동 959-1, 모던타운)",16703,031-206-8197,20260308
J10,경기도교육청,수원시,학원,3000013658,디자인나스수원점학원,20111226,20111226,개원,        ,99991231,175,0,직업기술,산업응용기술,,디자인, ,Y,N,경기도 수원시 영통구 봉영로 1587,", 502호, 503호 (영통동 959-4)",16703,031-203-7573,20240804
J10,경기도교육청,수원시,학원,3000073990,디플랜관리형독서실,20250408,20250408,개원,        ,        ,70,70,독서실,독서,독서실,독서실, ,Y,N,경기도 수원시 영통구 센트럴타운로100번길 8,", 202호, 203호(이의동, 에이(A)-타워)",16505,,20250504
J10,경기도교육청,수원시,학원,3000049865,딜라이트영어학원,20220207,20220207,개원,        ,99991231,300,100,종합(대),,,, ,Y,N,경기도 수원시 장안구 경수대로 940,", 407-1호, 407-2호 (조원동, 일호골든타워1)",16295,,20251123
J10,경기도교육청,수원시,학원,3000052111,딜라잇음악학원,20220817,20220817,개원,        ,99991231,180,30,예능(대),예능(중),음악,음악, ,Y,N,경기도 수원시 팔달구 정조로 667,", 705호 (매교동)마이온프라자",16467,,20260201
J10,경기도교육청,수원시,학원,3000027170,딜레탕트피아노학원,20151208,20151208,개원,        ,99991231,15,0,예능(대),예능(중),,음악, ,Y,N,경기도 수원시 영통구 영통로217번길 21,", 3층 (영통동)",16698,,20231018
J10,경기도교육청,수원시,학원,29846,따듯한십일월수학전문학원,20080220,20080220,개원,        ,99991231,195,45,입시.검정 및 보습,보통교과,보습,보습, ,Y,N,경기도 수원시 권선구 동수원로242번길 22,  센타프라자 5층 일부 (권선동),441885,031-898-7272,20231018
J10,경기도교육청,수원시,학원,3000016901,딱풀리는수학멘토수학학원,20121120,20121120,개원,        ,99991231,42,48,입시.검정 및 보습,보통교과,"보습,",보습, ,Y,N,경기도 수원시 권선구 당진로 23,", 4층 일부(당수동, 명송프라자)",441480,031-419-4321,20250420
J10,경기도교육청,수원시,학원,3000067750,딱풀리는수학행복한수학학원,20240207,20240207,개원,        ,        ,100,50,입시.검정 및 보습,,,, ,Y,N,경기도 수원시 장안구 화산로125번길 9,"301호(천천동, 천천 푸르지오 근린생활시설-2)",16420,031-291-0608,20240303
J10,경기도교육청,수원시,학원,3000051438,뚱스학원,20220621,20220621,개원,        ,99991231,20,0,입시.검정 및 보습,기타(중),,기타(소), ,Y,N,경기도 수원시 영통구 영통로 523,", 3층 일부 (영통동, 대교빌딩)",16706,,20240505
J10,경기도교육청,수원시,학원,3000039633,뛰는수학나는영어학원,20190220,20190220,개원,        ,99991231,75,21,입시.검정 및 보습,보통교과,보습,보습, ,Y,N,경기도 수원시 권선구 곡선로50번길 43,", 3층 전체 (곡반정동)",16671,,20250406
J10,경기도교육청,수원시,학원,33506,라딕스에듀학원,20081231,20081231,개원,        ,99991231,66,60,입시.검정 및 보습,보통교과,보습,보습, ,Y,N,경기도 수원시 영통구 영통로 136, 센트럴타워 202호 (망포동),443400,031-202-1475,20250817
J10,경기도교육청,수원시,학원,3000068703,라떼언어연구소원격학원,20240426,20240426,개원,        ,        ,1000,1000,국제화,,,, ,Y,N,경기도 수원시 장안구 광교산로 154-19,1층 일부(연무동),16213,,20250316
J10,경기도교육청,수원시,학원,3000047083,라라무무용학원,20210527,20210527,개원,        ,99991231,60,20,예능(대),예능(중),,무용, ,Y,N,경기도 수원시 영통구 센트럴타운로100번길 8,", 402호 (이의동, 에이타워)",16505,031-778-8000,20231018
J10,경기도교육청,수원시,학원,3000055658,라라미술학원,20230628,20230628,개원,        ,        ,90,18,예능(대),예능(중),미술,미술, ,Y,N,경기도 수원시 장안구 이목로 24,"201호(정자동, SK SKY VIEW 603동)",16336,,20250202
J10,경기도교육청,수원시,학원,3000077932,라라바이올린학원,20260330,20260330,개원,        ,        ,70,10,예능(대),,,, ,Y, ,경기도 수원시 영통구 광교호수공원로 277,", 2F-035호(원천동,광교중흥에스클래스)",16517,,20260405
J10,경기도교육청,수원시,학원,3000017956,라라에듀학원,20130308,20130308,개원,        ,99991231,528,87,종합(대),,"보습,미술,",, ,Y,N,경기도 수원시 권선구 정조로 452,", 2층 일부 (세류동)",441876,031-898-7965,20231018
J10,경기도교육청,수원시,학원,3000061804,라라잉글리쉬강한나수학학원,20230825,20230825,개원,        ,        ,200,40,입시.검정 및 보습,,,, ,Y, ,경기도 수원시 권선구 권중로 136,", 204호 일부, 205호, 208호(권선동,대원,신동아상가동)",16559,,20241201
J10,경기도교육청,수원시,학원,1667,라루체음악학원,20011122,20011122,개원,        ,99991231,112,14,예능(대),예능(중),"음악,",음악, ,Y,N,경기도 수원시 권선구 세권로207번길 6,", 3층 (권선동)",441824,031-236-2832,20231018
J10,경기도교육청,수원시,학원,3000030532,라메르피아노음악학원,20161025,20161025,개원,        ,99991231,380,25,예능(대),예능(중),음악,음악, ,Y,N,경기도 수원시 영통구 태장로7번길 38,", 201호(동수원3차 쌍용스윗닷홈 상가동) (망포동)",16685,null,20250720
J10,경기도교육청,수원시,학원,3000047801,라발레학원,20210805,20210805,개원,        ,99991231,60,40,예능(대),예능(중),,무용, ,Y,N,경기도 수원시 권선구 호매실로104번길 90,", 제이디타워 801호 (호매실동)",16630,,20231018
J10,경기도교육청,수원시,학원,3000033525,라블랑무용학원,20170616,20170616,개원,        ,99991231,0,0,예능(대),예능(중),,무용, ,Y,N,경기도 수원시 팔달구 세지로 196,"5층 일부(501호)(인계동, 화인빌딩)",16476,,20250209
J10,경기도교육청,수원시,학원,3000052319,라실용음악학원,20220905,20220905,개원,        ,99991231,70,14,기예(대),기예(중),"실용음악(성악),",실용음악(성악), ,Y,N,경기도 수원시 영통구 덕영대로1556번길 16,", 203호 (영통동, 디지털엠파이어빌딩 A동)",16690,null,20260405
J10,경기도교육청,수원시,학원,35167,라엘음악학원,20090608,20090608,개원,        ,99991231,249,20,예능(대),예능(중),음악,음악, ,Y,N,경기도 수원시 팔달구 수성로244번길 25, 화서위브하늘채 203동 201호 (화서동),442150,031-247-4007,20240107
J10,경기도교육청,수원시,학원,43073,라온삼성영어수학학원,20101111,20101108,개원,        ,99991231,180,30,입시.검정 및 보습,보통교과,"보습,보통교과",보습, ,Y,N,경기도 수원시 영통구 매봉로27번길 45,  1층 전체 (매탄동),443801,,20250105
J10,경기도교육청,수원시,학원,3000055272,라움음악학원,20230515,20230515,개원,        ,99991231,90,16,예능(대),예능(중),음악,음악, ,Y,N,경기도 수원시 영통구 광교호수공원로 277,", 판매시설, 1F-033,034 (원천동, 광교중흥에스클래스)",16517,,20241103
J10,경기도교육청,수원시,학원,3000020930,라이어슨쥬니어빌어학원,20140303,20140303,개원,        ,99991231,102,60,국제화,외국어,실용외국어(유아/초·중·고),실용외국어(유아/초·중·고), ,Y,N,경기도 수원시 권선구 권중로50번길 8-35,", 4층 (권선동)",441836,031-239-0582,20260405
J10,경기도교육청,수원시,학원,3000037886,라이어슨키즈빌어학원,20180829,20180829,개원,        ,99991231,200,90,국제화,외국어,,실용외국어(유아/초·중·고), ,Y,N,경기도 수원시 권선구 권중로50번길 8-35,", 5층 전체 (권선동 1250-1)",16556,031-239-5350,20231018
J10,경기도교육청,수원시,학원,3000050400,라인실용음악학원,20220315,20220315,개원,        ,99991231,150,16,예능(대),예능(중),,음악, ,Y,N,경기도 수원시 영통구 권선로908번길 50,", 201호 (신동, 티지이 프라자 주건축물제1동)",16683,031-202-1920,20250518
J10,경기도교육청,수원시,학원,24461,라파엘음악학원,20061116,20061116,개원,        ,99991231,150,10,예능(대),예능(중),음악,음악, ,Y,N,경기도 수원시 권선구 경수대로247번길 32 (), ,441880,031-898-7982,20240107
J10,경기도교육청,수원시,학원,3000062689,라퍼스트클라이영어학원,20231121,20231121,개원,        ,        ,150,50,입시.검정 및 보습,보통교과,보습,보습, ,Y, ,경기도 수원시 권선구 곡반정로 160,"507호, 516호(곡반정동, 라퍼스트)",16668,,20260215
J10,경기도교육청,수원시,학원,3000054182,라하클래식음악학원,20230214,20230214,개원,        ,99991231,150,29,예능(대),예능(중),,음악, ,Y,N,경기도 수원시 권선구 곡반정로 160,", 527호 (곡반정동, 라퍼스트)",16668,,20260201
J10,경기도교육청,수원시,학원,3000027186,랩스어학원,20151209,20151209,개원,        ,99991231,5,18,국제화,국제,,어학(성인), ,Y,N,경기도 수원시 영통구 신원로 299,", 3층 (매탄동)",16676,031-214-8131,20231018
J10,경기도교육청,수원시,학원,3000036562,랩실용음악학원,20180404,20180404,개원,        ,99991231,39,20,기타(대),기타(중),"기타(소),실용음악,",실용음악, ,Y,N,경기도 수원시 권선구 동수원로242번길 22,", 502호 (권선동, 센타프라자)",16553,031-235-5700,20231018
J10,경기도교육청,수원시,학원,22320,러닝브릿지학원,20060525,20060525,개원,        ,99991231,586,30,입시.검정 및 보습,보통교과,보습,보습, ,Y,N,경기도 수원시 장안구 상률로12번길 70-15, 4층 (율전동),440829,031-252-9905,20231217
J10,경기도교육청,수원시,학원,3000035517,러셀영통바른공부자습전용관독서실,20180110,20180110,개원,        ,99991231,400,286,독서실,독서,"독서실,독서실(유아/초·중·고)",독서실(유아/초·중·고), ,Y,N,경기도 수원시 영통구 봉영로 1623,", 403호 일부 404~407호 415호 일부 416호 일부 (영통동, 드림피아빌딩)",16703,,20260301
J10,경기도교육청,수원시,학원,3000034969,러셀영통학원,20171129,20171129,개원,        ,99991231,18001,282,종합(대),,보습,, ,Y,N,경기도 수원시 영통구 봉영로 1623,", 408호, 409호, 414호, 415호 일부, 416호 일부 (영통동 958-1, 드림피아빌딩)",16703,031-251-1010,20260426
J10,경기도교육청,수원시,학원,3000074092,런업학원,20250422,20250422,개원,        ,        ,68,34,입시.검정 및 보습,,,, ,Y, ,경기도 수원시 장안구 율전로 89,", 2층 전체(율전동, 영희주택)",16361,,20250427
J10,경기도교육청,수원시,학원,3000077815,레가토음악학원,20260316,20260316,개원,        ,        ,200,40,예능(대),,,, ,Y, ,경기도 수원시 권선구 수성로 47,"3층 7호(구운동,삼환아파트 상가)",16415,010-2793-4960,20260405
J10,경기도교육청,수원시,학원,3000049377,레베랑스발레스튜디오학원,20211229,20211229,개원,        ,99991231,0,0,예능(대),예능(중),,무용, ,Y,N,경기도 수원시 영통구 대학3로4번길 12,", 201호, 202호 (이의동, Eastern Tower)",16225,,20251019
J10,경기도교육청,수원시,학원,3000031372,레벤스음악학원,20161227,20161227,개원,        ,99991231,60,20,예능(대),예능(중),,음악, ,Y,N,경기도 수원시 영통구 도청로17번길 40,", 307호 일부, 308호, 309호 (이의동)",16509,,20231018
J10,경기도교육청,수원시,학원,115515,레볼리쉬어학원,20010908,20010908,개원,        ,99991231,100,50,국제화,외국어,"실용외국어(유아/초·중·고),",실용외국어(유아/초·중·고), ,Y,N,경기도 수원시 장안구 만석로19번길 11-3,", 502호, 503호(천천동, 태영프라자)",16329,031-269-0582,20251012
J10,경기도교육청,수원시,학원,3000062069,레브댄스아카데미학원,20230918,20230918,개원,        ,        ,240,40,예능(대),,,, ,Y, ,경기도 수원시 권선구 금곡로196번길 67,601호(금곡동),16393,,20250817
J10,경기도교육청,수원시,학원,3000037644,레브실용음악학원,20180803,20180803,개원,        ,99991231,100,20,예능(대),예능(중),,음악, ,Y,N,경기도 수원시 권선구 금곡로196번길 68,", 502호, 503호 (금곡동 1124-2, CM타워)",16393,,20231018
J10,경기도교육청,수원시,학원,43350,레브영어학원,20101201,20101130,개원,        ,99991231,160,40,입시.검정 및 보습,보통교과,보습,보습, ,Y,N,경기도 수원시 장안구 경수대로 940,", 407-3호 (조원동, 일호골든타워1)",16295,031-254-0984,20260405
J10,경기도교육청,수원시,학원,3000068943,레이댄스학원,20240522,20240522,개원,        ,        ,100,20,예능(대),예능(중),무용,무용, ,Y,N,경기도 수원시 영통구 매탄로108번길 28,", 305호(매탄동, 강희타운)",16545,,20241222
J10,경기도교육청,수원시,학원,3000054154,레인보우음악학원,20230213,20230213,개원,        ,99991231,50,50,예능(대),예능(중),음악,음악, ,Y,N,경기도 수원시 권선구 곡반정로 160,", 614호, 615호 (곡반정동, 라퍼스트)",16668,null,20260215
J10,경기도교육청,수원시,학원,3000046384,레지나잉글리쉬클리닉학원,20210315,20210315,개원,        ,99991231,620,62,국제화,보통교과,,보습, ,Y,N,경기도 수원시 영통구 광교중앙로 180,", 110호, 203호, 204호, 209호 (하동, 광교 효성해링턴 타워 레이크)",16514,010-4178-3176,20260308
J10,경기도교육청,수원시,학원,20805,레지오방과후전문학원,20060217,20060217,개원,        ,99991231,150,30,입시.검정 및 보습,보통교과,"보습,",보습, ,Y,N,경기도 수원시 장안구 덕영대로417번길 80,  2층 (율전동),440824,031-252-6109,20250831
J10,경기도교육청,수원시,학원,3000053327,레클라스학원,20221207,20221207,개원,        ,99991231,128,40,입시.검정 및 보습,보통교과,보습,보습, ,Y,N,경기도 수원시 팔달구 덕영대로803번길 43,", 204호, 301호(화서동, 디아이포에버)",16442,031-246-8088,20251012
J10,경기도교육청,수원시,학원,3000077400,렉시온영어학원,20260206,20260206,개원,        ,        ,120,30,입시.검정 및 보습,,,, ,Y, ,경기도 수원시 영통구 태장로 77,", 2층 일부(망포동)",16688,,20260215
J10,경기도교육청,수원시,학원,3000048383,렘브란트의풍차광교직영학원,20211012,20211012,개원,        ,99991231,30,21,기타(대),기타(중),기타(소),기타(소), ,Y,N,경기도 수원시 영통구 에듀타운로 102,", B동 425호, 426호(이의동, 광교중앙역 SK VIEW)",16509,,20260405
J10,경기도교육청,수원시,학원,39817,렘브란트의풍차영통학원,20100228,20100219,개원,20140430,20140506,77,0,기타(대),기타(중),기타(소),기타(소), ,Y,N,경기도 수원시 영통구 덕영대로 1470,", 806호 (망포동, 망포역 플래티넘베이스)",16685,031-203-8024,20240303
J10,경기도교육청,수원시,학원,3000023520,렘스수학퍼스트영어학원,20141202,20141202,개원,        ,99991231,72,70,입시.검정 및 보습,보통교과,"보습,",보습, ,Y,N,경기도 수원시 영통구 영통로 521,", 3층 (영통동)",16706,,20250302
J10,경기도교육청,수원시,학원,3000068511,로고스멘토학원,20240405,20240405,개원,        ,        ,200,100,입시.검정 및 보습,보통교과,,보습, ,Y, ,경기도 수원시 영통구 반달로7번길 6,", 206호(영통동, 센타프라자)",16704,,20260405
J10,경기도교육청,수원시,학원,3000051772,로고스수학영어학원,20220719,20220719,개원,        ,99991231,140,35,입시.검정 및 보습,보통교과,,보습, ,Y,N,경기도 수원시 권선구 호매실로218번길 126,", 201호 (호매실동)",16402,,20251221
J10,경기도교육청,수원시,학원,26990,로고스영어학원,20070601,20070601,개원,        ,99991231,129,35,입시.검정 및 보습,보통교과,"보습,",보습, ,Y,N,경기도 수원시 장안구 파장로54번길 2,  3층 전체 (파장동),440854,031-245-6644,20231018
J10,경기도교육청,수원시,학원,3000018004,로뎀수학학원,20130318,20130318,개원,        ,99991231,100,49,입시.검정 및 보습,보통교과,"보습,",보습, ,Y,N,경기도 수원시 영통구 청명남로 16,", 2층 전체 (영통동)",443814,031-203-5509,20231018
J10,경기도교육청,수원시,학원,115768,로드맵수학전문학원,20020524,20020524,개원,        ,99991231,200,75,입시.검정 및 보습,보통교과,보습,보습, ,Y,N,경기도 수원시 영통구 매탄로108번길 16,", 602호, 602-1호 (매탄동, 엔타운)",16545,031-216-0984,20250209
J10,경기도교육청,수원시,학원,3000071828,로드맵영어학원,20240905,20240905,개원,        ,        ,150,50,입시.검정 및 보습,,,, ,Y,N,경기도 수원시 영통구 센트럴타운로 106,", 408호(이의동, 센트럴프라자)",16506,,20240929
J10,경기도교육청,수원시,학원,3000018589,로봇영재과학학원,20130523,20130523,개원,        ,99991231,29,29,기타(대),기타(중),"로봇,",로봇, ,Y,N,경기도 수원시 영통구 봉영로 1623,", 508호 (영통동,드림피아빌딩)",443810,,20231018
J10,경기도교육청,수원시,학원,3000017922,로봇팩토리과학영재학원,20130304,20130304,개원,        ,99991231,125,30,기타(대),기타(중),"기타(소),로봇,",로봇, ,Y,N,경기도 수원시 영통구 에듀타운로 24,", 302호 (이의동, 그린프라자)",443270,,20231018
J10,경기도교육청,수원시,학원,3000050298,로봇팩토리랩로봇과학전문학원,20220304,20220304,개원,        ,99991231,80,20,기타(대),기타(중),"기타(소),",기타(소), ,Y,N,경기도 수원시 영통구 에듀타운로 102,", 724호, 725호 (이의동, 광교중앙역 SK VIEW B동)",16509,,20231018
J10,경기도교육청,수원시,학원,3000048230,로블잉글리쉬학원,20210923,20210923,개원,        ,99991231,0,0,입시.검정 및 보습,보통교과,,보습, ,Y,N,경기도 수원시 팔달구 아주로 3,", 6층 일부 602호 (우만동, 대학빌딩)",16498,031-216-5431,20231018
J10,경기도교육청,수원시,학원,3000020173,로얄발레학원,20131211,20131211,개원,        ,99991231,250,40,예능(대),예능(중),"무용,",무용, ,Y,N,경기도 수원시 장안구 덕영대로535번길 46,", 7층 일부(703호) (천천동, 카나다타워)",16329,031-269-0311,20231018
J10,경기도교육청,수원시,학원,3000042260,로얄컴퓨터회계학원,20191106,20191106,개원,        ,99991231,980,124,종합(대),,"전산회계,컴퓨터(소)",, ,Y,N,경기도 수원시 팔달구 정조로 867,", 2층 (신풍동)",16252,null,20251207
J10,경기도교육청,수원시,학원,3000027202,로운발레학원,20151210,20151210,개원,        ,99991231,100,20,예능(대),예능(중),"무용,",무용, ,Y,N,경기도 수원시 영통구 도청로17번길 34,",  202호 일부(이의동)",16509,,20240623
J10,경기도교육청,수원시,학원,38623,로이드배관용접학원,20091118,20091118,개원,        ,99991231,247,147,직업기술,산업기반기술,기계,기계, ,Y,N,경기도 수원시 팔달구 덕영대로697번길 17,", 602호 (화서동, 그린프라자)",442870,031-1599-0508,20260201
J10,경기도교육청,수원시,학원,42842,루나음악학원,20101020,20101020,개원,        ,99991231,280,13,예능(대),예능(중),"음악,",음악, ,Y,N,경기도 수원시 영통구 매영로310번길 87,", 302호 (영통동, 동보.신명아파트)",16699,031-202-1477,20231018
J10,경기도교육청,수원시,학원,3000043848,루멘수학학원,20200320,20200320,개원,        ,99991231,113,20,입시.검정 및 보습,보통교과,"보습,",보습, ,Y,N,경기도 수원시 권선구 금곡로118번길 24,", 306호, 207호 (금곡동, 리치빌딩)",16388,031-293-0117,20231018
J10,경기도교육청,수원시,학원,3000052251,루시아수학학원,20220831,20220831,개원,        ,99991231,60,34,입시.검정 및 보습,보통교과,,보습, ,Y,N,경기도 수원시 영통구 권선로908번길 47,", 202호 (신동, 드림타워)",16682,,20231018
J10,경기도교육청,수원시,학원,3000053381,루카스학원,20221212,20221212,개원,        ,99991231,19,30,입시.검정 및 보습,보통교과,,보습·논술, ,Y,N,경기도 수원시 영통구 도청로17번길 10,", 405호 (이의동, 성희프라자)",16509,,20231018
J10,경기도교육청,수원시,학원,3000039620,루트실용음악학원,20190218,20190218,개원,        ,99991231,57,19,예능(대),예능(중),미술,미술, ,Y,N,경기도 수원시 영통구 영통로501번길 36,", 4층 전체 (영통동)",16706,,20240324
J10,경기도교육청,수원시,학원,3000054890,르온느발레학원,20230406,20230406,개원,        ,99991231,26,20,예능(대),예능(중),무용,무용, ,Y,N,경기도 수원시 팔달구 팔달로 53,", 313호 (고등동), 고등THE퍼스트상가",16452,null,20250504
J10,경기도교육청,수원시,학원,3000062154,리꿈음악학원,20231019,20230926,개원,        ,        ,84,12,예능(대),,,, ,Y, ,경기도 수원시 영통구 영흥숲길 50,"202호 일부(원천동,영흥숲푸르지오파크비엔근린생활시설-1)",16523,,20231030
J10,경기도교육청,수원시,학원,3000043682,리더스웨이영어학원,20200309,20200309,개원,        ,99991231,196,15,입시.검정 및 보습,보통교과,"보습,",보습, ,Y,N,경기도 수원시 권선구 금곡로 116,", 207호 (금곡동)",16388,,20240519
J10,경기도교육청,수원시,학원,1717,리더스학원,20020831,20020831,개원,        ,99991231,74,74,입시.검정 및 보습,보통교과,"보습,",보습, ,Y,N,경기도 수원시 영통구 중부대로256번길 38-17,  2층 (매탄동),443800,031-214-4363,20231018
J10,경기도교육청,수원시,학원,3000055640,리드앤톡영어도서관조원2학원,20230628,20230628,개원,        ,        ,110,22,입시.검정 및 보습,,"보습,",, ,Y,N,경기도 수원시 장안구 경수대로 940,606호,16295,,20231018
J10,경기도교육청,수원시,학원,3000050383,리드앤톡영어도서관학원,20220314,20220314,개원,        ,99991231,68,34,입시.검정 및 보습,보통교과,,보습, ,Y,N,경기도 수원시 영통구 매영로310번길 46,", 501호 (영통동, 소망문화센터)",16697,,20231018
J10,경기도교육청,수원시,학원,3000049217,리드앤톡영어독서토론어학원,20211216,20211216,개원,        ,99991231,100,40,국제화,외국어,실용외국어(유아/초·중·고),실용외국어(유아/초·중·고), ,Y,N,경기도 수원시 영통구 영통로 519,", 3층 전체 (영통동)",16706,null,20250202
J10,경기도교육청,수원시,학원,115801,리드앤톡영어학원,20020708,20020708,개원,        ,99991231,429,45,입시.검정 및 보습,보통교과,"보습,",보습, ,Y,N,경기도 수원시 영통구 권광로260번길 36, 현대힐스테이트아파트 상가2 3층 305호 306호 (매탄동),443710,031-215-0533,20231018
J10,경기도교육청,수원시,학원,3000052328,리드앤톡이화킴스영어학원,20220906,20220906,개원,        ,99991231,294,49,입시.검정 및 보습,보통교과,보습,보습, ,Y,N,경기도 수원시 팔달구 정조로 667,", 702호 (매교동), 마이온프라자",16467,,20250413
J10,경기도교육청,수원시,학원,3000071973,리드앤톡팔달고등영어학원,20240924,20240924,개원,        ,        ,0,0,입시.검정 및 보습,,,, ,Y, ,경기도 수원시 팔달구 고등로 28,(고등동),16453,,20250105
J10,경기도교육청,수원시,학원,3000047422,리드인권지단국어독서학원,20210629,20210629,개원,        ,99991231,60,9,입시.검정 및 보습,보통교과,,보습, ,Y,N,경기도 수원시 영통구 영통로 136,", 504호 (망포동, 센트럴타워)",16691,,20231018
J10,경기도교육청,수원시,학원,3000068282,리드인논술리더스수학학원,20240319,20240319,개원,        ,        ,105,35,입시.검정 및 보습,,,, ,Y,N,경기도 수원시 영통구 인계로189번길 119-1,", 201호 일부(매탄동, 현대힐스테이트아파트 교회, 상가)",16532,,20250316
J10,경기도교육청,수원시,학원,3000081628,리드인대선초점독서논술학원,20260407,20260407,개원,        ,        ,100,20,입시.검정 및 보습,,,, ,Y, ,경기도 수원시 영통구 봉영로 1410-17,", 102호, 105호(망포동,e편한세상영통2차아파트106동(상가동))",16694,,20260426
J10,경기도교육청,수원시,학원,3000017924,리드인독서논술곡반정점학원,20130304,20130304,개원,        ,99991231,100,20,입시.검정 및 보습,예능(중),,미술, ,Y,N,경기도 수원시 권선구 곡선로 34,", 3층 일부 (곡반정동)",16671,031-234-6503,20251019
J10,경기도교육청,수원시,학원,3000069512,리드인독서논술국어학원,20240717,20240717,개원,        ,        ,80,20,입시.검정 및 보습,보통교과,"보습,보습·논술",보습·논술, ,Y, ,경기도 수원시 권선구 삼천병마로1598번길 32,"202호(오목천동, 대유빌딩)",16635,,20251109
J10,경기도교육청,수원시,학원,3000057750,리드인독서논술금곡점학원,20230713,20230713,개원,        ,        ,0,0,입시.검정 및 보습,보통교과,보습,보습, ,Y, ,경기도 수원시 권선구 금곡로 112,"(금곡동, 이수프라자)502호",16388,,20260405
J10,경기도교육청,수원시,학원,3000075984,리드인독서논술더국어학원,20250922,20250922,개원,        ,        ,200,40,입시.검정 및 보습,보통교과,보습,보습, ,Y, ,경기도 수원시 권선구 동수원로242번길 20,", 504호(권선동, 태양프라자)",16553,031-232-2020,20251012
J10,경기도교육청,수원시,학원,3000069043,리드인독서논술망포점학원,20240531,20240531,개원,        ,        ,160,40,입시.검정 및 보습,,,, ,Y, ,경기도 수원시 영통구 덕영대로 1470,", 201호(망포동, 망포역 플래티넘베이스 주건축물제1동)",16685,,20251214
J10,경기도교육청,수원시,학원,3000068712,리드인독서논술정자점학원,20240426,20240426,개원,        ,        ,200,25,입시.검정 및 보습,보통교과,보습·논술,보습·논술, ,Y,N,경기도 수원시 장안구 수성로245번길 18,"2층 일부(정자동, 203호)",16317,,20250810
J10,경기도교육청,수원시,학원,3000051194,리드인독서논술학원,20220527,20220527,개원,        ,99991231,100,45,입시.검정 및 보습,보통교과,,보습·논술, ,Y,N,경기도 수원시 영통구 에듀타운로 25,", 301호 (이의동, 명품프라자)",16509,,20250316
J10,경기도교육청,수원시,학원,3000048352,리드인독서논술호매실점학원,20211007,20211007,개원,        ,99991231,180,30,입시.검정 및 보습,보통교과,,보습·논술, ,Y,N,경기도 수원시 권선구 금곡로212번길 14,", 501호, 704호, 705호 (금곡동, 거성빌딩)",16397,,20231018
J10,경기도교육청,수원시,학원,3000050961,리드인독서독해학원,20220429,20220429,개원,        ,99991231,52,24,입시.검정 및 보습,보통교과,,보습·논술, ,Y,N,경기도 수원시 팔달구 팔달로 63,", 301호 302호 (고등동, 리더스프라자)",16450,010-7581-9211,20250525
J10,경기도교육청,수원시,학원,3000021169,리드인독서원천학원,20140327,20140327,개원,        ,99991231,340,55,입시.검정 및 보습,보통교과,"보습,",보습, ,Y,N,경기도 수원시 영통구 매영로 93-27,", 3층 전체 (매탄동)",443807,031-213-2579,20250427
J10,경기도교육청,수원시,학원,44095,리드인독서중심국어학원,20110124,20110117,개원,        ,99991231,36,40,입시.검정 및 보습,보통교과,보습,보습, ,Y,N,경기도 수원시 영통구 효원로 363, 매탄위브하늘채302상가A 3층 311 312호 (매탄동),443370,031-211-9711,20250202
J10,경기도교육청,수원시,학원,3000043968,리드인독서중심논술학원,20200407,20200407,개원,        ,99991231,30,30,입시.검정 및 보습,보통교과,,보습, ,Y,N,경기도 수원시 장안구 이목로 24-3,", 2층 207호 (정자동)",16336,031-268-8787,20231018
J10,경기도교육청,수원시,학원,3000046075,리드인독서학원,20210208,20210208,개원,        ,99991231,30,19,입시.검정 및 보습,보통교과,,보습, ,Y,N,경기도 수원시 장안구 경수대로 940,", 3층 308호 (조원동, 일호골든타워)",16295,031-257-1919,20231018
J10,경기도교육청,수원시,학원,3000062389,리드인몬스터매스학원,20231023,20231023,개원,        ,        ,120,40,입시.검정 및 보습,,,, ,Y, ,경기도 수원시 영통구 태장로54번길 60,3층 전체(망포동),16686,,20240303
J10,경기도교육청,수원시,학원,3000051925,리드인문해랑국어독서학원,20220801,20220801,개원,        ,99991231,168,28,입시.검정 및 보습,보통교과,,보습·논술, ,Y,N,경기도 수원시 팔달구 정조로 667,", 703호 (매교동), 마이온프라자",16467,,20250629
J10,경기도교육청,수원시,학원,3000051698,리드인묻따국어학원,20220713,20220713,개원,        ,99991231,125,35,입시.검정 및 보습,보통교과,보습,보습, ,Y,N,경기도 수원시 영통구 봉영로 1612,", 209호 (영통동, 보보스프라자)",16704,031-546-1979,20231224
J10,경기도교육청,수원시,학원,3000050575,리드인손미국어학원,20220325,20220325,개원,        ,99991231,25,25,입시.검정 및 보습,보통교과,,보습, ,Y,N,경기도 수원시 영통구 센트럴타운로 92,", 403호 (이의동)",16505,,20231018
J10,경기도교육청,수원시,학원,3000068260,리드인앨리웨이점학원,20240314,20240314,개원,        ,        ,25,100,입시.검정 및 보습,보통교과,"보습,보습·논술",보습·논술, ,Y,N,경기도 수원시 영통구 광교호수공원로 80,", 262호(원천동,광교아이파크 판매케이)",16514,,20250316
J10,경기도교육청,수원시,학원,3000054172,리드인영통점학원,20230214,20230214,개원,        ,99991231,120,40,입시.검정 및 보습,보통교과,보습,보습, ,Y,N,경기도 수원시 영통구 매영로310번길 87,", 206호, 207호 (영통동, 동보.신명아파트)",16699,null,20260308
J10,경기도교육청,수원시,학원,3000045312,리드인이지국어학원,20201026,20201026,개원,        ,99991231,240,25,입시.검정 및 보습,보통교과,보습,보습, ,Y,N,경기도 수원시 영통구 망포로 142,302호(망포동),16685,,20231224
J10,경기도교육청,수원시,학원,3000053010,리드인호매실독서중심국어학원,20221110,20221110,개원,        ,99991231,48,35,입시.검정 및 보습,보통교과,보습,보습, ,Y,N,경기도 수원시 권선구 호매실로90번길 116,", 704호 (호매실동)",16630,,20251214
J10,경기도교육청,수원시,학원,3000047970,리드일공일광교영어학원,20210825,20210825,개원,        ,99991231,560,32,입시.검정 및 보습,,,, ,Y,N,경기도 수원시 영통구 센트럴타운로100번길 14,", 403호 (이의동, 랜드빌딩)",16505,031-214-5101,20260301
J10,경기도교육청,수원시,학원,3000028133,리드일공일정자영어학원,20160303,20160303,개원,        ,99991231,420,30,입시.검정 및 보습,보통교과,,보습, ,Y,N,경기도 수원시 장안구 이목로 24-3,", 406호 (정자동)",16336,031-296-3101,20250406
J10,경기도교육청,수원시,학원,3902,리듬별음악학원,19990127,19990127,개원,        ,99991231,100,20,예능(대),예능(중),음악,음악, ,Y,N,경기도 수원시 권선구 금곡로73번길 71,", 401호 일부(금곡동, 금곡엘지아파트 주상가동)",441704,031-297-2985,20260426
J10,경기도교육청,수원시,학원,3000020341,리디튜드영어학원,20131231,20131231,개원,        ,99991231,588,51,입시.검정 및 보습,보통교과,,보습, ,Y,N,경기도 수원시 영통구 반달로7번길 6,", 401호 (영통동,센타프라자)",443814,031-273-6737,20250309
J10,경기도교육청,수원시,학원,3000053877,리딩브릿지국어영어전문학원,20230119,20230119,개원,        ,99991231,310,45,입시.검정 및 보습,보통교과,보습,보습, ,Y,N,경기도 수원시 권선구 곡반정로 160,", 411호 (곡반정동, 라퍼스트)",16668,,20260412
J10,경기도교육청,수원시,학원,3000073846,리딩오션국어논술학원,20250326,20250326,개원,        ,        ,90,30,입시.검정 및 보습,보통교과,보습,보습, ,Y, ,경기도 수원시 영통구 영통로 136,", 506호(망포동, 센트럴타워)",16691,,20260426
J10,경기도교육청,수원시,학원,3000077315,리딩오션독서논술국어학원,20260129,20260129,개원,        ,        ,180,30,입시.검정 및 보습,보통교과,보습,보습, ,Y, ,경기도 수원시 영통구 망포로 136,", 207호(망포동, 영통플래티넘베이스 에이)",16685,,20260222
J10,경기도교육청,수원시,학원,3000016641,리버스앤리버스독서실,20121029,20121029,개원,        ,99991231,82,82,독서실,독서,"독서실(유아/초·중·고),",독서실(유아/초·중·고), ,Y,N,경기도 수원시 장안구 경수대로 940,", 607호 (조원동,일호골든타워1)",440200,,20231018
J10,경기도교육청,수원시,학원,3000030623,리버스앤리버스매탄미래관학원,20161103,20161103,개원,        ,99991231,125,60,입시.검정 및 보습,보통교과,"보습,",보습, ,Y,N,경기도 수원시 영통구 효원로 381,", 303호(새롬프라자) (매탄동)",16545,031-214-0905,20250629
J10,경기도교육청,수원시,학원,115771,리버스앤리버스영어수학매탄학원,20020527,20020527,개원,        ,99991231,10,60,입시.검정 및 보습,보통교과,"보습,",보습, ,Y,N,경기도 수원시 영통구 효원로 387,", 603호 (매탄동, 풍성프라자)",443848,031-217-1010,20231018
J10,경기도교육청,수원시,학원,3000016642,리버스앤리버스영어수학학원,20121029,20121029,개원,        ,99991231,80,80,입시.검정 및 보습,보통교과,,보습, ,Y,N,경기도 수원시 장안구 경수대로 940,", 619호 (조원동,일호골든타워1)",440200,031-251-0508,20231018
J10,경기도교육청,수원시,학원,3000054469,리브르주니어어학원,20230306,20230306,개원,        ,99991231,80,36,국제화,외국어,실용외국어(유아/초·중·고),실용외국어(유아/초·중·고), ,Y,N,경기도 수원시 영통구 덕영대로 1470,", 601호 (망포동, 망포역 플래티넘베이스)",16685,,20260215
J10,경기도교육청,수원시,학원,3000016215,리스트음악학원,20120816,20120816,개원,        ,99991231,90,20,예능(대),예능(중),음악,음악, ,Y,N,경기도 수원시 영통구 효원로 363,", 매탄위브하늘채302 상가A 308호 (매탄동,매탄 위브 하늘채)",443751,031-211-0889,20241103
J10,경기도교육청,수원시,학원,3000062093,리아광교영어학원,20230920,20230920,개원,        ,        ,128,32,입시.검정 및 보습,보통교과,보습,보습, ,Y, ,경기도 수원시 영통구 광교호수공원로 80,", 228, 230, 231호(원천동,광교아이파크)",16514,,20260215
J10,경기도교육청,수원시,학원,3000012402,리아잉글리쉬에듀타운점학원,20230622,20230622,개원,        ,        ,0,0,입시.검정 및 보습,,,, ,Y,N,경기도 수원시 영통구 도청로17번길 10,204호,16509,,20250323
J10,경기도교육청,수원시,학원,3000017954,리앙무용학원,20130308,20130308,개원,        ,99991231,260,40,예능(대),예능(중),"무용,",무용, ,Y,N,경기도 수원시 팔달구 일월로22번길 7,", 5층 전체 (화서동)",442150,031-296-9933,20240804
J10,경기도교육청,수원시,학원,114877,리얼모션미술학원,19990703,19990703,개원,        ,99991231,840,70,예능(대),예능(중),"미술,음악",미술, ,Y,N,경기도 수원시 장안구 경수대로 940,", 616~617호 (조원동,일호골든타워1)",440200,031-247-5487,20251207
J10,경기도교육청,수원시,학원,3000077644,리얼홈케어청소학원,20260226,20260226,개원,        ,        ,24,8,직업기술,,,, ,Y, ,경기도 수원시 팔달구 권광로 363,"601호(우만동, 월드프라자)",16494,,20260405
J10,경기도교육청,수원시,학원,3000017957,리에또음악학원,20130311,20130311,개원,        ,99991231,340,20,예능(대),예능(중),음악,음악, ,Y,N,경기도 수원시 영통구 에듀타운로 24,", 401호 (이의동, 그린프라자)",443270,031-214-7506,20250406
J10,경기도교육청,수원시,학원,3000016340,리조이스음악학원,20120910,20120910,개원,        ,99991231,170,40,예능(대),예능(중),"음악,",음악, ,Y,N,경기도 수원시 장안구 정조로1060번길 31,", 2층 (송죽동)",16304,031-243-2346,20231030
J10,경기도교육청,수원시,학원,3000014021,리즈음악학원,20120208,20120208,개원,        ,99991231,80,20,예능(대),예능(중),"음악,",음악, ,Y,N,경기도 수원시 권선구 금곡로140번길 29,", 205호, 206호(금곡동, 수원호매실휴먼시아8단지아파트 상가동)",441842,031-295-0959,20250907
J10,경기도교육청,수원시,학원,3000035020,리체움독서실,20171204,20171204,개원,        ,99991231,256,128,독서실,독서,"독서실(유아/초·중·고),",독서실(유아/초·중·고), ,Y,N,경기도 수원시 영통구 봉영로 1605,", 401호 (영통동, 모던타운)",16703,031-202-3406,20231018
J10,경기도교육청,수원시,학원,3000064188,리치영어학원,20240115,20240115,개원,        ,        ,240,0,국제화,,,, ,Y, ,경기도 수원시 영통구 태장로 81,"301호, 301-1호, 301-2호(망포동)",16688,,20250202
J10,경기도교육청,수원시,학원,3000015938,리케이온랭귀지포럼동수원어학원,20120730,20120730,개원,        ,99991231,700,347,국제화,외국어,"실용외국어(유아/초·중·고),",실용외국어(유아/초·중·고), ,Y,N,경기도 수원시 팔달구 인계로 134,", 1층,2층 전체 (인계동)",442834,031-216-8844,20260426
J10,경기도교육청,수원시,학원,32814,리케이온랭귀지포럼장안어학원,20081020,20081020,개원,        ,99991231,486,300,국제화,외국어,,실용외국어(유아/초·중·고), ,Y,N,경기도 수원시 장안구 대평로 86,", 801호 (정자동,화이트쇼핑몰)",440841,031-271-2888,20250518
J10,경기도교육청,수원시,학원,3000015349,리케이온어학원,20120604,20120604,개원,        ,99991231,300,300,국제화,외국어,"실용외국어(유아/초·중·고),",실용외국어(유아/초·중·고), ,Y,N,경기도 수원시 팔달구 인계로 134,", 3층 전체 (인계동)",442834,031-893-3377,20231018
J10,경기도교육청,수원시,학원,3000048755,리틀보이스스피치영통점학원,20211115,20211115,개원,        ,99991231,16,35,기타(대),기타(중),,기타(소), ,Y,N,경기도 수원시 영통구 반달로7번길 40,", 608호 (영통동, 평익칼라스위트)",16704,,20231018
J10,경기도교육청,수원시,학원,3000068372,리틀씨즈2관학원,20240325,20240325,개원,        ,        ,280,70,국제화,,,, ,Y, ,경기도 수원시 영통구 영통로501번길 48-10,"2층, 3층(영통동)",16706,,20240421
J10,경기도교육청,수원시,학원,33473,리틀씨즈학원,20081229,20081229,개원,        ,99991231,300,150,종합(대),,"보습,실용외국어(유아/초·중·고)",, ,Y,N,경기도 수원시 영통구 영통로501번길 48-8,"1층 일부, 2층, 3층, 4층(영통동)",16706,031-202-8279,20250112
J10,경기도교육청,수원시,학원,3000073347,리틀트리어학원,20250207,20250207,개원,        ,        ,240,60,국제화,,,, ,Y, ,경기도 수원시 영통구 영통로 281,", 501호(신동)",16679,,20260201
J10,경기도교육청,수원시,학원,3000043415,리틀팍스어학원,20200212,20200212,개원,        ,99991231,80,50,국제화,외국어,실용외국어(유아/초·중·고),실용외국어(유아/초·중·고), ,Y,N,경기도 수원시 장안구 만석로19번길 41-9,", 6층 602호 (천천동, 롯데프라자)",16329,031-271-1711,20250427
J10,경기도교육청,수원시,학원,114064,리틀피아니스트음악학원,19960723,19960723,개원,        ,99991231,153,15,예능(대),예능(중),"음악,",음악, ,Y,N,경기도 수원시 팔달구 권광로276번길 9,  삼성아파트 상가 2층 201호 202호 (인계동),442828,031-213-0428,20231018
J10,경기도교육청,수원시,학원,3000049997,리틀하이든음악학원,20220216,20220216,개원,        ,99991231,192,32,예능(대),예능(중),,음악, ,Y,N,경기도 수원시 권선구 덕영대로1190번길 100,", 208호, 209호 (권선동, 수원아이파크시티7단지)",16662,,20250831
J10,경기도교육청,수원시,학원,3000051460,린쌤파머스국제어학원,20220623,20220623,개원,        ,99991231,30,45,국제화,외국어,,실용외국어(유아/초·중·고), ,Y,N,경기도 수원시 영통구 광교호수공원로 20,", 근린생활시설동-1동, B1-64호, B1-65호 (원천동, 더샵 광교레이크시티)",16515,,20260201
J10,경기도교육청,수원시,학원,3000073911,린쌤파머스학원,20250401,20250401,개원,        ,        ,180,30,입시.검정 및 보습,기타(중),,기타(소), ,Y,N,경기도 수원시 영통구 광교호수공원로 20,", B1-81호, 82호(원천동,더샵 광교레이크시티 근린생활시설동-1동)",16515,,20251026
J10,경기도교육청,수원시,학원,3000042568,린피아노학원,20191204,20191204,개원,        ,99991231,224,14,기예(대),기예(중),,실용음악(성악), ,Y,N,경기도 수원시 팔달구 인계로138번길 8,", 3층 307호 (인계동, 수원인계 리슈빌S)",16489,null,20250302
J10,경기도교육청,수원시,학원,3000055094,링고라운지어학원,20230427,20230427,개원,        ,99991231,180,36,국제화,국제,,어학(성인), ,Y,N,경기도 수원시 영통구 덕영대로 1505,", 1001호(영통동, 늘푸른빌딩)",16698,031-211-2510,20251214
J10,경기도교육청,수원시,학원,115463,링구아어학원,20010702,20010702,개원,        ,99991231,144,110,국제화,외국어,"실용외국어(유아/초·중·고),",실용외국어(유아/초·중·고), ,Y,N,경기도 수원시 장안구 조원로112번길 35,", 2층 전체 (조원동)",16282,031-245-0579,20231018
J10,경기도교육청,수원시,학원,3000037117,링스광교어학원,20180611,20180611,개원,        ,99991231,340,38,국제화,외국어,,실용외국어(유아/초·중·고), ,Y,N,경기도 수원시 영통구 웰빙타운로49번길 32,", 203호, 204호 (이의동,웰빙프라자)",16224,031-212-1204,20231119
J10,경기도교육청,수원시,학원,3000072839,링키영어매교역힐스테이트푸르지오학원,20241220,20241220,개원,        ,        ,65,13,입시.검정 및 보습,보통교과,보습,보습, ,Y, ,경기도 수원시 팔달구 효원로55번길 51,", 2층 일부(201~203호)(매교동)",16464,,20250105
J10,경기도교육청,수원시,학원,3000055154,링키영어수원프라임학원,20230502,20230502,개원,        ,99991231,11,22,입시.검정 및 보습,보통교과,,보습, ,Y,N,경기도 수원시 팔달구 고등로 32,", 601호 (고등동),SJ타워",16453,,20250406
J10,경기도교육청,수원시,학원,3000075920,링키영어유초등영어광교웰빙타운학원,20250911,20250911,개원,        ,        ,80,20,입시.검정 및 보습,,,, ,Y,N,경기도 수원시 영통구 웰빙타운로49번길 28,", 1층 일부(102호)(이의동)",16224,,20251019
J10,경기도교육청,수원시,학원,3000077377,링키영어인계매탄학원,20260204,20260204,개원,        ,        ,140,35,입시.검정 및 보습,,,, ,Y, ,경기도 수원시 영통구 권광로260번길 36,", 202호(매탄동, 현대힐스테이트아파트 상가1)",16532,,20260208
J10,경기도교육청,수원시,학원,3000032672,마루스터디센터마루독서실,20170407,20170407,개원,        ,99991231,508,122,독서실,독서,"독서실(유아/초·중·고),",독서실(유아/초·중·고), ,Y,N,경기도 수원시 장안구 만석로159번길 64,", 4층·5층 전체 (파장동)",16351,031-244-7662,20250316
J10,경기도교육청,수원시,학원,3000029540,마술피리음악학원,20160610,20160610,개원,        ,99991231,298,47,예능(대),예능(중),음악,음악, ,Y,N,경기도 수원시 권선구 당진로15번길 24,", 3층 일부 (당수동)",16376,031-5041-002,20250427
J10,경기도교육청,수원시,학원,31262,마스터경매학원,20080623,20080623,개원,        ,99991231,80,240,직업기술,경영·사무관리,,부동산, ,Y,N,경기도 수원시 팔달구 덕영대로 905,", 1004호 (매산로1가, 아이메카 상가)",16455,031-245-5533,20231018
J10,경기도교육청,수원시,학원,3000011235,마스터잉글리쉬영어전문학원,20110525,20110525,개원,20130522,20140522,98,20,입시.검정 및 보습,보통교과,"보습,",보습, ,Y,N,경기도 수원시 장안구 율전로 104,  3층 일부 (율전동),440825,031-256-0509,20231018
J10,경기도교육청,수원시,학원,3000028263,마스터전산회계학원,20160309,20160309,개원,        ,99991231,417,48,직업기술,컴퓨터,"전산회계,컴퓨터(정보처리,통신기기,인터넷,소프트웨어),","컴퓨터(정보처리,통신기기,인터넷,소프트웨어)", ,Y,N,경기도 수원시 팔달구 효원로265번길 35,", 3층 전체 (인계동, 새한빌딩)",16490,031-221-9373,20231018
J10,경기도교육청,수원시,학원,3000051849,마스터제이2관학원,20220726,20220726,개원,        ,99991231,60,60,입시.검정 및 보습,보통교과,,보습, ,Y,N,경기도 수원시 권선구 삼천병마로1598번길 46,", 2층 전체 (오목천동)",16635,,20231018
J10,경기도교육청,수원시,학원,3000036666,마스터제이학원,20180417,20180417,개원,        ,99991231,172,60,입시.검정 및 보습,보통교과,보습,보습, ,Y,N,경기도 수원시 권선구 삼천병마로1598번길 32,", 203호 (오목천동, 대유빌딩)",16635,031-548-0747,20251214
J10,경기도교육청,수원시,학원,42031,마스터청담어학원,20100806,20100806,개원,        ,99991231,200,112,국제화,외국어,실용외국어(유아/초·중·고),실용외국어(유아/초·중·고), ,Y,N,경기도 수원시 영통구 봉영로 1587,", 407호,606호,607호 (영통동, 다모아프라자)",16703,031-205-3123,20250831
J10,경기도교육청,수원시,학원,3000049174,마음을그리다미술학원,20211216,20211216,개원,        ,99991231,72,28,예능(대),예능(중),,미술, ,Y,N,경기도 수원시 장안구 송원로 121,", 2층 일부 (조원동, 201호)",16294,,20250302
J10,경기도교육청,수원시,학원,3000073196,마이리딩클럽영어도서관학원,20250121,20250121,개원,        ,        ,120,20,입시.검정 및 보습,,,, ,Y,N,경기도 수원시 영통구 웰빙타운로 51,", 303호(이의동, 골드클래스1)",16224,,20260201
J10,경기도교육청,수원시,학원,3000047841,마이스터입시학원,20210811,20210811,개원,        ,99991231,0,0,입시.검정 및 보습,보통교과,,보습, ,Y,N,경기도 수원시 장안구 만석로19번길 41-9,", 501호 (천천동, 롯데프라자)",16329,031-271-2561,20251109
J10,경기도교육청,수원시,학원,3000039918,마인드코어영어수학학원,20190312,20190312,개원,        ,99991231,150,60,입시.검정 및 보습,보통교과,,보습, ,Y,N,경기도 수원시 영통구 봉영로 1623,", 511호 (영통동, 드림피아빌딩)",16703,,20260201
J10,경기도교육청,수원시,학원,3000029458,마일스톤학원,20160704,20160704,개원,        ,99991231,176,95,입시.검정 및 보습,보통교과,"보습,",보습, ,Y,N,경기도 수원시 영통구 에듀타운로 84,", 204호 (이의동)",16509,,20231018
J10,경기도교육청,수원시,학원,3000064204,마하수학학원,20240116,20240116,개원,        ,        ,100,20,입시.검정 및 보습,보통교과,보습,보습, ,Y, ,경기도 수원시 팔달구 정조로 681,", 2층 전체(매교동)",16467,010-9706-9033,20250302
J10,경기도교육청,수원시,학원,3000069095,막강수학전문학원,20240605,20240605,개원,        ,        ,90,30,입시.검정 및 보습,,,, ,Y, ,경기도 수원시 권선구 탑동로57번길 2,", 3층 전체(탑동)",16603,,20240609
J10,경기도교육청,수원시,학원,3000052164,만권당리드인독서논술학원,20220822,20220822,개원,        ,99991231,75,40,입시.검정 및 보습,보통교과,,보습·논술, ,Y,N,경기도 수원시 장안구 정자천로173번길 11-10,", 602호 (정자동, 뱅뱅프라자)",16334,,20231018
J10,경기도교육청,수원시,학원,3000018580,맑은음음악학원,20130513,20130513,개원,        ,99991231,410,20,예능(대),예능(중),,음악, ,Y,N,경기도 수원시 장안구 대평로51번길 22,", 202호 (정자동,꽃뫼노을마을 신안아파트)",440842,031-269-2299,20240929
J10,경기도교육청,수원시,학원,3000052855,맘보바리스타제과제빵학원,20221031,20221031,개원,        ,99991231,294,18,직업기술,산업응용기술,,"식음료품(바리스타,소믈리에)", ,Y,N,경기도 수원시 팔달구 권광로 159,", 3층 1호 및 3층 2호 (인계동, 수원프라자)",16490,031-546-5714,20260405
J10,경기도교육청,수원시,학원,3000054290,망포리틀팍스어학원,20230221,20230221,개원,        ,99991231,36,125,국제화,외국어,,실용외국어(유아/초·중·고), ,Y,N,경기도 수원시 영통구 덕영대로 1470,", 802호~805호 (망포동, 망포역 플래티넘베이스)",16685,,20241215
J10,경기도교육청,수원시,학원,3000047748,망포에스라이팅영어전문2관학원,20210803,20210803,개원,        ,99991231,180,45,입시.검정 및 보습,보통교과,,보습, ,Y,N,경기도 수원시 영통구 망포로 136,", 202호(망포동, 영통 플래티넘베이스 에이)",16685,,20260426
J10,경기도교육청,수원시,학원,3000044724,망포에스라이팅영어전문학원,20200803,20200803,개원,        ,99991231,90,48,입시.검정 및 보습,보통교과,,보습, ,Y,N,경기도 수원시 영통구 망포로 136,", 401호 (망포동, 영통 플래티넘베이스 에이)",16685,031-203-8560,20250112
J10,경기도교육청,수원시,학원,3000074898,망포엠코드하이2학원,20250718,20250718,개원,        ,        ,80,40,입시.검정 및 보습,보통교과,보습,보습, ,Y, ,경기도 수원시 영통구 덕영대로 1470,", 134호, 135호(망포동, 망포역플래티넘베이스주건축물제1동)",16685,,20260405
J10,경기도교육청,수원시,학원,3000074861,망포엠코드하이학원,20250715,20250715,개원,        ,        ,400,200,입시.검정 및 보습,보통교과,보습,보습, ,Y, ,경기도 수원시 영통구 덕영대로 1472,", 2층 일부(망포동, MS빌딩주건축물제1동)",16685,,20260405
J10,경기도교육청,수원시,학원,3000074860,망포엠코드학원,20250715,20250715,개원,        ,        ,560,280,입시.검정 및 보습,보통교과,보습,보습, ,Y, ,경기도 수원시 영통구 덕영대로 1472,", 3, 4층 일부(망포동, MS빌딩주건축물제1동)",16685,,20260405
J10,경기도교육청,수원시,학원,3000046178,망포오민경무용학원,20210222,20210222,개원,        ,99991231,240,30,예능(대),예능(중),무용,무용, ,Y,N,경기도 수원시 영통구 태장로7번길 49,", 영통플래티넘베이스 씨 301호 (망포동, 영통 플래티넘베이스 씨)",16685,031-548-4054,20250420
J10,경기도교육청,수원시,학원,3000031373,망포와와학습코칭학원,20161227,20161227,개원,        ,99991231,900,30,입시.검정 및 보습,보통교과,"보습,",보습, ,Y,N,경기도 수원시 영통구 영통로 127,", 401호 (망포동)",16687,,20231018
J10,경기도교육청,수원시,학원,40960,망포점하루애니웹툰미술학원,20100501,20100503,개원,        ,99991231,110,22,예능(대),예능(중),미술,미술, ,Y,N,경기도 수원시 영통구 영통로213번길 16,3층 일부(영통동),16698,031-257-2228,20240421
J10,경기도교육청,수원시,학원,3000044722,망포초점카라음악학원,20200803,20200803,개원,        ,99991231,429,33,예능(대),예능(중),"음악,",음악, ,Y,N,경기도 수원시 영통구 망포로 136,", 201호 (망포동, 영통 플래티넘베이스 에이)",16685,031-255-7979,20231018
J10,경기도교육청,수원시,학원,3000048070,망포피아체레음악학원,20210906,20210906,개원,        ,99991231,65,18,예능(대),예능(중),"음악,",음악, ,Y,N,경기도 수원시 영통구 태장로7번길 57,", 402호 일부 (망포동)",16685,,20231018
J10,경기도교육청,수원시,학원,3000076466,매교디앤써영어학원,20251118,20251118,개원,        ,        ,152,38,입시.검정 및 보습,보통교과,보습,보습, ,Y, ,경기도 수원시 팔달구 정조로 667,"606호 (매교동, 마이온프라자)",16467,,20260201
J10,경기도교육청,수원시,학원,3000031557,매교와이독서실,20170109,20170109,개원,        ,99991231,0,0,독서실,독서,,독서실(유아/초·중·고), ,Y,N,경기도 수원시 권선구 효원로 104,", 4층 (세류동)",16572,,20250420
J10,경기도교육청,수원시,학원,3000051794,매교유니팝미술학원,20220720,20220720,개원,        ,99991231,30,20,예능(대),예능(중),,미술, ,Y,N,경기도 수원시 팔달구 정조로 667,", 902호 (매교동, 마이온프라자)",16467,null,20260426
J10,경기도교육청,수원시,학원,3000067909,매교플러스학원,20240222,20240222,개원,        ,        ,220,55,입시.검정 및 보습,,,, ,Y, ,경기도 수원시 팔달구 세지로 196,", 3층 일부(인계동)",16476,031-235-3405,20250629
J10,경기도교육청,수원시,학원,3000061852,매산칸타빌레음악학원,20230829,20230829,개원,        ,        ,100,20,예능(대),,,, ,Y,N,경기도 수원시 팔달구 매산로 102,704호~705호(교동),16464,010-8850-6587,20250907
J10,경기도교육청,수원시,학원,115061,매스피아학원,20000105,20000105,개원,        ,99991231,350,170,종합(대),,보습,, ,Y,N,경기도 수원시 영통구 영통로 505,", 6층 601호 (영통동, 정원빌딩)",16706,031-206-0584,20231210
J10,경기도교육청,수원시,학원,3000042164,매쓰그랑제꼴학원,20191028,20191028,개원,        ,99991231,140,70,입시.검정 및 보습,보통교과,보습,보습, ,Y,N,경기도 수원시 영통구 봉영로 1623,", 504호 (영통동, 드림피아빌딩)",16703,031-206-1117,20260405
J10,경기도교육청,수원시,학원,3000061865,매쓰엔영어수학전문학원,20230830,20230830,개원,        ,        ,0,50,입시.검정 및 보습,보통교과,보습,보습, ,Y, ,경기도 수원시 영통구 매봉로 6-1,", 4층(매탄동)",16527,,20241229
J10,경기도교육청,수원시,학원,3000059668,매쓰온수학전문중고등관학원,20230803,20230803,개원,        ,        ,0,0,입시.검정 및 보습,,,, ,Y,N,경기도 수원시 영통구 청명남로 14,"6층 전체(영통동, 서현)",16705,,20231018
J10,경기도교육청,수원시,학원,3000069278,매쓰온수학학원,20240625,20240625,개원,        ,        ,30,150,입시.검정 및 보습,보통교과,보습,보습, ,Y,N,경기도 수원시 장안구 파장로 101,2층 전체(정자동),16337,031-303-9913,20240929
J10,경기도교육청,수원시,학원,3000053994,매쓰카페수학학원,20230131,20230131,개원,        ,99991231,270,30,입시.검정 및 보습,보통교과,보습,보습, ,Y,N,경기도 수원시 장안구 조원로112번길 35,", 5층 일부 (조원동)",16282,,20231018
J10,경기도교육청,수원시,학원,3000010534,매쓰캔영어수학학원,20110316,20110316,개원,        ,99991231,200,38,입시.검정 및 보습,보통교과,"보습,",보습, ,Y,N,경기도 수원시 영통구 매여울로 11,", 1층 일부 (매탄동, 동수원새마을금고2분소)",16524,031-211-2900,20231018
J10,경기도교육청,수원시,학원,3000061802,매쓰케이수학학원,20230825,20230825,개원,        ,        ,150,30,입시.검정 및 보습,,,, ,Y, ,경기도 수원시 영통구 법조로 25,", 1501~1502 (하동, 광교SK VIEW LAKE A)",16514,,20241215
J10,경기도교육청,수원시,학원,1813,매쓰클래스수학학원,20001214,20001214,개원,        ,99991231,255,46,입시.검정 및 보습,보통교과,"보습,",보습, ,Y,N,경기도 수원시 권선구 세권로304번길 44,", 3층 302호 전체 (권선동, 삼성프라자)",16553,031-222-0539,20250420
J10,경기도교육청,수원시,학원,3000043567,매쓰클리닉수학학원,20200227,20200227,개원,        ,99991231,200,38,입시.검정 및 보습,보통교과,보습,보습, ,Y,N,경기도 수원시 영통구 도청로17번길 34,", 3층 301호 전체 (이의동)",16509,null,20260201
J10,경기도교육청,수원시,학원,3000049474,매쓰터치수학학원,20220103,20220103,개원,        ,99991231,285,95,입시.검정 및 보습,보통교과,"보습,",보습, ,Y,N,경기도 수원시 영통구 덕영대로 1478,"515호, 601호(망포동)",16685,,20240128
J10,경기도교육청,수원시,학원,3000038388,매쓰퍼트학원,20181025,20181025,개원,        ,99991231,40,40,입시.검정 및 보습,보통교과,,보습, ,Y,N,경기도 수원시 영통구 영통로 136,", 센트럴타워 702호 (망포동 386, 센트럴타워)",16691,,20231018
J10,경기도교육청,수원시,학원,3000068263,매쓰프리미엄학원,20240315,20240315,개원,        ,        ,130,65,입시.검정 및 보습,보통교과,보습,보습, ,Y, ,경기도 수원시 영통구 봉영로 1620,"309호(영통동,대우 월드마크 영통)",16704,,20260405
J10,경기도교육청,수원시,학원,3000049365,매쓰하이픈학원,20211229,20211229,개원,        ,99991231,0,0,입시.검정 및 보습,보통교과,,보습, ,Y,N,경기도 수원시 영통구 영통로153번길 98,", 503호 일부 (망포동, 국제프라자)",16689,,20250209
J10,경기도교육청,수원시,학원,30913,매직에듀영어학원,20080514,20080514,개원,        ,99991231,16,30,입시.검정 및 보습,보통교과,"보습,",보습, ,Y,N,경기도 수원시 영통구 태장로 73, 정석그린프라자 301호 (망포동),443400,031-273-0595,20231018
J10,경기도교육청,수원시,학원,3000077669,매탄수학세상학원,20260305,20260305,개원,        ,        ,120,30,입시.검정 및 보습,보통교과,보통교과,보통교과, ,Y, ,경기도 수원시 영통구 매탄로108번길 24,", 401호,402호일부 (매탄동, 삼성프라자Ⅰ)",16545,,20260405
J10,경기도교육청,수원시,학원,27722,매탄엠토수학전문학원,20070802,20070802,개원,        ,99991231,115,136,입시.검정 및 보습,보통교과,"보습,",보습, ,Y,N,경기도 수원시 영통구 효원로 393,  외 1필지 밀레니엄프라자 801호 일부 (매탄동),443848,031-211-2121,20231018
J10,경기도교육청,수원시,학원,3000016218,맥수학학원,20120823,20120823,개원,        ,99991231,24,30,입시.검정 및 보습,보통교과,"보습,",보습, ,Y,N,경기도 수원시 권선구 당진로31번길 49,", 2층전체 (당수동)",441480,031-419-0572,20231018
J10,경기도교육청,수원시,학원,3000072414,맥시멈어학원,20241113,20241113,개원,        ,        ,240,0,국제화,외국어,외국어,외국어, ,Y,N,경기도 수원시 권선구 호매실로104번길 24-61,", 901호, 902호(호매실동, 금호프라자1동)",16630,010-4674-9179,20250720
J10,경기도교육청,수원시,학원,3000074016,메가스터디뷰티아카데미수원학원,20250409,20250409,개원,        ,        ,720,180,직업기술,산업응용기술,이·미용,이·미용, ,Y, ,경기도 수원시 팔달구 효원로 278,", 1304호 일부, 1305호~1318호(인계동, 파비오더씨타)",16491,,20260201
J10,경기도교육청,수원시,학원,3000074017,메가스터디뷰티아카데미입시학원,20250409,20250409,개원,        ,        ,300,100,기타(대),기타(중),이·미용,이·미용, ,Y, ,경기도 수원시 팔달구 효원로 278,", 1301호~1303호, 1304호 일부, 1319호~1321호(인계동)",16491,,20260201
J10,경기도교육청,수원시,학원,3000045580,메디슨잉글리시프렙어학원,20201202,20201202,개원,        ,99991231,60,69,국제화,외국어,,실용외국어(유아/초·중·고), ,Y,N,경기도 수원시 영통구 웰빙타운로49번길 28,", 3층 일부 (이의동)",16224,031-211-1837,20240623
J10,경기도교육청,수원시,학원,3000020298,메르헨음악학원,20131226,20131226,개원,        ,99991231,220,13,예능(대),예능(중),"음악,",음악, ,Y,N,경기도 수원시 영통구 동수원로 432,", 205호 (매탄동,동남아파트)",443370,,20231018
J10,경기도교육청,수원시,학원,114517,메리음악학원,19980121,19980121,개원,        ,99991231,180,18,예능(대),예능(중),음악,음악, ,Y,N,경기도 수원시 영통구 효원로 363, 매탄위브하늘채 303 상가B 3층 311호 (매탄동),443370,031-211-8860,20250323
J10,경기도교육청,수원시,학원,3000012594,메릭스해법수학지지이영어권선초점학원,20110922,20110922,개원,        ,99991231,105,30,입시.검정 및 보습,보통교과,"보습,",보습, ,Y,N,경기도 수원시 팔달구 세지로152번길 3,", 2층 (인계동)",442833,,20231018
J10,경기도교육청,수원시,학원,38972,메이저수학학원,20091127,20091127,개원,        ,99991231,262,55,입시.검정 및 보습,보통교과,"보습,",보습, ,Y,N,경기도 수원시 영통구 덕영대로1555번길 46,", 301호, 302호 (영통동 971-1, 벽적골롯데아파트상가동)",16700,031-302-5008,20231018
J10,경기도교육청,수원시,학원,3000046757,메이커척쓰리디프린터자격증전문학원,20210420,20210420,개원,        ,99991231,45,15,직업기술,컴퓨터,,"컴퓨터(정보처리,통신기기,인터넷,소프트웨어)", ,Y,N,경기도 수원시 권선구 서수원로 603,", 2층 전체 (금곡동)",16392,,20231018
J10,경기도교육청,수원시,학원,3000026331,메이트수학학원,20150619,20150619,개원,        ,99991231,30,30,입시.검정 및 보습,,"보습,",, ,Y,N,경기도 수원시 영통구 영통로 127,", 301호 (망포동, 센타프라자)",443400,,20231018
J10,경기도교육청,수원시,학원,3000019559,메카영어학원,20131004,20131004,개원,        ,99991231,80,23,입시.검정 및 보습,보통교과,,보습, ,Y,N,경기도 수원시 영통구 매탄로108번길 16,", 702호 (매탄동,엔타운)",443848,031-214-8810,20231018
J10,경기도교육청,수원시,학원,3000054225,메카코딩학원,20230216,20230216,개원,        ,99991231,80,20,기타(대),기타(중),,로봇, ,Y,N,경기도 수원시 권선구 금곡로196번길 61,", 304호 (금곡동)",16393,,20231018
J10,경기도교육청,수원시,학원,41766,메카학원,20100715,20100715,개원,        ,99991231,50,40,입시.검정 및 보습,보통교과,"보습,",보습, ,Y,N,경기도 수원시 장안구 만석로19번길 35,  수정프라자 7층 701호 (천천동),440330,031-269-1318,20231018
J10,경기도교육청,수원시,학원,41968,메타로봇코딩학원,20100809,20100730,개원,        ,99991231,120,30,기타(대),기타(중),기타(소),기타(소), ,Y,N,경기도 수원시 영통구 태장로 73, 정석그린프라자 6층 602호 (망포동),443400,031-891-0505,20231231
J10,경기도교육청,수원시,학원,5431,메타영수학원,19910719,19910719,개원,        ,99991231,100,40,입시.검정 및 보습,보통교과,,보습, ,Y,N,경기도 수원시 장안구 월드컵로 400,", 2층 (연무동, 백암토종순대)",16220,031-252-0560,20250330
J10,경기도교육청,수원시,학원,3000055435,메타잉글리쉬영어학원,20230601,20230601,개원,        ,99991231,0,0,입시.검정 및 보습,,"보습,보통교과,",, ,Y,N,경기도 수원시 영통구 권선로908번길 47,", 301호 (신동, 드림타워)",16682,,20231018
J10,경기도교육청,수원시,학원,3000041190,메타창의큐학원,20190711,20190711,개원,        ,99991231,205,54,입시.검정 및 보습,보통교과,보습,보습, ,Y,N,경기도 수원시 장안구 정자천로173번길 17,", 503호, 504호일부 (정자동, 투대일타운)",16334,031-271-0010,20250406
J10,경기도교육청,수원시,학원,3000013054,멘사사고력교육학원,20111102,20111102,개원,        ,99991231,75,28,기타(대),기타(중),"기타(소),",기타(소), ,Y,N,경기도 수원시 영통구 청명남로 21,", 807호 (영통동,아셈프라자)",443814,031-203-2311,20231018
J10,경기도교육청,수원시,학원,3000062002,멘사사고력수학학원,20230912,20230912,개원,        ,        ,180,30,기타(대),,,, ,Y,N,경기도 수원시 영통구 권선로908번길 53,"3층 일부(302호, 신동)",16682,,20231018
J10,경기도교육청,수원시,학원,3000047751,멘테수학학원,20210802,20210802,개원,        ,99991231,0,0,입시.검정 및 보습,보통교과,,보습, ,Y,N,경기도 수원시 권선구 호매실로218번길 126,", 203호 (호매실동)",16402,,20250525
J10,경기도교육청,수원시,학원,33336,멘토수학고등전문학원,20081211,20081211,개원,        ,99991231,204,50,입시.검정 및 보습,보통교과,보습,보습, ,Y,N,경기도 수원시 장안구 대평로 80,", 704호(정자동 877-4) (정자동, 정연메이져1동)",440841,070-8066-0026,20260201
J10,경기도교육청,수원시,학원,3000047954,멘토수학학원,20210824,20210824,개원,        ,99991231,122,55,입시.검정 및 보습,보통교과,,보습, ,Y,N,경기도 수원시 장안구 정자천로 187,", 306호 일부(B호) (정자동, 롯데프라자)",16334,,20250518
J10,경기도교육청,수원시,학원,114495,멜로디음악학원,19971229,19971229,개원,        ,99991231,188,47,예능(대),예능(중),"음악,",음악, ,Y,N,경기도 수원시 권선구 매송고색로 671,", 304호 (고색동,희원프라자)",441811,031-297-6197,20231030
J10,경기도교육청,수원시,학원,3000044521,명문건축기능학원,20200702,20200702,개원,        ,99991231,120,10,직업기술,산업서비스,,도배, ,Y,N,경기도 수원시 팔달구 매산로52번길 20,", 3층 (매산로3가)",16460,031-222-4985,20231018
J10,경기도교육청,수원시,학원,15003,명문음악미술학원,20050216,20050216,개원,        ,99991231,102,34,종합(대),,"음악,미술,",, ,N,N,경기도 수원시 권선구 동수원로242번길 20,",301호(권선동, 태양프라자)",16553,031-225-4242,20241117
J10,경기도교육청,수원시,학원,31680,명문학원,20080722,20080722,개원,20191227,20201226,249,30,입시.검정 및 보습,보통교과,"보습,",보습, ,Y,N,경기도 수원시 장안구 대평로90번길 16,", 대일프라자 6층 601호 (정자동)",440841,031-269-0039,20231018
J10,경기도교육청,수원시,학원,3000028053,명성학원,20160211,20160211,개원,        ,99991231,60,24,입시.검정 및 보습,보통교과,"보습,",보습, ,Y,N,경기도 수원시 권선구 금곡로102번길 48,", 604호 (금곡동, 호매실주공프라자)",16385,031-898-7900,20231018
J10,경기도교육청,수원시,학원,39300,명인바둑학원,20100106,20100106,개원,        ,99991231,200,26,기예(대),기예(중),"바둑,",바둑, ,Y,N,경기도 수원시 영통구 영통로 514,  401호 (영통동),443470,031-203-9400,20231018
J10,경기도교육청,수원시,학원,3000040094,명인스카이수학학원,20190326,20190326,개원,        ,99991231,520,70,입시.검정 및 보습,보통교과,"보습,보습·논술",보습, ,Y,N,경기도 수원시 영통구 청명남로 21,", 5층 502-1호 전체 (영통동, 아셈프라자)",16704,,20240421
J10,경기도교육청,수원시,학원,3000020023,명인학원,20131128,20131128,개원,        ,99991231,1250,243,입시.검정 및 보습,보통교과,"보습,보습·논술",보습, ,Y,N,경기도 수원시 영통구 청명남로 21,", 805호,806호,502-2호(아셈프라자) (영통동)",443814,031-202-5535,20240421
J10,경기도교육청,수원시,학원,27168,명진박두현국어학원,20081231,20070619,개원,        ,99991231,30,30,입시.검정 및 보습,보통교과,"보습,",보습, ,Y,N,경기도 수원시 영통구 청명로 77,  3층 전체 (영통동),443470,031-273-2008,20231018
J10,경기도교육청,수원시,학원,114400,모노음악학원,19970814,19970814,개원,        ,99991231,10,10,예능(대),예능(중),,음악, ,Y,N,경기도 수원시 권선구 경수대로235번길 31,  2층 (세류동),441880,031-223-4473,20231018
J10,경기도교육청,수원시,학원,25867,모던실용음악학원,20070222,20070222,개원,        ,99991231,125,25,예능(대),예능(중),,음악, ,Y,N,경기도 수원시 영통구 봉영로 1623,  314호 (영통동),443470,031-204-4628,20251207
J10,경기도교육청,수원시,학원,3000016216,모던케이실용음악학원,20120817,20120817,개원,        ,99991231,290,40,종합(대),,음악,, ,Y,N,경기도 수원시 팔달구 향교로 126,", 2층,3층전체 (교동,은하수미용학원)",442130,,20251207
J10,경기도교육청,수원시,학원,114551,모두스만화애니학원,19980218,19980218,개원,        ,99991231,136,68,예능(대),예능(중),,미술, ,Y,N,경기도 수원시 팔달구 팔달로 33,"401~407호(고등동, 웨일에비뉴)",16453,031-248-1539,20260201
J10,경기도교육청,수원시,학원,3000048731,모든학교큐리어스광교지점학원,20211110,20211110,개원,        ,99991231,10,48,기타(대),기타(중),,기타(소), ,Y,N,경기도 수원시 영통구 센트럴타운로 106,", 301호 (이의동, 센트럴프라자)",16506,,20231018
J10,경기도교육청,수원시,학원,3000073933,모멘토발레학원,20250403,20250403,개원,        ,        ,210,30,예능(대),,,, ,Y, ,경기도 수원시 팔달구 인계로61번길 21-2,", 3층 전체(인계동)",16474,,20250406
J10,경기도교육청,수원시,학원,3000068246,모아미술학원,20240313,20240313,개원,        ,        ,72,12,예능(대),예능(중),미술,미술, ,Y, ,경기도 수원시 권선구 금곡로102번길 38,", 305호(금곡동, 호매실프라자)",16385,,20260412
J10,경기도교육청,수원시,학원,1546,모차르트음악학원,20020828,20020828,개원,        ,99991231,60,17,예능(대),예능(중),"음악,",음악, ,Y,N,경기도 수원시 영통구 태장로71번길 15,", 303호, 304호 (망포동 690, 망포마을동수원엘지빌리지상가동)",16688,031-205-2501,20231018
J10,경기도교육청,수원시,학원,3000049798,목동수학학원,20220127,20220127,개원,        ,99991231,240,60,입시.검정 및 보습,보통교과,,보습, ,Y,N,경기도 수원시 장안구 경수대로 940,", 315호, 505호(조원동, 일호골든타워)",16295,,20250720
J10,경기도교육청,수원시,학원,113607,목우미술학원,20070504,19931120,개원,        ,99991231,2050,48,예능(대),예능(중),,미술, ,Y,N,경기도 수원시 팔달구 매산로 124,  3층 (교동),442130,031-239-8124,20260426
J10,경기도교육청,수원시,학원,3000074878,몰튼아트미술학원,20250717,20250717,개원,        ,        ,0,0,예능(대),예능(중),미술,미술, ,Y, ,경기도 수원시 팔달구 정조로 697,(매교동) 608호,16467,,20250720
J10,경기도교육청,수원시,학원,15107,몽크실용음악학원,20050303,20050303,개원,        ,99991231,19,50,예능(대),예능(중),음악,음악, ,Y,N,경기도 수원시 영통구 효원로 397,  중앙프라자 5층일부 (매탄동),443848,031-212-8833,20241229
J10,경기도교육청,수원시,학원,16427,무늬미술통역학원,20050511,20050511,개원,        ,99991231,80,80,종합(대),,"미술,실용외국어(유아/초·중·고),",, ,Y,N,경기도 수원시 권선구 매실로 47-14,", 2층 (호매실동,대한검도호매실검도관)",441884,031-294-8205,20231030
J10,경기도교육청,수원시,학원,3000012607,무제한영어엔진학원,20230622,20230627,개원,        ,        ,200,25,입시.검정 및 보습,,,, ,Y,N,경기도 수원시 장안구 장안로17번길 8-7,2층 일부,16274,,20231018
J10,경기도교육청,수원시,학원,3000077515,문뮤직실용음악학원,20260220,20260220,개원,        ,        ,120,15,예능(대),,,, ,Y, ,경기도 수원시 장안구 정자천로 187,"204호(정자동, 롯데프라자)",16334,,20260301
J10,경기도교육청,수원시,학원,11580,문스잉글리쉬학원,20041011,20041011,개원,        ,99991231,71,51,입시.검정 및 보습,보통교과,"보습,",보습, ,Y,N,경기도 수원시 권선구 세권로 213,  2층 (권선동),441824,031-233-4001,20231018
J10,경기도교육청,수원시,학원,3000050285,문영영어학원,20220304,20220304,개원,20240701,20240930,50,16,입시.검정 및 보습,보통교과,,보습, ,Y,N,경기도 수원시 권선구 곡반정로 177,", 301호  일부 (곡반정동, DM스퀘어)",16667,,20240929
J10,경기도교육청,수원시,학원,42843,문지영영어학원,20101020,20101020,개원,        ,99991231,63,53,입시.검정 및 보습,보통교과,"보습,",보습, ,Y,N,경기도 수원시 영통구 청명남로 54,", 3층 (영통동)",16705,031-204-6331,20231018
J10,경기도교육청,수원시,학원,3000040635,문해랑국어독서학원,20190520,20190520,개원,        ,99991231,253,21,입시.검정 및 보습,보통교과,"보습·논술,",보습·논술, ,Y,N,경기도 수원시 영통구 도청로17번길 40,", 202호 (이의동)",16509,,20231018
J10,경기도교육청,수원시,학원,3000069279,문해와수리광교학원,20240625,20240625,개원,        ,        ,200,40,입시.검정 및 보습,,,, ,Y,N,경기도 수원시 영통구 도청로17번길 34,", 201호(이의동)",16509,031-214-2690,20240818
J10,경기도교육청,수원시,학원,3000023265,물담아틀리에학원,20141105,20141105,개원,        ,99991231,64,21,예능(대),예능(중),미술,미술, ,Y,N,경기도 수원시 권선구 금곡로102번길 15,", 508호~509호 (금곡동,비즈웍스)",441842,031-296-6077,20260405
J10,경기도교육청,수원시,학원,3000026628,뮤아크아트칼리지미술학원,20151021,20151021,개원,        ,99991231,383,32,예능(대),예능(중),,미술, ,Y,N,경기도 수원시 영통구 센트럴타운로 106,", 406호 (이의동 1322-5, 센트럴프라자)",16506,031-8001-5566,20260405
J10,경기도교육청,수원시,학원,3000068052,뮤어드뮤직아카데미실용음악학원,20240305,20240305,개원,        ,        ,180,30,예능(대),,,, ,Y, ,경기도 수원시 팔달구 고등로 28,", 527~530호(고등동,써밋플렉스 주건축물제1동)",16453,010-8227-2153,20250810
J10,경기도교육청,수원시,학원,3000071627,뮤엠금호학원,20240813,20240813,개원,        ,        ,200,40,입시.검정 및 보습,,,, ,Y, ,경기도 수원시 권선구 호매실로218번길 128,", 501호(호매실동)",16402,,20240818
J10,경기도교육청,수원시,학원,3000015876,뮤엠영어금곡학원,20120724,20120724,개원,        ,99991231,150,14,입시.검정 및 보습,보통교과,"보습,",보습, ,Y,N,경기도 수원시 권선구 서수원로 607,", 304호 (금곡동,강남아파트상가동)",441746,031-297-9897,20231018
J10,경기도교육청,수원시,학원,31253,뮤엠영어매탄위브학원,20080619,20080619,개원,        ,99991231,150,43,입시.검정 및 보습,보통교과,보습,보습, ,Y,N,경기도 수원시 영통구 인계로220번길 6-85,", 2층 좌측일부 (매탄동)",443806,031-214-7905,20231018
J10,경기도교육청,수원시,학원,3000051195,뮤엠영어뮤엠폴리오국어논술광교레이크시티학원,20220527,20220527,개원,        ,99991231,270,45,입시.검정 및 보습,보통교과,보습,보습, ,Y,N,경기도 수원시 영통구 광교호수공원로 20,", 근린생활시설동-2동, 210호(102동) (원천동, 더샵 광교레이크시티)",16515,,20250525
J10,경기도교육청,수원시,학원,42421,뮤엠영어영화학원,20100927,20100913,개원,        ,99991231,100,36,입시.검정 및 보습,보통교과,보습,보습, ,Y,N,경기도 수원시 장안구 경수대로858번길 3,  2층 전체 (조원동),440849,031-253-7905,20240602
J10,경기도교육청,수원시,학원,3000018495,뮤엠영어오현학원,20130508,20130508,개원,        ,99991231,550,40,입시.검정 및 보습,보통교과,보습,보습, ,Y,N,경기도 수원시 권선구 삼천병마로1598번길 42,", 2층 전체 (오목천동)",441849,031-291-4999,20260405
J10,경기도교육청,수원시,학원,3000016031,뮤엠영어원천학원,20120806,20120806,개원,        ,99991231,24,24,입시.검정 및 보습,보통교과,"보습,",보습, ,Y,N,경기도 수원시 영통구 매영로 93-27,", 1층 일부 (매탄동)",443807,031-213-2447,20231018
J10,경기도교육청,수원시,학원,3000018734,뮤엠영어이문어학원,20130611,20130611,개원,        ,99991231,244,55,국제화,외국어,,실용외국어(유아/초·중·고), ,Y,N,경기도 수원시 장안구 금당로10번길 63,", 103-1호,202-1호,202-2호 (조원동,메가타워)",440847,031-252-2255,20241117
J10,경기도교육청,수원시,학원,38545,뮤엠영어포커스수학학원,20091103,20091103,개원,        ,99991231,330,60,입시.검정 및 보습,보통교과,"보습,",보습, ,Y,N,경기도 수원시 장안구 송정로 58,", 2층 (정자동)",16312,031-251-2578,20231018
J10,경기도교육청,수원시,학원,3000074933,뮤엠영어폴리오국어논술망포학원,20250723,20250723,개원,        ,        ,120,40,입시.검정 및 보습,,,, ,Y, ,경기도 수원시 영통구 영통로154번길 60,", 306호, 403-2호(망포동)",16691,,20260405
J10,경기도교육청,수원시,학원,3000074344,뮤엠영어화서어학원,20250520,20250519,개원,        ,        ,150,75,국제화,외국어,,외국어, ,Y, ,경기도 수원시 팔달구 일월로22번길 22-5,", 503호(화서동, 서수원프라자)",16424,,20251214
J10,경기도교육청,수원시,학원,3000017718,뮤엠영어화양학원,20130215,20130215,개원,        ,99991231,320,41,입시.검정 및 보습,보통교과,"보습,",보습, ,Y,N,경기도 수원시 팔달구 수성로182번길 107,", 2층 전체 (화서동244-2,기둥빌딩)",442867,031-255-1999,20231018
J10,경기도교육청,수원시,학원,3000019082,뮤엠영어화홍학원,20130729,20130729,개원,        ,99991231,150,33,입시.검정 및 보습,보통교과,보습,보습, ,Y,N,경기도 수원시 장안구 장안로29번길 20,", 2층 일부 (영화동)",440822,031-242-4545,20251019
J10,경기도교육청,수원시,학원,3000076072,뮤제아실용음악학원,20250929,20250929,개원,        ,        ,78,13,예능(대),,,, ,Y, ,경기도 수원시 팔달구 덕영대로697번길 21-7,"501호, 504호(화서동)",16435,,20251012
J10,경기도교육청,수원시,학원,3000054056,뮤제아트미술학원,20230203,20230203,개원,        ,99991231,51,32,예능(대),예능(중),미술,미술, ,Y,N,경기도 수원시 장안구 장안로 262,", 4층 (403호, 정자동 동우빌딩)",16337,null,20260412
J10,경기도교육청,수원시,학원,3000045516,뮤제아트영통미술학원,20201125,20201125,개원,        ,99991231,30,22,예능(대),예능(중),미술,미술, ,Y,N,경기도 수원시 영통구 덕영대로 1400,", 201호, 202호 (망포동, 영통아이파크캐슬2단지 상가에이동)",16684,031-205-7924,20260201
J10,경기도교육청,수원시,학원,44032,뮤제트음악학원,20110112,20110112,개원,        ,99991231,20,19,예능(대),예능(중),,음악, ,Y,N,경기도 수원시 팔달구 화양로67번길 10, 수원화서역동문굿모닝힐아파트 상가동 2층201~202호 (화서동),442150,031-278-2900,20240929
J10,경기도교육청,수원시,학원,3000018737,뮤즈음악학원,20130614,20130614,개원,        ,99991231,330,15,예능(대),예능(중),,음악, ,Y,N,경기도 수원시 장안구 금당로 46,", 601호 일부 (조원동,조원동 731-6 제2종근린생활시설 (이재환))",440847,031-257-9821,20260405
J10,경기도교육청,수원시,학원,3000034205,뮤즈파크음악학원,20170912,20170912,개원,        ,99991231,2,20,예능(대),예능(중),음악,음악, ,Y,N,경기도 수원시 권선구 동수원로177번길 40,", 212호 (권선동)",16663,null,20241215
J10,경기도교육청,수원시,학원,11344,뮤즈피아노전문학원,20040916,20040916,개원,        ,99991231,13,13,예능(대),예능(중),"음악,",음악, ,Y,N,경기도 수원시 팔달구 권광로 367,  5층 (우만동),442816,031-213-9111,20231018
J10,경기도교육청,수원시,학원,3000036697,뮤직드로잉실용음악학원,20180420,20180420,개원,        ,99991231,4,20,기예(대),기예(중),"기예(중),실용음악(성악)",실용음악(성악), ,Y,N,경기도 수원시 영통구 영통로217번길 11,", 2층 (영통동)",16698,null,20240804
J10,경기도교육청,수원시,학원,3000052105,뮤직드로잉취미음악학원,20220816,20220816,개원,        ,99991231,0,0,기예(대),기예(중),,기예(중), ,Y,N,경기도 수원시 권선구 효원로266번길 19,", 201호 (권선동)",16571,null,20240804
J10,경기도교육청,수원시,학원,21593,뮤직온음악학원,20060329,20060329,개원,        ,99991231,90,18,예능(대),예능(중),,음악, ,Y,N,경기도 수원시 영통구 권광로260번길 36,", 201호 일부 (매탄동, 현대힐스테이트아파트)",16532,031-216-0234,20260426
J10,경기도교육청,수원시,학원,3000034534,뮤직하임음악학원,20171018,20171018,개원,        ,99991231,200,40,예능(대),예능(중),음악,음악, ,Y,N,경기도 수원시 권선구 서수원로577번길 305,", 104호, 105호 (금곡동)",16380,031-2277-995,20260426
J10,경기도교육청,수원시,학원,3000046713,뮤토에듀케이션학원,20210415,20210415,개원,        ,99991231,0,0,입시.검정 및 보습,보통교과,,보습, ,Y,N,경기도 수원시 영통구 법조로 25,", A동 916호 2112호 2113호 (하동, 광교 SK VIEW Lake A)",16514,010-5886-0809,20260201
J10,경기도교육청,수원시,학원,3000024951,미디시티실용음악학원,20150408,20150408,개원,        ,99991231,100,40,예능(대),예능(중),,음악, ,Y,N,경기도 수원시 권선구 금호로 240-1,", 3층, 6층 전체 (탑동 759-10, 세종빌라)",16604,031-292-8130,20231030
J10,경기도교육청,수원시,학원,3000077857,미딕스실용음악학원,20260320,20260320,개원,        ,        ,360,40,예능(대),,,, ,Y, ,경기도 수원시 권선구 호매실로104번길 24-61,금호프라자 906호(호매실동),16630,,20260405
J10,경기도교육청,수원시,학원,35505,미라벨음악학원,20090701,20090701,개원,        ,99991231,180,20,예능(대),예능(중),,음악, ,Y,N,경기도 수원시 장안구 화산로 87,  천천푸르지오 근린생활시설1 515호 516 517호 (천천동),440330,031-297-2700,20250601
J10,경기도교육청,수원시,학원,3000041583,미랑음악학원,20190821,20190821,개원,        ,99991231,82,12,예능(대),예능(중),,음악, ,Y,N,경기도 수원시 영통구 광교호수공원로 277,", 2층 2F-022호 전체, 2F-025호 전체 (원천동, 광교중흥에스클래스)",16517,,20250105
J10,경기도교육청,수원시,학원,3000039587,미래수창의사고력수학학원,20190215,20190215,개원,        ,99991231,10,36,입시.검정 및 보습,보통교과,,보습, ,Y,N,경기도 수원시 영통구 반달로7번길 6,", 701호 (영통동, 센타프라자)",16704,,20250302
J10,경기도교육청,수원시,학원,3000077336,미래수학학원,20260130,20260130,개원,        ,        ,100,20,입시.검정 및 보습,보통교과,보습,보습, ,Y, ,경기도 수원시 권선구 금곡로102번길 29,센트럴프라자A 303호(금곡동),16388,010-5207-3040,20260405
J10,경기도교육청,수원시,학원,3000011797,미래엔수학리드매쓰학원,20110711,20110711,개원,        ,99991231,45,40,입시.검정 및 보습,보통교과,,보습, ,Y,N,경기도 수원시 영통구 덕영대로1555번길 13,  세일빌딩 4층 405호 (영통동),443812,031-203-8864,20260405
J10,경기도교육청,수원시,학원,3000074754,미래엔영어수학전문학원,20250703,20250703,개원,        ,        ,100,45,입시.검정 및 보습,,,, ,Y, ,경기도 수원시 권선구 경수대로 202,", 2층 72,73호 (권선동, 수원아이파크시티12단지)",16662,,20250706
J10,경기도교육청,수원시,학원,3000014587,미래엔영어수학학원,20120316,20120316,개원,        ,99991231,432,22,입시.검정 및 보습,보통교과,,보습, ,Y,N,경기도 수원시 팔달구 세지로234번길 23,", 2층 전체, 1층 일부 (인계동)",16474,031-233-5247,20251109
J10,경기도교육청,수원시,학원,3000068297,미래엔영어에이블영어학원,20240319,20240319,개원,        ,        ,150,30,입시.검정 및 보습,,,, ,Y, ,경기도 수원시 영통구 매영로310번길 36,"207호 일부, 208호 전체(영통동, 신성.신안.쌍용.진흥아파트 상가동)",16697,,20260222
J10,경기도교육청,수원시,학원,114172,미래웅변학원,19961022,19961022,개원,        ,99991231,240,30,기타(대),기타(중),"웅변,",웅변, ,Y,N,경기도 수원시 장안구 경수대로 752,  지하 (연무동),440814,031-253-1332,20231018
J10,경기도교육청,수원시,학원,114062,미래학원,19960719,19960719,개원,        ,99991231,425,131,종합(대),,"미술,보습,음악",, ,Y,N,경기도 수원시 장안구 경수대로 752,", 1~3층 (연무동,미래미술속셈학원)",440814,031-248-1332,20250427
J10,경기도교육청,수원시,학원,3000027501,미리내마술학원,20160105,20160105,개원,        ,99991231,93,40,기타(대),기타(중),,마술(매직), ,Y,N,경기도 수원시 팔달구 정조로 767-8,", 2층 일부 (팔달로3가)",16261,031-206-2555,20231018
J10,경기도교육청,수원시,학원,1839,미소음악학원,20000905,20000905,개원,        ,99991231,326,20,예능(대),예능(중),음악,음악, ,Y,N,경기도 수원시 영통구 덕영대로1673번길 28,", 1층 전체 (영통동 990-5)",16702,031-206-5118,20240929
J10,경기도교육청,수원시,학원,3000069702,미술로생각하기광교학원,20240806,20240806,개원,        ,        ,80,20,예능(대),,,, ,Y,N,경기도 수원시 영통구 중부대로 333,", 2층 일부(원천동, 강수정 산부인과)",16518,,20260201
J10,경기도교육청,수원시,학원,3000023302,미술로생각하기수원망포학원,20141107,20141107,개원,        ,99991231,10,0,기타(대),기타(중),,기타(소), ,Y,N,경기도 수원시 영통구 영통로 136,", 503호 (망포동, 센트럴타워)",443400,,20250302
J10,경기도교육청,수원시,학원,3000018378,미술로생각하기영통학원,20130423,20130423,개원,        ,99991231,200,20,기타(대),기타(중),"기타(소),",기타(소), ,Y,N,경기도 수원시 영통구 봉영로 1605,", 508호 (영통동959-1,모던타운)",443810,031-206-3252,20250302
J10,경기도교육청,수원시,학원,3000044093,미용의정서애견미용학원,20200424,20200424,개원,        ,99991231,300,100,직업기술,일반서비스,"애견미용,",애견미용, ,Y,N,경기도 수원시 팔달구 인계로138번길 25,", 3층 및 4층 일부(302호, 401호) (인계동)",16489,,20250914
J10,경기도교육청,수원시,학원,3000015703,미코영어수학학원,20120709,20120709,개원,        ,99991231,120,40,입시.검정 및 보습,보통교과,"보습,",보습, ,Y,N,경기도 수원시 권선구 삼천병마로1598번길 32,401호(오목천동),16635,031-225-9038,20240505
J10,경기도교육청,수원시,학원,3000052791,미코학원,20221025,20221025,개원,        ,99991231,160,70,입시.검정 및 보습,보통교과,,보습, ,Y,N,경기도 수원시 권선구 삼천병마로1598번길 32,", 403호 (오목천동, 대유빌딩)",16635,,20231018
J10,경기도교육청,수원시,학원,3000049559,민샘수학학원,20220110,20220110,개원,        ,99991231,370,74,입시.검정 및 보습,보통교과,보습,보습, ,Y,N,경기도 수원시 팔달구 덕영대로697번길 17,", 208-1호 402-1호 404호 (화서동, 그린프라자)",16435,,20250629
J10,경기도교육청,수원시,학원,3000076206,민샘학원,20251023,20251023,개원,        ,        ,480,60,입시.검정 및 보습,,,, ,Y, ,경기도 수원시 팔달구 덕영대로697번길 17,"302호(화서동, 그린프라자)",16435,,20251026
J10,경기도교육청,수원시,학원,3000035823,민수학학원,20180209,20180209,개원,        ,99991231,100,40,입시.검정 및 보습,보통교과,,보습, ,Y,N,경기도 수원시 권선구 금곡로102번길 30,", 603호 (금곡동)",16385,,20231018
J10,경기도교육청,수원시,학원,3000036004,민스발레컨서바토리학원,20180227,20180227,개원,        ,99991231,220,44,예능(대),예능(중),무용,무용, ,Y,N,경기도 수원시 영통구 영통로 136,", 603호, 604호 (망포동, 센트럴타워)",16691,,20260215
J10,경기도교육청,수원시,학원,3000028579,민족부사관장교학원,20160401,20160401,개원,        ,99991231,580,70,인문사회(대),인문사회(중),"성인고시,",성인고시, ,Y,N,경기도 수원시 팔달구 매산로 22-1,", 4층 전체 (매산로2가)",16461,,20250622
J10,경기도교육청,수원시,학원,3000051923,민트코끼리미술학원,20220801,20220801,개원,        ,99991231,208,13,예능(대),예능(중),미술,미술, ,Y,N,경기도 수원시 영통구 영통로 507,", 2층 일부 (영통동)",16706,,20231231
J10,경기도교육청,수원시,학원,3000074768,민트플루트음악학원,20250707,20250707,개원,        ,        ,40,20,예능(대),,,, ,Y, ,경기도 수원시 권선구 경수대로 202,", 2층 46,47호(권선동, 수원아이파크시티12단지)",16662,,20250720
J10,경기도교육청,수원시,학원,3000035669,밀알지엘학원,20180122,20180122,개원,        ,99991231,25,25,입시.검정 및 보습,보통교과,,보습, ,Y,N,경기도 수원시 팔달구 세지로 316,", 1층 좌측 일부 (지동)",16247,031-244-2333,20231018
J10,경기도교육청,수원시,학원,3000048959,바닐라음악학원,20211130,20211130,개원,        ,99991231,340,13,예능(대),예능(중),,음악, ,Y,N,경기도 수원시 장안구 대평로 27,", 201호 (정자동, 화서역 파크푸르지오 201동)",16318,031-269-2604,20250316
J10,경기도교육청,수원시,학원,36574,바다별음악학원,20090814,20090814,개원,        ,99991231,29,20,예능(대),예능(중),"음악,",음악, ,Y,N,경기도 수원시 팔달구 장다리로245번길 7,", 2층 전체 (인계동)",16474,031-222-1150,20231018
J10,경기도교육청,수원시,학원,3000073641,바다수학과학학원,20250306,20250306,개원,        ,        ,240,40,입시.검정 및 보습,보통교과,보습,보습, ,Y, ,경기도 수원시 팔달구 정조로 697,", 701호 (매교동, 마인플라자)",16467,,20260308
J10,경기도교육청,수원시,학원,3000064233,바른걸음영어학원,20240119,20240119,개원,        ,        ,180,45,입시.검정 및 보습,,,, ,Y, ,경기도 수원시 영통구 영통로153번길 36-4,3층 전체(망포동),16689,,20260201
J10,경기도교육청,수원시,학원,26751,바른길학원,20070509,20070509,개원,        ,99991231,1072,62,입시.검정 및 보습,보통교과,"보습,검정,",보습, ,Y,N,경기도 수원시 권선구 금곡로102번길 38,", 505호 (금곡동,호매실프라자)",16385,031-292-6505,20231030
J10,경기도교육청,수원시,학원,3000017946,바리스타제이커피전문학원,20130308,20130308,개원,        ,99991231,200,25,직업기술,산업응용기술,"식음료품(바리스타,소믈리에)","식음료품(바리스타,소믈리에)", ,Y,N,경기도 수원시 팔달구 인계로 126,", 203호 (인계동,수원미디어시티)",442834,031-239-8123,20250810
J10,경기도교육청,수원시,학원,3000021472,바퀴달린그림책플러스미술학원,20140424,20140424,개원,        ,99991231,200,30,예능(대),예능(중),,미술, ,Y,N,경기도 수원시 장안구 덕영대로535번길 38,", 7층 일부 (천천동)",440330,031-227-0826,20231018
J10,경기도교육청,수원시,학원,3000054020,바투국어논술학원,20230201,20230201,개원,        ,99991231,32,34,입시.검정 및 보습,보통교과,,보습·논술, ,Y,N,경기도 수원시 권선구 금곡로102번길 20,", 502호 일부 (금곡동, 센타프라자)",16385,,20231018
J10,경기도교육청,수원시,학원,1761,바하음악학원,20010525,20010525,개원,        ,99991231,403,17,예능(대),,,, ,Y,N,경기도 수원시 영통구 봉영로1744번길 11,", 301호 일부 (영통동, 벽산.풍림아파트 상가1동)",16713,031-205-1330,20250316
J10,경기도교육청,수원시,학원,114347,박경숙미술학원,19970530,19970530,개원,        ,99991231,28,160,예능(대),예능(중),"미술,",미술, ,Y,N,경기도 수원시 장안구 수성로258번길 79,  2층 (영화동),440822,031-256-6427,20231018
J10,경기도교육청,수원시,학원,3000037060,박샘수학학원,20180515,20180515,개원,        ,99991231,106,45,입시.검정 및 보습,보통교과,"보습,",보습, ,Y,N,경기도 수원시 장안구 상률로12번길 70,", 3층 전체 (율전동, 금영빌딩)",16356,,20231018
J10,경기도교육청,수원시,학원,115683,박채봉음악학원,20020220,20020220,개원,        ,99991231,275,32,예능(대),예능(중),음악,음악, ,Y,N,경기도 수원시 장안구 조원로112번길 35,", 5층 일부 (조원동725-7)",16282,031-254-3558,20250427
J10,경기도교육청,수원시,학원,3000035133,박혜림토익학원,20171206,20171206,개원,        ,99991231,60,80,국제화,국제,,어학(성인), ,Y,N,경기도 수원시 팔달구 덕영대로895번길 22-15,", 3층 전체 (매산로1가)",16455,,20250504
J10,경기도교육청,수원시,학원,3000036909,반듯한영어학원,20180516,20180516,개원,        ,99991231,18,30,입시.검정 및 보습,보통교과,,보습, ,Y,N,경기도 수원시 영통구 웰빙타운로49번길 14,", 403호 (이의동)",16224,,20231018
J10,경기도교육청,수원시,학원,3000051620,발레메이트학원,20220706,20220706,개원,        ,99991231,0,0,예능(대),예능(중),,무용, ,Y,N,경기도 수원시 팔달구 정조로 767-8,", 3층 일부 (팔달로3가)",16261,031-241-1245,20251130
J10,경기도교육청,수원시,학원,41369,배움음악학원,20100617,20100617,개원,        ,99991231,240,25,예능(대),예능(중),음악,음악, ,Y,N,경기도 수원시 권선구 당진로 17," 2층 일부(201호)(당수동, 삼성프라자)",441480,010-3456-7435,20250302
J10,경기도교육청,수원시,학원,116041,백년대계예일보습학원,19891127,19891127,개원,        ,99991231,350,70,입시.검정 및 보습,보통교과,"보습,",보습, ,Y,N,경기도 수원시 권선구 권선로 633,  동광빌딩 4층 (권선동),441821,031-239-0095,20231018
J10,경기도교육청,수원시,학원,3000033088,백년대계혜윰수학과학학원,20170529,20170529,개원,        ,99991231,24,45,입시.검정 및 보습,보통교과,"보습,",보습, ,Y,N,경기도 수원시 영통구 권선로908번길 52-20,", 401호 (신동)",16683,,20231018
J10,경기도교육청,수원시,학원,2179,백설칸타빌레음악학원,19991210,19991210,개원,        ,99991231,124,13,예능(대),예능(중),음악,음악, ,Y,N,경기도 수원시 장안구 천천로22번길 34,"201호(정자동,백설마을 삼환 나우빌 아파트 상가동)",16332,031-269-2933,20260412
J10,경기도교육청,수원시,학원,3000063779,백쌤잉글리쉬앤매쓰학원,20231218,20231218,개원,        ,        ,258,43,입시.검정 및 보습,보통교과,보습,보습, ,Y, ,경기도 수원시 권선구 곡반정로 160,"204호(곡반정동, 라퍼스트)",16668,,20260405
J10,경기도교육청,수원시,학원,3000073459,버블댄스학원,20250219,20250219,개원,        ,        ,60,20,예능(대),예능(중),,무용, ,Y, ,경기도 수원시 영통구 덕영대로 1470,", 307호(망포동, 망포역 플래티넘베이스 주건축물제1동)",16685,,20260426
J10,경기도교육청,수원시,학원,3000074207,버블영어학원,20250502,20250502,개원,        ,        ,144,24,입시.검정 및 보습,보통교과,,보습, ,Y, ,경기도 수원시 장안구 장안로 262,", 4층 일부(정자동)",16337,,20260405
J10,경기도교육청,수원시,학원,3000013656,버클리음악학원,20111226,20111226,개원,        ,99991231,50,15,예능(대),예능(중),"음악,",음악, ,Y,N,경기도 수원시 권선구 권중로 136,", 상가동 201호 (권선동,신동아아파트)",441719,,20231018
J10,경기도교육청,수원시,학원,16310,베로나음악학원,20050430,20050430,개원,        ,99991231,428,9,예능(대),예능(중),"음악,",음악, ,Y,N,경기도 수원시 장안구 덕영대로417번길 82,  2층 (율전동),440824,031-244-3933,20231018
J10,경기도교육청,수원시,학원,115815,베르디음악학원,19871031,19871031,개원,        ,99991231,198,10,예능(대),예능(중),,음악, ,Y,N,경기도 수원시 장안구 장안로 226,", 3층 11호(정자동)",16340,031-246-4314,20250720
J10,경기도교육청,수원시,학원,3000055289,베리뷰플로리스트학원,20230517,20230517,개원,        ,99991231,0,0,기예(대),기예(중),"공예(종이접기,꽃꽂이,꽃기예)","공예(종이접기,꽃꽂이,꽃기예)", ,Y,N,경기도 수원시 팔달구 팔달로 31,", 504,505호 (고등동), 서영아너시티온",16453,,20260405
J10,경기도교육청,수원시,학원,3000031945,베스트교육고등수학학원,20170213,20170210,개원,        ,99991231,100,115,입시.검정 및 보습,보통교과,보습,보습, ,Y,N,경기도 수원시 권선구 금곡로118번길 10,", 306호, 307호 (금곡동)",16388,,20250202
J10,경기도교육청,수원시,학원,3000044796,베스트교육수학학원,20200817,20200814,개원,        ,99991231,109,70,입시.검정 및 보습,보통교과,,보습, ,Y,N,경기도 수원시 권선구 금곡로 106,", 504호, 505호 (금곡동, 우성메디피아)",16388,031-293-2828,20250202
J10,경기도교육청,수원시,학원,3000019669,베스트교육영어학원,20131015,20131015,개원,        ,99991231,211,90,입시.검정 및 보습,보통교과,,보습, ,Y,N,경기도 수원시 권선구 금곡로 106,", 506호 (금곡동 1085-2, 우성메디피아)",16388,031-292-2828,20250202
J10,경기도교육청,수원시,학원,3000053287,베스트교육초등중등수학학원,20221202,20221202,개원,        ,99991231,270,90,입시.검정 및 보습,보통교과,,보습, ,Y,N,경기도 수원시 권선구 금곡로 112,", 407호, 408호 (금곡동)",16388,,20250202
J10,경기도교육청,수원시,학원,115739,베스트예능학원,20020420,20020420,개원,        ,99991231,100,20,예능(대),예능(중),,음악, ,Y,N,경기도 수원시 장안구 화산로125번길 9,", 천천푸르지오근린생활시설-2 5층 503호,504호 (천천동)",440330,031-295-5531,20231030
J10,경기도교육청,수원시,학원,1638,베스트음악학원,20011218,20011218,개원,        ,99991231,102,36,예능(대),예능(중),음악,음악, ,Y,N,경기도 수원시 장안구 정자로42번길 52,", 205,206,210,211호 (천천동, 비단마을 베스트타운)",16325,031-268-5001,20250427
J10,경기도교육청,수원시,학원,3000032806,베스트회계직업전문학원,20170425,20170425,개원,        ,99991231,1470,49,종합(대),,"전산회계,컴퓨터(정보처리,통신기기,인터넷,소프트웨어),로봇,",, ,Y,N,경기도 수원시 팔달구 정조로 777,", 302,303호 (팔달로3가)",16261,null,20250622
J10,경기도교육청,수원시,학원,19644,베토벤음악학원,20051116,20051116,개원,        ,99991231,86,20,예능(대),예능(중),음악,음악, ,Y,N,경기도 수원시 영통구 영통로200번길 156,", 201호 전체,202호 일부 (망포동, 방죽마을영통뜨란채)",16694,031-273-1515,20260215
J10,경기도교육청,수원시,학원,3000045931,벨라예술융합음악학원,20210119,20210119,개원,        ,99991231,60,29,예능(대),예능(중),음악,음악, ,Y,N,경기도 수원시 영통구 중부대로448번길 100,", 202호~204호 (원천동, 원천주공종합상가)",16519,031-212-6677,20241229
J10,경기도교육청,수원시,학원,3000052688,벨트잉글리시학원,20221017,20221017,개원,        ,99991231,28,36,입시.검정 및 보습,보통교과,보습,보습, ,Y,N,경기도 수원시 권선구 금곡로102번길 38,", 502호 (금곡동)",16385,,20260201
J10,경기도교육청,수원시,학원,3000039739,별하스터디센터수원매탄독서실,20190228,20190228,개원,        ,99991231,324,81,독서실,독서,,독서실(유아/초·중·고), ,Y,N,경기도 수원시 영통구 인계로 239,", 3층 301호 일부  (매탄동, 성일아파트 상가-2)",16537,031-212-3831,20251109
J10,경기도교육청,수원시,학원,3000061642,보네아트미술학원,20230810,20230810,개원,        ,        ,75,15,예능(대),예능(중),미술,미술, ,Y,N,경기도 수원시 영통구 권선로908번길 53,2층 일부(신동),16682,,20260201
J10,경기도교육청,수원시,학원,3000072251,보람찬아트랩미술학원,20241028,20241028,개원,        ,        ,0,0,예능(대),,,, ,Y, ,경기도 수원시 장안구 장안로 274,", 2층 전체(정자동)",16337,,20241103
J10,경기도교육청,수원시,학원,3000052185,보스리(BOSSLEE)고3수학학원,20220824,20220824,개원,        ,99991231,243,30,입시.검정 및 보습,보통교과,보습,보습, ,Y,N,경기도 수원시 권선구 동수원로242번길 20,", 403호 (권선동, 태양프라자)",16553,,20260412
J10,경기도교육청,수원시,학원,3000069431,보컬수튜디오학원,20240709,20240709,개원,        ,        ,240,40,기예(대),기예(중),실용음악(성악),실용음악(성악), ,Y, ,경기도 수원시 영통구 영통로217번길 6,", 201호(영통동, 망포역 센타프라자)",16679,010-3051-5845,20250413
J10,경기도교육청,수원시,학원,41860,본스타수원연기보컬학원,20100802,20100713,개원,        ,99991231,257,39,종합(대),,"무용,연극,예능(중),음악",, ,Y,N,경기도 수원시 팔달구 중부대로223번길 9,", 5층 전체 (우만동)",16498,031-211-3004,20251012
J10,경기도교육청,수원시,학원,3000055360,본에듀학원,20230524,20230524,개원,        ,99991231,360,120,입시.검정 및 보습,보통교과,보습,보습, ,Y,N,경기도 수원시 영통구 에듀타운로106번길 16,", 203호, 204호(이의동, 광교하이니티)",16509,,20250615
J10,경기도교육청,수원시,학원,3000026473,본원마크실용음악학원,20151002,20151002,개원,        ,99991231,65,10,예능(대),예능(중),"음악,",음악, ,Y,N,경기도 수원시 장안구 경수대로 1022,", 5층 (파장동, 오승빌딩)",440855,070-4410-2290,20231018
J10,경기도교육청,수원시,학원,114388,본음악학원,19970724,19970724,개원,        ,99991231,107,29,예능(대),예능(중),음악,음악, ,Y,N,경기도 수원시 장안구 경수대로1081번길 35,", 2층 (파장동)",440853,031-241-0885,20250406
J10,경기도교육청,수원시,학원,3000076836,본점이문어학원,20251218,20251218,개원,        ,        ,480,240,입시.검정 및 보습,,,, ,Y, ,경기도 수원시 장안구 송원로 83,", 502호 일부(조원동, 매가플러스3차)",16295,,20251221
J10,경기도교육청,수원시,학원,3000020689,본클랑음악학원,20140207,20140207,개원,        ,99991231,530,10,예능(대),예능(중),"음악,",음악, ,Y,N,경기도 수원시 장안구 송정로168번길 2,", 2층 일부 (조원동,조원빌딩)",440849,,20251012
J10,경기도교육청,수원시,학원,3000076559,본투비학원,20251126,20251126,개원,        ,        ,240,80,입시.검정 및 보습,,,, ,Y, ,경기도 수원시 영통구 봉영로 1623,", 310호(영통동, 드림피아빌딩)",16703,,20251130
J10,경기도교육청,수원시,학원,3000073826,봄날서가봄날국어학원,20250324,20250324,개원,        ,        ,330,55,입시.검정 및 보습,,,, ,Y, ,경기도 수원시 권선구 금곡로102번길 30,", 505호(금곡동, 폴리프라자)",16385,,20251012
J10,경기도교육청,수원시,학원,3000046559,봄날에수학광교학원,20210330,20210330,개원,        ,99991231,200,50,입시.검정 및 보습,보통교과,,보습, ,Y,N,경기도 수원시 영통구 광교호수공원로 277,", 2F-29호, 18호 (원천동, 광교중흥에스클래스 판매시설)",16517,010-8633-0087,20241103
J10,경기도교육청,수원시,학원,3000073458,봄날에수학권선학원,20250219,20250219,개원,        ,        ,0,0,입시.검정 및 보습,보통교과,보통교과,보통교과, ,Y, ,경기도 수원시 권선구 동수원로145번길 73,", 114,115,116호 (권선동,수원아이파크시티3단지 상가-2)",16664,,20260201
J10,경기도교육청,수원시,학원,3000033573,봄날에수학에이드영어학원,20170707,20170707,개원,        ,99991231,120,44,입시.검정 및 보습,보통교과,보통교과,보통교과, ,Y,N,경기도 수원시 영통구 봉영로1770번길 21,",  227호 228호 229호(신명.한국아파트상가) (영통동, 한국·신명아파트)",16713,,20260201
J10,경기도교육청,수원시,학원,34905,봄날에수학팔달학원,20090512,20090512,개원,        ,99991231,109,46,입시.검정 및 보습,보통교과,,보습, ,Y,N,경기도 수원시 팔달구 권광로 367,  3층전체 (우만동),442816,031-215-8960,20240929
J10,경기도교육청,수원시,학원,3000077523,봄날영어수학학원,20260223,20260223,개원,        ,        ,147,49,입시.검정 및 보습,,,, ,Y, ,경기도 수원시 권선구 당진로 18,3층(당수동),16375,,20260301
J10,경기도교육청,수원시,학원,3000054171,봄킨음악학원,20230214,20230214,개원,        ,99991231,320,40,예능(대),예능(중),음악,음악, ,Y,N,경기도 수원시 영통구 망포로 136,", 205호(망포동, 영통 플래티넘베이스 에이) (망포동, 영통 플래티넘베이스 에이)",16685,,20260201
J10,경기도교육청,수원시,학원,3000044853,봉쌤과학고등관학원,20200825,20200825,개원,        ,99991231,255,51,입시.검정 및 보습,보통교과,"보습,",보습, ,Y,N,경기도 수원시 영통구 봉영로 1612,", 517호 (영통동, 보보스프라자)",16704,null,20241117
J10,경기도교육청,수원시,학원,3000053579,봉쌤과학망포관학원,20221227,20221227,개원,        ,99991231,40,47,입시.검정 및 보습,보통교과,,보습, ,Y,N,경기도 수원시 영통구 영통로 127,", 503호 (망포동, 센타프라자)",16687,,20231018
J10,경기도교육청,수원시,학원,3000076475,봉쌤과학매탄관학원,20251118,20251118,개원,        ,        ,180,60,입시.검정 및 보습,보통교과,보습,보습, ,Y, ,경기도 수원시 영통구 매탄로108번길 16,", 601호(매탄동, 엔타운)",16545,,20251221
J10,경기도교육청,수원시,학원,3000039899,봉쌤과학학원,20190311,20190311,개원,        ,99991231,75,45,입시.검정 및 보습,보통교과,"보습,",보습, ,Y,N,경기도 수원시 영통구 봉영로 1612,", 514호, 519호 (영통동, 보보스프라자)",16704,031-308-2009,20231018
J10,경기도교육청,수원시,학원,3000026515,부밀리학원,20151007,20151007,개원,        ,99991231,150,60,기타(대),기타(중),"기타(소),",기타(소), ,Y,N,경기도 수원시 영통구 도청로 10,", 1층 일부(롯데아울렛 1층) (이의동)",16508,,20231018
J10,경기도교육청,수원시,학원,3000012749,북수원알고리즘학원,20111005,20111005,개원,        ,99991231,310,120,입시.검정 및 보습,보통교과,"보습,",보습, ,Y,N,경기도 수원시 장안구 경수대로 900,  2층 전체 (조원동),440848,031-256-3044,20231018
J10,경기도교육청,수원시,학원,116462,북수원학원,19921219,19921219,개원,        ,99991231,60,70,입시.검정 및 보습,보통교과,보습,보습, ,Y,N,경기도 수원시 장안구 송정로 54,", 4층 (정자동 35-3)",16312,031-246-5732,20250406
J10,경기도교육청,수원시,학원,3000023521,분석학원,20141202,20141202,개원,        ,99991231,150,50,입시.검정 및 보습,보통교과,"보습,",보습, ,Y,N,경기도 수원시 영통구 도청로89번길 30,", 401호 일부 (이의동, 이루리타워)",16509,031-8061-8300,20250706
J10,경기도교육청,수원시,학원,3000043012,분트미술학원,20200108,20200108,개원,        ,99991231,12,40,예능(대),예능(중),"미술,",미술, ,Y,N,경기도 수원시 영통구 광교중앙로 240,", 3층 일부 (하동, KJ프라자)",16512,031-246-8787,20231018
J10,경기도교육청,수원시,학원,3000020889,브랜미녹지원종합학원,20140227,20140227,개원,20230511,20230930,900,300,종합(대),외국어,외국어,실용외국어(유아/초·중·고), ,Y,N,경기도 수원시 영통구 도청로89번길 30,", 601호, 이루리타워 (이의동)",443270,031-211-0605,20260215
J10,경기도교육청,수원시,학원,3000076772,브랜미아이비문해력학원,20251212,20251212,개원,        ,        ,0,0,종합(대),,,, ,Y, ,경기도 수원시 영통구 웰빙타운로49번길 19,(이의동),16224,,20251214
J10,경기도교육청,수원시,학원,3000041731,브랜미에듀케이션종합학원,20190906,20190906,개원,        ,99991231,72,77,종합(대),외국어,,실용외국어(유아/초·중·고), ,Y,N,경기도 수원시 영통구 대학로 109,", 403호, 404호 (이의동, 골드클래스5)",16224,031-211-7489,20260405
J10,경기도교육청,수원시,학원,3000054796,브레이니영수2관학원,20230329,20230329,개원,        ,99991231,40,40,입시.검정 및 보습,보통교과,,보습, ,Y,N,경기도 수원시 권선구 곡반정로 160,", 612호 (곡반정동, 라퍼스트)",16668,,20250330
J10,경기도교육청,수원시,학원,3000053955,브레이니영어수학학원,20230126,20230126,개원,        ,99991231,72,28,입시.검정 및 보습,보통교과,,보습, ,Y,N,경기도 수원시 권선구 곡반정로 160,", 512호 (곡반정동, 라퍼스트)",16668,,20250316
J10,경기도교육청,수원시,학원,3000047456,브레이닝수학과학학원,20210702,20210702,개원,        ,99991231,200,40,입시.검정 및 보습,보통교과,,보습, ,Y,N,경기도 수원시 영통구 에듀타운로 102,", B동 311호~314호(이의동, 광교중앙역 SK VIEW)",16509,010-4130-8802,20251012
J10,경기도교육청,수원시,학원,3000076007,브레이닝원격학원,20250922,20250922,개원,        ,        ,500,100,입시.검정 및 보습,,,, ,Y,N,경기도 수원시 영통구 에듀타운로 102,", 315호(이의동, 광교중앙역 SK VIEW B동)",16509,031-213-8802,20251012
J10,경기도교육청,수원시,학원,3000081685,브론테학원,20260413,20260413,개원,        ,        ,200,50,국제화,,,, ,Y, ,경기도 수원시 팔달구 정조로 681,2층(매교동),16467,,20260426
J10,경기도교육청,수원시,학원,3000074206,브리즈댄스학원,20250502,20250502,개원,        ,        ,500,50,예능(대),,,, ,Y, ,경기도 수원시 장안구 덕영대로535번길 46,", 5층 일부(천천동)",16329,,20250504
J10,경기도교육청,수원시,학원,3000012818,브릭스톤어학원,20111019,20111019,개원,        ,99991231,112,50,국제화,외국어,"실용외국어(유아/초·중·고),외국어",실용외국어(유아/초·중·고), ,Y,N,경기도 수원시 권선구 권광로 55,", A204 (권선동,권선자이 이편한세상 상가1)",441831,031-222-0598,20250202
J10,경기도교육청,수원시,학원,3000069388,브릭스톤영어아이파크시티학원,20240705,20240705,개원,        ,        ,180,45,입시.검정 및 보습,보통교과,보습,보습, ,Y, ,경기도 수원시 권선구 동수원로145번길 24,", 113,114호(권선동,수원아이파크시티2단지 상가-2)",16663,,20250202
J10,경기도교육청,수원시,학원,3000061958,브릭스톤영어학원,20230907,20230907,개원,        ,        ,200,40,입시.검정 및 보습,보통교과,보습,보습, ,Y,N,경기도 수원시 팔달구 인계로 21,"211호(인계동, 수원센트럴아이파크자이 근린생활시설 제1상가)",16475,,20250202
J10,경기도교육청,수원시,학원,1630,브릴란테음악학원,20011226,20011226,개원,        ,99991231,136,20,예능(대),예능(중),"음악,",음악, ,Y,N,경기도 수원시 장안구 정자로41번길 12, 신명아파트 상가 310호~312호 (천천동),440732,031-268-4990,20231112
J10,경기도교육청,수원시,학원,3000033191,블라블라잉글리쉬학원,20170602,20170602,개원,        ,99991231,303,80,입시.검정 및 보습,보통교과,보습,보습, ,Y,N,경기도 수원시 장안구 수성로262번길 84,", 2층 (영화동)",16274,null,20240512
J10,경기도교육청,수원시,학원,3000081639,블라썸에듀수원장안학원,20260407,20260407,개원,        ,        ,310,62,입시.검정 및 보습,,,, ,Y, ,경기도 수원시 장안구 대평로 80,"911호, 912호(정자동, 정연메이져1동)",16334,,20260412
J10,경기도교육청,수원시,학원,42026,블럭아이선일미술학원,20100805,20100805,개원,        ,99991231,35,35,종합(대),,"미술,보습,",, ,Y,N,경기도 수원시 팔달구 화양로38번길 17,  외 2필지 2층 201호 (화서동),442864,031-258-6222,20231018
J10,경기도교육청,수원시,학원,3000037118,블루버드스터디센터독서실,20180611,20180611,개원,        ,99991231,196,98,독서실,독서,"독서실(유아/초·중·고),",독서실(유아/초·중·고), ,Y,N,경기도 수원시 영통구 태장로 77,", 4층일부 (망포동)",16688,031-202-6668,20231018
J10,경기도교육청,수원시,학원,3000053802,블루플래닛광교리터러시센터영어학원,20230112,20230112,개원,        ,99991231,190,40,입시.검정 및 보습,보통교과,,보습, ,Y,N,경기도 수원시 영통구 법조로 25,", A동 2303 (하동, 광교 SK VIEW Lake)",16514,,20231030
J10,경기도교육청,수원시,학원,3000031049,블루플래닛어학원,20161207,20161207,개원,        ,99991231,372,93,국제화,외국어,"실용외국어(유아/초·중·고),",실용외국어(유아/초·중·고), ,Y,N,경기도 수원시 영통구 봉영로 1612,", 508호, 509호 (영통동)",16704,,20231018
J10,경기도교육청,수원시,학원,3000029693,비로소프리미엄독서실,20160726,20160726,개원,        ,99991231,651,93,독서실,독서,"독서실(유아/초·중·고),",독서실(유아/초·중·고), ,Y,N,경기도 수원시 팔달구 권광로 274,", 2층 일부 (인계동)",16534,null,20240929
J10,경기도교육청,수원시,학원,3000022046,비바첼음악학원,20140701,20140701,개원,        ,99991231,99,58,예능(대),예능(중),,음악, ,Y,N,경기도 수원시 영통구 도청로89번길 30,", 701호 일부(이루리타워) (이의동)",443270,031-2122-536,20231018
J10,경기도교육청,수원시,학원,26035,비발디음악학원,20070309,20070309,개원,        ,99991231,112,19,예능(대),예능(중),"음악,",음악, ,Y,N,경기도 수원시 권선구 당진로31번길 16,", 한라비발디아파트 상가2단지 2층  (당수동, 한라비발디아파트 2단지)",441761,031-419-7760,20231018
J10,경기도교육청,수원시,학원,3000028476,비버영어전문학원,20160322,20160322,개원,        ,99991231,226,40,입시.검정 및 보습,보통교과,,보습, ,Y,N,경기도 수원시 권선구 금곡로102번길 37,", 403호 (금곡동,센트럴프라자B동)",16388,031-2788-209,20250302
J10,경기도교육청,수원시,학원,3000037788,비비(BB)음악학원,20180820,20180820,개원,        ,99991231,150,30,예능(대),예능(중),,음악, ,Y,N,경기도 수원시 권선구 칠보로 138,", 302호 좌측 일부 (호매실동 1362-1)",16401,031-291-7953,20250302
J10,경기도교육청,수원시,학원,3000068447,비비매쓰수학학원,20240327,20240327,개원,        ,        ,200,50,입시.검정 및 보습,,,, ,Y,N,경기도 수원시 장안구 화산로 87,"518호, 519호, 520호(천천동)",16420,,20240407
J10,경기도교육청,수원시,학원,115537,비상아이비츠학원,20011004,20011004,개원,        ,99991231,80,80,입시.검정 및 보습,보통교과,,보습, ,Y,N,경기도 수원시 팔달구 일월로22번길 14,", 한샘빌딩 4층 (화서동,한샘빌딩)",442150,031-246-0006,20250309
J10,경기도교육청,수원시,학원,11162,비상잉글리시아이빨간펜수학의달인학원,20040903,20040903,개원,        ,99991231,200,92,입시.검정 및 보습,보통교과,"보습,",보습, ,Y,N,경기도 수원시 팔달구 팔달문로130번길 69,", 아이월드가동 407호 (우만동,아이월드)",442819,031-214-0509,20231018
J10,경기도교육청,수원시,학원,3000053864,비상잉글리시아이학원,20230119,20230119,개원,        ,99991231,40,28,입시.검정 및 보습,보통교과,,보습, ,Y,N,경기도 수원시 팔달구 팔달로 69,", 406호 (고등동), 라임스퀘어",16452,,20231018
J10,경기도교육청,수원시,학원,3000068356,비아트플로리스트학원,20240322,20240322,개원,        ,        ,40,20,기예(대),기예(중),"공예(종이접기,꽃꽂이,꽃기예)","공예(종이접기,꽃꽂이,꽃기예)", ,Y,N,경기도 수원시 장안구 만석로19번길 25-6,"501호(천천동, 광장프라자)",16329,,20260308
J10,경기도교육청,수원시,학원,3000055366,비앙발레학원,20230525,20230525,개원,        ,99991231,30,50,예능(대),예능(중),,무용, ,Y,N,경기도 수원시 장안구 송원로 83,", 502호 일부 (조원동, 메가플러스(3차))",16295,null,20240804
J10,경기도교육청,수원시,학원,3000020305,비앤디영어학원,20131227,20131227,개원,        ,99991231,320,37,국제화,외국어,,실용외국어(유아/초·중·고), ,Y,N,경기도 수원시 영통구 혜령로 8,", 501호 (이의동)",443270,031-224-0111,20231018
J10,경기도교육청,수원시,학원,3000015068,비에스파란별음악학원,20120503,20120503,개원,        ,99991231,60,25,예능(대),예능(중),,음악, ,Y,N,경기도 수원시 영통구 매영로 85,", 5층 501호 (매탄동)",443807,031-217-3353,20231030
J10,경기도교육청,수원시,학원,3000042961,비엠에스수학전문학원,20200102,20200102,개원,        ,99991231,72,30,입시.검정 및 보습,보통교과,보습,보습, ,Y,N,경기도 수원시 장안구 수성로262번길 85,", 2층 전체 (영화동, 태정빌딩)",16274,031-3091-119,20260208
J10,경기도교육청,수원시,학원,3000057601,비욘드잉글리쉬망포캠퍼스영어학원,20230704,20230705,개원,        ,        ,140,35,입시.검정 및 보습,,,, ,Y,N,경기도 수원시 영통구 영통로 107,"5층 일부(502호, 망포동)",16687,,20250302
J10,경기도교육청,수원시,학원,3000071918,비전교육아이엠쌤원격학원,20240912,20240912,개원,        ,        ,500,100,입시.검정 및 보습,,,, ,Y,N,경기도 수원시 영통구 동탄원천로1109번길 42,", 210호(매탄동, 성일아파트 상가동)",16528,,20240929
J10,경기도교육청,수원시,학원,3000064026,비트영어학원,20240104,20240104,개원,        ,        ,160,40,입시.검정 및 보습,,,, ,Y, ,경기도 수원시 권선구 세권로221번길 1,2층(권선동),16568,,20250316
J10,경기도교육청,수원시,학원,3000024869,비플네일뷰티아카데미학원,20150325,20150325,개원,        ,99991231,100,30,직업기술,산업응용기술,,이·미용, ,Y,N,경기도 수원시 영통구 반달로7번길 6,", 702호(영통동)",16704,,20251123
J10,경기도교육청,수원시,학원,3000053549,비피에이어학원,20221223,20221223,개원,        ,99991231,9,80,국제화,외국어,실용외국어(유아/초·중·고),실용외국어(유아/초·중·고), ,Y,N,경기도 수원시 영통구 광교중앙로 170,", 307~310호 (하동, 광교 효성해링턴 타워)",16514,null,20260426
J10,경기도교육청,수원시,학원,3000048849,빈센트발자국화푸점미술학원,20211123,20211123,개원,        ,99991231,60,35,예능(대),예능(중),,미술, ,Y,N,경기도 수원시 장안구 대평로 27,", 306호, 307호 (정자동, 화서역 파크푸르지오 201동)",16318,,20231018
J10,경기도교육청,수원시,학원,42563,빈센트커피제과제빵학원,20101001,20101001,개원,        ,99991231,394,70,종합(대),,"식음료품(바리스타,소믈리에)",, ,Y,N,경기도 수원시 팔달구 갓매산로55번길 18,", 3층, 4층 일부 (매산로2가)",16455,,20250810
J10,경기도교육청,수원시,학원,3000030518,빌드업영어학원,20161025,20161025,개원,        ,99991231,50,45,입시.검정 및 보습,보통교과,보습,보습, ,Y,N,경기도 수원시 장안구 정자천로13번길 17,", 4층 전체 (천천동, TQ빌딩)",16421,031-278-2840,20250406
J10,경기도교육청,수원시,학원,3000034099,빌러빗발레학원,20170831,20170831,개원,        ,99991231,32,10,예능(대),예능(중),"무용,",무용, ,Y,N,경기도 수원시 권선구 동수원로58번길 18,", 2층 전체 (곡반정동)",16672,null,20251207
J10,경기도교육청,수원시,학원,3000026516,빛나는수학원,20151007,20151007,개원,        ,99991231,145,50,입시.검정 및 보습,보통교과,보습,보습, ,Y,N,경기도 수원시 영통구 센트럴타운로100번길 20,", 3층 303호 (이의동)",16505,,20241229
J10,경기도교육청,수원시,학원,3000067881,빛나는수학학원,20240221,20240221,개원,        ,        ,140,35,입시.검정 및 보습,보통교과,보습,보습, ,Y, ,경기도 수원시 영통구 망포로 142,", 402호(망포동, 영통 플래티넘베이스 비)",16685,,20260405
J10,경기도교육청,수원시,학원,3000045052,빛나는십일월학원,20200915,20200915,개원,        ,99991231,220,62,입시.검정 및 보습,보통교과,,보습, ,Y,N,경기도 수원시 권선구 금곡로 116,", 501호 일부, 502호 전체 (금곡동)",16388,031-269-5069,20251019
J10,경기도교육청,수원시,학원,3000010695,빛나는아이들미술학원,19850207,19850207,개원,        ,99991231,230,60,예능(대),예능(중),미술,미술, ,Y,N,경기도 수원시 장안구 연무로 19,  2층 일부 (연무동),440813,031-233-3382,20260201
J10,경기도교육청,수원시,학원,27890,빛나는피아노음악학원,20070814,20070814,개원,        ,99991231,215,20,예능(대),예능(중),,음악, ,Y,N,경기도 수원시 영통구 태장로 62,", 신영통동원프라자 2층 207호 전체 (망포동)",443400,031-273-1070,20250316
J10,경기도교육청,수원시,학원,3000046912,빛나는학원,20210507,20210507,개원,        ,99991231,64,30,입시.검정 및 보습,보통교과,보습,보습, ,Y,N,경기도 수원시 권선구 권선로639번길 32,", 2층 전체 (권선동)",16569,null,20240128
J10,경기도교육청,수원시,학원,3000027612,뿌리기픈수학학원,20160113,20160113,개원,        ,99991231,7,40,입시.검정 및 보습,보통교과,,보습, ,Y,N,경기도 수원시 팔달구 권광로 373,", 205호 (우만동, 월드메르디앙 아파트)",16493,031-216-6329,20250504
J10,경기도교육청,수원시,학원,3000075093,뿌리깊은수학학원,20250807,20250807,개원,        ,        ,180,30,입시.검정 및 보습,보통교과,보습,보습, ,Y, ,경기도 수원시 권선구 칠보로 136,"2층 일부(호매실동, 태림빌딩 주건축물제1동)",16401,,20250831
J10,경기도교육청,수원시,학원,3000036565,쁘띠엘발레무용학원,20180405,20180405,개원,        ,99991231,180,40,예능(대),예능(중),무용,무용, ,Y,N,경기도 수원시 영통구 웰빙타운로 41,", 302호 (이의동)",16224,031-216-9556,20251026
﻿J10,경기도교육청,수원시,학원,7416,삐에로수학학원,20040422,20040422,개원,        ,99991231,62,42,입시.검정 및 보습,보통교과,"보습,",보습, ,Y,N,경기도 수원시 장안구 대평로 128,  외6필지 파크프라자 403호 (정자동),440836,031-245-9563,20231018
J10,경기도교육청,수원시,학원,3000051832,사계국어전문학원,20220725,20220725,개원,        ,99991231,74,54,입시.검정 및 보습,보통교과,,보습, ,Y,N,경기도 수원시 영통구 효원로 387,", 703호 (매탄동, 풍성프라자)",16545,,20241215
J10,경기도교육청,수원시,학원,3000032951,사고의공간학원,20170515,20170515,개원,        ,99991231,60,50,입시.검정 및 보습,보통교과,"보습,",보습, ,Y,N,경기도 수원시 장안구 정자천로 179,", 405호 (정자동)",16334,,20231018
J10,경기도교육청,수원시,학원,3000015454,사과나무피아노전문학원,20120612,20120612,개원,        ,99991231,20,20,예능(대),예능(중),,음악, ,Y,N,경기도 수원시 영통구 봉영로 1623,", 5층 501호 (영통동,드림피아빌딩)",443810,031-202-0046,20231018
J10,경기도교육청,수원시,학원,3000053973,사자관리형독서실,20230127,20230127,개원,        ,99991231,45,45,독서실,독서,,독서실(유아/초·중·고), ,Y,N,경기도 수원시 영통구 청명남로 21,", 706호, 707호 (영통동, 아셈프라자)",16704,031-548-0085,20250720
J10,경기도교육청,수원시,학원,3000044155,산꼭대기학원,20200507,20200507,개원,        ,99991231,30,26,입시.검정 및 보습,보통교과,,보습, ,Y,N,경기도 수원시 영통구 도청로17번길 34,", 3층 303호 전체 (이의동)",16509,,20231018
J10,경기도교육청,수원시,학원,37316,산남학원,20090826,20090826,개원,        ,99991231,62,30,입시.검정 및 보습,보통교과,"보습,",보습, ,Y,N,경기도 수원시 영통구 산남로 83-2,  2층일부 (매탄동),443801,031-217-2090,20231018
J10,경기도교육청,수원시,학원,3000038251,산의음악학원,20181010,20181010,개원,        ,99991231,70,12,예능(대),예능(중),음악,음악, ,Y,N,경기도 수원시 영통구 센트럴타운로 76,", 204,205호 (이의동 1326, e편한세상 광교)",16505,null,20260201
J10,경기도교육청,수원시,학원,3000020856,삼공삼공영어학원,20140227,20140227,개원,        ,99991231,130,49,입시.검정 및 보습,보통교과,,보습, ,Y,N,경기도 수원시 권선구 탑동로47번길 1,", 3층 (탑동)",441440,031-291-2986,20260201
J10,경기도교육청,수원시,학원,3000069094,삼삼학원,20240605,20240605,개원,        ,        ,90,30,입시.검정 및 보습,보통교과,보습,보습, ,Y, ,경기도 수원시 권선구 금곡로102번길 30,", 502호(금곡동, 폴리프라자)",16385,,20251123
J10,경기도교육청,수원시,학원,3000073128,삼성영어곡정캠퍼스학원,20250114,20250114,개원,        ,        ,70,35,입시.검정 및 보습,,,, ,Y, ,경기도 수원시 권선구 동수원로177번길 40,", 상가103호(권선동,수원아이파크시티8단지)",16663,,20250202
J10,경기도교육청,수원시,학원,3000038894,삼성영어꿈에그린학원,20181210,20181210,개원,        ,99991231,117,30,입시.검정 및 보습,보통교과,"보습,",보습, ,Y,N,경기도 수원시 권선구 서수원로47번길 9,", 3층일부(302호) (오목천동)",16640,,20231018
J10,경기도교육청,수원시,학원,3000029115,삼성영어다솔학원,20160601,20160601,개원,        ,99991231,130,20,입시.검정 및 보습,보통교과,,보습, ,Y,N,경기도 수원시 장안구 이목로 24-9,", 303호 (정자동, SKY ART PLAZA)",16336,031-268-2689,20250427
J10,경기도교육청,수원시,학원,3000014447,삼성영어동신학원,20120309,20120309,개원,        ,99991231,1040,65,입시.검정 및 보습,보통교과,"보습,입시,",보습, ,Y,N,경기도 수원시 장안구 장안로 226,",  3층 4호(정자동, 동신아파트상가동)",16340,031-254-3305,20250323
J10,경기도교육청,수원시,학원,3000033905,삼성영어매탄학원,20170808,20170808,개원,        ,99991231,132,27,입시.검정 및 보습,보통교과,보습,보습, ,Y,N,경기도 수원시 영통구 권광로260번길 36,", , 301호 303호(현대힐스테이트아파트상가2) (매탄동, 현대힐스테이트아파트)",16532,,20250413
J10,경기도교육청,수원시,학원,3000024216,삼성영어셀레나강쎈수학학원,20150206,20150206,개원,        ,99991231,115,38,입시.검정 및 보습,보통교과,보통교과,보통교과, ,Y,N,경기도 수원시 권선구 금곡로73번길 71,", 301호,302호 (금곡동, 금곡엘지아파트)",441704,031-297-0532,20260426
J10,경기도교육청,수원시,학원,3000052254,삼성영어셀레나고려삼성영어학원 ,20220831,20220831,개원,        ,99991231,287,41,입시.검정 및 보습,보통교과,,보습, ,Y,N,경기도 수원시 팔달구 정조로 667,", 403호 (매교동), 마이온프라자",16467,,20231018
J10,경기도교육청,수원시,학원,3000072199,삼성영어셀레나라퍼스트학원,20241021,20241021,개원,        ,        ,0,0,입시.검정 및 보습,보통교과,보습,보습, ,Y, ,경기도 수원시 권선구 곡반정로 160,", 415호 (곡반정동, 라퍼스트) ",16668,,20241117
J10,경기도교육청,수원시,학원,3000046204,삼성영어셀레나망포프리유니학원,20210224,20210224,개원,        ,99991231,0,0,입시.검정 및 보습,보통교과,보습,보습, ,Y,N,경기도 수원시 영통구 망포로 142,404호(망포동),16685,,20260405
J10,경기도교육청,수원시,학원,3000017254,삼성영어셀레나선행학원,20121218,20121218,개원,        ,99991231,210,34,입시.검정 및 보습,보통교과,보습,보습, ,Y,N,경기도 수원시 권선구 세권로196번길 10-2,", 2층전체 (권선동)",441824,031-222-7897,20260208
J10,경기도교육청,수원시,학원,3000072458,삼성영어셀레나송림학원,20241118,20241118,개원,        ,        ,203,29,입시.검정 및 보습,,,, ,Y, ,경기도 수원시 장안구 대평로 27,"201동 222호(정자동,화서역 파크푸르지오)",16318,,20241201
J10,경기도교육청,수원시,학원,3000071832,삼성영어셀레나웨이메이커학원,20240905,20240905,개원,        ,        ,150,25,입시.검정 및 보습,보통교과,보습,보습, ,Y, ,경기도 수원시 권선구 금곡로212번길 14,", 505호(금곡동)",16397,,20240929
J10,경기도교육청,수원시,학원,3000055032,삼성영어셀레나잠원학원,20230419,20230419,개원,        ,99991231,80,24,입시.검정 및 보습,보통교과,보습,보습, ,Y,N,경기도 수원시 영통구 태장로 62,", 504호 (망포동, 신영통동원프라자)",16687,,20260426
J10,경기도교육청,수원시,학원,3000033987,삼성영어쎈수학러닝센터탑동학원,20170821,20170821,개원,        ,99991231,220,50,입시.검정 및 보습,보통교과,"보습,",보습, ,Y,N,경기도 수원시 권선구 탑동로48번길 5-5,", 2층 전체 (탑동)",16604,031-306-0505,20231018
J10,경기도교육청,수원시,학원,3000034887,삼성영어해법수학능실학원,20171123,20171123,개원,        ,99991231,200,50,입시.검정 및 보습,보통교과,보습,보습, ,Y,N,경기도 수원시 권선구 호매실로90번길 116,605호(호매실동),16630,,20260426
J10,경기도교육청,수원시,학원,35580,삼성영어화서화양학원,20090714,20090714,개원,        ,99991231,200,67,입시.검정 및 보습,보통교과,"보습,",보습, ,Y,N,경기도 수원시 팔달구 화양로68번길 25,", 3층 (화서동)",16434,031-207-3431,20231018
J10,경기도교육청,수원시,학원,3922,삼성즐거운음악학원,19981217,19981217,개원,        ,99991231,56,56,예능(대),예능(중),"음악,",음악, ,Y,N,경기도 수원시 장안구 서부로 2095 ,308~309호 (율전동),440705,031-294-8615,20250302
J10,경기도교육청,수원시,학원,37744,삼십팔인의수학생각학원,20090929,20090929,개원,        ,99991231,269,221,입시.검정 및 보습,보통교과,보습,보습, ,Y,N,경기도 수원시 장안구 대평로 80,",  901호~905호 (정자동)",16334,031-271-4400,20240519
J10,경기도교육청,수원시,학원,3000045415,삼십팔인의수학초등아름학원,20201111,20201111,개원,        ,99991231,128,62,입시.검정 및 보습,보통교과,,보습, ,Y,N,경기도 수원시 장안구 대평로 80,", 906호 전체, 907호 일부 (정자동, 정연메이져1동)",16334,null,20240519
J10,경기도교육청,수원시,학원,3000036369,삼십팔인의수학파란학원,20180320,20180320,개원,        ,99991231,650,230,입시.검정 및 보습,보통교과,보습,보습, ,Y,N,경기도 수원시 장안구 대평로90번길 12-9,", 7층 8층 전체 (정자동, 서강프라자)",16334,,20250727
J10,경기도교육청,수원시,학원,116245,삼영음악학원,19910607,19910607,개원,19910607,99991231,170,5,예능(대),예능(중),"음악,",음악, ,Y,N,경기도 수원시 권선구 수성로 47, 삼환상가305호 (구운동),441818,031-2940-532,20231018
J10,경기도교육청,수원시,학원,6591,삼점일사고등수학전문관학원,20040308,20040308,개원,        ,99991231,747,151,입시.검정 및 보습,보통교과,,보습, ,Y,N,경기도 수원시 장안구 대평로90번길 12-9,  서강프라자 3층 전체 (정자동),440841,031-268-1337,20260201
J10,경기도교육청,수원시,학원,3000054249,상상공작소미술학원,20230217,20230217,개원,        ,99991231,40,24,예능(대),예능(중),,미술, ,Y,N,경기도 수원시 권선구 금곡로102번길 48,", 304호 (금곡동, 호매실주공프라자)",16385,,20231018
J10,경기도교육청,수원시,학원,3000035503,상상그이상수학고등관학원,20180110,20180110,개원,        ,99991231,160,60,입시.검정 및 보습,보통교과,,보습, ,Y,N,경기도 수원시 영통구 청명남로 10,", 4층전체 (영통동)",16705,031-6502-5104,20231018
J10,경기도교육청,수원시,학원,3000023090,상상이크는미술학원,20141024,20141024,개원,        ,99991231,190,30,예능(대),예능(중),"미술,",미술, ,Y,N,경기도 수원시 팔달구 중부대로143번길 29,", 5층 일부 (우만동, 우암빌딩)",442819,,20231018
J10,경기도교육청,수원시,학원,3000049464,상위1프로에버그린학원,20220103,20220103,개원,        ,99991231,490,50,입시.검정 및 보습,보통교과,,보습, ,Y,N,경기도 수원시 팔달구 권광로276번길 4,", 6층 일부 (인계동, 선우프라자)",16534,,20231018
J10,경기도교육청,수원시,학원,1491,상은학원,20000208,20000208,개원,        ,99991231,36,36,입시.검정 및 보습,보통교과,"보습,",보습, ,Y,N,경기도 수원시 영통구 삼성로302번길 5,  2층 (원천동),443822,031-211-6264,20231018
J10,경기도교육청,수원시,학원,115484,새김영수학원,20010807,20010807,개원,20110713,20110719,401,55,입시.검정 및 보습,보통교과,보습,보습, ,Y,N,경기도 수원시 장안구 대평로 86,", 5층 507호 일부, 507-1호 전체 (정자동877-1외1필지,화이트쇼핑몰)",440841,031-269-9905,20251026
J10,경기도교육청,수원시,학원,3000039300,새대연학원,20190116,20190116,개원,        ,99991231,305,70,종합(대),,보습,, ,Y,N,경기도 수원시 장안구 덕영대로439번길 1,", 4층 전체 (율전동, 대연어린이집유치원)",16357,031-269-9742,20250330
J10,경기도교육청,수원시,학원,28170,새로남미술학원,20070920,20070920,개원,        ,99991231,24,47,예능(대),예능(중),"미술,",미술, ,Y,N,경기도 수원시 영통구 영통로 349,  외 1필지 2층 전체 (영통동),443470,031-203-7240,20231018
J10,경기도교육청,수원시,학원,28169,새로남영통이씨씨어학원,20070920,20070920,개원,        ,99991231,190,59,국제화,외국어,외국어,외국어, ,Y,N,경기도 수원시 영통구 영통로 349,", 외 1필지 3층전체 (영통동,새로남교육센터)",443808,031-203-7240,20250720
J10,경기도교육청,수원시,학원,28428,새로남이키즈어학원,20071015,20071015,개원,        ,99991231,110,80,국제화,외국어,실용외국어(유아/초·중·고),실용외국어(유아/초·중·고), ,Y,N,경기도 수원시 영통구 영통로 349,  외 1필지 1층 전체 (영통동),443470,031-203-7240,20250615
J10,경기도교육청,수원시,학원,3000073897,새로애견미용학원,20250331,20250331,개원,        ,        ,0,0,직업기술,,,, ,Y, ,경기도 수원시 장안구 정조로 917-1,", 2층 전체·3층 전체(영화동)",16270,,20251123
J10,경기도교육청,수원시,학원,3000030615,새론중등관학원,20161101,20161101,개원,        ,99991231,286,170,종합(대),,보습,, ,Y,N,경기도 수원시 영통구 센트럴타운로 94,", 201호, 202호 (이의동 1325-5, 앤에스코어빌딩)",16505,null,20260412
J10,경기도교육청,수원시,학원,3000063929,새봄수학3관학원,20231228,20231228,개원,        ,        ,440,220,입시.검정 및 보습,보통교과,보습,보습, ,Y,N,경기도 수원시 영통구 반달로 29,", 3층 일부(전면), 4층 일부(후면)(영통동)",16705,,20260308
J10,경기도교육청,수원시,학원,3000051732,새봄수학고등관학원,20220713,20220713,개원,        ,99991231,0,0,입시.검정 및 보습,보통교과,보습,보습, ,Y,N,경기도 수원시 영통구 청명남로 8,", 3층 전체 (영통동)",16705,,20251109
J10,경기도교육청,수원시,학원,3000037515,새봄수학학원,20180717,20180717,개원,        ,99991231,34,53,입시.검정 및 보습,보통교과,보습,보습, ,Y,N,경기도 수원시 영통구 청명남로 8,", 4층 전체 (영통동, 영통동근린생활시설)",16705,031-273-0982,20251109
J10,경기도교육청,수원시,학원,3000042183,새수원간호학원,20191030,20191030,개원,        ,99991231,90,40,직업기술,간호보조기술,간호조무사,간호조무사, ,Y,N,경기도 수원시 권선구 매송고색로 723,", 201호 (고색동, 남영빌딩)",16624,031-891-8686,20250406
J10,경기도교육청,수원시,학원,3000016224,새수원검정고시학원,20120831,20120831,개원,        ,99991231,410,58,입시.검정 및 보습,보통교과,검정,검정, ,Y,N,경기도 수원시 팔달구 매산로 58,", 58-2 3층 일부 (매산로2가,평화빌딩)",442853,031-244-8255,20260201
J10,경기도교육청,수원시,학원,114655,새은파학원,19850521,19850521,개원,        ,99991231,20,23,예능(대),예능(중),,음악, ,Y,N,경기도 수원시 장안구 경수대로1081번길 41,  2층 (파장동),440853,031-256-9301,20250406
J10,경기도교육청,수원시,학원,3000046450,새이와스어학원,20210316,20210316,개원,        ,99991231,60,50,국제화,외국어,실용외국어(유아/초·중·고),실용외국어(유아/초·중·고), ,Y,N,경기도 수원시 장안구 정자천로13번길 130-13,", 2층 전체 3층 일부 (천천동)",16418,,20260426
J10,경기도교육청,수원시,학원,3000076372,새한별보습학원,20251105,20251105,개원,        ,        ,240,40,입시.검정 및 보습,,,, ,Y, ,경기도 수원시 권선구 고현로5번길 25,"203호(고색동,거산아파트 상가동)",16649,,20260301
J10,경기도교육청,수원시,학원,3000036720,샘앤클래스호매실학원,20180328,20180328,개원,        ,99991231,94,30,기타(대),기타(중),"기타(소),",기타(소), ,Y,N,경기도 수원시 권선구 금곡로 205,", 513호 (금곡동, 해피라움)",16391,,20231018
J10,경기도교육청,수원시,학원,3000047309,생각꿈틀미술학원,20210617,20210617,개원,        ,99991231,48,16,예능(대),예능(중),"미술,",미술, ,Y,N,경기도 수원시 팔달구 덕영대로803번길 43,", 404호 (화서동, 디아이포에버)",16442,,20231018
J10,경기도교육청,수원시,학원,3000075631,생각을말하다2관학원,20250813,20250813,개원,        ,        ,135,45,입시.검정 및 보습,,,, ,Y, ,경기도 수원시 장안구 경수대로 940,", 404호(조원동, 일호골든타워)",16295,,20250817
J10,경기도교육청,수원시,학원,3000040766,생각을말하다학원,20190604,20190604,개원,        ,99991231,60,49,입시.검정 및 보습,보통교과,,보습, ,Y,N,경기도 수원시 장안구 경수대로 940,", 4층 407호 (조원동, 일호골든타워)",16295,,20251109
J10,경기도교육청,수원시,학원,3000027252,생각의숲학원,20151215,20151215,개원,        ,99991231,38,44,입시.검정 및 보습,보통교과,,보습, ,Y,N,경기도 수원시 장안구 정자천로13번길 15,", 2층전체 (천천동)",16421,031-294-3031,20231018
J10,경기도교육청,수원시,학원,38895,생각의창학원,20091126,20091126,개원,        ,99991231,110,56,입시.검정 및 보습,보통교과,보습,보습, ,Y,N,경기도 수원시 장안구 경수대로 940,", 일호골든타워 409-1호 (조원동)",16295,031-241-1206,20240303
J10,경기도교육청,수원시,학원,3000049025,생각의힘영어그릇학원,20211203,20211203,개원,        ,99991231,120,36,입시.검정 및 보습,보통교과,,보습, ,Y,N,경기도 수원시 장안구 정자천로 179,", 202호 (정자동, 레몬스포렉스)",16334,,20240804
J10,경기도교육청,수원시,학원,3000040769,생각의힘학원,20190604,20190604,개원,        ,99991231,54,41,입시.검정 및 보습,보통교과,보습,보습, ,Y,Y,경기도 수원시 권선구 금곡로73번길 71,"304호, 307호 (금곡동, 금곡엘지아파트)",16382,,20260405
J10,경기도교육청,수원시,학원,3000039088,생각하는나무국어학원,20181228,20181228,개원,        ,99991231,36,45,입시.검정 및 보습,보통교과,,보습, ,Y,N,경기도 수원시 영통구 에듀타운로 17,", 404호 (이의동 1369-2, 국제프라자)",16509,,20240804
J10,경기도교육청,수원시,학원,3000068405,생각하는미술관미술학원,20240327,20240327,개원,        ,        ,100,20,예능(대),예능(중),미술,미술, ,Y, ,경기도 수원시 권선구 세권로207번길 1,2층 일부(권선동),16568,,20260426
J10,경기도교육청,수원시,학원,3000051218,생각하는수학전문학원,20220531,20220531,개원,        ,99991231,0,0,입시.검정 및 보습,보통교과,,보습, ,Y,N,경기도 수원시 영통구 웰빙타운로49번길 36,", 에코프라자, 202호 일부 (이의동)",16224,,20260201
J10,경기도교육청,수원시,학원,25227,생각하는수학학원,20070108,20070108,개원,        ,99991231,44,50,입시.검정 및 보습,보통교과,보습,보습, ,Y,N,경기도 수원시 권선구 세화로168번길 15, 센트럴하우스상가동 301 302호 (서둔동),441763,031-227-2991,20251130
J10,경기도교육청,수원시,학원,3000017006,생각하는아이들학원,20121129,20121129,개원,        ,99991231,200,50,입시.검정 및 보습,보통교과,"보습,",보습, ,Y,N,경기도 수원시 권선구 금곡로102번길 48,", 502호 (금곡동, 호매실주공프라자)",16385,,20250427
J10,경기도교육청,수원시,학원,3000048962,생각하는황소광교2관학원,20211130,20211130,개원,        ,99991231,196,28,입시.검정 및 보습,보통교과,,보습, ,Y,N,경기도 수원시 영통구 에듀타운로 102,", B동 226호, 227호 (이의동, 광교중앙역 SK VIEW)",16509,031-212-2127,20250413
J10,경기도교육청,수원시,학원,3000043089,생각하는황소광교학원,20200113,20200113,개원,        ,99991231,16,40,입시.검정 및 보습,보통교과,,보습, ,Y,N,경기도 수원시 영통구 에듀타운로 102,", B동 215호~218호 (이의동, 광교중앙역 SK VIEW)",16509,031-216-1355,20250330
J10,경기도교육청,수원시,학원,3000048607,생각하는황소수원정자수학학원,20211028,20211028,개원,        ,99991231,30,30,입시.검정 및 보습,보통교과,,보습, ,Y,N,경기도 수원시 장안구 정자천로 187,", 306호 일부 (정자동, 롯데프라자)",16334,031-268-0388,20231119
J10,경기도교육청,수원시,학원,3000049963,생각하는황소수학학원,20220214,20220214,개원,        ,99991231,0,0,입시.검정 및 보습,인문사회(중),,대학편입, ,Y,N,경기도 수원시 영통구 영통로 163-6,", 3층 전체 (망포동)",16689,,20240929
J10,경기도교육청,수원시,학원,3000045050,생각하는황소영통수학학원,20200914,20200914,개원,        ,99991231,30,30,입시.검정 및 보습,보통교과,,보습, ,Y,N,경기도 수원시 영통구 청명남로 4,", 2층 전체 (영통동)",16705,null,20231126
J10,경기도교육청,수원시,학원,3000018938,샤론의꽃음악학원,20130703,20130703,개원,        ,99991231,967,20,예능(대),예능(중),"음악,",음악, ,Y,N,경기도 수원시 장안구 이목로 24,", 601동 207호, 208호 (정자동, 수원 SK SKY VIEW)",16336,031-269-7991,20251123
J10,경기도교육청,수원시,학원,113959,샾엘가음악학원,19960528,19960528,개원,        ,99991231,198,17,예능(대),예능(중),"음악,",음악, ,Y,N,경기도 수원시 권선구 매탄로 11 ,"  4층  (권선동, 현대아파트) ",441723,031-224-1262,20250316
J10,경기도교육청,수원시,학원,3000021331,서동진의커피랩학원,20140410,20140410,개원,        ,99991231,134,30,직업기술,산업응용기술,"식음료품(바리스타,소믈리에),","식음료품(바리스타,소믈리에)", ,Y,N,경기도 수원시 장안구 경수대로878번길 10-24,", 나동 1층 일부 (조원동)",16286,,20231018
J10,경기도교육청,수원시,학원,16914,서부세종학원,20050613,20050613,개원,        ,99991231,5340,199,종합(대),,"보습,실용외국어(유아/초·중·고),입시",, ,Y,N,경기도 수원시 권선구 수인로 189,", 1층~5층 (구운동, 서부세종학원)",16410,031-278-7744,20240128
J10,경기도교육청,수원시,학원,3000043098,서수원와와학습코칭학원,20200114,20200114,개원,        ,99991231,936,40,입시.검정 및 보습,보통교과,"보습,",보습, ,Y,N,경기도 수원시 권선구 호매실로104번길 90,", 205 (호매실동)",16630,,20231018
J10,경기도교육청,수원시,학원,3000028139,서수원정상어학원,20160303,20160303,개원,        ,99991231,1224,195,국제화,외국어,,실용외국어(유아/초·중·고), ,Y,N,경기도 수원시 권선구 금곡로102번길 56,", 4층 및 2층일부 (금곡동)",16385,031-268-0588,20260405
J10,경기도교육청,수원시,학원,4165,서수원줄리어드음악학원,20031120,20031120,개원,        ,99991231,20,29,예능(대),예능(중),"음악,",음악, ,Y,N,경기도 수원시 권선구 당진로14번길 57,", 209호 일부 (당수동, 삼정아파트)",16375,031-419-2843,20231018
J10,경기도교육청,수원시,학원,3000048885,서울게임아카데미수원학원,20211125,20211125,개원,        ,99991231,1200,28,종합(대),,"컴퓨터(정보처리,통신기기,인터넷,소프트웨어),게임,",, ,Y,N,경기도 수원시 영통구 도청로89번길 43,", 203호, 203-1호, 204호 (이의동, 에듀프라자)",16509,,20241103
J10,경기도교육청,수원시,학원,9705,서울샤인음악학원,20040708,20040708,개원,        ,99991231,78,10,예능(대),예능(중),음악,음악, ,Y,N,경기도 수원시 팔달구 권광로 363, 월드프라자 503호 5층 (우만동),442816,031-211-5018,20250112
J10,경기도교육청,수원시,학원,3000037889,서인스카이국어논술학원,20140502,20140502,개원,        ,99991231,15,80,입시.검정 및 보습,보통교과,"보습,",보습, ,Y,N,경기도 수원시 장안구 금당로 42,", 2층 203호 (조원동, 그린프라자)",16282,031-207-1778,20231018
J10,경기도교육청,수원시,학원,37740,서일영어학원,20090922,20090922,개원,        ,99991231,314,60,입시.검정 및 보습,보통교과,"보습,",보습, ,Y,N,경기도 수원시 팔달구 중부대로143번길 69,  401호 (우만동),442819,031-213-3799,20231018
J10,경기도교육청,수원시,학원,3000077376,서진학원,20260204,20260204,개원,        ,        ,140,70,입시.검정 및 보습,보통교과,보습,보습, ,Y, ,경기도 수원시 영통구 매여울로40번길 41,", 4층 일부(매탄동)",16525,,20260426
J10,경기도교육청,수원시,학원,3000034050,석유경음악학원,20170828,20170828,개원,        ,99991231,60,15,예능(대),예능(중),,음악, ,Y,N,경기도 수원시 영통구 봉영로1770번길 21,", 305호, 306호, 307호 (영통동, 한국·신명아파트)",16713,,20250202
J10,경기도교육청,수원시,학원,116297,선화피아노학원,19910911,19910911,개원,19910911,99991231,58,5,예능(대),예능(중),"음악,",음악, ,Y,N,경기도 수원시 팔달구 고화로 42,  2층 (고등동),442880,031-253-3307,20250316
J10,경기도교육청,수원시,학원,3000018194,설대영수학원,20130410,20130410,개원,        ,99991231,344,46,입시.검정 및 보습,보통교과,"보습,",보습, ,Y,N,경기도 수원시 장안구 수성로245번길 64,", 2층 일부 (정자동43-15)",440832,,20250316
J10,경기도교육청,수원시,학원,3000017010,섭실용음악학원,20121130,20121130,개원,        ,99991231,131,100,예능(대),예능(중),"음악,",음악, ,Y,N,경기도 수원시 권선구 금호로 62,", 2층전체 (호매실동)",441882,031-222-3450,20231018
J10,경기도교육청,수원시,학원,3000072354,성균관학원,20241106,20241106,개원,        ,        ,120,40,입시.검정 및 보습,보통교과,보습,보습, ,Y, ,경기도 수원시 장안구 만석로19번길 25-6,"401호(천천동, 광장프라자)",16329,,20241229
J10,경기도교육청,수원시,학원,3000054693,성민프리미어학원,20230320,20230320,개원,        ,99991231,20,260,국제화,외국어,실용외국어(유아/초·중·고),실용외국어(유아/초·중·고), ,Y,N,경기도 수원시 장안구 천천로 90,", 1층, 2층 전체 (천천동)",16326,,20260405
J10,경기도교육청,수원시,학원,3000050658,성빈삼관학원,20220331,20220331,개원,        ,99991231,695,50,입시.검정 및 보습,보통교과,보습,보습, ,Y,N,경기도 수원시 영통구 에듀타운로 17,", 302호, 304호 (이의동, 국제프라자)",16509,,20251012
J10,경기도교육청,수원시,학원,3000041206,성빈수학학원,20190712,20190712,개원,        ,99991231,300,132,입시.검정 및 보습,보통교과,"보습,",보습, ,Y,N,경기도 수원시 영통구 에듀타운로 17,", 102호 203호 206호 303호 (이의동, 국제프라자)",16509,031-217-0910,20260426
J10,경기도교육청,수원시,학원,3000055119,성일수학학원,20230501,20230501,개원,        ,99991231,60,20,입시.검정 및 보습,보통교과,보습,보습, ,Y,N,경기도 수원시 영통구 영통로 115,", 405호 (망포동, 신영통 알파빌딩)",16687,null,20250420
J10,경기도교육청,수원시,학원,3000077311,성지이엠(EM)학원,20260129,20260129,개원,        ,        ,150,30,입시.검정 및 보습,,,, ,Y, ,경기도 수원시 팔달구 매산로 102,"(교동) 612, 614호",16464,,20260405
J10,경기도교육청,수원시,학원,20342,세계음악전문학원,20060106,20060106,개원,        ,99991231,180,20,예능(대),예능(중),"음악,",음악, ,Y,N,경기도 수원시 영통구 권광로260번길 36,", 207호 (매탄동, 현대힐스테이트아파트 상가1)",16532,031-215-0560,20231018
J10,경기도교육청,수원시,학원,3000022963,세류서현학원,20141008,20141008,개원,        ,99991231,194,80,입시.검정 및 보습,보통교과,,보습, ,Y,N,경기도 수원시 권선구 정조로 568,", 2층 일부, 3층 일부 (세류동)",16577,,20250302
J10,경기도교육청,수원시,학원,3000012329,세류스카이학원,20110825,20110825,개원,        ,99991231,200,50,입시.검정 및 보습,,,, ,Y,N,경기도 수원시 권선구 권선로 544,  3층 전체 (세류동),441868,,20250720
J10,경기도교육청,수원시,학원,3000042279,세영코딩연구소학원,20191108,20191108,개원,        ,99991231,711,30,기타(대),기타(중),"기타(소),",기타(소), ,Y,N,경기도 수원시 영통구 영통로 127,", 6층 602호 전체 (망포동, 센타프라자)",16687,,20231018
J10,경기도교육청,수원시,학원,3000077787,세영학원,20260313,20260313,개원,        ,        ,105,35,입시.검정 및 보습,보통교과,보습,보습, ,Y, ,경기도 수원시 영통구 태장로 81,", 406호 (망포동, 망포동 e-타운II)",16688,,20260405
J10,경기도교육청,수원시,학원,3000076416,세움글로리아학원,20251111,20251111,개원,        ,        ,90,30,입시.검정 및 보습,보통교과,보습,보습, ,Y, ,경기도 수원시 권선구 여기산로 42,", 101호, 103호(서둔동, 성일아파트 상가동)",16427,,20251123
J10,경기도교육청,수원시,학원,23527,세움수학과학학원,20060905,20060905,개원,        ,99991231,152,70,입시.검정 및 보습,보통교과,보습,보습, ,Y,N,경기도 수원시 팔달구 일월로22번길 18,  5층 501호 (화서동),442150,031-297-0052,20260405
J10,경기도교육청,수원시,학원,3000034727,세움학원,20171107,20171107,개원,        ,99991231,40,40,입시.검정 및 보습,보통교과,"보습,",보습, ,Y,N,경기도 수원시 장안구 월드컵로 435,", 2층 전체 (연무동)",16221,,20231018
J10,경기도교육청,수원시,학원,3000054882,세이썸(SaySOME)영어학원,20230406,20230405,개원,        ,99991231,48,26,국제화,외국어,실용외국어(유아/초·중·고),실용외국어(유아/초·중·고), ,Y,N,경기도 수원시 팔달구 권광로276번길 9,", 306호 일부, 307호, 308호 (인계동, 삼성아파트)",16533,,20260201
J10,경기도교육청,수원시,학원,3000043346,세창고시학원,20200203,20200203,개원,        ,99991231,150,50,인문사회(대),인문사회(중),"성인고시,",성인고시, ,Y,N,경기도 수원시 장안구 만석로 212,", 3층 일부 (송죽동, 월드넷 투어)",16303,,20231018
J10,경기도교육청,수원시,학원,3000054070,센클영어도서관수원망포캠퍼스학원,20230203,20230203,개원,        ,99991231,75,40,입시.검정 및 보습,보통교과,보습,보습, ,Y,N,경기도 수원시 영통구 덕영대로 1470,", 710호 (망포동, 망포역 플래티넘베이스)",16685,031-2028-8060,20251012
J10,경기도교육청,수원시,학원,3000047175,센터댄스학원,20210604,20210604,개원,        ,99991231,0,0,기타(대),기타(중),,기타(소), ,Y,N,경기도 수원시 팔달구 매산로 46,", 4층 전체 (매산로2가)",16460,,20251130
J10,경기도교육청,수원시,학원,3000061957,센트럴음악학원,20230907,20230907,개원,        ,        ,120,30,예능(대),,,, ,Y,N,경기도 수원시 팔달구 인계로 21,"206호(인계동, 수원센트럴아이파크자이 근린생활시설 제1상가)",16475,,20260426
J10,경기도교육청,수원시,학원,3000047027,센트럴잉글리쉬학원,20210521,20210521,개원,        ,99991231,75,30,입시.검정 및 보습,보통교과,,보습, ,Y,N,경기도 수원시 영통구 광교중앙로248번길 7-2,", A-302호 (하동, 원희캐슬 광교)",16512,031-212-1433,20231018
J10,경기도교육청,수원시,학원,12965,셀라음악학원,20041227,20041227,개원,        ,99991231,136,14,예능(대),예능(중),음악,음악, ,Y,N,경기도 수원시 영통구 태장로 62,  외1 신영통동원프라자 503호 (망포동),443400,031-273-7896,20260426
J10,경기도교육청,수원시,학원,38973,셀파우등생학원,20091130,20091130,개원,        ,99991231,560,30,입시.검정 및 보습,보통교과,"보습,",보습, ,Y,N,경기도 수원시 영통구 매영로 84, 한국아파트 상가 403호 (매탄동),443720,031-212-3809,20231018
J10,경기도교육청,수원시,학원,3000047455,소난음악학원,20210701,20210701,개원,        ,99991231,10,10,예능(대),예능(중),음악,음악, ,Y,N,경기도 수원시 영통구 광교호수공원로 277,",  1F-054호 055호 (원천동, 광교중흥에스클래스 판매시설)",16517,010-3064-8730,20250406
J10,경기도교육청,수원시,학원,3000074999,소노아르음악학원,20250730,20250730,개원,        ,        ,120,20,예능(대),,,, ,Y, ,경기도 수원시 권선구 경수대로 202,"2층 55,56호(권선동, 수원아이파크시티12단지)",16662,031-233-9540,20250810
J10,경기도교육청,수원시,학원,36575,소리나래음악학원,20090817,20090817,개원,        ,99991231,211,21,예능(대),예능(중),"음악,",음악, ,Y,N,경기도 수원시 권선구 권선로694번길 25,", 201호, 202호 (권선동, 권선 SK VIEW)",16567,,20231018
J10,경기도교육청,수원시,학원,3500,소리빛음악학원,20030719,20030719,개원,        ,99991231,65,12,예능(대),예능(중),음악,음악, ,Y,N,경기도 수원시 영통구 태장로82번길 33,", 301호 일부 (망포동, 엘지동수원자이아파트 분산상가동)",443400,031-203-1185,20251109
J10,경기도교육청,수원시,학원,26662,소리샘음악전문학원,20080211,20070430,개원,        ,99991231,165,15,예능(대),예능(중),음악,음악, ,Y,N,경기도 수원시 권선구 세권로 124,  5층 일부 (세류동),441878,031-892-8811,20260405
J10,경기도교육청,수원시,학원,3000045896,소리의정원음악학원,20210114,20210114,개원,        ,99991231,300,20,예능(대),예능(중),"음악,",음악, ,Y,N,경기도 수원시 권선구 금곡로118번길 10,", 208호 일부 (금곡동, 일담타워)",16388,,20240707
J10,경기도교육청,수원시,학원,3000076730,소마사고력수학수원천천센터학원,20251208,20251208,개원,        ,        ,60,30,입시.검정 및 보습,,,, ,Y, ,경기도 수원시 장안구 만석로19번길 41-9,", 702호(천천동, 롯데프라자)",16329,,20251214
J10,경기도교육청,수원시,학원,3000045219,소마사고력학원,20201013,20201013,개원,        ,99991231,0,0,입시.검정 및 보습,보통교과,보습,보습, ,Y,N,경기도 수원시 권선구 금곡로 112,", 201호 (금곡동)",16388,,20251221
J10,경기도교육청,수원시,학원,24835,소마수학학원,20061219,20061219,개원,        ,99991231,81,40,입시.검정 및 보습,보통교과,"보습,",보습, ,Y,N,경기도 수원시 영통구 봉영로 1612,  보보스프라자 613호 (영통동),443814,031-202-8727,20231018
J10,경기도교육청,수원시,학원,3000049373,소소아뜰리에학원,20211229,20211229,개원,        ,99991231,12,19,예능(대),예능(중),"미술,",미술, ,Y,N,경기도 수원시 영통구 웰빙타운로 51,", 201호 (이의동, 골드클래스1)",16224,null,20260405
J10,경기도교육청,수원시,학원,32681,소호미술학원,20081009,20081009,개원,        ,99991231,20,20,예능(대),예능(중),"미술,",미술, ,Y,N,경기도 수원시 영통구 인계로220번길 6-85,  3층 일부 (매탄동),443806,031-232-8089,20231030
J10,경기도교육청,수원시,학원,3000030856,손수학학원,20161124,20161124,개원,        ,99991231,150,51,입시.검정 및 보습,보통교과,"보습,",보습, ,Y,N,경기도 수원시 영통구 영통로 103,", 503호(뉴LG프라자) (망포동)",16687,,20231018
J10,경기도교육청,수원시,학원,3000014446,손쌤뮤직앤아트학원,20120309,20120309,개원,        ,99991231,150,26,종합(대),,음악,, ,Y,N,경기도 수원시 팔달구 팔달문로130번길 69,", 204호, 205호 (우만동, 아이월드 가동)",16240,031-214-1370,20250406
J10,경기도교육청,수원시,학원,12794,솔로몬수학전문학원,20041215,20041215,개원,        ,99991231,350,115,입시.검정 및 보습,보통교과,,보습, ,Y,N,경기도 수원시 권선구 권광로 108,  2층 (권선동),441824,031-224-1332,20260201
J10,경기도교육청,수원시,학원,25860,솔로몬학원,20070221,20070221,개원,        ,99991231,575,80,입시.검정 및 보습,보통교과,,보습, ,Y,N,경기도 수원시 권선구 권광로 108,", 3층 (권선동)",16561,031-224-1338,20260201
J10,경기도교육청,수원시,학원,3000032447,솔루니독서논술역사학원,20170313,20170313,개원,        ,99991231,18,30,입시.검정 및 보습,보통교과,,보습·논술, ,Y,N,경기도 수원시 영통구 영통로 115,",  602호(알파빌딩) (망포동)",16687,,20250622
J10,경기도교육청,수원시,학원,3000051423,솔루니독서토론논술천천학원,20220621,20220621,개원,        ,99991231,0,0,입시.검정 및 보습,보통교과,,보습·논술, ,Y,N,경기도 수원시 장안구 덕영대로535번길 34,", 203호 (천천동, 천천동그린프라자A)",16329,031-8019-9509,20250622
J10,경기도교육청,수원시,학원,22502,솔실용음악학원,20060609,20060609,개원,        ,99991231,104,18,예능(대),,"음악,",, ,Y,N,경기도 수원시 장안구 대평로90번길 20,  502호 5층 (정자동),440841,031-244-6333,20260201
J10,경기도교육청,수원시,학원,3000046937,송림아르떼음악학원,20210510,20210510,개원,        ,99991231,139,20,예능(대),예능(중),,음악, ,Y,N,경기도 수원시 장안구 대평로51번길 56,", 403호 (정자동, 꽃뫼노을마을한국아파트)",16319,,20260405
J10,경기도교육청,수원시,학원,3000044087,송뷰티학원,20200423,20200423,개원,        ,99991231,90,24,직업기술,산업응용기술,,이·미용, ,Y,N,경기도 수원시 팔달구 매산로 11,", 5층 502호,503호 (매산로1가, MG서수원빌딩)",16455,031-306-3214,20250316
J10,경기도교육청,수원시,학원,28837,송재욱수학학원,20071122,20071122,개원,        ,99991231,80,40,입시.검정 및 보습,보통교과,"보습,",보습, ,Y,N,경기도 수원시 장안구 율전로 105,  외 1필지 4층 일부 (율전동),440825,031-278-0131,20231018
J10,경기도교육청,수원시,학원,3000030435,송죽멘토영수전문학원,20161014,20161014,개원,        ,99991231,337,30,입시.검정 및 보습,보통교과,보습,보습, ,Y,N,경기도 수원시 장안구 송원로41번길 21,", 101호 (송죽동)",16305,031-255-3140,20250309
J10,경기도교육청,수원시,학원,113843,송춘석음악학원,19950812,19950812,개원,        ,99991231,24,25,예능(대),예능(중),"음악,",음악, ,Y,N,경기도 수원시 장안구 정조로1110번길 3,  2층 (송죽동),440802,031-258-2555,20231018
J10,경기도교육청,수원시,학원,3000053326,송태원1프로수학학원,20221207,20221207,개원,        ,99991231,36,45,입시.검정 및 보습,보통교과,보습,보습, ,Y,N,경기도 수원시 영통구 광교중앙로266번길 22,", 204호 (하동, 광교법조프라자)",16512,,20250302
J10,경기도교육청,수원시,학원,3000050674,쇼위플라워컬러디자인학원,20220404,20220404,개원,        ,99991231,80,35,기예(대),기예(중),"공예(종이접기,꽃꽂이,꽃기예)","공예(종이접기,꽃꽂이,꽃기예)", ,Y,N,경기도 수원시 팔달구 권광로196번길 24,", 904호 905호 (인계동, 아임위드 엘리시아)",16488,,20240707
J10,경기도교육청,수원시,학원,3000067871,수가인뷰티아카데미수원학원,20240220,20240220,개원,        ,        ,0,0,직업기술,산업응용기술,이·미용,이·미용, ,Y, ,경기도 수원시 팔달구 고등로 32,", 709호,710호(고등동, SJ타워)",16453,031-242-0277,20260405
J10,경기도교육청,수원시,학원,3000041087,수담학원,20190703,20190703,개원,        ,99991231,98,54,입시.검정 및 보습,보통교과,,보습, ,Y,N,경기도 수원시 영통구 도청로89번길 23,", 2층 201호 전체 (이의동, 월드프라자)",16509,031-211-7730,20240929
J10,경기도교육청,수원시,학원,3000041345,수력발전소학원,20190729,20190729,개원,        ,99991231,22,45,입시.검정 및 보습,보통교과,"보습,",보습, ,Y,N,경기도 수원시 영통구 인계로220번길 22,", 2층 전체 (매탄동)",16543,,20231018
J10,경기도교육청,수원시,학원,26262,수력수학학원,20070323,20070323,개원,        ,99991231,28,57,입시.검정 및 보습,보통교과,"보습,",보습, ,Y,N,경기도 수원시 권선구 당진로 17,", 202호 (당수동 232-6)",16376,031-419-0599,20231018
J10,경기도교육청,수원시,학원,3000039090,수리음악학원,20181226,20181226,개원,        ,99991231,70,14,예능(대),예능(중),,음악, ,Y,N,경기도 수원시 영통구 권선로908번길 47,", 305호 (신동 937-4외 1필지)",16682,,20260201
J10,경기도교육청,수원시,학원,3000053182,수리인수학학원,20221128,20221128,개원,        ,99991231,15,17,입시.검정 및 보습,보통교과,,보습, ,Y,N,경기도 수원시 권선구 삼천병마로1566번길 11,", 211호 (오목천동)",16636,,20231018
J10,경기도교육청,수원시,학원,3000076342,수만휘스파르타수원영통점학원,20251105,20251105,개원,        ,        ,180,60,입시.검정 및 보습,보통교과,"보습,입시",보습, ,Y, ,경기도 수원시 영통구 봉영로 1612,", 307호, 308호(영통동, 보보스프라자)",16704,,20251221
J10,경기도교육청,수원시,학원,3000068120,수만휘스파르타학원,20240307,20240307,개원,        ,        ,100,50,입시.검정 및 보습,보통교과,보습,보습, ,Y,N,경기도 수원시 장안구 대평로90번길 8,502호(정자동),16334,031-268-1022,20260201
J10,경기도교육청,수원시,학원,3000031569,수민아트미술학원,20170109,20170109,개원,        ,99991231,35,20,예능(대),예능(중),,미술, ,Y,N,경기도 수원시 장안구 금당로 36,", 2층 전체 (조원동)",16282,,20231018
J10,경기도교육청,수원시,학원,3000071608,수석에듀학원,20240812,20240812,개원,        ,        ,200,50,입시.검정 및 보습,보통교과,보습,보습, ,Y,N,경기도 수원시 팔달구 정조로 697,"901~902호(매교동, 마인플라자)",16467,,20250406
J10,경기도교육청,수원시,학원,3000036394,수쌤영어학원,20180328,20180328,개원,        ,99991231,28,40,입시.검정 및 보습,보통교과,,보습, ,Y,N,경기도 수원시 장안구 대평로90번길 8,", 501호 (정자동, 한빛프라자)",16334,,20231018
J10,경기도교육청,수원시,학원,3000041016,수쌤이관영어학원,20190626,20190626,개원,        ,99991231,30,60,입시.검정 및 보습,보통교과,,보습, ,Y,N,경기도 수원시 장안구 대평로90번길 46,", 401호 (정자동, 선일프라자)",16334,,20231018
J10,경기도교육청,수원시,학원,3000045268,수쌤학원,20201020,20201020,개원,        ,99991231,160,77,입시.검정 및 보습,보통교과,,보습, ,Y,N,경기도 수원시 장안구 대평로90번길 8,", 8층 801호 (정자동, 한빛프라자)",16334,,20231018
J10,경기도교육청,수원시,학원,3000053990,수아람독서논술국어학원,20230130,20230130,개원,        ,99991231,42,36,입시.검정 및 보습,보통교과,,보습·논술, ,Y,N,경기도 수원시 장안구 덕영대로535번길 38,", 7층 일부 (천천동, 로얄프라자 로얄 프라자)",16329,,20231018
J10,경기도교육청,수원시,학원,3000044977,수아수수학학원,20200907,20200907,개원,        ,99991231,24,35,입시.검정 및 보습,보통교과,,보습, ,Y,N,경기도 수원시 영통구 망포로 136,", 402호 (망포동, 영통 플래티넘베이스 에이)",16685,,20231018
J10,경기도교육청,수원시,학원,3000012583,수어람학원,20230623,20230623,개원,        ,        ,0,0,입시.검정 및 보습,보통교과,보습,보습, ,Y,N,경기도 수원시 영통구 영통로153번길 48,201호 (다동),16689,,20250112
J10,경기도교육청,수원시,학원,3679,수연음악학원,19990807,19990807,개원,        ,99991231,92,10,예능(대),예능(중),음악,음악, ,Y,N,경기도 수원시 영통구 봉영로 1526,", 301호 (영통동 988-2, 영통아파트상가)",16701,031-203-2974,20240616
J10,경기도교육청,수원시,학원,4138,수원가우디미술학원,19930922,19930922,개원,        ,99991231,130,95,예능(대),예능(중),"미술,",미술, ,Y,N,경기도 수원시 영통구 효원로 387,", 801호 일부 (매탄동 1267-3, 풍성프라자)",16545,031-212-0977,20231018
J10,경기도교육청,수원시,학원,3000047749,수원건설기술교육학원,20210803,20210803,개원,        ,99991231,110,55,직업기술,산업기반기술,"토목,건축,",토목, ,Y,N,경기도 수원시 팔달구 정조로788번길 18,", 3층 전체(팔달로2가)",16257,,20260426
J10,경기도교육청,수원시,학원,115581,수원경기고시학원,20011122,20011122,개원,        ,99991231,258,129,인문사회(대),인문사회(중),"성인고시,",성인고시, ,Y,N,경기도 수원시 팔달구 경수대로428번길 23,  동림빌딩 3층 일부 (인계동),442834,031-225-8200,20231018
J10,경기도교육청,수원시,학원,3000050843,수원경희간호학원,20220418,20220418,개원,        ,99991231,180,60,직업기술,간호보조기술,간호조무사,간호조무사, ,Y,N,경기도 수원시 영통구 중부대로 300,", 3층 (매탄동, 우진빌딩)",16525,,20260208
J10,경기도교육청,수원시,학원,3000020468,수원광교아베크뮤직아카데미학원,20140114,20140114,개원,        ,99991231,360,90,예능(대),예능(중),"음악,",음악, ,Y,N,경기도 수원시 영통구 광교중앙로248번길 7-1,"301호~305호 (하동, 오름법조프라자)",16512,031-1599-3439,20260201
J10,경기도교육청,수원시,학원,3000077299,수원광교자라다남아미술학원,20260128,20260128,개원,        ,        ,0,0,예능(대),,,, ,Y, ,경기도 수원시 영통구 도청로17번길 34,", 404호(이의동)",16509,,20260215
J10,경기도교육청,수원시,학원,3000040073,수원국제어학원,20190325,20190325,개원,        ,99991231,28,25,국제화,외국어,"실용외국어(유아/초·중·고),",실용외국어(유아/초·중·고), ,Y,N,경기도 수원시 권선구 일월천로16번길 28,", 3층 전체 (구운동)",16413,,20240407
J10,경기도교육청,수원시,학원,3000042837,수원기술학원,20191223,20191223,개원,        ,99991231,90,30,직업기술,산업기반기술,,기계, ,Y,N,경기도 수원시 권선구 덕영대로 1129,", 3층 전체 (세류동)",16589,031-244-9292,20231018
J10,경기도교육청,수원시,학원,3000072798,수원도장방수학원,20241218,20241218,개원,        ,        ,24,8,직업기술,,,, ,Y, ,경기도 수원시 영통구 반달로 40,", 3층 전체(영통동)",16705,010-6243-0787,20241222
J10,경기도교육청,수원시,학원,3000069029,수원디랩코딩학원,20240529,20240529,개원,        ,        ,160,40,기타(대),기타(중),,컴퓨터(소), ,Y,N,경기도 수원시 장안구 정자천로173번길 11-7,"301호 일부(정자동, 정자동 878-11 빌딩)",16334,,20250817
J10,경기도교육청,수원시,학원,3000017007,수원디와이비최선어학원,20121129,20121129,개원,        ,99991231,1320,1050,종합(대),,외국어,, ,Y,N,경기도 수원시 장안구 대평로 80,", 503~509호, 511~514호, 603호, 604호 (정자동)",16334,031-268-5100,20260308
J10,경기도교육청,수원시,학원,3000072872,수원마인발레학원,20241224,20241224,개원,        ,        ,72,12,예능(대),,,, ,Y, ,경기도 수원시 장안구 이목로 24-3,", 210호(정자동, SKY PLAZA)",16336,,20241229
J10,경기도교육청,수원시,학원,3000053919,수원망포간호학원,20230125,20230125,개원,        ,99991231,80,80,직업기술,간호보조기술,간호조무사,간호조무사, ,Y,N,경기도 수원시 영통구 영통로 215,", 4층 일부 (영통동)",16698,,20260208
J10,경기도교육청,수원시,학원,3000062085,수원망포자라다남아미술학원,20230920,20230920,개원,        ,        ,80,20,예능(대),예능(중),미술,미술, ,Y,N,경기도 수원시 영통구 영통로 115,"401호(망포동, 신영통알파빌딩)",16687,,20260215
J10,경기도교육청,수원시,학원,24059,수원메가스터디학원,20061018,20061018,개원,        ,99991231,12245,1390,입시.검정 및 보습,보통교과,"보습,진학상담지도",보습, ,Y,N,경기도 수원시 권선구 권광로 90,", 1층~7층 (권선동, 수원메가스터디)",16561,031-222-6222,20251221
J10,경기도교육청,수원시,학원,26534,수원메카학원,20070417,20070417,개원,        ,99991231,112,140,입시.검정 및 보습,보통교과,"보습,",보습, ,Y,N,경기도 수원시 팔달구 권광로 270,", 2층 일부 및 3층 일부 및 4층 일부 (인계동)",16534,031-211-0710,20231018
J10,경기도교육청,수원시,학원,38979,수원모던실용음악학원,20091201,20091201,개원,        ,99991231,300,30,예능(대),예능(중),,음악, ,Y,N,경기도 수원시 팔달구 매산로 124,", 2층 일부 (교동)",442130,031-224-4626,20251207
J10,경기도교육청,수원시,학원,41552,수원무브댄스학원,20100628,20100628,개원,        ,99991231,300,55,예능(대),예능(중),,무용, ,Y,N,경기도 수원시 팔달구 갓매산로 51,"303호, 304호",442847,031-242-5545,20231018
J10,경기도교육청,수원시,학원,3000077888,수원문학전문학원,20260325,20260325,개원,        ,        ,0,0,입시.검정 및 보습,,,, ,Y, ,경기도 수원시 팔달구 화서문로32번길 7-1,2층(신풍동),16251,,20260405
J10,경기도교육청,수원시,학원,3000054069,수원미용학원,20230202,20230202,개원,        ,99991231,100,20,직업기술,산업응용기술,,이·미용, ,Y,N,경기도 수원시 영통구 반달로7번길 16,", 202호 일부 (영통동, e-폴리스)",16704,,20231018
J10,경기도교육청,수원시,학원,3000027932,수원배우로갑니다연기학원,20160218,20160218,개원,        ,99991231,100,0,기타(대),기타(중),,연극, ,Y,N,경기도 수원시 팔달구 권광로207번길 28,", 2층 전체 (인계동, 계성빌딩)",16489,031-234-1091,20260201
J10,경기도교육청,수원시,학원,3000074106,수원본점하루미술학원,20250423,20250423,개원,        ,        ,100,50,예능(대),예능(중),미술,미술, ,Y, ,경기도 수원시 팔달구 매산로 131,", 3층 일부(교동)",16463,,20250504
J10,경기도교육청,수원시,학원,3000027182,수원스카이에듀학원,20151209,20151209,개원,        ,99991231,3180,290,종합(대),,"보습,입시",, ,Y,N,경기도 수원시 팔달구 권선로 733,", 201호, 301호 (인계동, LD그린토피아)",16491,031-235-3000,20260201
J10,경기도교육청,수원시,학원,3000031563,수원아이비알뷰티미용학원,20170109,20170109,개원,        ,99991231,3329,100,직업기술,산업응용기술,이·미용,이·미용, ,Y,N,경기도 수원시 팔달구 매산로 11,", 5층 일부 (매산로1가)",16455,031-306-3214,20260412
J10,경기도교육청,수원시,학원,3000015616,수원아이티씨영어학원,20120629,20120629,개원,        ,99991231,80,50,입시.검정 및 보습,보통교과,보습,보습, ,Y,N,경기도 수원시 권선구 동수원로242번길 6,", 503호 (권선동)",16553,031-273-3563,20251207
J10,경기도교육청,수원시,학원,3000010927,수원아이티컴퓨터학원,20110502,20110502,개원,        ,99991231,275,30,직업기술,컴퓨터,"컴퓨터(정보처리,통신기기,인터넷,소프트웨어),","컴퓨터(정보처리,통신기기,인터넷,소프트웨어)", ,Y,N,경기도 수원시 영통구 영통로213번길 6,  5층 일부 (영통동),443470,031-204-2525,20240929
J10,경기도교육청,수원시,학원,3000067745,수원애니포스만화학원,20240205,20240205,개원,        ,        ,189,99,예능(대),,,, ,Y,N,경기도 수원시 영통구 반달로7번길 16,"203호(영통동, e-폴리스)",16704,,20250316
J10,경기도교육청,수원시,학원,2017,수원양재학원,20030521,20030521,개원,        ,99991231,418,19,직업기술,산업기반기술,"의복,",의복, ,Y,N,경기도 수원시 팔달구 정조로 797-2,", 302호 (팔달로2가)",16261,031-257-6964,20231018
J10,경기도교육청,수원시,학원,3000073456,수원역이지어학원,20250219,20250219,개원,        ,        ,280,70,국제화,국제,국제,국제, ,Y, ,경기도 수원시 팔달구 매산로 11,", 2층 일부 (매산로1가, MG서수원빌딩)",16455,,20250302
J10,경기도교육청,수원시,학원,35303,수원영통신나무실러닝학원,20090622,20090622,개원,        ,99991231,620,76,입시.검정 및 보습,보통교과,보습,보습, ,Y,N,경기도 수원시 영통구 매영로310번길 46,", 402호, 403호 (영통동, 소망문화센터)",16697,031-205-9509,20260201
J10,경기도교육청,수원시,학원,3000033131,수원영통아이들의작업실미술학원,20170531,20170531,개원,        ,99991231,18,25,예능(대),예능(중),"미술,",미술, ,Y,N,경기도 수원시 영통구 봉영로 1612,", 411호 (영통동)",16704,,20231018
J10,경기도교육청,수원시,학원,3000021706,수원영통에이닷영어학원,20140522,20140522,개원,        ,99991231,7440,170,입시.검정 및 보습,보통교과,보습,보습, ,Y,N,경기도 수원시 영통구 봉영로 1605,", 403호, 404호 (영통동, 모던타운)",16703,031-2045-466,20251012
J10,경기도교육청,수원시,학원,3000052715,수원외식평생직업교육학원,20221020,20221020,개원,        ,99991231,0,0,직업기술,산업응용기술,,"식음료품(바리스타,소믈리에)", ,Y,N,경기도 수원시 팔달구 장다리로 276,", 601호 일부 (인계동, 동부프라자)",16481,031-238-3939,20231018
J10,경기도교육청,수원시,학원,3000044812,수원우만점작심독서실,20200818,20200818,개원,        ,99991231,220,42,독서실,독서,"독서실(유아/초·중·고),",독서실(유아/초·중·고), ,Y,N,경기도 수원시 팔달구 팔달문로130번길 55,", 201호 일부 (우만동)",16240,031-216-0919,20231018
J10,경기도교육청,수원시,학원,36578,수원유디간호학원,20090820,20090820,개원,        ,99991231,748,152,직업기술,간호보조기술,,간호조무사, ,Y,N,경기도 수원시 팔달구 덕영대로 905,", 804호, 805호, 806호 (매산로1가)",16455,031-256-6624,20260201
J10,경기도교육청,수원시,학원,3000055339,수원이강학원,20230523,20230523,개원,        ,99991231,660,220,입시.검정 및 보습,보통교과,,보습, ,Y,N,경기도 수원시 장안구 대평로 80,", 303호·305호·702호·703호(정자동, 정연메이져)",16334,031-271-0880,20260412
J10,경기도교육청,수원시,학원,3000048108,수원이관정상어학원,20210909,20210909,개원,        ,99991231,272,100,국제화,외국어,,실용외국어(유아/초·중·고), ,Y,N,경기도 수원시 영통구 권선로908번길 50,", 3층 301호, 302호 (신동)",16683,,20251123
J10,경기도교육청,수원시,학원,38571,수원장안분원정상어학원,20091110,20091110,개원,20140129,20150129,448,277,국제화,외국어,실용외국어(유아/초·중·고),실용외국어(유아/초·중·고), ,Y,N,경기도 수원시 장안구 대평로 80," 1004호~1009호,1012호,1013호  (정자동) ",440841,031-268-0503,20260215
J10,경기도교육청,수원시,학원,3000019968,수원장안에이닷영어학원,20131122,20131122,개원,        ,99991231,633,211,입시.검정 및 보습,보통교과,"보습,",보습, ,Y,N,경기도 수원시 장안구 정자천로 171,", 3층 전체 (정자동, 정연BD)",16334,,20260215
J10,경기도교육청,수원시,학원,3000045642,수원점벤자민애견미용학원,20201210,20201210,개원,        ,99991231,90,60,직업기술,산업응용기술,"이·미용,",이·미용, ,Y,N,경기도 수원시 영통구 청명남로28번길 2,", 402호 전체, 405호 전체, 406호 전체 (영통동, 아이텐텐빌딩)",16705,,20241103
J10,경기도교육청,수원시,학원,3000028895,수원정보기술건축학원,20160513,20160513,개원,20200309,20200508,48,48,직업기술,산업기반기술,건축,건축, ,Y,N,경기도 수원시 팔달구 매산로20번길 23,", 301호 일부 (매산로2가)",16461,031-242-0720,20240929
J10,경기도교육청,수원시,학원,3000038387,수원정상어학원,20181025,20181025,개원,        ,99991231,928,110,국제화,외국어,"실용외국어(유아/초·중·고),외국어",실용외국어(유아/초·중·고), ,Y,N,경기도 수원시 영통구 권선로908번길 47,", 드림타워 501,502,505,506호 전체 및 503호 일부 (신동 937-4외 1필지)",16682,,20260201
J10,경기도교육청,수원시,학원,25861,수원정일보습학원,20070221,20070221,개원,        ,99991231,285,40,입시.검정 및 보습,보통교과,"보습,",보습, ,Y,N,경기도 수원시 권선구 권광로 108,", 1층 (권선동)",441824,031-226-9977,20231018
J10,경기도교육청,수원시,학원,3000037440,수원정자스터디뱅크독서실,20180712,20180712,개원,        ,99991231,134,67,독서실,독서,,독서실(유아/초·중·고), ,Y,N,경기도 수원시 장안구 만석로 97,", 3층 일부 (정자동)",16339,031-2718-8822,20231018
J10,경기도교육청,수원시,학원,3000071842,수원조원에이닷영어학원,20240905,20240905,개원,        ,        ,135,45,입시.검정 및 보습,보통교과,보습,보습, ,Y, ,경기도 수원시 장안구 송원로 83,", 402-1호(조원동)",16295,,20260215
J10,경기도교육청,수원시,학원,116319,수원캐드디자인학원,19911203,19911203,개원,        ,99991231,164,34,직업기술,산업응용기술,"디자인,",디자인, ,Y,N,경기도 수원시 팔달구 매산로 15,", 3층 (매산로1가)",442081,031-244-6886,20240929
J10,경기도교육청,수원시,학원,3000075924,수원컴퓨터학원,20250912,20250912,개원,        ,        ,93,31,직업기술,,,, ,Y, ,경기도 수원시 팔달구 정조로788번길 18,5층 일부(팔달로2가) ,16257,,20251012
J10,경기도교육청,수원시,학원,3000019432,수원탑간호학원,20130912,20130912,개원,        ,99991231,180,9,직업기술,,"간호조무사,",, ,Y,N,경기도 수원시 영통구 효원로 393,", 503호(매탄동, 밀래니엄프라자)",16545,031-211-2888,20260405
J10,경기도교육청,수원시,학원,3000025234,수원탑수원역점간호학원,20150511,20150511,개원,        ,99991231,360,180,직업기술,,"간호조무사,",, ,Y,N,경기도 수원시 팔달구 덕영대로 899,", 407호~411호 (매산로1가)",16455,031-211-9001,20260426
J10,경기도교육청,수원시,학원,41739,수원탑학원,20100703,20100702,개원,        ,99991231,337,97,종합(대),,"전산회계,컴퓨터(정보처리,통신기기,인터넷,소프트웨어)",, ,Y,N,경기도 수원시 팔달구 덕영대로697번길 7,  아트프라자 5층 5호~12호 (화서동),442870,031-253-4542,20240929
J10,경기도교육청,수원시,학원,3000029392,수원푸르넷학원,20160628,20160628,개원,        ,99991231,60,40,입시.검정 및 보습,보통교과,,보습, ,Y,N,경기도 수원시 팔달구 동말로25번길 96,", 3층 일부 (화서동)",16443,031-305-7111,20250406
J10,경기도교육청,수원시,학원,3000035518,수원한박사논술학원,20180110,20180110,개원,        ,99991231,120,30,입시.검정 및 보습,보통교과,보통교과,보통교과, ,Y,N,경기도 수원시 영통구 청명남로 4,5층 전체(영통동),16705,070-8803-8020,20250427
J10,경기도교육청,수원시,학원,6452,수원현대중장비전문학원,20050806,19910528,개원,        ,99991231,40,90,직업기술,산업기반기술,"자동차,",자동차, ,Y,N,경기도 수원시 권선구 매송고색로 762,", 3층 (고색동)(기계실)",16647,031-238-2443,20231018
J10,경기도교육청,수원시,학원,3000072017,수원호매실에이닷영어학원,20240927,20240930,개원,        ,        ,180,60,입시.검정 및 보습,보통교과,보습,보습, ,Y, ,경기도 수원시 권선구 금곡로 106,", 201호(금곡동, 우성메디피아)",16388,,20260215
J10,경기도교육청,수원시,학원,3000050440,수원화서자라다남아미술학원,20220316,20220316,개원,        ,99991231,336,42,예능(대),예능(중),미술,미술, ,Y,N,경기도 수원시 팔달구 덕영대로 695,", 503호 (화서동, 화서프라자)",16435,031-251-2080,20250413
J10,경기도교육청,수원시,학원,3000069644,수원화성음식문화연구회학원,20240731,20240731,개원,        ,        ,16,16,직업기술,,,, ,Y, ,경기도 수원시 장안구 팔달로 285,", 3층 전체(영화동)",16269,,20240804
J10,경기도교육청,수원시,학원,3000037562,수원휴앤아이간호학원,20180720,20180720,개원,        ,99991231,328,86,직업기술,간호보조기술,"간호조무사,",간호조무사, ,Y,N,경기도 수원시 장안구 대평로 74,", 5층 501호 (정자동, 금강프라자)",16334,null,20251207
J10,경기도교육청,수원시,학원,1842,수음악학원,20000725,20000725,개원,        ,99991231,240,13,예능(대),예능(중),"음악,",음악, ,Y,N,경기도 수원시 장안구 대평로90번길 16,  대일프라자 602호 6층 (정자동),440841,031-269-3733,20231018
J10,경기도교육청,수원시,학원,114284,수일줄리어드음악학원,19970220,19970220,개원,        ,99991231,30,20,예능(대),예능(중),"음악,",음악, ,Y,N,경기도 수원시 장안구 수일로91번길 2,", 1층 일부 (파장동)",16202,031-255-5758,20231018
J10,경기도교육청,수원시,학원,39779,수정음악학원,20100216,20100212,개원,        ,99991231,225,24,예능(대),예능(중),음악,음악, ,Y,N,경기도 수원시 장안구 정자천로189번길 47,  풍림아파트 상가동 2층 203 204 205호 (정자동),440720,031-269-4177,20240107
J10,경기도교육청,수원시,학원,3000042017,수정인테리어기술전문학원,20191011,20191011,개원,        ,99991231,144,50,직업기술,산업기반기술,"건축,",건축, ,Y,N,경기도 수원시 장안구 경수대로994번길 49,", 2층 전체 (송죽동, 현광프라자)",16298,031-251-2151,20231018
J10,경기도교육청,수원시,학원,3000032995,수채화미술학원,20170512,20170512,개원,        ,99991231,40,44,예능(대),예능(중),,미술, ,Y,N,경기도 수원시 권선구 권광로27번길 62,", 상가동 303호,304호 (권선동)",16583,,20231018
J10,경기도교육청,수원시,학원,3000042539,수풀림수학전문학원,20191202,20191202,개원,        ,99991231,84,40,입시.검정 및 보습,보통교과,보습,보습, ,Y,N,경기도 수원시 장안구 송원로 81,", 3층 304호 304-1호 (조원동)",16295,null,20260201
J10,경기도교육청,수원시,학원,3000046700,수피독서실,20210414,20210414,개원,        ,99991231,75,75,독서실,독서,,독서실(유아/초·중·고), ,Y,N,경기도 수원시 권선구 일월천로4번길 54,", 3층 전체 (구운동, 명수빌딩)",16413,,20231018
J10,경기도교육청,수원시,학원,3000020712,수학공감학원,20140212,20140212,개원,        ,99991231,288,84,입시.검정 및 보습,보통교과,보습,보습, ,Y,N,경기도 수원시 영통구 매탄로108번길 16,", 402호 전체 (매탄동, 엔타운)",16545,,20260412
J10,경기도교육청,수원시,학원,3000072254,수학마루학원,20241025,20241025,개원,        ,        ,75,25,입시.검정 및 보습,,,, ,Y,N,경기도 수원시 영통구 광교호수공원로 277,", 2F-020호(원천동,광교중흥에스클래스 판매시설)",16517,,20241103
J10,경기도교육청,수원시,학원,20744,수학사랑학원,20060207,20060207,개원,        ,99991231,45,39,입시.검정 및 보습,보통교과,,보습, ,Y,N,경기도 수원시 영통구 태장로82번길 33,", 엘지동수원자이아파트 분산상가동 301호 일부 (망포동,엘지동수원자이아파트)",443400,031-203-0906,20250323
J10,경기도교육청,수원시,학원,3000037293,수학생각학원,20180629,20180629,개원,        ,99991231,30,70,입시.검정 및 보습,보통교과,,보습, ,Y,N,경기도 수원시 권선구 호매실로104번길 90,", 303,304호 (호매실동)",16630,,20231018
J10,경기도교육청,수원시,학원,3000049549,수학세상국어나라고등관학원,20220109,20220109,개원,        ,99991231,0,0,입시.검정 및 보습,보통교과,,보습, ,Y,N,경기도 수원시 영통구 영통로 136,", 703호 (망포동, 센트럴타워)",16691,,20250914
J10,경기도교육청,수원시,학원,3000018009,수학세상국어나라학원,20130320,20130320,개원,        ,99991231,150,52,입시.검정 및 보습,보통교과,,보습, ,Y,N,경기도 수원시 영통구 영통로 136,", 605호 (망포동, 센트럴타워)",16691,031-203-0508,20231018
J10,경기도교육청,수원시,학원,3000076264,수학세상학원,20251029,20251029,개원,        ,        ,304,76,입시.검정 및 보습,,,, ,Y, ,경기도 수원시 팔달구 세지로 150,3층 일부(인계동),16479,,20251102
J10,경기도교육청,수원시,학원,31143,수학시간학원,20080610,20080610,개원,        ,99991231,137,45,입시.검정 및 보습,보통교과,"보습,",보습, ,Y,N,경기도 수원시 영통구 인계로220번길 6-85,  3층 일부 (매탄동),443806,031-212-3515,20231018
J10,경기도교육청,수원시,학원,3000045090,수학에빠지다학원,20200918,20200918,개원,        ,99991231,420,40,입시.검정 및 보습,보통교과,보습,보습, ,Y,N,경기도 수원시 영통구 망포로 142,304호(망포동),16685,031-205-4050,20260405
J10,경기도교육청,수원시,학원,42745,수학여행학원,20101015,20101015,개원,        ,99991231,111,110,입시.검정 및 보습,보통교과,보습,보습, ,Y,N,경기도 수원시 영통구 봉영로 1605,", 모던타운 7층 701호 (영통동,모던타운)",443810,031-204-6204,20260301
J10,경기도교육청,수원시,학원,3000073950,수학연구소학원,20250403,20250403,개원,        ,        ,60,20,입시.검정 및 보습,,,, ,Y, ,경기도 수원시 영통구 매영로310번길 87,", 310호(영통동, 동보.신명아파트 상가동)",16699,,20250420
J10,경기도교육청,수원시,학원,44096,수학원,20110117,20110117,개원,        ,99991231,20,50,입시.검정 및 보습,보통교과,보습,보습, ,Y,N,경기도 수원시 팔달구 동말로 95,", 6층 (화서동)",16440,031-242-6399,20250413
J10,경기도교육청,수원시,학원,3000072407,수학을담다학원,20241113,20241113,개원,        ,        ,25,125,입시.검정 및 보습,,,, ,Y,N,경기도 수원시 영통구 광교중앙로266번길 30,", 401호(하동, 그랜드프라자)",16512,,20251012
J10,경기도교육청,수원시,학원,3000038829,수학을품다학원,20181128,20181128,개원,        ,99991231,300,60,입시.검정 및 보습,보통교과,,보습, ,Y,N,경기도 수원시 영통구 도청로17번길 10,", 401호, 402호 (이의동, 성희프라자)",16509,031-211-3412,20250316
J10,경기도교육청,수원시,학원,3000062151,수학의길수학학원,20230924,20230925,개원,        ,        ,120,40,입시.검정 및 보습,보통교과,,보습, ,Y, ,경기도 수원시 영통구 센트럴타운로100번길 20,401호(이의동),16505,,20260308
J10,경기도교육청,수원시,학원,3000072485,수학의길학원,20241120,20241120,개원,        ,        ,150,50,입시.검정 및 보습,,,, ,Y, ,경기도 수원시 장안구 정자천로 179,", 201호(정자동)",16334,,20260201
J10,경기도교육청,수원시,학원,3000049309,수학의달인뮤엠영어권선꿈에그린학원,20211227,20211227,개원,        ,99991231,320,20,입시.검정 및 보습,보통교과,"보습,",보습, ,Y,N,경기도 수원시 권선구 서수원로47번길 11,", 303호, 304호 (오목천동, 그린메디프라자)",16640,,20231018
J10,경기도교육청,수원시,학원,3000068342,수학의봄날학원,20240321,20240321,개원,        ,        ,60,30,입시.검정 및 보습,,,, ,Y,N,경기도 수원시 장안구 정자천로13번길 17,"3층 전체(천천동, TQ빌딩)",16421,,20250316
J10,경기도교육청,수원시,학원,3000053636,수학의비전학원,20221230,20221230,개원,        ,99991231,16,25,입시.검정 및 보습,보통교과,,보습, ,Y,N,경기도 수원시 영통구 덕영대로1555번길 13,", 704호 일부 (영통동, 세일빌딩)",16698,,20231018
J10,경기도교육청,수원시,학원,3000051153,수학의아침사이언스카이영통프리미엄캠퍼스제1학원,20220523,20220523,개원,        ,99991231,516,724,종합(대),,"보습,진학상담지도,진학지도",, ,Y,N,경기도 수원시 영통구 봉영로 1612,", 8층 일부 (영통동, 보보스프라자)",16704,031-306-3400,20260405
J10,경기도교육청,수원시,학원,3000051157,수학의아침사이언스카이영통프리미엄캠퍼스제2학원,20220524,20220524,개원,        ,99991231,1010,207,종합(대),,보습,, ,Y,N,경기도 수원시 영통구 봉영로 1612,", 8층 일부 (영통동, 보보스프라자)",16704,031-306-3400,20260426
J10,경기도교육청,수원시,학원,3000075611,수학의아침사이언스카이제9학원,20250811,20250811,개원,        ,        ,420,60,입시.검정 및 보습,보통교과,"보습,입시",입시, ,Y,N,경기도 수원시 영통구 에듀타운로 17,", 306호(이의동, 국제프라자)",16509,,20260405
J10,경기도교육청,수원시,학원,3000044629,수학의아침사이언스카이제이학원,20200717,20200720,개원,        ,99991231,694,228,종합(대),,"보습,입시,진학상담지도",, ,Y,N,경기도 수원시 영통구 법조로 25,", A동 802호~813호 (하동, 광교 SK VIEW Lake A)",16514,,20260405
J10,경기도교육청,수원시,학원,3000046535,수학의아침사이언스카이제팔학원,20210329,20210326,개원,        ,99991231,290,170,입시.검정 및 보습,보통교과,,보습, ,Y,N,경기도 수원시 영통구 광교중앙로 170,", 229호~233호 (하동, 광교 효성해링턴 타워)",16514,010-3866-3376,20251207
J10,경기도교육청,수원시,학원,3000044628,수학의아침사이언스카이학원,20200717,20200717,개원,        ,99991231,1436,180,종합(대),,보습,, ,Y,N,경기도 수원시 영통구 법조로 25,", 602~605호, 607~613호 (하동, 광교 SK VIEW Lake)",16514,,20260405
J10,경기도교육청,수원시,학원,3000074624,수학의이상형학원,20250623,20250623,개원,        ,        ,114,38,입시.검정 및 보습,보통교과,보습,보습, ,Y, ,경기도 수원시 장안구 정자천로173번길 17,", 603호(정자동, 투대일타운)",16334,,20260201
J10,경기도교육청,수원시,학원,15564,수학의전설연무직영점학원,20050404,20050404,개원,        ,99991231,100,40,입시.검정 및 보습,보통교과,"보습,",보습, ,Y,N,경기도 수원시 장안구 광교산로 132,", 2층전체 (연무동)",16214,031-255-6606,20260405
J10,경기도교육청,수원시,학원,3000042785,수학의전설학원,20191220,20191220,개원,        ,99991231,75,46,입시.검정 및 보습,보통교과,,보습, ,Y,N,경기도 수원시 영통구 웰빙타운로49번길 28,", 2층 일부 (이의동)",16224,031-213-0102,20231018
J10,경기도교육청,수원시,학원,3000027796,수학의품격학원,20160201,20160201,개원,        ,99991231,130,0,입시.검정 및 보습,보통교과,"보습,",보습, ,Y,N,경기도 수원시 영통구 광교중앙로266번길 30,", 302호 (하동)",16512,,20231018
J10,경기도교육청,수원시,학원,3000054558,수학의힘학원,20230310,20230310,개원,        ,99991231,48,78,입시.검정 및 보습,보통교과,보습,보습, ,Y,N,경기도 수원시 영통구 에듀타운로 25,", 403호 (이의동, 명품프라자)",16509,,20250413
J10,경기도교육청,수원시,학원,42503,수학전문김샘학원,20100924,20100924,개원,        ,99991231,960,120,입시.검정 및 보습,보통교과,보습,보습, ,Y,N,경기도 수원시 장안구 대평로 86,  외 1필지 화이트쇼핑몰 7층 702호 (정자동),440841,031-268-2366,20260201
J10,경기도교육청,수원시,학원,3000073504,수학전문임매쓰학원,20250225,20250225,개원,        ,        ,0,0,입시.검정 및 보습,,,, ,Y, ,경기도 수원시 권선구 동수원로145번길 74,", 105, 109호 (권선동,수원아이파크시티 1단지 상가-1)",16663,,20250302
J10,경기도교육청,수원시,학원,3000045066,수학친구들학원,20200916,20200916,개원,        ,99991231,120,22,입시.검정 및 보습,보통교과,,보습, ,Y,N,경기도 수원시 영통구 대학로 101,", 203호 (이의동,드림스퀘어1)",16224,,20240929
J10,경기도교육청,수원시,학원,3000072535,수학카페학원,20241125,20241125,개원,        ,        ,150,50,입시.검정 및 보습,,,, ,Y,N,경기도 수원시 영통구 센트럴타운로100번길 20,", 201호 일부(이의동)",16505,,20241201
J10,경기도교육청,수원시,학원,3000049533,수학탐구학원,20220107,20220107,개원,        ,99991231,1300,150,입시.검정 및 보습,보통교과,보습,보습, ,Y,N,경기도 수원시 장안구 정자천로173번길 11-10,", 404호 (정자동, 뱅뱅프라자)",16334,null,20241222
J10,경기도교육청,수원시,학원,3000077015,수학하는고래수학학원,20260105,20260105,개원,        ,        ,100,20,입시.검정 및 보습,보통교과,보습,보습, ,Y, ,경기도 수원시 영통구 영통로525번길 19,", 4층(영통동)",16706,,20260201
J10,경기도교육청,수원시,학원,3000075709,수학하는달팽이수학학원,20250822,20250822,개원,        ,        ,315,45,입시.검정 및 보습,,,, ,Y, ,경기도 수원시 권선구 금곡로102번길 37,", 402호(금곡동, 센트럴프라자B)",16388,,20250831
J10,경기도교육청,수원시,학원,3000071754,숙명리레브무용학원,20240829,20240829,개원,        ,        ,60,12,예능(대),예능(중),무용,무용, ,Y,N,경기도 수원시 영통구 월드컵로 85,", 202호(원천동, 인터프라자)",16516,,20241103
J10,경기도교육청,수원시,학원,1700,숙명썬즈음악학원,20011006,20011006,개원,        ,99991231,460,12,예능(대),예능(중),,음악, ,Y,N,경기도 수원시 권선구 덕영대로1323번길 26-24 ,"  202호, 204호 (권선동, 써미트빌아파트) ",441739,031-236-0723,20260201
J10,경기도교육청,수원시,학원,113640,숙명아르첼음악학원,19940309,19940309,개원,        ,99991231,95,50,예능(대),예능(중),음악,음악, ,Y,N,경기도 수원시 영통구 매영로 84,", 한국아파트상가 4층 402호 (매탄동)",443720,031-216-5799,20231126
J10,경기도교육청,수원시,학원,114608,숙지피아노플룻학원,19980424,19980424,개원,        ,99991231,72,11,예능(대),예능(중),"음악,",음악, ,Y,N,경기도 수원시 팔달구 덕영대로697번길 70 ,  4층 (화서동),442870,031-258-8330,20231018
J10,경기도교육청,수원시,학원,40160,순수공감미술학원,20100315,20100310,개원,        ,99991231,159,36,예능(대),예능(중),"미술,",미술, ,Y,N,경기도 수원시 팔달구 권광로 211,", 804호 (인계동, 동수원메디뷰)",16489,070-7534-0529,20231018
J10,경기도교육청,수원시,학원,3000037790,순수아트미술학원,20180820,20180820,개원,        ,99991231,150,30,예능(대),예능(중),,미술, ,Y,N,경기도 수원시 권선구 칠보로 138,", 302호 우측 일부 (호매실동 1362-1)",16401,031-291-7954,20260208
J10,경기도교육청,수원시,학원,3000063698,숨잉글리쉬영어학원,20231212,20231212,개원,        ,        ,200,40,입시.검정 및 보습,보통교과,,보습, ,Y, ,경기도 수원시 권선구 금곡로102번길 29,"302호(금곡동, 센트럴프라자A)",16388,,20250914
J10,경기도교육청,수원시,학원,3000017925,숲속의멜로디음악학원,20130304,20130304,개원,        ,99991231,100,30,예능(대),예능(중),,음악, ,Y,N,경기도 수원시 권선구 곡선로 34,", 3층 일부 (곡반정동)",441400,031-234-6502,20250608
J10,경기도교육청,수원시,학원,3000054555,숲음악학원,20230309,20230309,개원,        ,99991231,45,30,예능(대),예능(중),음악,음악, ,Y,N,경기도 수원시 팔달구 효원로55번길 49,", 4층 일부(405,406호) (매교동), 매교리얼티",16464,,20251207
J10,경기도교육청,수원시,학원,3000020199,쉬르실용음악학원,20131210,20131210,개원,        ,99991231,300,71,예능(대),예능(중),,음악, ,Y,N,경기도 수원시 영통구 도청로89번길 30,", 501호 일부 (이의동)",443270,,20250706
J10,경기도교육청,수원시,학원,21924,슈만과클라라음악학원,20060426,20060426,개원,        ,99991231,75,16,예능(대),예능(중),"음악,",음악, ,Y,N,경기도 수원시 팔달구 수성로182번길 99,  3층 (화서동),442867,031-256-0857,20231018
J10,경기도교육청,수원시,학원,3000071692,스마일수학학원,20240822,20240822,개원,        ,        ,150,25,입시.검정 및 보습,보통교과,보습,보습, ,Y, ,경기도 수원시 장안구 만석로20번길 38,", 4층 일부(정자동)",16330,,20250112
J10,경기도교육청,수원시,학원,3000074048,스마트경매학원,20250414,20250414,개원,        ,        ,180,60,직업기술,,,, ,Y, ,경기도 수원시 권선구 매송고색로672번길 7,", 2층 전체(고색동)",16650,,20250420
J10,경기도교육청,수원시,학원,3000034518,스마트리어학원,20171020,20171020,개원,        ,99991231,234,73,국제화,외국어,,실용외국어(유아/초·중·고), ,Y,N,경기도 수원시 권선구 매곡로 88,", 2층 일부, 3층 일부 (금곡동, 민경빌딩)",16396,,20260405
J10,경기도교육청,수원시,학원,3000077022,스마트해법수학광교센트럴타운점학원,20260106,20260106,개원,        ,        ,0,0,입시.검정 및 보습,,,, ,Y, ,경기도 수원시 영통구 광교중앙로 170,"333호(하동, 효성해링턴타워)",16514,,20260201
J10,경기도교육청,수원시,학원,3000012157,스마트해법수학망포잠원점학원,20110805,20110805,개원,        ,99991231,180,65,입시.검정 및 보습,보통교과,보습,보습, ,Y,N,경기도 수원시 영통구 태장로 62,  신영통동원프라자 201호 (망포동),443400,031-205-1605,20240623
J10,경기도교육청,수원시,학원,3000068758,스마트해법수학삼성영어셀레나학원,20240501,20240501,개원,        ,        ,250,50,입시.검정 및 보습,,,, ,Y,N,경기도 수원시 장안구 장안로 271,"204호, 205호, 209호(정자동, 북수원자이렉스비아 상가1동)",16336,,20260215
J10,경기도교육청,수원시,학원,3000067836,스마트해법수학학원,20240216,20240216,개원,        ,        ,140,20,입시.검정 및 보습,,,, ,Y, ,경기도 수원시 권선구 금곡로140번길 29,", 101호 202호(금곡동, 수원호매실휴먼시아8단지아파트 상가동)",16387,,20240303
J10,경기도교육청,수원시,학원,3000048768,스마트해법수학해법영어학원,20211116,20211116,개원,        ,99991231,105,30,입시.검정 및 보습,보통교과,,보습, ,Y,N,경기도 수원시 영통구 월드컵로87번길 7,", 204호 (원천동, 호반프라자)",16516,,20231018
J10,경기도교육청,수원시,학원,38520,스마트해법영어노블클래스학원,20091023,20091023,개원,        ,99991231,408,36,입시.검정 및 보습,보통교과,"보습,",보습, ,Y,N,경기도 수원시 팔달구 권광로 246, 래미안 노블클래스 상가동 304호 (인계동),442703,031-216-0599,20231018
J10,경기도교육청,수원시,학원,3000031812,스마트해법영어수학학원,20170131,20170131,개원,        ,99991231,80,50,입시.검정 및 보습,보통교과,"보습,",보습, ,Y,N,경기도 수원시 권선구 입북로 41,", 2층전체 (입북동)",16367,null,20260208
J10,경기도교육청,수원시,학원,3000068222,스윗스터디영어학원,20240312,20240312,개원,        ,        ,192,64,입시.검정 및 보습,보통교과,보습,보습, ,Y, ,경기도 수원시 영통구 영통로 115,"4층 404호(망포동, 신영통알파빌딩)",16687,,20260405
J10,경기도교육청,수원시,학원,3000039879,스윗스터디학원,20190308,20190308,개원,        ,99991231,20,58,입시.검정 및 보습,보통교과,보습,보습, ,Y,N,경기도 수원시 영통구 영통로 115,", 501-2호, 502호, 505호(망포동, 신영통 알파빌딩)",16687,,20260405
J10,경기도교육청,수원시,학원,3000073997,스카이(SK²Y)대입센터학원,20250408,20250408,개원,        ,        ,280,70,입시.검정 및 보습,,,, ,Y, ,경기도 수원시 팔달구 매산로116번길 76,", 4층 전체(매교동, 체리브릿지빌딩)",16466,,20251221
J10,경기도교육청,수원시,학원,3000019021,스카이리그과학전문학원,20130723,20130716,개원,        ,99991231,181,45,입시.검정 및 보습,보통교과,,보습, ,Y,N,경기도 수원시 영통구 에듀타운로 25,", 명품프라자 302호 (이의동)",443270,,20251214
J10,경기도교육청,수원시,학원,40957,스카이에듀보습학원,20100414,20100503,개원,        ,99991231,315,45,입시.검정 및 보습,보통교과,보습,보습, ,Y,N,경기도 수원시 권선구 세권로 124,  5층 일부 (세류동),441878,031-892-2544,20260405
J10,경기도교육청,수원시,학원,114478,스카이에듀학원,19971217,19971217,개원,        ,99991231,1530,66,입시.검정 및 보습,보통교과,보습,보습, ,Y,N,경기도 수원시 장안구 대평로 80,", 정연메이져1동 309호전체 (정자동)",440841,031-258-7017,20260308
J10,경기도교육청,수원시,학원,3000072534,스카이영어학원,20241125,20241125,개원,        ,        ,60,20,입시.검정 및 보습,,,, ,Y, ,경기도 수원시 권선구 금곡로102번길 30,", 602호(금곡동, 폴리프라자)",16385,,20241201
J10,경기도교육청,수원시,학원,3000041721,스카이플러스학원,20190905,20190905,개원,        ,99991231,134,42,입시.검정 및 보습,보통교과,,보습, ,Y,N,경기도 수원시 장안구 송원로 1,", 2층 3층 전체(송죽동)",16306,,20251102
J10,경기도교육청,수원시,학원,3000041924,스킨마인더피부미용학원,20190930,20190930,개원,        ,99991231,40,40,직업기술,산업응용기술,,이·미용, ,Y,N,경기도 수원시 팔달구 권광로175번길 41,", 2층 (인계동, 정빌딩)",16490,,20231018
J10,경기도교육청,수원시,학원,3000037770,스타랩로봇코딩학원,20180327,20180327,개원,        ,99991231,142,25,기타(대),,,, ,Y,N,경기도 수원시 장안구 만석로19번길 25-6,", 801호  (천천동, 광장프라자)",16329,031-268-2565,20250601
J10,경기도교육청,수원시,학원,3000020448,스터디매니저학원,20140108,20140108,개원,        ,99991231,200,40,입시.검정 및 보습,보통교과,보습,보습, ,Y,N,경기도 수원시 장안구 율전로101번길 11,", 2층 일부 (율전동)",440825,null,20240602
J10,경기도교육청,수원시,학원,3000074093,스터디블리츠원격학원,20250422,20250422,개원,        ,        ,300,100,입시.검정 및 보습,,,, ,Y, ,경기도 수원시 장안구 서부로 2139,", 5032호 일부(율전동, SK HUB BLUE SKHUB BLUE)",16360,,20250427
J10,경기도교육청,수원시,학원,3000032480,스터디존스카이독서실,20170323,20170323,개원,        ,99991231,176,88,독서실,독서,,독서실(유아/초·중·고), ,Y,N,경기도 수원시 장안구 만석로19번길 41-9,", 801호 (천천동,롯데프라자)",16329,,20231018
J10,경기도교육청,수원시,학원,3000049329,스터디챔버학원,20211224,20211224,개원,        ,99991231,180,60,입시.검정 및 보습,보통교과,,보습, ,Y,N,경기도 수원시 영통구 영통로217번길 6,",  503호 (영통동)",16679,null,20260405
J10,경기도교육청,수원시,학원,3000033601,스터디플래닛권선센터독서실,20170711,20170711,개원,        ,99991231,15,86,독서실,독서,"독서실(유아/초·중·고),",독서실(유아/초·중·고), ,Y,N,경기도 수원시 권선구 동수원로 232,", 3층 221호 일부, 222호 일부 (권선동)",16553,,20231018
J10,경기도교육청,수원시,학원,3000054389,스텔라아트미술학원,20230228,20230228,개원,        ,99991231,60,30,예능(대),예능(중),,미술, ,Y,N,경기도 수원시 팔달구 덕영대로803번길 43,", 203호 (화서동), 디아이포에버",16442,,20260426
J10,경기도교육청,수원시,학원,3000072643,스텔라잉글리쉬학원,20241205,20241205,개원,        ,        ,160,40,입시.검정 및 보습,,,, ,Y,N,경기도 수원시 영통구 광교중앙로 170,", 301호, 302호(하동, 광교 효성해링턴 타워)",16514,,20241215
J10,경기도교육청,수원시,학원,3000044317,스텝영어학원,20200603,20200603,개원,        ,99991231,50,60,입시.검정 및 보습,보통교과,,보습, ,Y,N,경기도 수원시 영통구 청명남로 14,", 4층 전체 (영통동, 서현)",16705,,20231018
J10,경기도교육청,수원시,학원,3000035774,스파티움독서실,20180205,20180205,개원,        ,99991231,400,100,독서실,독서,,독서실(유아/초·중·고), ,Y,N,경기도 수원시 장안구 정자천로173번길 17,", 투대일타운 505~508호 (정자동)",16334,,20260405
J10,경기도교육청,수원시,학원,3000042228,스픽키즈어학원,20191104,20191104,개원,        ,99991231,48,40,국제화,외국어,"실용외국어(유아/초·중·고),외국어",실용외국어(유아/초·중·고), ,Y,N,경기도 수원시 권선구 금곡로196번길 61,", 301호, 302호 (금곡동)",16393,031-2921-155,20250622
J10,경기도교육청,수원시,학원,3000074160,슬찬원격학원,20250429,20250429,개원,        ,        ,200,50,입시.검정 및 보습,보통교과,보습,보습, ,Y,N,경기도 수원시 영통구 웰빙타운로 19,", 1103호(이의동,광교 한양 수자인 8201동)",16224,,20260405
J10,경기도교육청,수원시,학원,3000046139,승지수학학원,20210217,20210217,개원,        ,99991231,15,25,입시.검정 및 보습,보통교과,,보습, ,Y,N,경기도 수원시 영통구 태장로82번길 32,", 엘지1차아파트 제상가동 312호~315호 (망포동, 동수원자이1차)",16687,,20250622
J10,경기도교육청,수원시,학원,3000063745,시그니처임용연구소원격학원,20231215,20231215,개원,        ,        ,500,50,인문사회(대),,,, ,Y, ,경기도 수원시 영통구 대학4로 17,", 205호 일부(A47호)(이의동)",16226,,20250316
J10,경기도교육청,수원시,학원,3000073991,시대원광교(광교대찬)학원,20250408,20250408,개원,        ,        ,570,190,입시.검정 및 보습,,,, ,Y,N,경기도 수원시 영통구 도청로89번길 43,", 401호 일부, 402호, 403호(이의동)",16509,031-2119-907,20250622
J10,경기도교육청,수원시,학원,3000047807,시대원수원외국어전문학원,20210809,20210809,개원,        ,99991231,48,80,종합(대),,"보습,입시",, ,Y,N,경기도 수원시 영통구 에듀타운로 102,"B동 520~527호 (이의동, 광교중앙역 SK VIEW)",16509,,20260301
J10,경기도교육청,수원시,학원,40027,시대원영통(영통대찬)학원,20100302,20100302,개원,        ,99991231,740,130,입시.검정 및 보습,보통교과,,보습, ,Y,N,경기도 수원시 영통구 청명남로 21,", 602호 603호 610호일부 (영통동, 아셈프라자)",16704,031-204-0429,20251012
J10,경기도교육청,수원시,학원,3000077271,시대원화성전문학원,20260126,20260126,개원,        ,        ,135,45,입시.검정 및 보습,,,, ,Y, ,경기도 수원시 영통구 청명남로 21,", 306호(영통동, 아셈프라자)",16704,,20260201
J10,경기도교육청,수원시,학원,42561,시드니영어학원,20101015,20100929,개원,        ,99991231,129,30,입시.검정 및 보습,보통교과,,보습, ,Y,N,경기도 수원시 영통구 동수원로 316 ,"205호 (매탄동, 임광아파트) ",443714,031-235-2764,20250302
J10,경기도교육청,수원시,학원,3000026326,시매쓰광교학원,20150610,20150610,개원,        ,99991231,24,10,기타(대),기타(중),"기타(소),",기타(소), ,Y,N,경기도 수원시 영통구 센트럴타운로 94,", 401호 (이의동)",443270,null,20231217
J10,경기도교육청,수원시,학원,3000045292,시매쓰망포센터학원,20201023,20201023,개원,        ,99991231,26,45,기타(대),기타(중),기타(소),기타(소), ,Y,N,경기도 수원시 영통구 태장로7번길 49,", 202호, 203호 (망포동, 영통플래티넘베이스씨)",16685,null,20241215
J10,경기도교육청,수원시,학원,3000053756,시매쓰팔달센터학원,20230110,20230110,개원,        ,99991231,70,68,입시.검정 및 보습,보통교과,"보습,",보습, ,Y,N,경기도 수원시 팔달구 수원천로210번길 19,", 804-807호 (인계동), 센트럴프라자",16470,,20231018
J10,경기도교육청,수원시,학원,3000017717,시메트리수학과학전문학원,20130214,20130214,개원,        ,99991231,190,24,입시.검정 및 보습,보통교과,"보습,",보습, ,Y,N,경기도 수원시 영통구 에듀타운로 84,", 501호 (이의동, 세븐스퀘어)",16509,,20231018
J10,경기도교육청,수원시,학원,38521,시사시스템학원,20091023,20091023,개원,        ,99991231,62,62,입시.검정 및 보습,보통교과,"보습,",보습, ,Y,N,경기도 수원시 장안구 정자로41번길 12, 비단마을 신명아파트 상가동 304호 305 306호 (천천동),440732,031-271-4073,20231018
J10,경기도교육청,수원시,학원,26899,시사어학원,20070522,20070522,개원,        ,99991231,215,216,국제화,국제,"어학(성인),",어학(성인), ,Y,N,경기도 수원시 팔달구 매산로 32,", 2층,3층 전체 (매산로2가,화로구이)",442853,031-224-1582,20231018
J10,경기도교육청,수원시,학원,3000033589,시사테스트메이트어학원,20170707,20170707,개원,        ,99991231,40,135,국제화,국제,,어학(성인), ,Y,N,경기도 수원시 팔달구 갓매산로 38,", 6층 일부 (매산로2가)",16460,031-258-1282,20231018
J10,경기도교육청,수원시,학원,16813,시스템관리형독서실,20050601,20050601,개원,        ,99991231,50,50,독서실,보통교과,,보습, ,Y,N,경기도 수원시 영통구 청명남로 8,", 5층(영통동)",16705,031-206-1433,20260308
J10,경기도교육청,수원시,학원,3000051138,시스템수학과학학원,20220520,20220520,개원,        ,99991231,45,50,입시.검정 및 보습,보통교과,,보습, ,Y,N,경기도 수원시 영통구 광교호수공원로 20,", 근린생활시설동-2동, 149호(101동) (원천동, 더샵 광교레이크시티)",16515,,20231018
J10,경기도교육청,수원시,학원,39298,시스템학원,20091231,20091231,개원,        ,99991231,25,67,입시.검정 및 보습,보통교과,"보습,",보습, ,Y,N,경기도 수원시 팔달구 중부대로143번길 17,  4층전체 (우만동),442819,,20231018
J10,경기도교육청,수원시,학원,3000072831,시온뮤직드럼학원,20241220,20241220,개원,        ,        ,100,20,예능(대),예능(중),음악,음악, ,Y,N,경기도 수원시 영통구 매봉로 6-1,", 5층 전체(매탄동)",16527,,20251102
J10,경기도교육청,수원시,학원,3000043683,시온음악학원,20200309,20200309,개원,        ,99991231,100,21,예능(대),예능(중),,음악, ,Y,N,경기도 수원시 장안구 대평로90번길 8,", 3층 303호 (정자동, 한빛프라자)",16334,031-268-8848,20250309
J10,경기도교육청,수원시,학원,3000034915,시작과완성수학학원,20171127,20171127,개원,        ,99991231,128,10,입시.검정 및 보습,보통교과,,보습, ,Y,N,경기도 수원시 영통구 에듀타운로 23,",  302호(이의동, 광교프라자) (이의동)",16509,,20260201
J10,경기도교육청,수원시,학원,42330,시퀀트영수전문학원,20100913,20100906,개원,        ,99991231,147,38,입시.검정 및 보습,보통교과,보습,보습, ,Y,N,경기도 수원시 권선구 금곡로102번길 20,", 405호 (금곡동)",16385,031-242-0202,20241215
J10,경기도교육청,수원시,학원,3000019252,시퀀트영수학원,20130822,20130822,개원,        ,99991231,150,60,입시.검정 및 보습,보통교과,보습,보습, ,Y,N,경기도 수원시 권선구 금곡로102번길 20,", 5층 504호 (금곡동)",16385,031-293-2828,20241215
J10,경기도교육청,수원시,학원,3000075659,시타델잉글리쉬학원,20250818,20250818,개원,        ,        ,90,15,입시.검정 및 보습,,,, ,Y, ,경기도 수원시 권선구 서수원로 161-11,", 201호(오목천동, 영조아름다운나날1단지 상가동)",16636,,20250831
J10,경기도교육청,수원시,학원,3000031046,신남기타학원,20161207,20161207,개원,        ,99991231,30,15,예능(대),예능(중),,음악, ,Y,N,경기도 수원시 팔달구 권광로180번길 21,", 3층 전부 (인계동)",16488,,20231018
J10,경기도교육청,수원시,학원,15024,신삼환도미넌트음악학원,20050218,20050218,개원,        ,99991231,45,16,예능(대),예능(중),"음악,",음악, ,Y,N,경기도 수원시 권선구 수성로 47,", 4층 5호 일부 (구운동, 삼환아파트)",16415,031-294-1500,20231018
J10,경기도교육청,수원시,학원,24846,신세기학원,20061220,20061220,개원,        ,99991231,95,78,입시.검정 및 보습,보통교과,"보습,",보습, ,Y,N,경기도 수원시 팔달구 권선로 477 , 2층 (매산로 2가),442783,031-221-0029,20240421
J10,경기도교육청,수원시,학원,3000018583,신앤김영수전문학원,20130514,20130514,개원,        ,99991231,100,42,입시.검정 및 보습,보통교과,"보습,",보습, ,Y,N,경기도 수원시 권선구 권광로 66,", 201호 (권선동1066-3)",441824,,20260301
J10,경기도교육청,수원시,학원,3000040542,신연세명문학원,20190509,20190509,개원,        ,99991231,835,45,입시.검정 및 보습,보통교과,보습,보습, ,Y,N,경기도 수원시 장안구 금당로 42,", 2층 202호 (조원동, 그린프라자)",16282,,20260208
J10,경기도교육청,수원시,학원,115615,신영통드림컴퓨터학원,20011224,20011224,개원,20011224,99991231,60,30,기타(대),기타(중),"컴퓨터(소),",컴퓨터(소), ,Y,N,경기도 수원시 영통구 태장로54번길 66,", 2층 일부 (망포동)",443400,031-273-3573,20231018
J10,경기도교육청,수원시,학원,21690,신일클라라음악학원,20060407,20060407,개원,        ,99991231,90,15,예능(대),예능(중),"음악,",음악, ,Y,N,경기도 수원시 장안구 화산로 263,"307호, 308호(율전동,신일아파트상가동)",16359,031-297-6131,20240303
J10,경기도교육청,수원시,학원,3000036144,신창화영어원격학원,20180308,20180308,개원,        ,99991231,200,600,종합(대),,"보습,실용외국어(유아/초·중·고),",, ,Y,N,경기도 수원시 장안구 조원로112번길 2,", 3층 큐브 4호 (조원동)",16282,,20231018
J10,경기도교육청,수원시,학원,40419,신창화영어전문학원,20100329,20100330,개원,20110718,20110724,360,50,입시.검정 및 보습,보통교과,,보습, ,Y,N,경기도 수원시 장안구 대평로39번길 8,  대동아파트 상가 2층 전체 (정자동),440721,031-257-9150,20260222
J10,경기도교육청,수원시,학원,3000041589,실력상승학원,20190826,20190826,개원,        ,99991231,180,25,입시.검정 및 보습,보통교과,보습,보습, ,Y,N,경기도 수원시 영통구 매영로 58,", 2층 전체 (매탄동, 홍식빌딩)",16540,031-278-2777,20260426
J10,경기도교육청,수원시,학원,3000035286,심앤강음악학원,20171227,20171227,개원,        ,99991231,100,40,예능(대),예능(중),,음악, ,Y,N,경기도 수원시 권선구 서수원로577번길 341,", B108호, B109호 (금곡동, 수원모아미래도센트럴타운1단지)",16380,,20231018
J10,경기도교육청,수원시,학원,3000035946,십칠층의기적영어학원,20180221,20180221,개원,        ,99991231,300,112,입시.검정 및 보습,보통교과,"보습,",보습, ,Y,N,경기도 수원시 영통구 봉영로 1612,", 505호 (영통동, 보보스프라자)",16704,,20231018
J10,경기도교육청,수원시,학원,3000029618,싹수학학원,20160718,20160718,개원,        ,99991231,202,80,입시.검정 및 보습,보통교과,보습,보습, ,Y,N,경기도 수원시 팔달구 권광로276번길 4,", 2층 일부 및 3층 일부 (인계동)",16534,,20260208
J10,경기도교육청,수원시,학원,3000045587,싹영어학원,20201204,20201204,개원,        ,99991231,112,0,국제화,외국어,,실용외국어(유아/초·중·고), ,Y,N,경기도 수원시 영통구 권광로260번길 36,", 303호 (매탄동, 현대힐스테이트아파트 상가1)",16532,,20260308
J10,경기도교육청,수원시,학원,3000023218,쌤종합학원,20141104,20141104,개원,        ,99991231,1100,200,종합(대),,"보습,미술,",, ,Y,N,경기도 수원시 권선구 세권로304번길 52,", 601호~602호 (권선동, 권선프라자)",441885,,20231018
J10,경기도교육청,수원시,학원,3000025970,쎈수학러닝센터에듀타운학원,20150804,20150804,개원,        ,99991231,48,20,입시.검정 및 보습,보통교과,,보습, ,Y,N,경기도 수원시 영통구 에듀타운로 25,", 202호 (이의동)",443270,,20231018
J10,경기도교육청,수원시,학원,3000018581,쏘울피아노학원,20130513,20130513,개원,        ,99991231,141,20,예능(대),예능(중),"음악,",음악, ,Y,N,경기도 수원시 권선구 세권로195번길 20-23,", 1층 일부 (권선동1047-5)",441824,031-233-4404,20231018
J10,경기도교육청,수원시,학원,3000047187,씨드에듀어학원,20210607,20210607,개원,        ,99991231,240,0,국제화,외국어,실용외국어(유아/초·중·고),실용외국어(유아/초·중·고), ,Y,N,경기도 수원시 영통구 청명로 84,", 101호 (영통동)",16709,031-203-2046,20251214
J10,경기도교육청,수원시,학원,3000027203,씨비아이에스케이어학원,20151210,20151210,개원,        ,99991231,429,150,국제화,외국어,외국어,외국어, ,Y,N,경기도 수원시 영통구 웰빙타운로49번길 10,", 201,202,204,301,302,304호 (이의동)",16224,031-214-2500,20260308
J10,경기도교육청,수원시,학원,3000027183,씨앤씨직업상담학원,20151208,20151208,개원,        ,99991231,1612,52,직업기술,산업서비스,"직업상담,",직업상담, ,Y,N,경기도 수원시 팔달구 인계로94번길 39-9,", 101호 (인계동)",16489,031-226-1280,20231018
J10,경기도교육청,수원시,학원,15001,씨앤에이논술광교학원,20050217,20050217,개원,        ,99991231,30,42,입시.검정 및 보습,보통교과,"보습·논술,",보습·논술, ,Y,N,경기도 수원시 영통구 에듀타운로 17,", 2층 205호(국제프라자) (이의동)",443270,031-202-0902,20250720
J10,경기도교육청,수원시,학원,3000045717,씨앤케이수학학원,20201223,20201223,개원,        ,99991231,160,40,입시.검정 및 보습,보통교과,보습,보습, ,Y,N,경기도 수원시 영통구 망포로 142,303호(망포동),16685,,20250420
J10,경기도교육청,수원시,학원,3000040969,씨앤케이영어전문학원,20190621,20190621,개원,        ,99991231,15,30,입시.검정 및 보습,보통교과,"보습,",보습, ,Y,N,경기도 수원시 영통구 봉영로 1569,", 609호 (영통동, NEW WORLD PLAZA)",16703,,20231018
J10,경기도교육청,수원시,학원,3000072301,씨앤피수학학원,20241101,20241101,개원,        ,        ,180,60,입시.검정 및 보습,보통교과,보습,보습, ,Y,N,경기도 수원시 영통구 에듀타운로 102,", 516호~519호(이의동, 광교중앙역 SK VIEW B동)",16509,,20260405
J10,경기도교육청,수원시,학원,3000048179,씨엔에스영수학원,20210915,20210915,개원,        ,99991231,120,40,입시.검정 및 보습,보통교과,,보습, ,Y,N,경기도 수원시 장안구 만석로19번길 11-7,", 6층 603호(천천동, 대일프라자)",16329,,20250330
J10,경기도교육청,수원시,학원,3000069334,씨엘에스(CLS)영어수학학원,20240701,20240701,개원,        ,        ,200,40,입시.검정 및 보습,보통교과,보습,보습, ,Y, ,경기도 수원시 권선구 금곡로 112,", 406호(금곡동, 이수프라자)",16388,,20240929
J10,경기도교육청,수원시,학원,3000023452,씨엠수학전문학원,20141121,20141121,개원,        ,99991231,731,67,입시.검정 및 보습,,"보습,보통교과,입시,",, ,Y,N,경기도 수원시 장안구 정자천로 179,", 408호, 409호 일부 (정자동)",16334,,20231018
J10,경기도교육청,수원시,학원,3000039821,씨엠에스수원장안영재학원,20190306,20190306,개원,        ,99991231,12,92,기타(대),기타(중),기타(소),기타(소), ,Y,N,경기도 수원시 장안구 대평로 74,", 7층 701호 (정자동, 금강프라자)",16334,031-271-1788,20251012
J10,경기도교육청,수원시,학원,3000013096,씨엠에스학원,20111108,20111108,개원,        ,99991231,40,64,기타(대),기타(중),"기타(소),",기타(소), ,Y,N,경기도 수원시 영통구 봉영로 1612,", 507호, 521호 (영통동 996-4, 보보스프라자)",16704,031-203-3400,20231030
J10,경기도교육청,수원시,학원,3000064198,씨엠에이(CMA)학원,20240116,20240116,개원,        ,        ,114,38,입시.검정 및 보습,보통교과,보습,보습, ,Y, ,경기도 수원시 팔달구 중부대로143번길 29,", 7층 전체(우만동, 우암빌딩)",16240,010-2340-1540,20250302
J10,경기도교육청,수원시,학원,3000077147,씨피에스(CPS)정독문해력프레임국어학원,20260115,20260115,개원,        ,        ,0,0,입시.검정 및 보습,,,, ,Y, ,경기도 수원시 영통구 도청로89번길 23,303호(이의동),16509,,20260201
J10,경기도교육청,수원시,학원,3000046228,아누보발레학원,20210226,20210226,개원,        ,99991231,75,15,예능(대),예능(중),,무용, ,Y,N,경기도 수원시 영통구 법조로 25,", A동 509호 510호 (하동, 광교 SK VIEW Lake)",16514,010-6466-1253,20260308
J10,경기도교육청,수원시,학원,3000022954,아담리즈수학광교센터학원,20141007,20141007,개원,        ,99991231,192,36,기타(대),기타(중),,기타(소), ,Y,N,경기도 수원시 영통구 에듀타운로106번길 16,", 403호일부, 404호 (이의동 1348-2, 광교하이니티)",443270,031-202-4178,20240421
J10,경기도교육청,수원시,학원,3000042229,아담리즈수학수원권선센터학원,20191105,20191105,개원,        ,99991231,48,28,기타(대),기타(중),,기타(소), ,Y,N,경기도 수원시 권선구 동수원로177번길 90,", 1층 121,122,123,146호 (권선동)",16663,031-302-5735,20260222
J10,경기도교육청,수원시,학원,3000017719,아담리즈수학수원장안점학원,20130218,20130218,개원,        ,99991231,320,24,기타(대),기타(중),"기타(소),",기타(소), ,Y,N,경기도 수원시 장안구 만석로19번길 25-5,", 501호 (천천동527-4,센타프라자)",440330,031-248-6775,20231018
J10,경기도교육청,수원시,학원,3000016518,아담리즈수학학원,20121009,20121009,개원,        ,99991231,128,22,기타(대),기타(중),,기타(소), ,Y,N,경기도 수원시 영통구 봉영로 1605,", 507호 (영통동,모던타운)",443810,031-206-1160,20241103
J10,경기도교육청,수원시,학원,3000047183,아델음악학원,20210604,20210604,개원,        ,99991231,30,17,예능(대),예능(중),,음악, ,Y,N,경기도 수원시 영통구 에듀타운로 102,"B동 416호, 417호 (이의동, 광교중앙역 SK VIEW)",16509,010-3899-3991,20231018
J10,경기도교육청,수원시,학원,3000043807,아뜰리에쏘미술학원,20200317,20200317,개원,        ,99991231,15,15,예능(대),예능(중),,미술, ,Y,N,경기도 수원시 팔달구 권광로367번길 27,", 2층 201호 (우만동)",16494,,20231018
J10,경기도교육청,수원시,학원,3000049090,아뜰리에음악학원,20211209,20211209,개원,        ,99991231,48,12,예능(대),예능(중),음악,음악, ,Y,N,경기도 수원시 장안구 대평로 27,", 311~312호 (정자동, 화서역 파크푸르지오)",16318,null,20250406
J10,경기도교육청,수원시,학원,3000074949,아띠룸미술학원,20250724,20250724,개원,        ,        ,60,20,예능(대),,,, ,Y,N,경기도 수원시 영통구 센트럴타운로 92,", 301호(이의동, 대림프라자)",16505,,20250727
J10,경기도교육청,수원시,학원,3000059636,아띠클랑음악학원,20230801,20230801,개원,        ,        ,1200,20,예능(대),예능(중),음악,음악, ,Y,N,경기도 수원시 팔달구 수원천로210번길 19,"603호, 604호(인계동, 센트럴프라자)",16470,031-204-5517,20250302
J10,경기도교육청,수원시,학원,3000023327,아르단테음악학원,20141112,20141112,개원,        ,99991231,22,50,예능(대),예능(중),,음악, ,Y,N,경기도 수원시 권선구 서부로 1534,", 304호 (고색동, 대한아파트 상가동)",441727,031-292-0743,20231018
J10,경기도교육청,수원시,학원,3000018497,아르떼음악학원,20130510,20130510,개원,        ,99991231,270,25,예능(대),예능(중),음악,음악, ,Y,N,경기도 수원시 영통구 에듀타운로 17,", 405호 (이의동1369-2, 국제프라자)",443270,031-217-9880,20250406
J10,경기도교육청,수원시,학원,3000043864,아르케어학원,20200324,20200323,개원,        ,99991231,90,30,국제화,외국어,,실용외국어(유아/초·중·고), ,Y,N,경기도 수원시 영통구 광교중앙로 170,"A동 2104호~2107호(하동, 광교 효성해링턴 타워)",16514,,20240128
J10,경기도교육청,수원시,학원,24436,아름다운수학학원,20061113,20061113,개원,        ,99991231,180,90,입시.검정 및 보습,보통교과,,보습, ,Y,N,경기도 수원시 장안구 경수대로 940,", 604호, 618호 (조원동, 일호골든타워1)",16295,031-248-5525,20251214
J10,경기도교육청,수원시,학원,3000029992,아름드리음악학원,20160823,20160823,개원,        ,99991231,355,50,예능(대),예능(중),음악,음악, ,Y,N,경기도 수원시 권선구 호매실로104번길 90,", 402호 (호매실동)",16630,031-2922-893,20260222
J10,경기도교육청,수원시,학원,3000039201,아마빌레음악학원,20190108,20190108,개원,        ,99991231,245,50,예능(대),예능(중),음악,음악, ,Y,N,경기도 수원시 장안구 만석로20번길 28,", 301호 (정자동, 청솔마을 한라 아파트 상가동)",16330,,20250316
J10,경기도교육청,수원시,학원,30967,아발론랭콘수원영통어학원,20080522,20080522,개원,        ,99991231,4290,190,국제화,외국어,,외국어, ,Y,N,경기도 수원시 영통구 봉영로 1605,", 501호502호503호 (영통동)",16703,031-203-0026,20251019
J10,경기도교육청,수원시,학원,37317,아발론랭콘수원장안어학원,20090827,20090827,개원,        ,99991231,1356,152,국제화,외국어,,실용외국어(유아/초·중·고), ,Y,N,경기도 수원시 장안구 대평로90번길 12-9,", 5층 전체 (정자동)",16334,031-278-0606,20251012
J10,경기도교육청,수원시,학원,3000081598,아벨어학원,20260402,20260402,개원,        ,        ,120,40,입시.검정 및 보습,,,, ,Y, ,경기도 수원시 영통구 영통로217번길 6,", 304호, 305호(영통동, 망포역 센타프라자)",16679,,20260405
J10,경기도교육청,수원시,학원,3000067715,아소비책통클럽에스(S)학원,20240202,20240202,개원,        ,        ,160,40,입시.검정 및 보습,보통교과,보통교과,보통교과, ,Y, ,경기도 수원시 팔달구 권광로 363,", 104호, 402호(우만동, 월드프라자)",16494,010-4050-4282,20251019
J10,경기도교육청,수원시,학원,3000074319,아소비큐미르수원망포학원,20250516,20250516,개원,        ,        ,120,40,입시.검정 및 보습,보통교과,보습,보습, ,Y, ,경기도 수원시 영통구 태장로 62,", 501호(망포동, 신영통동원프라자)",16687,,20250525
J10,경기도교육청,수원시,학원,3000075866,아소비큐미르신당수학원,20250905,20250905,개원,        ,        ,200,40,입시.검정 및 보습,보통교과,보습,보습, ,Y, ,경기도 수원시 권선구 당수로 112,", 705호, 706호(당수동, 눈담봄112)",16373,,20260215
J10,경기도교육청,수원시,학원,31631,아소비큐미르제우스학원,20080717,20080717,개원,        ,99991231,100,45,입시.검정 및 보습,보통교과,보습,보습, ,Y,N,경기도 수원시 영통구 중부대로448번길 100,  원천주공 3층 303호 (원천동),443380,031-212-1105,20250914
J10,경기도교육청,수원시,학원,3000076879,아소비탑에듀학원,20251223,20251223,개원,        ,        ,330,55,입시.검정 및 보습,보통교과,보습,보습, ,Y, ,경기도 수원시 장안구 장안로 296,", 2층 전체(정자동, 길영빌딩)",16337,,20260201
J10,경기도교육청,수원시,학원,3000073686,아소비홈런학원,20250312,20250312,개원,        ,        ,0,0,입시.검정 및 보습,,,, ,Y, ,경기도 수원시 영통구 동탄원천로881번길 58,", 404호(매탄동, 아이쌤프라자)",16548,,20250316
J10,경기도교육청,수원시,학원,3000050912,아이나피아노바이올린학원,20220425,20220425,개원,        ,99991231,406,13,예능(대),예능(중),,음악, ,Y,N,경기도 수원시 영통구 웰빙타운로49번길 28,", 301호 (이의동)",16224,,20241201
J10,경기도교육청,수원시,학원,25497,아이노스음악학원,20070123,20070123,개원,        ,99991231,91,8,예능(대),예능(중),음악,음악, ,Y,N,경기도 수원시 팔달구 세지로 298-1,  3층 (지동),442836,031-258-0014,20260201
J10,경기도교육청,수원시,학원,3000036135,아이들이좋아하는영어학원,20180307,20180307,개원,        ,99991231,87,40,입시.검정 및 보습,보통교과,"보습,",보습, ,Y,N,경기도 수원시 장안구 정자천로173번길 17,", 801호 일부 (정자동, 투대일타운)",16334,,20231018
J10,경기도교육청,수원시,학원,3000072576,아이러브피아노학원,20241128,20241128,개원,        ,        ,150,30,예능(대),,,, ,Y, ,경기도 수원시 권선구 칠보로 136,", 3층 일부(호매실동)",16401,,20260201
J10,경기도교육청,수원시,학원,3674,아이리드영어독서전문어학원,20030811,20030811,개원,        ,99991231,240,160,국제화,외국어,실용외국어(유아/초·중·고),실용외국어(유아/초·중·고), ,Y,N,경기도 수원시 장안구 대평로 80,", 709호 (정자동, 정연메이져1동)",440841,031-269-0369,20231210
J10,경기도교육청,수원시,학원,3000077811,아이마음아트미술학원,20260316,20260316,개원,        ,        ,0,0,예능(대),예능(중),미술,미술, ,Y, ,경기도 수원시 영통구 광교호수공원로 277,",2F-019호(원천동,광교중흥에스클래스 판매시설)",16517,,20260412
J10,경기도교육청,수원시,학원,3000028595,아이백스학원,20160405,20160405,개원,        ,99991231,334,60,입시.검정 및 보습,보통교과,보습,보습, ,Y,N,경기도 수원시 장안구 장안로217번길 14,", 202호 (정자동)",16339,,20250427
J10,경기도교육청,수원시,학원,22350,아이붐학원,20060529,20060529,개원,        ,99991231,360,100,종합(대),,"기타(소),실용외국어(유아/초·중·고)",, ,Y,N,경기도 수원시 영통구 권선로882번길 31-43,", 1~3층 (신동)",16683,031-204-2700,20260308
J10,경기도교육청,수원시,학원,3000037187,아이비알뷰티미용학원,20180614,20180614,개원,        ,99991231,1584,134,종합(대),,"이·미용,",, ,Y,N,경기도 수원시 팔달구 덕영대로 923-10,", 413~423호 (매산로1가, 비젼포에버)",16461,,20251130
J10,경기도교육청,수원시,학원,3000044086,아이비알뷰티학원,20200422,20200422,개원,        ,99991231,95,0,기타(대),기타(중),,이·미용, ,Y,N,경기도 수원시 팔달구 매산로 11,", 5층 501호 (매산로1가, MG서수원빌딩)",16455,031-306-3214,20250302
J10,경기도교육청,수원시,학원,19945,아이비전이스턴영어어학원,20051216,20051216,개원,        ,99991231,64,40,국제화,외국어,"실용외국어(유아/초·중·고),",실용외국어(유아/초·중·고), ,Y,N,경기도 수원시 장안구 정자천로188번길 49,", 2층 5층 (정자동)",440831,031-243-1605,20250629
J10,경기도교육청,수원시,학원,3000053920,아이비학원,20230125,20230125,개원,        ,99991231,120,23,입시.검정 및 보습,보통교과,,보습, ,Y,N,경기도 수원시 권선구 곡반정로 160,", 513호 (곡반정동, 라퍼스트)",16668,,20231018
J10,경기도교육청,수원시,학원,3000057709,아이빛음악학원,20230710,20230711,개원,        ,        ,120,20,예능(대),,,, ,Y,N,경기도 수원시 팔달구 팔달로 63,", 208호, 209호(고등동, 리더스프라자)",16452,,20250601
J10,경기도교육청,수원시,학원,1562,아이샘음악학원,20020715,20020715,개원,        ,99991231,140,9,예능(대),예능(중),음악,음악, ,Y,N,경기도 수원시 영통구 동탄원천로881번길 58,  아이셈프라자 4층 401호 (매탄동),443848,031-217-2129,20260426
J10,경기도교육청,수원시,학원,43232,아이스타실용음악학원,20101206,20101122,개원,        ,99991231,99,24,예능(대),예능(중),"음악,",음악, ,Y,N,경기도 수원시 팔달구 갓매산로 31,  외 6필지 3층 일부 (매산로2가),442853,031-255-9353,20231018
J10,경기도교육청,수원시,학원,3528,아이아트영통미술학원,20021010,20021010,개원,        ,99991231,50,50,예능(대),예능(중),"미술,",미술, ,Y,N,경기도 수원시 영통구 청명로 73-1 (), ,443470,031-273-7707,20250831
J10,경기도교육청,수원시,학원,3000050510,아이앤아이미술학원,20220322,20220322,개원,        ,99991231,70,26,예능(대),예능(중),,미술, ,Y,N,경기도 수원시 영통구 영통로153번길 36-4,", 2층 전체 (망포동)",16689,,20250209
J10,경기도교육청,수원시,학원,3000034276,아이엘에스삼관학원,20170921,20170921,개원,        ,99991231,482,95,입시.검정 및 보습,보통교과,"보습,",보습, ,Y,N,경기도 수원시 권선구 탑동로 61,", 2층전체 (탑동)",16603,031-295-7057,20231018
J10,경기도교육청,수원시,학원,42845,아이엘에스학원,20101020,20101020,개원,        ,99991231,770,83,입시.검정 및 보습,보통교과,보습,보습, ,Y,N,경기도 수원시 권선구 탑동로 63,", 2층 (탑동)",16603,031-295-7057,20250427
J10,경기도교육청,수원시,학원,3000026393,아이엠영어학원,20150923,20150923,개원,        ,99991231,150,55,입시.검정 및 보습,보통교과,보습,보습, ,Y,N,경기도 수원시 영통구 청명남로 21,", 502-A호 (영통동, 아셈프라자)",16704,031-206-6329,20260201
J10,경기도교육청,수원시,학원,3000053520,아이온미술학원,20221222,20221222,개원,        ,99991231,100,20,예능(대),예능(중),미술,미술, ,Y,N,경기도 수원시 장안구 정자천로188번길 73,", 3층 전체 (정자동)",16315,null,20241201
J10,경기도교육청,수원시,학원,3000032050,아이원수학영통학원,20170221,20170221,개원,        ,99991231,422,64,입시.검정 및 보습,보통교과,,보습, ,Y,N,경기도 수원시 영통구 봉영로 1767,", 603호, 604호 (영통동)",16712,,20260201
J10,경기도교육청,수원시,학원,3000040932,아이작로봇영재과학학원,20190617,20190617,개원,        ,99991231,5,28,기타(대),기타(중),"로봇,",로봇, ,Y,N,경기도 수원시 권선구 금곡로118번길 24,", 308호 (금곡동, 리치빌딩)",16388,,20231018
J10,경기도교육청,수원시,학원,3000050261,아이콘영어학원,20220302,20220302,개원,        ,99991231,124,22,입시.검정 및 보습,보통교과,"보습,",보습, ,Y,N,경기도 수원시 영통구 덕영대로 1478,", 415호 (망포동, 망포역 포레 스퀘어 주건축물제1동)",16684,,20231018
J10,경기도교육청,수원시,학원,3000069432,아이티씨(ITC)영어수원장안센터영어학원,20240708,20240708,개원,        ,        ,96,16,입시.검정 및 보습,,,, ,Y, ,경기도 수원시 장안구 수성로258번길 83,",1층 (영화동)",16274,,20240804
J10,경기도교육청,수원시,학원,3000055582,아이픽수학학원,20230615,20230615,개원,        ,99991231,0,0,입시.검정 및 보습,보통교과,,보습, ,Y,N,경기도 수원시 권선구 금곡로102번길 29,", 402호 (금곡동, 센트럴프라자A)",16388,,20231018
J10,경기도교육청,수원시,학원,3000044771,아이힐음악학원,20200810,20200810,개원,        ,99991231,97,15,예능(대),예능(중),,음악, ,Y,N,경기도 수원시 영통구 망포로 136,", 303호 (망포동, 영통 플래티넘베이스 에이)",16685,031-203-0257,20251109
J10,경기도교육청,수원시,학원,3000015839,아작고등영어학원,20120717,20120717,개원,        ,99991231,80,0,입시.검정 및 보습,보통교과,,입시, ,Y,N,경기도 수원시 영통구 효원로 393,", 801호 일부 (매탄동, 밀래니엄프라자)",16545,031-216-8209,20231030
J10,경기도교육청,수원시,학원,4124,아주위너스학원,20031030,20031030,개원,        ,99991231,48,48,입시.검정 및 보습,보통교과,"보습,",보습, ,Y,N,경기도 수원시 팔달구 팔달문로163번길 46,  2층 (우만동),442819,031-254-3309,20231018
J10,경기도교육청,수원시,학원,3000012886,아주특별한음악학원,20111025,20111025,개원,        ,99991231,15,10,예능(대),예능(중),"음악,",음악, ,Y,N,경기도 수원시 권선구 권광로 55,", B203 (권선동, 권선자이 이편한세상 상가2)",441822,031-236-4884,20231030
J10,경기도교육청,수원시,학원,3000033587,아지랑이미술학원,20170710,20170710,개원,        ,99991231,62,40,예능(대),예능(중),"미술,",미술, ,Y,N,경기도 수원시 권선구 금곡로212번길 14,", 604호 일부(금곡동, 거성빌딩)",16393,,20250907
J10,경기도교육청,수원시,학원,3000067708,아지트드럼스튜디오학원,20240201,20240201,개원,        ,        ,108,18,예능(대),,,, ,Y, ,경기도 수원시 영통구 태장로7번길 38,"301호(망포동,망포쌍용에듀파크 상가동1)",16685,,20250316
J10,경기도교육청,수원시,학원,3000075607,아지트뮤직스튜디오학원,20250811,20250811,개원,        ,        ,90,30,예능(대),,,, ,Y, ,경기도 수원시 영통구 태장로54번길 56,", 2층(망포동, A동)",16686,,20250831
J10,경기도교육청,수원시,학원,3000049023,아카데미오스카2관학원,20211202,20211202,개원,        ,99991231,180,30,입시.검정 및 보습,보통교과,,보습, ,Y,N,경기도 수원시 장안구 대평로 27,", 204호 (정자동, 화서역 파크푸르지오 201동)",16318,031-546-0579,20250202
J10,경기도교육청,수원시,학원,3000068953,아카데미창논술전과목학원,20240523,20240524,개원,        ,        ,200,40,입시.검정 및 보습,보통교과,"보습,보습·논술",보습, ,Y, ,경기도 수원시 권선구 입북로 47,", 3층 일부(입북동)",16367,,20250622
J10,경기도교육청,수원시,학원,43180,아키온미술학원,20101118,20101118,개원,        ,99991231,30,30,예능(대),예능(중),"미술,",미술, ,Y,N,경기도 수원시 영통구 덕영대로 1689,", 4층 (영통동 1024-1)",16702,031-203-2141,20231018
J10,경기도교육청,수원시,학원,3000073275,아테나프렙어학원,20250203,20250203,개원,        ,        ,75,25,국제화,외국어,외국어,외국어, ,Y,N,경기도 수원시 영통구 법조로 25,", 413호, 414호(하동, 광교 SK VIEW Lake A)",16514,,20260215
J10,경기도교육청,수원시,학원,3000050966,아템에듀학원,20220429,20220429,개원,        ,99991231,150,58,입시.검정 및 보습,보통교과,,보습, ,Y,N,경기도 수원시 영통구 광교호수공원로 20,", 근린생활시설동-2동, 303~304호(102동) (원천동, 더샵 광교레이크시티)",16515,,20231018
J10,경기도교육청,수원시,학원,3000033837,아트그라운드미술학원,20170801,20170801,개원,        ,99991231,415,30,예능(대),예능(중),미술,미술, ,Y,N,경기도 수원시 권선구 동수원로177번길 40,", 수원아이파크시티8단지 상가219호 (권선동)",16663,null,20241201
J10,경기도교육청,수원시,학원,3000033596,아트그로우미술학원,20170711,20170711,개원,        ,99991231,304,20,예능(대),예능(중),"미술,",미술, ,Y,N,경기도 수원시 영통구 청명남로 54,", 4층 전체 (영통동)",16705,,20231018
J10,경기도교육청,수원시,학원,3000012501,아트라인2호점미술학원,20230623,20230626,개원,        ,        ,120,12,예능(대),,"미술,",, ,Y,N,경기도 수원시 권선구 곡반정로 160,", 419호(곡반정동, 라퍼스트)",16668,,20231018
J10,경기도교육청,수원시,학원,3000046231,아트라인미술학원,20210226,20210226,개원,        ,99991231,24,8,예능(대),,"미술,",, ,Y,N,경기도 수원시 권선구 동수원로177번길 90,", 상가201호 (권선동)",16663,031-211-3211,20231018
J10,경기도교육청,수원시,학원,3000054673,아트루체미술학원,20230320,20230320,개원,        ,99991231,180,30,예능(대),예능(중),미술,미술, ,Y,N,경기도 수원시 팔달구 화양로68번길 25,", 4층 일부 (화서동)",16434,,20260405
J10,경기도교육청,수원시,학원,3000024314,아트몬스터미술학원,20150217,20150217,개원,        ,99991231,230,100,예능(대),예능(중),,미술, ,Y,N,경기도 수원시 권선구 호매실로90번길 116 ,", 602호 (블루테라스) (호매실동)",441450,,20250309
J10,경기도교육청,수원시,학원,3000051041,아트뮤즈미술학원,20220510,20220510,개원,        ,99991231,6,16,예능(대),예능(중),미술,미술, ,Y,N,경기도 수원시 영통구 광교호수공원로 20,", 근린생활시설동-2동, 209호(102동) (원천동, 더샵 광교레이크시티)",16515,,20250302
J10,경기도교육청,수원시,학원,3000027462,아트슐레미술학원,20151230,20151230,개원,        ,99991231,282,30,예능(대),예능(중),,미술, ,Y,N,경기도 수원시 영통구 인계로220번길 6-3,", 4층 2호 (매탄동)",16543,,20241117
J10,경기도교육청,수원시,학원,3000073408,아트스타금호초점미술학원,20250214,20250214,개원,        ,        ,55,11,예능(대),예능(중),미술,미술, ,Y,N,경기도 수원시 권선구 칠보로 136,"3층 일부(호매실동, 태림빌딩)",16401,,20251123
J10,경기도교육청,수원시,학원,3000064234,아트스타스튜디오호매실학원,20240119,20240119,개원,        ,        ,110,22,예능(대),예능(중),미술,미술, ,Y, ,경기도 수원시 권선구 호매실로165번길 71,", 102호, 103호(호매실동, 호매실 금호어울림 에듀포레110동(상가))",16628,,20250316
J10,경기도교육청,수원시,학원,3000051864,아트실버벨미술학원,20220727,20220727,개원,        ,99991231,0,0,예능(대),예능(중),미술,미술, ,Y,N,경기도 수원시 영통구 광교호수공원로 277,", 2F-016호, 2F-021호 (원천동, 광교중흥에스클래스 판매시설)",16517,,20251026
J10,경기도교육청,수원시,학원,3000077463,아트앤하트광교중앙기독미술학원,20260212,20260212,개원,        ,        ,0,0,예능(대),,,, ,Y, ,경기도 수원시 영통구 중부대로345번길 20,",304호(원천동)",16516,,20260215
J10,경기도교육청,수원시,학원,3000053811,아트앤하트매교센트럴자이미술학원,20230113,20230113,개원,        ,99991231,26,28,예능(대),예능(중),,미술, ,Y,N,경기도 수원시 팔달구 수원천로210번길 19,", 802-803호 (인계동), 센트럴프라자",16470,,20231018
J10,경기도교육청,수원시,학원,39297,아트앤하트수원구운일월미술학원,20091231,20091231,개원,        ,99991231,58,65,예능(대),예능(중),미술,미술, ,Y,N,경기도 수원시 권선구 일월천로16번길 24,  2층전체 (구운동),441819,031-292-5542,20250601
J10,경기도교육청,수원시,학원,3000052229,아트앤하트호매실안나수미술학원,20220829,20220829,개원,        ,99991231,30,16,예능(대),예능(중),,미술, ,Y,N,경기도 수원시 권선구 매실로 38,", 2층 일부 (호매실동)",16400,,20231018
J10,경기도교육청,수원시,학원,3456,아트플로우스튜디오미술학원,20021121,20021121,개원,        ,99991231,42,44,예능(대),예능(중),"미술,",미술, ,Y,N,경기도 수원시 영통구 태장로 62,  신영통동원프라자 502 (망포동),443400,031-273-7237,20231018
J10,경기도교육청,수원시,학원,115557,아트힐링미술교육학원,20081023,20011016,개원,        ,99991231,40,20,예능(대),예능(중),미술,미술, ,Y,N,경기도 수원시 영통구 중부대로448번길 28,", 2층 (원천동)",16519,031-214-2437,20251012
J10,경기도교육청,수원시,학원,3000048509,아틀리에오늘취미미술학원,20211025,20211025,개원,        ,99991231,9,9,예능(대),예능(중),,미술, ,Y,N,경기도 수원시 영통구 덕영대로1471번길 78,", 2층 201호 (망포동)",16680,,20260405
J10,경기도교육청,수원시,학원,3000022783,안녕음악학원,20140912,20140912,개원,        ,99991231,245,15,예능(대),예능(중),음악,음악, ,Y,N,경기도 수원시 영통구 대학로 103,", 303호 (이의동, 골드클래스7)",443270,,20250302
J10,경기도교육청,수원시,학원,3000046016,안녕피아노음악학원,20210201,20210201,개원,        ,99991231,748,17,예능(대),예능(중),,음악, ,Y,N,경기도 수원시 영통구 매영로310번길 31,", 신원미주상가 201, 202, 203호 (영통동, 신원.미주아파트)",16699,,20250810
J10,경기도교육청,수원시,학원,3000069265,안디옥하늘정원학원,20240625,20240625,개원,        ,        ,306,51,종합(대),,,, ,Y, ,경기도 수원시 장안구 연무로 23,", 2층 전체(연무동, 안디옥 하늘정원)",16220,,20240804
J10,경기도교육청,수원시,학원,3000024903,안박사수학학원,20150210,20150210,개원,        ,99991231,168,40,입시.검정 및 보습,보통교과,"보습,",보습, ,Y,N,경기도 수원시 영통구 매탄로108번길 16,", 503호 (매탄동, 엔타운)",16545,,20231018
J10,경기도교육청,수원시,학원,42311,안스바이올린학원,20100901,20100901,개원,        ,99991231,50,12,예능(대),예능(중),"음악,",음악, ,Y,N,경기도 수원시 영통구 청명로 85,  4층 전체 (영통동),443470,,20231018
J10,경기도교육청,수원시,학원,3000019873,알로실용음악학원,20131111,20131111,개원,        ,99991231,100,40,예능(대),예능(중),"음악,",음악, ,Y,N,경기도 수원시 권선구 덕영대로 1302,", 3층일부 (곡반정동)",441400,031-2415-889,20231018
J10,경기도교육청,수원시,학원,24116,알칸학원,20061024,20061024,개원,        ,99991231,200,80,입시.검정 및 보습,보통교과,,보습, ,Y,N,경기도 수원시 장안구 만석로19번길 41-9,  롯데프라자 5층 502호 (천천동),440330,031-271-0525,20231018
J10,경기도교육청,수원시,학원,3000047662,알케미스트이언학원,20210726,20210726,개원,        ,99991231,45,100,입시.검정 및 보습,보통교과,"보습,보통교과",보습, ,Y,N,경기도 수원시 영통구 봉영로 1605,", 6층 604호 일부 (영통동, 모던타운)",16703,031-203-6911,20240331
J10,경기도교육청,수원시,학원,3000037249,알티오라팬그램어학원,20180622,20180622,개원,        ,99991231,372,128,종합(대),,"보습,실용외국어(유아/초·중·고),외국어",, ,Y,N,경기도 수원시 영통구 동수원로 448,", 1층, 2층(현대아파트 은혜빌딩) (매탄동, 현대아파트)",16538,031-548-1985,20260215
J10,경기도교육청,수원시,학원,114530,알프스음악학원,19990213,19990213,개원,        ,99991231,200,15,예능(대),,"음악,",, ,Y,N,경기도 수원시 영통구 매영로310번길 36,"203호 일부 좌측(영통동, 신성.신안.쌍용.진흥아파트 상가동)",16697,031-202-2077,20240818
J10,경기도교육청,수원시,학원,3000037505,압구정스피치커뮤니케이션학원,20180719,20180719,개원,        ,99991231,50,23,기타(대),기타(중),,화술, ,Y,N,경기도 수원시 권선구 경수대로 322,", 3층 전체 (권선동 1058-9, 천일빌딩)",16581,031-238-2225,20240421
J10,경기도교육청,수원시,학원,3000035222,앞선수학학원,20171218,20171218,개원,        ,99991231,157,30,입시.검정 및 보습,보통교과,"보습,",보습, ,Y,N,경기도 수원시 권선구 세권로212번길 3,", 501호 (권선동)",16582,,20231018
J10,경기도교육청,수원시,학원,3000036715,애니매직만화학원,20180423,20180423,개원,        ,99991231,87,29,예능(대),예능(중),"미술,",미술, ,Y,N,경기도 수원시 영통구 동수원로 524,", 4층 일부 (매탄동, 덕성빌딩)",16525,031-254-9341,20231018
J10,경기도교육청,수원시,학원,3000031282,애니하이(AniHi)수원장안정자웹툰만화학원,20161222,20161222,개원,        ,99991231,160,40,예능(대),예능(중),미술,미술, ,Y,N,경기도 수원시 장안구 대평로 80,", 312호~314호 (정자동, 정연메이져1동)",16334,,20260405
J10,경기도교육청,수원시,학원,3000051748,애니하이(AniHi)수원호매실웹툰만화학원,20220715,20220715,개원,        ,99991231,147,65,예능(대),예능(중),미술,미술, ,Y,N,경기도 수원시 권선구 금곡로 100,", 506호(금곡동, 칠보프라자)",16385,,20260405
J10,경기도교육청,수원시,학원,3000062505,애니하이(Anihi)수원역웹툰만화학원,20231102,20231102,개원,        ,        ,225,75,예능(대),,,, ,Y,N,경기도 수원시 팔달구 매산로 102,"801호, 815호(교동, 매산타워)",16464,,20250615
J10,경기도교육청,수원시,학원,3000024019,애니하이(Anihi)수원영통매탄웹툰만화학원,20150109,20150109,개원,        ,99991231,35,40,예능(대),예능(중),미술,미술, ,Y,N,경기도 수원시 영통구 효원로 381,", 901호 일부 (매탄동, 새롬프라자16차)",443848,,20260301
J10,경기도교육청,수원시,학원,3000019464,애듀캐슬화상원격학원,20130911,20130911,개원,20220801,20220807,100,35,입시.검정 및 보습,보통교과,,보습, ,Y,N,경기도 수원시 팔달구 권광로 324,", 4층 일부 (인계동)",442825,031-1600-5418,20231018
J10,경기도교육청,수원시,학원,35507,애드온고색학원,20090703,20090703,개원,        ,99991231,150,108,입시.검정 및 보습,보통교과,"보습,",보습, ,Y,N,경기도 수원시 권선구 매송고색로 680-1,  3층전체 (고색동),441811,031-292-0594,20231018
J10,경기도교육청,수원시,학원,3000064014,애슐리영어학원,20240104,20240104,개원,        ,        ,100,25,입시.검정 및 보습,,,, ,Y, ,경기도 수원시 권선구 삼천병마로1566번길 11,"209호, 210호(오목천동)",16636,,20250105
J10,경기도교육청,수원시,학원,1624,애플비영어수학학원,20021105,20021105,개원,        ,99991231,59,20,입시.검정 및 보습,보통교과,보습,보습, ,Y,N,경기도 수원시 영통구 동탄원천로881번길 58,  아이샘프라자 405호 (매탄동),443848,031-217-0504,20231231
J10,경기도교육청,수원시,학원,31285,애플키즈미술학원,20080624,20080624,개원,        ,99991231,224,20,예능(대),예능(중),"미술,",미술, ,Y,N,경기도 수원시 영통구 효원로 363, 매탄위브하늘채 302상가A 309호 (매탄동),443370,031-213-6003,20231018
J10,경기도교육청,수원시,학원,3000068448,액터스팩토리연기학원,20240327,20240327,개원,        ,        ,150,50,기타(대),,,, ,Y, ,경기도 수원시 장안구 서부로 2136,1층 전체(율전동),16417,,20250810
J10,경기도교육청,수원시,학원,3000074468,액트원연기학원,20250605,20250605,개원,        ,        ,80,20,기타(대),,,, ,Y, ,경기도 수원시 장안구 장안로217번길 14,", 3층 일부(306호)(정자동, 범야건설주식회사)",16339,,20250615
J10,경기도교육청,수원시,학원,3000048884,앨리스마트해법수학NE능률영어학원,20211125,20211125,개원,        ,99991231,96,45,입시.검정 및 보습,보통교과,보습,보습, ,Y,N,경기도 수원시 영통구 광교호수공원로 80,", 232호, 233호 (원천동, 광교아이파크 판매디)",16514,031-211-0124,20250720
J10,경기도교육청,수원시,학원,3000028042,앨리스영어학원,20160225,20160224,개원,        ,99991231,8,35,국제화,외국어,실용외국어(유아/초·중·고),실용외국어(유아/초·중·고), ,Y,N,경기도 수원시 권선구 당진로15번길 1,", 2층 전체 (당수동)",16376,031-486-5277,20240324
J10,경기도교육청,수원시,학원,3000017141,앨리스음악학원,20121213,20121213,개원,        ,99991231,235,26,예능(대),예능(중),"음악,",음악, ,Y,N,경기도 수원시 영통구 매봉로 6-1,", 2층 일부 (매탄동 1215)",16527,,20241201
J10,경기도교육청,수원시,학원,3000063720,앨리에듀학원,20231213,20231213,개원,        ,        ,900,300,입시.검정 및 보습,보통교과,보습,보습, ,Y, ,경기도 수원시 영통구 에듀타운로106번길 16,", 504호~507호, 307호, 205호, 206호(이의동, 광교하이니티)",16509,,20260308
J10,경기도교육청,수원시,학원,3577,양정대입학원,20020524,20020524,개원,        ,99991231,300,175,입시.검정 및 보습,보통교과,"입시,",입시, ,Y,N,경기도 수원시 영통구 효원로 397,", 803호 (매탄동, 중앙프라자)",16545,031-217-1515,20260215
J10,경기도교육청,수원시,학원,3000019594,양현학원,20131010,20131010,개원,        ,99991231,120,60,입시.검정 및 보습,보통교과,,보습, ,Y,N,경기도 수원시 영통구 영통로213번길 8,", 5~6층 전체 (영통동)",16698,031-203-0093,20231018
J10,경기도교육청,수원시,학원,26404,어메이징잉글리쉬,20070404,20070404,개원,        ,99991231,125,40,입시.검정 및 보습,보통교과,"보습,",보습, ,N,N,경기도 수원시 장안구 상률로46번길 3,", 402호 (율전동, 유영타운)",16353,031-244-2006,20231018
J10,경기도교육청,수원시,학원,3000051260,어바웃뮤직학원,20220603,20220603,개원,        ,99991231,15,50,기예(대),기예(중),,실용음악(성악), ,Y,N,경기도 수원시 팔달구 행궁로 106,", 4층 전체 (교동)",16463,,20240707
J10,경기도교육청,수원시,학원,3000072876,어셈블컴퓨터학원,20241224,20241224,개원,        ,        ,96,32,기타(대),기타(중),컴퓨터(소),컴퓨터(소), ,Y, ,경기도 수원시 장안구 만석로19번길 11-7,", 504호(천천동, 대일프라자)",16329,,20251214
J10,경기도교육청,수원시,학원,3000043661,어쌤수학학원,20200305,20200305,개원,        ,99991231,140,27,입시.검정 및 보습,보통교과,,보습, ,Y,N,경기도 수원시 장안구 대평로 86,", 6층 606호 (정자동, 화이트쇼핑몰)",16334,,20241201
J10,경기도교육청,수원시,학원,3000048021,어썸기타학원,20210831,20210831,개원,        ,99991231,0,0,기예(대),기예(중),,실용음악(성악), ,Y,N,경기도 수원시 영통구 센트럴파크로128번길 72,", 1층 (이의동)",16504,,20260426
J10,경기도교육청,수원시,학원,3000024181,어썸팩토리매탄독서실,20150121,20150121,개원,        ,99991231,325,115,독서실,독서,독서실(유아/초·중·고),독서실(유아/초·중·고), ,Y,N,경기도 수원시 영통구 효원로 397,", 701호 (매탄동, 중앙프라자)",443848,031-548-2988,20251123
J10,경기도교육청,수원시,학원,3000028830,어썸팩토리수원권선플레이스독서실,20160510,20160510,개원,        ,99991231,90,103,독서실,독서,"독서실(유아/초·중·고),",독서실(유아/초·중·고), ,Y,N,경기도 수원시 권선구 권광로 64,", 2,3층전체 (권선동, J.S Building)",16556,031-222-2462,20260201
J10,경기도교육청,수원시,학원,3000030869,어썸팩토리수원우만플레이스독서실,20161124,20161124,개원,        ,99991231,218,109,독서실,독서,,독서실(유아/초·중·고), ,Y,N,경기도 수원시 팔달구 중부대로 143,", 8층 일부 (우만동)",16240,031-211-2462,20231018
J10,경기도교육청,수원시,학원,3000026820,어썸팩토리수원인계플레이스독서실,20151109,20151109,개원,        ,99991231,96,96,독서실,독서,,독서실(유아/초·중·고), ,Y,N,경기도 수원시 팔달구 권광로 280,", 2층전체, 3층일부 (인계동, 태성빌딩)",442828,031-216-2462,20231018
J10,경기도교육청,수원시,학원,3000030583,어썸팩토리수원정자에스케이플레이스독서실,20161031,20161031,개원,        ,99991231,540,90,독서실,독서,"독서실(유아/초·중·고),",독서실(유아/초·중·고), ,Y,N,경기도 수원시 장안구 이목로 41,", 2층 일부 (정자동)",16346,,20231018
J10,경기도교육청,수원시,학원,3000030747,어썸팩토리수원정자플레이스독서실,20161111,20161111,개원,        ,99991231,90,90,독서실,독서,독서실(유아/초·중·고),독서실(유아/초·중·고), ,Y,N,경기도 수원시 장안구 대평로 80,", 1010호일부·1011호 (정자동, 정연메이져1동)",16334,070-4335-0800,20260412
J10,경기도교육청,수원시,학원,3000027038,어썸팩토리수원조원독서실,20151201,20151201,개원,        ,99991231,210,105,독서실,독서,"독서실(유아/초·중·고),",독서실(유아/초·중·고), ,Y,N,경기도 수원시 장안구 송원로 113,", 3층 (4~11호,조원빌딩) (조원동)",16294,null,20250302
J10,경기도교육청,수원시,학원,3000054224,언제나미술학원,20230216,20230216,개원,        ,99991231,35,16,예능(대),예능(중),미술,미술, ,Y,N,경기도 수원시 권선구 곡반정로 160,", 426호 (곡반정동, 라퍼스트)",16668,,20260301
J10,경기도교육청,수원시,학원,23721,얼라이브실용음악학원,20060918,20060918,개원,        ,99991231,100,23,종합(대),,음악,, ,Y,N,경기도 수원시 영통구 반달로7번길 40,", 405호, 701-1호 (영통동, 평익칼라스위트)",16704,031-205-0901,20260412
J10,경기도교육청,수원시,학원,3000037529,엉클제이영어학원,20180723,20180723,개원,        ,99991231,176,30,입시.검정 및 보습,보통교과,,보습, ,Y,N,경기도 수원시 영통구 대학로 101,", 403호 (이의동)",16224,,20231018
J10,경기도교육청,수원시,학원,3000010884,에녹실용음악학원,20110425,20110425,개원,        ,99991231,100,18,예능(대),예능(중),음악,음악, ,Y,N,경기도 수원시 영통구 덕영대로1555번길 13,  세일빌딩 4층 401~402호 (영통동),443812,031-205-5922,20250518
J10,경기도교육청,수원시,학원,3000037141,에듀랩영어수학이야기학원,20180612,20180612,개원,        ,99991231,24,30,입시.검정 및 보습,보통교과,보습,보습, ,Y,N,경기도 수원시 권선구 금곡로102번길 20,", 501호(금곡동, 센타프라자)",16385,,20251012
J10,경기도교육청,수원시,학원,116205,에듀맥스학원,20081023,19910312,개원,        ,99991231,340,120,입시.검정 및 보습,보통교과,"입시,입시·논술,",입시, ,Y,N,경기도 수원시 권선구 권광로 68,", 교연빌딩 6층전체 (권선동)",441824,031-238-2261,20231018
J10,경기도교육청,수원시,학원,3000043736,에듀삼육오학원,20200311,20200311,개원,        ,99991231,18,54,입시.검정 및 보습,보통교과,,보습, ,Y,N,경기도 수원시 권선구 권중로50번길 8-39,", 201호(좌측) (권선동, 위너스프라자)",16556,,20231018
J10,경기도교육청,수원시,학원,3000023385,에듀앤조이영통학원,20141118,20141118,개원,20220801,20220807,5,0,기타(대),기타(중),,기타(소), ,Y,N,경기도 수원시 영통구 영통로 515,", 5층전체 (영통동)",443809,,20231030
J10,경기도교육청,수원시,학원,39302,에듀탑학원,20100107,20100107,개원,        ,99991231,150,25,입시.검정 및 보습,보통교과,"보습,",보습, ,Y,N,경기도 수원시 영통구 영통로 107,", 202호 (망포동 569-3)",16687,031-252-0582,20231018
J10,경기도교육청,수원시,학원,3000072294,에듀파워텔원격학원,20241101,20241101,개원,        ,        ,500,100,직업기술,산업기반기술,전기,전기, ,Y, ,경기도 수원시 팔달구 덕영대로697번길 7,"513호 (화서동, 아트프라자)",16435,,20250105
J10,경기도교육청,수원시,학원,3000034204,에듀포커스학원,20170912,20170911,개원,        ,99991231,180,90,입시.검정 및 보습,보통교과,"보습,",보습, ,Y,N,경기도 수원시 권선구 호매실로104번길 24-61,", 702호, 704호, 705호 (호매실동, 금호프라자)",16630,031-256-1111,20231018
J10,경기도교육청,수원시,학원,3000035317,에듀플러스학원,20171221,20171221,개원,        ,99991231,40,8,입시.검정 및 보습,보통교과,,보습, ,Y,N,경기도 수원시 영통구 매탄로108번길 28,",  401호 402호(강희타운) (매탄동)",16545,,20231018
J10,경기도교육청,수원시,학원,3000073276,에듀플렉스에듀코치개별지도광교2학원,20250203,20250203,개원,        ,        ,210,70,입시.검정 및 보습,보통교과,보습,보습, ,Y,N,경기도 수원시 영통구 도청로89번길 23,", 301호 전체, 302호 일부(이의동, 월드프라자)",16509,,20250727
J10,경기도교육청,수원시,학원,3000031221,에듀플렉스에듀코치개별지도광교학원,20161220,20161220,개원,        ,99991231,600,55,입시.검정 및 보습,보통교과,,보습, ,Y,N,경기도 수원시 영통구 에듀타운로 17,", 201호 일부, 202호 (이의동)",16509,,20250727
J10,경기도교육청,수원시,학원,3000047629,에듀플렉스에듀코치개별지도망포학원,20210721,20210721,개원,        ,99991231,456,57,입시.검정 및 보습,보통교과,,보습, ,Y,N,경기도 수원시 영통구 태장로 73,", 204호 (망포동, 정석 그린프라자)",16688,031-548-4272,20260301
J10,경기도교육청,수원시,학원,3000054326,에듀플렉스에듀코치개별지도매탄학원,20230222,20230222,개원,        ,99991231,198,6,입시.검정 및 보습,보통교과,"보습,",보습, ,Y,N,경기도 수원시 영통구 효원로 387,", 5층 502-1호 일부 (매탄동, 풍성프라자)",16545,,20250810
J10,경기도교육청,수원시,학원,3000010867,에듀플렉스에듀코치개별지도영통학원,20110427,20110425,개원,        ,99991231,200,80,입시.검정 및 보습,보통교과,보습,보습, ,Y,N,경기도 수원시 영통구 청명남로28번길 2,", 701호 전체, 702호 일부(영통동, 아이텐텐빌딩)",16705,,20241215
J10,경기도교육청,수원시,학원,3000020697,에르스트학원,20140211,20140211,개원,        ,99991231,45,27,입시.검정 및 보습,보통교과,"보습,",보습, ,Y,N,경기도 수원시 팔달구 일월로22번길 14,", 3층 (화서동,한샘빌딩)",442150,031-2920-454,20250323
J10,경기도교육청,수원시,학원,3000026363,에리카어학원,20150529,20150529,개원,        ,99991231,100,60,국제화,외국어,"실용외국어(유아/초·중·고),",실용외국어(유아/초·중·고), ,Y,N,경기도 수원시 영통구 반달로7번길 6,", 407호 (영통동 998-5, 센타프라자)",16704,031-204-1901,20231018
J10,경기도교육청,수원시,학원,3000023535,에밀리영어학원,20141203,20141203,개원,        ,99991231,220,54,입시.검정 및 보습,보통교과,보습,보습, ,Y,N,경기도 수원시 영통구 중부대로448번길 106,", 202호 (원천동)",16519,,20250316
J10,경기도교육청,수원시,학원,3000073588,에반아카데미학원,20250304,20250304,개원,        ,        ,0,0,입시.검정 및 보습,,,, ,Y, ,경기도 수원시 영통구 인계로220번길 6-65,", 1층 전체(매탄동)",16543,,20250316
J10,경기도교육청,수원시,학원,3000029281,에버윈영어학원,20160615,20160615,개원,        ,99991231,110,70,입시.검정 및 보습,보통교과,"보습,",보습, ,Y,N,경기도 수원시 영통구 효원로 381,", 901호 일부 (매탄동, 새롬프라자16차)",16545,031-211-0721,20250427
J10,경기도교육청,수원시,학원,1490,에벤에셀음악학원,20030418,20030418,개원,        ,99991231,72,9,예능(대),예능(중),"음악,",음악, ,Y,N,경기도 수원시 권선구 서둔로 222,  1층 (서둔동),441855,031-293-5777,20231018
J10,경기도교육청,수원시,학원,3000038540,에센셜영수단과학원,20181106,20181106,개원,        ,99991231,48,24,입시.검정 및 보습,보통교과,보습,보습, ,Y,N,경기도 수원시 권선구 동수원로242번길 6,", 301호 일부 (권선동 1296-1)",16553,031-224-0903,20250309
J10,경기도교육청,수원시,학원,3000047107,에스비에스(SBS)아카데미게임학원,20210528,20210528,개원,        ,99991231,2020,190,직업기술,컴퓨터,,게임, ,Y,N,경기도 수원시 팔달구 효원로 288,", 705호 (인계동, 대원콤비프라자)",16491,031-546-5791,20260426
J10,경기도교육청,수원시,학원,3000034296,에스비에스(SBS)아카데미컴퓨터아트학원,20170922,20170922,개원,        ,99991231,8708,122,종합(대),,컴퓨터,, ,Y,N,경기도 수원시 팔달구 효원로 288,", 8층 801호 (인계동, 대원콤비프라자)",16491,031-546-3644,20260426
J10,경기도교육청,수원시,학원,23617,에스비에스아카데미미용학원,20060911,20060911,개원,        ,99991231,505,36,직업기술,산업응용기술,,이·미용, ,Y,N,경기도 수원시 팔달구 인계로166번길 48-15,", 5층 (인계동, 영성빌딩)",16488,031-242-6200,20251012
J10,경기도교육청,수원시,학원,39682,에스비에스아카데미뷰티미용학원,20100211,20100208,개원,        ,99991231,243,54,종합(대),,이·미용,, ,Y,N,경기도 수원시 팔달구 덕영대로 909,  4층 (매산로1가),442081,031-252-0005,20251130
J10,경기도교육청,수원시,학원,3000051827,에스비에스아카데미뷰티입시학원,20220725,20220725,개원,        ,99991231,355,70,기타(대),기타(중),이·미용,이·미용, ,Y,N,경기도 수원시 팔달구 인계로166번길 48-15,", 6층 전체 (인계동, 영성빌딩)",16488,,20251012
J10,경기도교육청,수원시,학원,3000027896,에스쓰리미용학원,20160215,20160215,개원,        ,99991231,4570,100,직업기술,산업응용기술,이·미용,이·미용, ,Y,N,경기도 수원시 팔달구 행궁로 108,", 2층 전체 (교동)",16463,,20250323
J10,경기도교육청,수원시,학원,35756,에스앤엠수학전문학원,20090723,20090723,개원,        ,99991231,36,60,입시.검정 및 보습,보통교과,보습,보습, ,Y,N,경기도 수원시 권선구 율전로 2,  외2필지 입북프라자 302호 (입북동),441470,031-227-2221,20260222
J10,경기도교육청,수원시,학원,3000054119,에스에이영어학원,20230209,20230209,개원,        ,99991231,30,42,입시.검정 및 보습,보통교과,,보습, ,Y,N,경기도 수원시 장안구 덕영대로535번길 38,", 7층 일부 (천천동, 경기서적)",16329,,20231018
J10,경기도교육청,수원시,학원,115483,에스엘피외국어학원,20010804,20010804,개원,        ,99991231,502,0,종합(대),외국어,,실용외국어(유아/초·중·고), ,Y,N,경기도 수원시 영통구 영통로154번길 74,", 4층 일부 (망포동 417-26, 사국빌딩)",16691,031-273-1230,20260201
J10,경기도교육청,수원시,학원,3000039183,에스엘피플러스어학원,20190104,20190104,개원,        ,99991231,228,0,종합(대),외국어,,실용외국어(유아/초·중·고), ,Y,N,경기도 수원시 영통구 영통로154번길 74,", 3층 일부, 4층 일부 (망포동)",16691,,20260201
J10,경기도교육청,수원시,학원,34923,에스엠씨아카데미미용학원,20090513,20090513,개원,        ,99991231,200,40,직업기술,산업응용기술,이·미용,이·미용, ,Y,N,경기도 수원시 팔달구 덕영대로 905,", 6층 604호 전체 (매산로1가, 아이메카 상가)",16455,031-252-1095,20250601
J10,경기도교육청,수원시,학원,3000040884,에스입시영어학원,20190613,20190613,개원,        ,99991231,60,60,입시.검정 및 보습,보통교과,입시,입시, ,Y,N,경기도 수원시 영통구 청명남로28번길 2,", 7층 703호 일부, 704호 전체, 705호 일부 (영통동, 아이텐텐빌딩)",16705,null,20241229
J10,경기도교육청,수원시,학원,3000067898,에스제이과학전문학원,20240222,20240222,개원,        ,        ,240,60,입시.검정 및 보습,보통교과,보습,보습, ,Y, ,경기도 수원시 팔달구 중부대로 206,", 2층 일부(인계동)",16530,010-3271-8185,20250316
J10,경기도교육청,수원시,학원,3000035614,에스제이과학학원,20180123,20180123,개원,        ,99991231,150,10,입시.검정 및 보습,보통교과,보습,보습, ,Y,N,경기도 수원시 영통구 태장로 81,", 505호 (망포동)",16688,null,20250420
J10,경기도교육청,수원시,학원,3000010568,에스지청운학원,20110223,20110223,개원,        ,99991231,260,130,입시.검정 및 보습,보통교과,보습,보습, ,Y,N,경기도 수원시 영통구 영통로213번길 8,", 1층, 2층 (영통동)",16698,031-206-2341,20240324
J10,경기도교육청,수원시,학원,3000039020,에스케이에듀학원,20181220,20181220,개원,        ,99991231,38,30,입시.검정 및 보습,보통교과,보습,보습, ,Y,N,경기도 수원시 영통구 봉영로 1526,", 203호, 204호, 205호 (영통동, 살구골 진덕,서광,성지,동아 아파트)",16701,,20250302
J10,경기도교육청,수원시,학원,32456,에스클래스(S-Class)학원,20080916,20080916,개원,        ,99991231,28,21,입시.검정 및 보습,보통교과,보습,보습, ,Y,N,경기도 수원시 팔달구 팔달문로 65,", 2층 전체 (지동)",16243,031-245-0365,20241103
J10,경기도교육청,수원시,학원,3000042181,에스피에이학원,20191029,20191029,개원,        ,99991231,45,38,입시.검정 및 보습,보통교과,,보습, ,Y,N,경기도 수원시 장안구 장안로398번길 1-1,", 2층 일부 (이목동)",16345,null,20251012
J10,경기도교육청,수원시,학원,3000039523,에쓰엠수학학원,20190211,20190211,개원,        ,99991231,164,21,입시.검정 및 보습,보통교과,보습,보습, ,Y,N,경기도 수원시 권선구 매탄로 11,", 309호, 310호, 311호 (권선동, 현대아파트)",16550,null,20240609
J10,경기도교육청,수원시,학원,20987,에이드영어상률센터학원,20060228,20060228,개원,        ,99991231,200,40,입시.검정 및 보습,보통교과,,보습, ,Y,N,경기도 수원시 장안구 상률로12번길 70,2층 (율전동) ,440829,031-245-0582,20241215
J10,경기도교육청,수원시,학원,38534,에이드영어황곡초캠퍼스학원,20091028,20091028,개원,        ,99991231,500,48,입시.검정 및 보습,보통교과,보습,보습, ,Y,N,경기도 수원시 영통구 영통로 513,", 5층전체 (영통동)",443809,031-895-6400,20251026
J10,경기도교육청,수원시,학원,3000068463,에이든실용음악학원,20240401,20240401,개원,        ,        ,200,20,예능(대),예능(중),음악,음악, ,Y,N,경기도 수원시 영통구 아주로 24,", 3층 전체(원천동)",16502,,20260405
J10,경기도교육청,수원시,학원,3000020273,에이블국어전문학원,20131220,20131220,개원,        ,99991231,311,60,입시.검정 및 보습,보통교과,,보습, ,Y,N,경기도 수원시 영통구 매탄로108번길 28,", 601, 602호 (매탄동, 강희타운)",16545,031-215-2772,20241201
J10,경기도교육청,수원시,학원,3000053641,에이블디코딩학원,20230102,20230102,개원,        ,99991231,85,33,직업기술,컴퓨터,,"컴퓨터(정보처리,통신기기,인터넷,소프트웨어)", ,Y,N,경기도 수원시 팔달구 매산로 121,", 3층 전체 (교동)",16463,,20231018
J10,경기도교육청,수원시,학원,3000019756,에이블영어학원,20131031,20131031,개원,        ,99991231,384,28,입시.검정 및 보습,보통교과,보습,보습, ,Y,N,경기도 수원시 영통구 태장로54번길 70,", 301호 (망포동)",443400,031-202-3848,20260412
J10,경기도교육청,수원시,학원,3000073160,에이비씨(ABC)승무원학원,20250116,20250116,개원,        ,        ,248,124,입시.검정 및 보습,진학지도,"진학상담지도,진학지도",진학상담지도, ,Y, ,경기도 수원시 팔달구 갓매산로 38,", 7층 일부(매산로2가, 다성빌딩)",16460,,20260201
J10,경기도교육청,수원시,학원,3000045920,에이뿔상승학원,20210118,20210118,개원,        ,99991231,144,38,입시.검정 및 보습,보통교과,,보습, ,Y,N,경기도 수원시 팔달구 경수대로680번길 51,", 2층 (우만동)",16235,031-216-7477,20250302
J10,경기도교육청,수원시,학원,3000019695,에이스경매학원,20131022,20131022,개원,        ,99991231,150,42,직업기술,경영·사무관리,,경매, ,Y,N,경기도 수원시 팔달구 덕영대로697번길 7,", 602호 전체 (화서동)",16435,031-236-1620,20231018
J10,경기도교육청,수원시,학원,3000076362,에이아이원(AIWON)미술학원,20251106,20251106,개원,        ,        ,171,57,예능(대),,,, ,Y, ,경기도 수원시 장안구 덕영대로535번길 34,", 601호(천천동, 천천동그린프라자)",16329,,20251123
J10,경기도교육청,수원시,학원,3000017539,에이앤엠영어학원,20130131,20130130,개원,        ,99991231,150,48,입시.검정 및 보습,보통교과,,보습, ,Y,N,경기도 수원시 영통구 에듀타운로 24,", 402호 (이의동, 그린프라자)",443270,031-213-7564,20231018
J10,경기도교육청,수원시,학원,3000072486,에이오티(AOT)학원,20241120,20241120,개원,        ,        ,180,60,입시.검정 및 보습,,,, ,Y, ,경기도 수원시 장안구 만석로19번길 25-6,", 701호 일부(천천동, 광장프라자)",16329,,20241201
J10,경기도교육청,수원시,학원,115208,에이원영어수학전문학원,20000810,20000810,개원,        ,99991231,260,90,입시.검정 및 보습,보통교과,보습,보습, ,Y,N,경기도 수원시 영통구 중부대로448번길 96,  201호 (원천동),443380,031-212-2303,20260412
J10,경기도교육청,수원시,학원,3000055581,에이원학원,20230615,20230615,개원,        ,99991231,0,0,입시.검정 및 보습,보통교과,,보습, ,Y,N,경기도 수원시 권선구 매실로 57,", 2층 일부 (호매실동)",16395,070-8623-2476,20260201
J10,경기도교육청,수원시,학원,3000081637,에이치뷰티아카데미수원점입시학원,20260407,20260407,개원,        ,        ,60,30,기타(대),,,, ,Y, ,경기도 수원시 팔달구 매산로 133,202호(교동),16463,,20260412
J10,경기도교육청,수원시,학원,3000081638,에이치뷰티아카데미수원점학원,20260407,20260407,개원,        ,        ,140,70,직업기술,,,, ,Y, ,경기도 수원시 팔달구 매산로 133,201호(교동),16463,,20260426
J10,경기도교육청,수원시,학원,3000040257,에이치엠수학학원,20190403,20190403,개원,        ,99991231,60,30,입시.검정 및 보습,보통교과,"보습,",보습, ,Y,N,경기도 수원시 팔달구 덕영대로697번길 7,", 203호 (화서동, 아트프라자)",16435,031-242-0458,20231018
J10,경기도교육청,수원시,학원,3000043056,에이치와이편입학원,20200107,20200107,개원,        ,99991231,200,60,인문사회(대),인문사회(중),대학편입,대학편입, ,Y,N,경기도 수원시 팔달구 향교로47번길 2,", 3층 301호 (매산로2가)",16456,null,20250629
J10,경기도교육청,수원시,학원,3000029121,에이클래스학원,20160602,20160602,개원,        ,99991231,100,28,입시.검정 및 보습,보통교과,"보습,",보습, ,Y,N,경기도 수원시 권선구 칠보로241번길 11-7,", 2층 전체 (호매실동)",16395,,20231018
J10,경기도교육청,수원시,학원,43235,에이티영어수학학원,20101201,20101123,개원,        ,99991231,64,0,입시.검정 및 보습,외국어,,보습, ,Y,N,경기도 수원시 장안구 정자천로 179,  레몬스포렉스 4층 407호 (정자동),440841,031-241-0505,20250316
J10,경기도교육청,수원시,학원,115194,에이프릴수원장안어학원,20000725,20000725,개원,        ,99991231,195,80,국제화,외국어,실용외국어(유아/초·중·고),실용외국어(유아/초·중·고), ,Y,N,경기도 수원시 장안구 대평로90번길 46,  선일프라자 3층 (정자동),440841,031-269-0533,20260405
J10,경기도교육청,수원시,학원,23986,에이플러스연기학원,20061009,20061009,개원,        ,99991231,145,40,종합(대),,"기타(소),",, ,Y,N,경기도 수원시 영통구 영통로501번길 28-5,", 3~4층 신영빌딩 (영통동)",443809,031-273-2351,20260222
J10,경기도교육청,수원시,학원,35572,에이플러스이룸학원,20090707,20090707,개원,        ,99991231,125,106,입시.검정 및 보습,보통교과,"보습,",보습, ,Y,N,경기도 수원시 권선구 덕영대로 1129,  4층전체 (세류동),441879,031-235-0575,20231018
J10,경기도교육청,수원시,학원,3000034218,에이플러스황선생영어학원,20170913,20170913,개원,        ,99991231,30,35,입시.검정 및 보습,보통교과,,보습, ,Y,N,경기도 수원시 영통구 태장로 81,",  506호(망포동 e-타운II) (망포동)",16688,031-202-0242,20231018
J10,경기도교육청,수원시,학원,3000049022,에임어학원,20211203,20211203,개원,        ,99991231,513,40,국제화,외국어,,실용외국어(유아/초·중·고), ,Y,N,경기도 수원시 영통구 덕영대로 1478,", 612호, 613호(망포동, 망포역포레스퀘어)",16684,,20251012
J10,경기도교육청,수원시,학원,3000043650,에임하이학원,20200305,20200305,개원,        ,99991231,45,59,입시.검정 및 보습,보통교과,,보습, ,Y,N,경기도 수원시 장안구 이목로 24-9,", 3층 301호일부 (정자동)",16336,031-271-0908,20250817
J10,경기도교육청,수원시,학원,3000067759,에프에르학원,20240207,20240207,개원,        ,        ,300,150,입시.검정 및 보습,보통교과,보습,보습, ,Y,N,경기도 수원시 영통구 도청로17번길 18,"2층 일부, 3층 일부, 401호, 403호(이의동)",16509,,20260301
J10,경기도교육청,수원시,학원,38560,에픽아카데미학원,20091105,20091105,개원,        ,99991231,195,40,입시.검정 및 보습,보통교과,"보습,",보습, ,Y,N,경기도 수원시 영통구 봉영로 1587,  다모아프라자 704호 (영통동),443470,031-202-5207,20231018
J10,경기도교육청,수원시,학원,3000048784,엑세스영어학원,20211117,20211117,개원,        ,99991231,20,53,입시.검정 및 보습,보통교과,,보습, ,Y,N,경기도 수원시 영통구 효원로 381,", 304호 일부 (매탄동, 새롬프라자16차)",16545,,20250112
J10,경기도교육청,수원시,학원,3000045112,엑스클래스영어학원,20200923,20200923,개원,        ,99991231,30,20,입시.검정 및 보습,보통교과,,보습, ,Y,N,경기도 수원시 장안구 대평로 74,", 3층 301호 (정자동, 금강프라자)",16334,,20231018
J10,경기도교육청,수원시,학원,3000075711,엑시스영어학원,20250822,20250822,개원,        ,        ,315,45,입시.검정 및 보습,,,, ,Y, ,경기도 수원시 권선구 금곡로102번길 37,", 203호(금곡동, 센트럴프라자B)",16388,,20250831
J10,경기도교육청,수원시,학원,3000047873,엑시터학원,20210813,20210813,개원,        ,99991231,300,15,직업기술,산업기반기술,,건축, ,Y,N,경기도 수원시 권선구 호매실로104번길 90,", 306호 (호매실동)",16630,,20231018
J10,경기도교육청,수원시,학원,3000046968,엔사이언스과학학원,20210513,20210513,개원,        ,99991231,180,40,입시.검정 및 보습,보통교과,,보습, ,Y,N,경기도 수원시 장안구 대평로 80,", 307호 (정자동)",16334,031-268-1041,20260201
J10,경기도교육청,수원시,학원,3000032451,엔아이씨(NIC)닉쌤학원,20170320,20170320,개원,        ,99991231,120,40,입시.검정 및 보습,보통교과,보습,보습, ,Y,N,경기도 수원시 영통구 에듀타운로 17,", 204호(이의동, 국제프라자) (이의동)",16509,031-215-1739,20250406
J10,경기도교육청,수원시,학원,3000038005,엔알박경현무용학원,20180910,20180910,개원,        ,99991231,125,25,예능(대),예능(중),"무용,",무용, ,Y,N,경기도 수원시 팔달구 화서문로46번길 9,", 1층 및 2층 일부 (신풍동)",16251,,20231018
J10,경기도교육청,수원시,학원,3000053709,엔이에스국어학원,20230105,20230105,개원,        ,99991231,0,0,입시.검정 및 보습,보통교과,,보습, ,Y,N,경기도 수원시 영통구 영통로214번길 9,", 8층 801호 일부 (영통동, 서린프라자)",16698,,20251012
J10,경기도교육청,수원시,학원,3000067616,엔이에스영어학원,20240124,20240124,개원,        ,        ,120,40,입시.검정 및 보습,보통교과,보통교과,보통교과, ,Y, ,경기도 수원시 영통구 영통로217번길 6," ,203호(영통동, 망포역 센타프라자)",16679,,20251221
J10,경기도교육청,수원시,학원,35305,엔이타임즈어학원,20090623,20090623,개원,        ,99991231,66,66,국제화,외국어,,실용외국어(유아/초·중·고), ,Y,N,경기도 수원시 팔달구 화양로35번길 6 ,401호 일부 (화서동),442864,031-269-7772,20250330
J10,경기도교육청,수원시,학원,115992,엔젤음악학원,19890715,19890715,개원,19890715,99991231,64,9,예능(대),예능(중),음악,음악, ,Y,N,경기도 수원시 팔달구 중부대로223번길 71-3,", 2층 일부 (우만동)",442816,031-217-7059,20250504
J10,경기도교육청,수원시,학원,3000043617,엔프라임영어학원,20200303,20200303,개원,        ,99991231,80,40,입시.검정 및 보습,보통교과,보습,보습, ,Y,N,경기도 수원시 영통구 효원로 363,", 213호,213-1호,206-1호(매탄동,매탄위브하늘채303상가B)",16543,,20260405
J10,경기도교육청,수원시,학원,3000034049,엘디제이영어학원,20170828,20170828,개원,        ,99991231,32,50,입시.검정 및 보습,보통교과,보습,보습, ,Y,N,경기도 수원시 영통구 청명남로 58,", 2층 (영통동)",16705,null,20240128
J10,경기도교육청,수원시,학원,3000030299,엘렌랭어어학원,20160928,20160928,개원,        ,99991231,40,100,국제화,외국어,"실용외국어(유아/초·중·고),",실용외국어(유아/초·중·고), ,Y,N,경기도 수원시 영통구 도청로17번길 40,", 203호 206호 207호 (이의동)",16509,,20231018
J10,경기도교육청,수원시,학원,3000074951,엘리트타임즈학원,20250724,20250724,개원,        ,        ,100,25,입시.검정 및 보습,,,, ,Y, ,경기도 수원시 영통구 덕영대로 1470,", 202호 (망포동, 망포역플래티넘베이스주건축물제1동)",16685,,20250831
J10,경기도교육청,수원시,학원,3000024475,엘리트푸른학원,20150305,20150305,개원,        ,99991231,140,44,종합(대),,"보습,미술,",, ,Y,N,경기도 수원시 팔달구 갓매산로 29,", 3층전체 (매산로2가, 정설빌딩)",442853,,20250907
J10,경기도교육청,수원시,학원,3000069426,엘리프북수원캠퍼스어학원,20240709,20240709,개원,        ,        ,160,40,국제화,,,, ,Y, ,경기도 수원시 장안구 장안로 278,", 4층 일부(정자동)",16337,,20251012
J10,경기도교육청,수원시,학원,3000024847,엘림그림터미술학원,20150401,20150401,개원,        ,99991231,150,35,예능(대),예능(중),,미술, ,Y,N,경기도 수원시 영통구 영통로 509,", 4층 전체 (영통동)",443809,null,20240303
J10,경기도교육청,수원시,학원,33264,엘스영어메타수학학원,20081204,20081204,개원,        ,99991231,240,36,입시.검정 및 보습,보통교과,,보습, ,Y,N,경기도 수원시 팔달구 동말로 105,  3층 일부 (화서동),442858,031-253-5505,20250309
J10,경기도교육청,수원시,학원,3000024899,엘에스수학전문학원,20150223,20150223,개원,        ,99991231,24,50,입시.검정 및 보습,보통교과,,보습, ,Y,N,경기도 수원시 영통구 태장로 77,", 5층 일부 (망포동)",443400,,20250831
J10,경기도교육청,수원시,학원,3000020891,엘에스수학학원,20140228,20140228,개원,        ,99991231,295,41,입시.검정 및 보습,보통교과,"보습,",보습, ,Y,N,경기도 수원시 영통구 태장로 77,", 4층 일부 (망포동)",443400,031-2030-506,20250323
J10,경기도교육청,수원시,학원,3000021685,엘에스이(LSE)어학원,20140520,20140520,개원,        ,99991231,718,50,국제화,외국어,,실용외국어(유아/초·중·고), ,Y,N,경기도 수원시 장안구 덕영대로535번길 34,", 303호 (천천동,천천동그린프라자)",440330,031-269-0509,20231018
J10,경기도교육청,수원시,학원,3000068445,엘에이(LA)영어전문학원,20240327,20240327,개원,        ,        ,210,35,입시.검정 및 보습,,,, ,Y,N,경기도 수원시 장안구 수성로245번길 18,"2층 일부(정자동, 201호)",16317,,20240505
J10,경기도교육청,수원시,학원,3000050965,엘에이씨(LAC)린쌤사고력영어학원,20220429,20220429,개원,        ,99991231,150,30,입시.검정 및 보습,보통교과,,보습, ,Y,N,경기도 수원시 영통구 광교호수공원로 20,", 근린생활시설동-2동, 151호, 217호(101동) (원천동, 더샵 광교레이크시티)",16515,010-9405-5772,20260412
J10,경기도교육청,수원시,학원,3000024873,엘영어수학학원,20150326,20150326,개원,        ,99991231,466,50,입시.검정 및 보습,보통교과,보습,보습, ,Y,N,경기도 수원시 영통구 웰빙타운로49번길 32,", 302호 (이의동, 광교 웰빙프라자 빌딩)",16224,,20240505
J10,경기도교육청,수원시,학원,3696,엘지조이음악학원,19990519,19990519,개원,        ,99991231,400,22,예능(대),예능(중),음악,음악, ,Y,N,경기도 수원시 권선구 금곡로73번길 71,", 404호 (금곡동, 엘지빌리지중심상가)",16382,031-297-2228,20260405
J10,경기도교육청,수원시,학원,15480,엘지피아노전문학원,20050328,20050328,개원,        ,99991231,44,12,예능(대),예능(중),"음악,",음악, ,Y,N,경기도 수원시 영통구 태장로82번길 32, 망포마을동수원엘지빌리지상가동 3층 (망포동),443706,031-273-0345,20231018
J10,경기도교육청,수원시,학원,3000034195,엘카스터디학원,20170911,20170911,개원,        ,99991231,88,28,입시.검정 및 보습,,"보습,",, ,Y,N,경기도 수원시 영통구 영통로 507,", 5층 (영통동)",16706,031-205-0525,20231018
J10,경기도교육청,수원시,학원,3000054637,엘케이영어영통학원,20230316,20230316,개원,        ,99991231,36,50,입시.검정 및 보습,보통교과,,보습, ,Y,N,경기도 수원시 영통구 봉영로 1612,", 306호 (영통동, 보보스프라자)",16704,null,20241103
J10,경기도교육청,수원시,학원,3000045373,엘케이영어학원,20201104,20201104,개원,        ,99991231,300,50,입시.검정 및 보습,보통교과,"보습,",보습, ,Y,N,경기도 수원시 영통구 영통로218번길 58,", 3층 (영통동)",16698,null,20241103
J10,경기도교육청,수원시,학원,3000047600,엘키즈어학원,20210716,20210716,개원,        ,99991231,127,147,종합(대),,"보습,실용외국어(유아/초·중·고),",, ,Y,N,경기도 수원시 권선구 금곡로 5-6,", 2층 (금곡동)",16381,,20260426
J10,경기도교육청,수원시,학원,3000036276,엘키즈학원,20180313,20180313,개원,        ,99991231,80,147,입시.검정 및 보습,보통교과,,보습, ,Y,N,경기도 수원시 권선구 금곡로 5-25,", 2층 전체 (금곡동)",16381,,20251214
J10,경기도교육청,수원시,학원,3000062165,엘투엘영어학원,20230927,20230927,개원,        ,        ,100,0,입시.검정 및 보습,,,, ,Y, ,경기도 수원시 영통구 중부대로345번길 20,", 203호(원천동, 대산프라자)",16516,,20231018
J10,경기도교육청,수원시,학원,3000072074,엠베스트에스이(SE)권선비전학원,20241008,20241008,개원,        ,        ,40,40,입시.검정 및 보습,,,, ,Y, ,경기도 수원시 권선구 권중로 110,", 201호(권선동,보성,유원아파트 상가2동)",16560,,20251109
J10,경기도교육청,수원시,학원,3000037259,엠베스트에스이공부학원,20180625,20180625,개원,        ,99991231,200,40,입시.검정 및 보습,보통교과,"보습,",보습, ,Y,N,경기도 수원시 팔달구 권광로 367,", 2층 전체(우만동, 월드캐슬)",16494,,20240303
J10,경기도교육청,수원시,학원,3000045825,엠베스트에스이오목천비전학원,20210108,20210108,개원,        ,99991231,700,58,입시.검정 및 보습,보통교과,,보습, ,Y,N,경기도 수원시 권선구 매송고색로 526,", 403호 (오목천동)",16634,031-292-4387,20231018
J10,경기도교육청,수원시,학원,3000036020,엠베스트천천더에듀포레학원,20180227,20180227,개원,        ,99991231,498,0,입시.검정 및 보습,보통교과,보습,보습, ,Y,N,경기도 수원시 장안구 화산로 87,", 318호, 319호, 320호 전체 (천천동, 천천푸르지오근린생활시설-1)",16420,031-2272-2886,20260405
J10,경기도교육청,수원시,학원,25229,엠비씨아카데미뷰티미용학원,20070108,20070108,개원,        ,99991231,140,100,직업기술,산업응용기술,이·미용,이·미용, ,Y,N,경기도 수원시 팔달구 갓매산로 38,",2층 일부(매산로2가)",16460,031-244-9590,20250914
J10,경기도교육청,수원시,학원,3000054615,엠비씨아카데미뷰티입시학원,20230314,20230314,개원,        ,99991231,90,40,기타(대),기타(중),이·미용,이·미용, ,Y,N,경기도 수원시 팔달구 갓매산로 38,2층 일부(매산로2가),16460,,20250914
J10,경기도교육청,수원시,학원,3000072308,엠스토리2관수학학원,20241101,20241101,개원,        ,        ,99,33,입시.검정 및 보습,,,, ,Y, ,경기도 수원시 장안구 만석로19번길 11-3,", 504호(천천동, 태영프라자)",16329,,20241117
J10,경기도교육청,수원시,학원,3000025319,엠스토리수학학원,20150518,20150518,개원,        ,99991231,357,34,입시.검정 및 보습,보통교과,보습,보습, ,Y,N,경기도 수원시 장안구 만석로19번길 11-3,", 304호 (천천동, 천천동 528-4 교육연구시설 (배진영))",440330,,20260308
J10,경기도교육청,수원시,학원,3000048500,엠아이광교어학원,20211022,20211022,개원,        ,99991231,432,72,국제화,외국어,,실용외국어(유아/초·중·고), ,Y,N,경기도 수원시 영통구 에듀타운로 102,", B동 706~709호 (이의동, 광교중앙역 SK VIEW)",16509,,20250302
J10,경기도교육청,수원시,학원,3000069189,엠앤씨수학전문학원,20240617,20240617,개원,        ,        ,216,36,입시.검정 및 보습,,,, ,Y, ,경기도 수원시 권선구 동수원로 218-39,"202, 203호(권선동)",16554,,20240623
J10,경기도교육청,수원시,학원,6743,엠앤씨영어수학학원,20040323,20040323,개원,        ,99991231,166,70,종합(대),보통교과,보습,보습, ,Y,N,경기도 수원시 영통구 효원로 363, 매탄위브하늘채 303 상가B 3층 303호 306호 (매탄동),443370,031-211-9396,20250105
J10,경기도교육청,수원시,학원,3000077089,엠에이치수학학원,20260112,20260112,개원,        ,        ,160,40,입시.검정 및 보습,보통교과,보통교과,보통교과, ,Y, ,경기도 수원시 영통구 청명남로 58,", 5층 (영통동)",16705,,20260201
J10,경기도교육청,수원시,학원,3000050679,엠오엠수학전문학원,20220404,20220404,개원,        ,99991231,170,54,입시.검정 및 보습,보통교과,보습,보습, ,Y,N,경기도 수원시 영통구 청명남로 10,", 3층 전체 (영통동)",16705,,20260308
J10,경기도교육청,수원시,학원,3000037609,엠오엠수학학원,20180731,20180731,개원,        ,99991231,564,80,입시.검정 및 보습,보통교과,보습,보습, ,Y,N,경기도 수원시 영통구 청명남로 8,", 2층 전체 (영통동)",16705,,20260308
J10,경기도교육청,수원시,학원,3000071796,엠이스터디학원,20240903,20240903,개원,        ,        ,120,40,입시.검정 및 보습,,,, ,Y, ,경기도 수원시 권선구 금곡로196번길 68,", 303호(금곡동, CM타워)",16393,,20240929
J10,경기도교육청,수원시,학원,3000046013,엠이에스어학원,20210129,20210129,개원,        ,99991231,18,30,국제화,외국어,,실용외국어(유아/초·중·고), ,Y,N,경기도 수원시 팔달구 권광로367번길 27,", 203호 (우만동)",16494,,20231018
J10,경기도교육청,수원시,학원,3000062643,엠제이영어학원,20231115,20231115,개원,        ,        ,160,40,입시.검정 및 보습,,,, ,Y, ,경기도 수원시 영통구 효원로 363,", 401호(매탄동,매탄 위브 하늘채 302 상가A)",16543,,20231119
J10,경기도교육청,수원시,학원,34374,엠케이비젼영어학원,20090320,20090320,개원,        ,99991231,522,60,입시.검정 및 보습,보통교과,보습,보습, ,Y,N,경기도 수원시 장안구 대평로 86,  화이트쇼핑몰 502호 (정자동),440841,031-269-0014,20260201
J10,경기도교육청,수원시,학원,3000053795,엠케이비젼학원,20230112,20230112,개원,        ,99991231,133,54,입시.검정 및 보습,보통교과,보습,보습, ,Y,N,경기도 수원시 장안구 대평로 86,", 503호, 504호 (정자동, 화이트쇼핑몰)",16334,,20260201
J10,경기도교육청,수원시,학원,3000076105,엠케이정진별관학원,20251013,20251013,개원,        ,        ,120,60,입시.검정 및 보습,보통교과,보습,보습, ,Y, ,경기도 수원시 영통구 효원로 393,", 601호(매탄동, 밀래니엄프라자)",16545,,20260405
J10,경기도교육청,수원시,학원,3000027043,엠케이정진학원,20151203,20151203,개원,        ,99991231,140,70,종합(대),,"보습,진학상담지도",, ,Y,N,경기도 수원시 영통구 효원로 393,", 607호(매탄동, 밀래니엄프라자)",16545,031-8009-0999,20251109
J10,경기도교육청,수원시,학원,3000042481,엠코드고수전문관학원,20191126,20191126,개원,        ,99991231,1300,127,입시.검정 및 보습,보통교과,보습,보습, ,Y,N,경기도 수원시 영통구 봉영로 1620,", 3층 306호, 307호, 308호 전체 (영통동, 대우 월드마크 영통)",16704,,20260405
J10,경기도교육청,수원시,학원,3000050680,엠코드프리미엄학원,20220401,20220401,개원,        ,99991231,1105,134,입시.검정 및 보습,보통교과,보습,보습, ,Y,N,경기도 수원시 영통구 봉영로 1620,", 302~305호 (영통동, 대우 월드마크 영통)",16704,,20260405
J10,경기도교육청,수원시,학원,4022,엠코드하이학원,20031020,20031020,개원,        ,99991231,1513,275,입시.검정 및 보습,보통교과,보습,보습, ,Y,N,경기도 수원시 영통구 봉영로 1623,", 505호,506호,514호 (영통동, 드림피아빌딩)",16703,031-204-5155,20260405
J10,경기도교육청,수원시,학원,3000024881,엠코드학원,20150210,20150210,개원,        ,99991231,1313,296,입시.검정 및 보습,보통교과,보습,보습, ,Y,N,경기도 수원시 영통구 봉영로 1623,", 609호~614호 (영통동, 드림피아빌딩)",443810,031-206-1117,20260405
J10,경기도교육청,수원시,학원,3000075877,엠탑학원,20250904,20250904,개원,        ,        ,120,60,입시.검정 및 보습,보통교과,보습,보습, ,Y, ,경기도 수원시 영통구 영통로501번길 10-15,", 4층 전체 (영통동)",16706,,20260201
J10,경기도교육청,수원시,학원,3000029099,엠토수학전문학원,20160531,20160531,개원,        ,99991231,200,30,입시.검정 및 보습,보통교과,,보습, ,Y,N,경기도 수원시 영통구 영통로 112-4,", 3층 (망포동)",16692,031-203-6675,20231018
J10,경기도교육청,수원시,학원,3000059597,엠티(MT)영어학원,20230728,20230728,개원,        ,        ,100,25,입시.검정 및 보습,보통교과,보습,보습, ,Y,N,경기도 수원시 장안구 정자천로173번길 11-10,"301호(정자동, 뱅뱅프라자)(정자동)",16334,031-245-0578,20250330
J10,경기도교육청,수원시,학원,3000024017,엠포스수학학원,20150109,20150109,개원,        ,99991231,50,100,입시.검정 및 보습,보통교과,,보습, ,Y,N,경기도 수원시 영통구 센트럴타운로 92,", 503호 (이의동)",443270,,20231018
J10,경기도교육청,수원시,학원,41765,엠프렙학원,20100718,20100715,개원,        ,99991231,60,60,입시.검정 및 보습,보통교과,"보습,",보습, ,Y,N,경기도 수원시 팔달구 권광로 363, 월드프라자 3층 301~302호 (우만동),442816,031-211-8922,20231018
J10,경기도교육청,수원시,학원,3000037507,엠프로학원,20180719,20180719,개원,        ,99991231,49,35,입시.검정 및 보습,보통교과,보습,보습, ,Y,N,경기도 수원시 권선구 당진로15번길 1,", 1층 일부 (당수동 236-10)",16376,031-419-1449,20231203
J10,경기도교육청,수원시,학원,3000076143,엠플러스학원,20251016,20251016,개원,        ,        ,90,30,입시.검정 및 보습,보통교과,보습,보습, ,Y, ,경기도 수원시 권선구 금곡로118번길 24,"206호(금곡동, 리치빌딩)",16388,,20251026
J10,경기도교육청,수원시,학원,3000029567,엠플수학학원,20160714,20160714,개원,        ,99991231,422,50,입시.검정 및 보습,보통교과,보습,보습, ,Y,N,경기도 수원시 영통구 봉영로 1612,", 504호 (영통동)",16704,null,20250427
J10,경기도교육청,수원시,학원,3000076839,역전타에듀팔달2호점학원,20251218,20251218,개원,        ,        ,90,30,입시.검정 및 보습,,,, ,Y, ,경기도 수원시 팔달구 정조로 850,2층 전체 (북수동),16253,,20260201
J10,경기도교육청,수원시,학원,3000063778,역전타에듀학원,20231218,20231218,개원,        ,        ,100,50,입시.검정 및 보습,,,, ,Y,N,경기도 수원시 팔달구 정조로 818,3층 일부(팔달로1가),16257,,20250316
J10,경기도교육청,수원시,학원,26265,연강학원,20070323,20070323,개원,        ,99991231,60,60,입시.검정 및 보습,보통교과,"보습,",보습, ,Y,N,경기도 수원시 권선구 세화로169번길 56,", 3층 전체 (서둔동)",16618,031-296-5665,20231018
J10,경기도교육청,수원시,학원,3000026734,연무해법셀파영수학원,20151102,20151102,개원,        ,99991231,30,25,입시.검정 및 보습,보통교과,,보습, ,Y,N,경기도 수원시 장안구 연무로7번길 4,", 3층전체 (연무동, 대영빌라)",440813,031-241-6070,20231018
J10,경기도교육청,수원시,학원,3000037510,연세랑학원,20180719,20180719,개원,        ,99991231,120,40,입시.검정 및 보습,보통교과,보습,보습, ,Y,N,경기도 수원시 영통구 봉영로 1612,", 608호(영통동, 보보스프라자)",16704,,20260405
J10,경기도교육청,수원시,학원,3000015842,연세어학원,20120717,20120717,개원,        ,99991231,162,36,국제화,외국어,실용외국어(유아/초·중·고),실용외국어(유아/초·중·고), ,Y,N,경기도 수원시 장안구 정자천로173번길 17,", 8층 일부 (정자동, 투대일타운)",16334,031-245-5669,20241229
J10,경기도교육청,수원시,학원,3000046151,연세엘리트학원,20210218,20210218,개원,        ,99991231,274,64,입시.검정 및 보습,보통교과,"보습,",보습, ,Y,N,경기도 수원시 권선구 정조로 618,", 201호, 202호 (세류동, 성원아파트)",16574,031-226-6946,20231018
J10,경기도교육청,수원시,학원,3459,연세이안음악학원,19990914,19990914,개원,        ,99991231,44,13,예능(대),예능(중),음악,음악, ,Y,N,경기도 수원시 장안구 만석로68번길 10 ,  2층 (정자동),440719,031-269-1020,20260412
J10,경기도교육청,수원시,학원,3000012881,연세이엔엠학원,20111021,20111021,개원,        ,99991231,188,50,입시.검정 및 보습,보통교과,보습,보습, ,Y,N,경기도 수원시 권선구 권광로 55,", B209호, B210호 (권선동, 권선자이이편한세상상가2)",16582,031-893-9291,20260201
J10,경기도교육청,수원시,학원,115180,연우입시학원,20000627,20000627,개원,        ,99991231,1365,160,입시.검정 및 보습,보통교과,,입시, ,Y,N,경기도 수원시 팔달구 팔달로 117,", 4층 (화서동)",16441,031-255-5621,20250831
J10,경기도교육청,수원시,학원,116489,열린중앙음악학원,19930325,19930325,개원,19930325,99991231,75,14,예능(대),예능(중),"음악,",음악, ,Y,N,경기도 수원시 권선구 동수원로58번길 21,", 한솔아파트상가동 204호,205호 (곡반정동)",441711,031-239-9700,20231018
J10,경기도교육청,수원시,학원,3000040406,열린학원,20190418,20190418,개원,        ,99991231,44,40,입시.검정 및 보습,보통교과,보습,보습, ,Y,N,경기도 수원시 팔달구 월드컵로369번길 3,", 2층 전체 (우만동)",16232,,20240310
J10,경기도교육청,수원시,학원,3000039991,영광일팔공학원,20190315,20190315,개원,        ,99991231,100,50,입시.검정 및 보습,보통교과,"보습,",보습, ,Y,N,경기도 수원시 영통구 에듀타운로 84,", 404호(이의동)",16509,,20240303
J10,경기도교육청,수원시,학원,2191,영동라움음악학원,20081023,19991104,개원,        ,99991231,230,30,예능(대),예능(중),음악,음악, ,Y,N,경기도 수원시 영통구 봉영로1517번길 20,", 2층 201호, 202호, 208호, 209호 (영통동 967-2, 극동아파트 제상가동)",16699,031-203-4432,20260405
J10,경기도교육청,수원시,학원,3000034497,영렘브란트매탄미술학원,20171018,20171018,개원,        ,99991231,15,20,예능(대),예능(중),"미술,",미술, ,Y,N,경기도 수원시 영통구 권광로260번길 36,", 301호(현대힐스테이트아파트상가1) (매탄동, 현대힐스테이트아파트)",16532,,20231018
J10,경기도교육청,수원시,학원,3000054559,영렘브란트수원천천미술학원,20230310,20230310,개원,        ,99991231,96,30,예능(대),예능(중),,미술, ,Y,N,경기도 수원시 장안구 만석로19번길 11-3,", 태영프라자 705호 (천천동)",16329,,20231030
J10,경기도교육청,수원시,학원,3000054132,영렘브란트호매실센터미술학원,20230210,20230210,개원,        ,99991231,192,24,예능(대),예능(중),"미술,",미술, ,Y,N,경기도 수원시 권선구 금곡로102번길 37,", 302호 (금곡동, 센트럴프라자B)",16388,,20231018
J10,경기도교육청,수원시,학원,3000049029,영스포츠댄스학원,20211203,20211203,개원,        ,99991231,0,0,기예(대),기예(중),댄스,댄스, ,Y,N,경기도 수원시 권선구 세권로181번길 20-23,", 4층 일부 (권선동)",16566,,20260215
J10,경기도교육청,수원시,학원,3000020198,영아티스트독서실,20131213,20131213,개원,        ,99991231,77,77,독서실,독서,,독서실(유아/초·중·고), ,Y,N,경기도 수원시 영통구 봉영로 1761,", 5층일부 (영통동)",443809,,20231018
J10,경기도교육청,수원시,학원,3000038740,영어수학시간학원,20181127,20181127,개원,        ,99991231,320,20,입시.검정 및 보습,보통교과,,보습, ,Y,N,경기도 수원시 장안구 상률로12번길 72,", 4층 전체 (율전동)",16356,,20251109
J10,경기도교육청,수원시,학원,3000045606,영어시간영어학원,20201207,20201207,개원,        ,99991231,37,6,입시.검정 및 보습,보통교과,"보습,",보습, ,Y,N,경기도 수원시 영통구 광교중앙로248번길 7-3,", 202호 (하동)",16512,,20231018
J10,경기도교육청,수원시,학원,3000047357,영어의봄프리미엄초등영어전문학원,20210623,20210623,개원,        ,99991231,80,16,입시.검정 및 보습,보통교과,,보습, ,Y,N,경기도 수원시 영통구 태장로54번길 92,", 진성프라자 301호 (망포동, 진성프라자)",16686,,20231018
J10,경기도교육청,수원시,학원,3000036223,영어의자유광교센터학원,20180313,20180313,개원,        ,99991231,69,50,입시.검정 및 보습,보통교과,"보습,",보습, ,Y,N,경기도 수원시 영통구 대학로 101,", 304호, 305호 (이의동)",16224,,20231018
J10,경기도교육청,수원시,학원,3000053744,영어의자유영통센터학원,20230109,20230109,개원,        ,99991231,400,80,입시.검정 및 보습,보통교과,,보습, ,Y,N,경기도 수원시 영통구 매영로310번길 87,"203호 전체, 309호 일부(영통동, 동보신명아파트상가동)",16699,,20231018
J10,경기도교육청,수원시,학원,3000032221,영어의품격학원,20170306,20170306,개원,        ,99991231,125,60,입시.검정 및 보습,보통교과,,보습, ,Y,N,경기도 수원시 영통구 광교중앙로266번길 30,", 303호 (하동)",16512,,20260405
J10,경기도교육청,수원시,학원,3000017258,영어종결센터망포학원,20121221,20121221,개원,        ,99991231,200,57,입시.검정 및 보습,보통교과,보습,보습, ,Y,N,경기도 수원시 영통구 영통로 118,", 4층일부 (망포동,델타빌딩)",443400,031-203-6631,20260201
J10,경기도교육청,수원시,학원,3000030134,영어종결센터매탄학원,20160907,20160907,개원,        ,99991231,100,35,입시.검정 및 보습,보통교과,,보습, ,Y,N,경기도 수원시 영통구 매영로 87,", 4층 일부 (매탄동)",16527,,20231018
J10,경기도교육청,수원시,학원,3000050999,영어종결센터천천학원,20220504,20220504,개원,        ,99991231,100,50,입시.검정 및 보습,보통교과,보습,보습, ,Y,N,경기도 수원시 장안구 만석로19번길 25-5,", 1001호 일부 (천천동, 센타프라자)",16329,,20240128
J10,경기도교육청,수원시,학원,3000024875,영어충전소학원,20150403,20150403,개원,20220718,20220724,100,0,국제화,국제,,어학(성인), ,Y,N,경기도 수원시 장안구 서부로 2095,", 306호,307호 (율전동, 삼성아파트 상가동)",16363,,20231018
J10,경기도교육청,수원시,학원,3000028285,영일연세음악학원,20160311,20160311,개원,        ,99991231,100,40,예능(대),예능(중),음악,음악, ,Y,N,경기도 수원시 영통구 덕영대로1673번길 16,", 1층 (영통동)",16702,031-202-2611,20250420
J10,경기도교육청,수원시,학원,3000033057,영일학원,20170525,20170525,개원,        ,99991231,10,40,입시.검정 및 보습,보통교과,보습,보습, ,Y,N,경기도 수원시 영통구 덕영대로1673번길 26,",  101호 102호 (영통동)",16702,,20250427
J10,경기도교육청,수원시,학원,43556,영재스터디학원,20101210,20101209,개원,        ,99991231,90,30,입시.검정 및 보습,보통교과,"보습,",보습, ,Y,N,경기도 수원시 권선구 정조로 432, 미영아파트 상가동 3층 302~303호 (세류동),441754,031-236-5630,20231018
J10,경기도교육청,수원시,학원,3000072227,영진아이티학원,20241025,20241025,개원,        ,        ,240,30,기타(대),,,, ,Y, ,경기도 수원시 팔달구 정조로 724,"1203호 (중동, 마이온프라자)",16264,,20250105
J10,경기도교육청,수원시,학원,37747,영통경기간호학원,20091005,20091005,개원,        ,99991231,454,120,직업기술,간호보조기술,간호조무사,간호조무사, ,Y,N,경기도 수원시 영통구 봉영로 1587,", 701호, 702호 일부 (영통동, 다모아프라자)",16703,031-258-6624,20260405
J10,경기도교육청,수원시,학원,35279,영통관리형비책독서실,20090622,20090622,개원,        ,99991231,142,142,독서실,독서,"독서실(유아/초·중·고),",독서실(유아/초·중·고), ,Y,N,경기도 수원시 영통구 봉영로 1763,  한성프라자 7 8층전체 (영통동),443470,031-273-2888,20260201
J10,경기도교육청,수원시,학원,3000040883,영통구청점와와학습코칭학원,20190613,20190613,개원,        ,99991231,396,40,입시.검정 및 보습,보통교과,,보습, ,Y,N,경기도 수원시 영통구 매탄로108번길 10,", 6층 602호 전체 (매탄동, 모닝프라자)",16545,031-268-0211,20250810
J10,경기도교육청,수원시,학원,21594,영통김샘학원,20060328,20060328,개원,        ,99991231,314,116,입시.검정 및 보습,보통교과,"보습,",보습, ,Y,N,경기도 수원시 영통구 영통로 145, 502동 503호(망포동,443400,031-203-6622,20231018
J10,경기도교육청,수원시,학원,3000017927,영통더웰간호학원,20130306,20130306,개원,        ,99991231,160,80,직업기술,간호보조기술,간호조무사,간호조무사, ,Y,N,경기도 수원시 영통구 영통로 157,"401호, 402호(망포동, 스타프라움 A동)",16689,031-202-1145,20260201
J10,경기도교육청,수원시,학원,3000067832,영통덕스어학원,20240216,20240216,개원,        ,        ,160,80,국제화,외국어,,실용외국어(유아/초·중·고), ,Y, ,경기도 수원시 영통구 봉영로 1569,"504호(영통동, NEW WORLD PLAZA)",16703,,20250525
J10,경기도교육청,수원시,학원,3000040945,영통모던케이댄스실용음악학원,20190619,20190619,개원,        ,99991231,214,62,종합(대),,"무용,음악",, ,Y,N,경기도 수원시 영통구 봉영로 1623,", 3층 315호, 316호 전체 (영통동, 드림피아빌딩)",16703,031-204-4628,20260201
J10,경기도교육청,수원시,학원,3000040944,영통모던케이실용음악학원,20190619,20190619,개원,        ,99991231,116,23,예능(대),예능(중),,음악, ,Y,N,경기도 수원시 영통구 봉영로 1623,", 3층 312호 전체 (영통동, 드림피아빌딩)",16703,031-204-4628,20251207
J10,경기도교육청,수원시,학원,115707,영통목우미술학원,20020313,20020313,개원,20020313,99991231,730,100,예능(대),예능(중),"미술,",미술, ,Y,N,경기도 수원시 영통구 덕영대로 1695,  3층 (영통동),443470,031-202-3715,20231018
J10,경기도교육청,수원시,학원,23206,영통백석학원,20060804,20060804,개원,        ,99991231,60,52,입시.검정 및 보습,보통교과,"보습,",보습, ,Y,N,경기도 수원시 영통구 반달로7번길 16,  이폴리스 514호 (영통동),443470,031-204-8837,20231018
J10,경기도교육청,수원시,학원,3000048337,영통베스트간호학원,20211006,20211006,개원,        ,99991231,160,80,직업기술,간호보조기술,간호조무사,간호조무사, ,Y,N,경기도 수원시 영통구 덕영대로 1535,", 601호, 602호(영통동, 현대프라자)",16698,,20250608
J10,경기도교육청,수원시,학원,35270,영통비엔나음악학원,20090616,20090616,개원,        ,99991231,100,17,예능(대),예능(중),음악,음악, ,Y,N,경기도 수원시 영통구 영통로 514,", 301호 일부 (영통동)",16708,031-203-0014,20250302
J10,경기도교육청,수원시,학원,6736,영통서울음악학원,20040701,20040701,개원,        ,99991231,8,8,예능(대),예능(중),"음악,",음악, ,Y,N,경기도 수원시 영통구 봉영로 1587,  다모아프라자 603호 (영통동),443470,031-202-9433,20231018
J10,경기도교육청,수원시,학원,3000076670,영통수학원,20251204,20251204,개원,        ,        ,120,40,입시.검정 및 보습,,,, ,Y, ,경기도 수원시 영통구 반달로 22,", 3층 전체(영통동)",16705,,20260201
J10,경기도교육청,수원시,학원,3000062323,영통스터디챔버영어학원,20231016,20231016,개원,        ,        ,240,80,입시.검정 및 보습,,,, ,Y,N,경기도 수원시 영통구 영통로217번길 6,"204호(영통동, 망포역 센타프라자)",16679,,20231022
J10,경기도교육청,수원시,학원,3000033278,영통시사어학원,20170613,20170613,개원,        ,99991231,260,60,국제화,외국어,,외국어, ,Y,N,경기도 수원시 영통구 봉영로 1612,",  412호(영통동) (영통동)",16704,,20231018
J10,경기도교육청,수원시,학원,3000067709,영통씨앤에이논술국어학원,20240201,20240201,개원,        ,        ,150,50,입시.검정 및 보습,보통교과,보습,보습, ,Y, ,경기도 수원시 영통구 반달로7번길 6,"503호(영통동, 센타프라자)",16704,,20260201
J10,경기도교육청,수원시,학원,114658,영통아이티컴퓨터학원,19980721,19980721,개원,        ,99991231,90,30,기타(대),기타(중),"컴퓨터(소),",컴퓨터(소), ,Y,N,경기도 수원시 영통구 영통로 515,  3층 (영통동),443470,031-204-3166,20231018
J10,경기도교육청,수원시,학원,3000027463,영통애플부동산경매학원,20151231,20151231,개원,        ,99991231,0,0,직업기술,경영·사무관리,경매,경매, ,Y,N,경기도 수원시 영통구 반달로7번길 40,", 612호, 613호 (영통동)",16704,031-202-5557,20250629
J10,경기도교육청,수원시,학원,32364,영통에이프릴어학원,20080904,20080904,개원,        ,99991231,407,108,국제화,외국어,,실용외국어(유아/초·중·고), ,Y,N,경기도 수원시 영통구 봉영로 1587,", 202호, 203호, 204호, 308호 (영통동, 다모아프라자)",16703,031-206-2580,20251102
J10,경기도교육청,수원시,학원,3000046308,영통에픽아카데미학원,20210308,20210308,개원,        ,99991231,430,148,입시.검정 및 보습,보통교과,보습,보습, ,Y,N,경기도 수원시 영통구 청명남로 21,", 409호, 501-2호 (영통동, 아셈프라자)",16704,031-204-0429,20241222
J10,경기도교육청,수원시,학원,9701,영통엠폴리어학원,20040707,20040707,개원,        ,99991231,350,117,국제화,외국어,실용외국어(유아/초·중·고),실용외국어(유아/초·중·고), ,Y,N,경기도 수원시 영통구 봉영로 1623,  드림피아빌딩 304 305 306호 3층 (영통동),443810,031-205-7658,20260201
J10,경기도교육청,수원시,학원,3000012625,영통와이제이검정고시학원,20110927,20110927,개원,        ,99991231,166,50,입시.검정 및 보습,보통교과,검정,검정, ,Y,N,경기도 수원시 영통구 영통로 103,  뉴LG프라자 302호 (망포동),443400,031-224-3700,20250209
J10,경기도교육청,수원시,학원,33163,영통유투엠수학맥티스영어학원,20081201,20081201,개원,        ,99991231,198,210,입시.검정 및 보습,보통교과,"보습,",보습, ,Y,N,경기도 수원시 영통구 봉영로 1605,", 402호 (영통동, 모던타운)",16703,031-273-3400,20231018
J10,경기도교육청,수원시,학원,3000074112,영통이강제2학원,20250423,20250423,개원,        ,        ,200,100,입시.검정 및 보습,보통교과,,보습, ,Y, ,경기도 수원시 영통구 봉영로 1605,", 504호, 505호 일부(영통동, 모던타운)",16703,,20250504
J10,경기도교육청,수원시,학원,3000046309,영통이강제3학원,20210308,20210308,개원,        ,99991231,168,56,입시.검정 및 보습,보통교과,,보습, ,Y,N,경기도 수원시 영통구 봉영로 1605,", 모던타운 505호 일부 (영통동, 모던타운)",16703,031-206-1117,20251026
J10,경기도교육청,수원시,학원,3000047663,영통이언학원,20210726,20210726,개원,        ,99991231,300,100,입시.검정 및 보습,보통교과,보습,보습, ,Y,N,경기도 수원시 영통구 봉영로 1605,", 510호 전체, 601호 일부, 703호 일부 (영통동, 모던타운)",16703,031-203-6911,20260426
J10,경기도교육청,수원시,학원,115644,영통이오에스외국어학원,20020111,20020111,개원,        ,99991231,600,200,종합(대),외국어,"미술,보습,외국어",실용외국어(유아/초·중·고), ,Y,N,경기도 수원시 영통구 청명북로 6,", 3층 일부 (영통동)",443815,031-203-8205,20260405
J10,경기도교육청,수원시,학원,3000049976,영통이지사이언스과학학원,20220215,20220215,개원,20231101,20240131,20,40,입시.검정 및 보습,보통교과,"보습,",보습, ,Y,N,경기도 수원시 영통구 영통로217번길 6,", 604호 (영통동, 망포역 센타프라자)",16679,,20240303
J10,경기도교육청,수원시,학원,115519,영통이화무용학원,20010911,20010911,개원,        ,99991231,590,72,예능(대),예능(중),"무용,",무용, ,Y,N,경기도 수원시 영통구 반달로7번길 6,", 센타프라자 6층 609호,610호 (영통동)",443814,031-205-2005,20231018
J10,경기도교육청,수원시,학원,3000033906,영통이화발레학원,20170808,20170808,개원,        ,99991231,440,60,예능(대),예능(중),"무용,",무용, ,Y,N,경기도 수원시 영통구 반달로7번길 6,", 608호, 센터프라자 (영통동)",16704,,20231018
J10,경기도교육청,수원시,학원,115805,영통이화영어학원,20020713,20020713,개원,        ,99991231,310,150,국제화,외국어,실용외국어(유아/초·중·고),실용외국어(유아/초·중·고), ,Y,N,경기도 수원시 영통구 영통로 215,  정원빌딩 6층 (영통동),443470,031-206-6644,20231210
J10,경기도교육청,수원시,학원,3000013655,영통청운학원,20111215,20111215,개원,        ,99991231,210,210,입시.검정 및 보습,보통교과,"보습,보통교과",보습, ,Y,N,경기도 수원시 영통구 영통로213번길 8,", 3~4층 전부 (영통동)",16698,031-206-2341,20240324
J10,경기도교육청,수원시,학원,3000073815,영통캔비어학원,20250321,20250321,개원,        ,        ,216,72,국제화,,,, ,Y, ,경기도 수원시 영통구 덕영대로 1527,", 3층 전체(영통동)",16698,,20251102
J10,경기도교육청,수원시,학원,3000061978,영통캠퍼스근본영어학원,20230911,20230911,개원,        ,        ,270,90,입시.검정 및 보습,보통교과,보습,보습, ,Y,N,경기도 수원시 영통구 영통로 511,3층 전체 및 4층 전체(영통동),16706,031-202-9546,20241229
J10,경기도교육청,수원시,학원,3000052609,영통폴리어학원,20221007,20221007,개원,        ,99991231,111,108,국제화,외국어,실용외국어(유아/초·중·고),실용외국어(유아/초·중·고), ,Y,N,경기도 수원시 영통구 매영로345번길 111,", 4층 일부 (영통동, (주)경기방송 1동)",16703,,20260201
J10,경기도교육청,수원시,학원,26469,영통프라임영어학원,20070411,20070411,개원,        ,99991231,54,49,입시.검정 및 보습,보통교과,,보습, ,Y,N,경기도 수원시 영통구 매영로 141,", 2층 201호 (원천동, 원천훼밀리타운)",443380,031-215-0534,20231018
J10,경기도교육청,수원시,학원,3000042999,영통피켈바른공부자습전용관독서실,20200106,20200106,개원,        ,99991231,170,170,독서실,독서,"독서실,독서실(유아/초·중·고)",독서실, ,Y,N,경기도 수원시 영통구 매영로345번길 111,", 2층 (영통동, (주)경기방송 2동)",16703,,20260301
J10,경기도교육청,수원시,학원,3000042902,영통피켈학원,20191231,20191231,개원,        ,99991231,864,288,종합(대),,보습,, ,Y,N,경기도 수원시 영통구 매영로345번길 111,", 3층 일부 (영통동, (주)경기방송 2동)",16703,,20260426
J10,경기도교육청,수원시,학원,3000043099,영품학원,20200114,20200114,개원,        ,99991231,1590,40,입시.검정 및 보습,보통교과,보습,보습, ,Y,N,경기도 수원시 권선구 금곡로 116,", 203호 (금곡동)",16388,,20260215
J10,경기도교육청,수원시,학원,31091,영화학원,20080605,20080605,개원,        ,99991231,125,60,입시.검정 및 보습,보통교과,"보습,",보습, ,Y,N,경기도 수원시 장안구 송정로168번길 2,",  2층좌측일부 (조원동,조원빌딩)",440849,031-255-5777,20231018
J10,경기도교육청,수원시,학원,3000019164,예그린피아노학원,20130808,20130808,개원,        ,99991231,100,10,예능(대),예능(중),"음악,",음악, ,Y,N,경기도 수원시 팔달구 화양로50번길 30,", 상가 1동 205호,206호,207호 (화서동,블루밍 푸른숲 아파트)",442710,031-255-6881,20231018
J10,경기도교육청,수원시,학원,3704,예닮음악학원,19990416,19990416,개원,        ,99991231,331,13,예능(대),예능(중),,음악, ,Y,N,경기도 수원시 팔달구 중부대로223번길 15,", 삼희빌딩 3층 (우만동)",442816,031-211-7162,20260201
J10,경기도교육청,수원시,학원,37324,예담간호학원,20090902,20090902,개원,20110801,20110807,622,180,직업기술,간호보조기술,간호조무사,간호조무사, ,Y,N,경기도 수원시 팔달구 덕영대로 905,  아이메카상가 4층 403호 10층 1001호 1005호 1006호 (매산로1가),442081,031-241-1293,20260201
J10,경기도교육청,수원시,학원,2161,예담음악학원,20030527,20030527,개원,        ,99991231,35,17,예능(대),예능(중),"음악,",음악, ,Y,N,경기도 수원시 장안구 만석로 29, 비단마을현대성우우방아파트 상가동 2층 205 206호 (천천동),440712,031-269-9666,20240818
J10,경기도교육청,수원시,학원,115729,예뜰미술학원,20020410,20020410,개원,20020410,99991231,30,30,예능(대),예능(중),미술,미술, ,Y,N,경기도 수원시 영통구 태장로54번길 66,", 2층 일부 (망포동)",443400,031-273-7246,20250420
J10,경기도교육청,수원시,학원,26402,예림홀음악학원,20070404,20070404,개원,        ,99991231,440,20,예능(대),예능(중),,음악, ,Y,N,경기도 수원시 권선구 삼천병마로1598번길 32,  3층 (오목천동) 301호,441849,031-295-0901,20241229
J10,경기도교육청,수원시,학원,23388,예본무용학원,20101228,20060825,개원,        ,99991231,40,40,예능(대),예능(중),무용,무용, ,Y,N,경기도 수원시 장안구 율전로 84,  4층 (율전동),440827,031-294-1214,20250427
J10,경기도교육청,수원시,학원,3000052235,예쁜손음악학원,20220830,20220830,개원,        ,99991231,210,30,예능(대),예능(중),,음악, ,Y,N,경기도 수원시 장안구 장안로7번길 44,", 1층 일부 (영화동)",16274,,20231018
J10,경기도교육청,수원시,학원,3000076671,예설라수원영통학원,20251204,20251204,개원,        ,        ,180,60,입시.검정 및 보습,,,, ,Y, ,경기도 수원시 영통구 반달로7번길 6,", 803호(영통동, 센타프라자)",16704,,20260405
J10,경기도교육청,수원시,학원,3000076749,예설라수원호매실학원,20251211,20251211,개원,        ,        ,160,40,입시.검정 및 보습,,,, ,Y, ,경기도 수원시 권선구 금곡로118번길 24,"302호(금곡동, 리치빌딩)",16388,,20251221
J10,경기도교육청,수원시,학원,3000074405,예설라초등국어정자학원,20250528,20250528,개원,        ,        ,160,40,입시.검정 및 보습,보통교과,보통교과,보통교과, ,Y, ,경기도 수원시 장안구 대평로 86,", 601호 일부(정자동)",16334,,20260412
J10,경기도교육청,수원시,학원,3000027653,예성영어전문학원,20160118,20160118,개원,        ,99991231,70,92,입시.검정 및 보습,보통교과,보습,보습, ,Y,N,경기도 수원시 영통구 영통로 107,", 402호, 604호 (망포동, 유림프라자)",16687,031-204-0709,20250209
J10,경기도교육청,수원시,학원,3000020274,예성음악학원,20131220,20131220,개원,        ,99991231,140,10,예능(대),예능(중),,음악, ,Y,N,경기도 수원시 영통구 영통로154번길 60,", 4층 404호 (망포동)",443400,031-205-1974,20240707
J10,경기도교육청,수원시,학원,19722,예성피아노학원,20051201,20051201,개원,        ,99991231,30,7,예능(대),예능(중),"음악,",음악, ,Y,N,경기도 수원시 장안구 만석로159번길 39,  경남프라임코아 503호 (정자동),440837,031-253-7989,20231018
J10,경기도교육청,수원시,학원,114535,예소리음악학원,19980206,19980206,개원,        ,99991231,120,21,예능(대),예능(중),,음악, ,Y,N,경기도 수원시 팔달구 덕영대로697번길 17,  4층 (화서동),442870,031-258-8570,20251207
J10,경기도교육청,수원시,학원,3000021703,예솔요리학원,20140521,20140521,개원,        ,99991231,2430,80,직업기술,산업응용기술,"식음료품(바리스타,소믈리에),","식음료품(바리스타,소믈리에)", ,Y,N,경기도 수원시 팔달구 갓매산로 32,", 2층 (매산로2가,동광빌딩)",442853,031-8001-7472,20231030
J10,경기도교육청,수원시,학원,3000016857,예원발레아카데미학원,20121113,20121113,개원,        ,99991231,200,20,예능(대),예능(중),"무용,",무용, ,Y,N,경기도 수원시 영통구 매봉로49번길 3,",  3층전체 (매탄동)",443370,031-215-2515,20231018
J10,경기도교육청,수원시,학원,3000020496,예원스트링앤윈드학원,20140117,20140117,개원,        ,99991231,257,42,예능(대),예능(중),음악,음악, ,Y,N,경기도 수원시 영통구 에듀타운로 23,", 301호 (이의동)",443270,null,20240526
J10,경기도교육청,수원시,학원,3000041860,예원클래식음악학원,20190924,20190924,개원,        ,99991231,64,8,예능(대),예능(중),,음악, ,Y,N,경기도 수원시 장안구 화산로259번길 37,", 3층 전체 (율전동)",16361,031-297-7475,20240630
J10,경기도교육청,수원시,학원,6571,예음음악학원,20040304,20040304,개원,        ,99991231,60,15,예능(대),예능(중),,음악, ,Y,N,경기도 수원시 영통구 인계로 219,  삼성아파트 상가동 203호 2층 (매탄동),443718,031-212-1212,20250406
J10,경기도교육청,수원시,학원,3000017930,예인미술학원,20130308,20130308,개원,        ,99991231,95,26,예능(대),예능(중),미술,미술, ,Y,N,경기도 수원시 영통구 효원로 363,", 301호, 302호 (매탄동, 매탄 위브 하늘채B상가)",16543,031-214-9610,20240303
J10,경기도교육청,수원시,학원,3000020873,예인영수학원,20140227,20140227,개원,        ,99991231,60,50,입시.검정 및 보습,보통교과,"보습,",보습, ,Y,N,경기도 수원시 영통구 매영로310번길 12,", 205호, 206호 (영통동,신성.신안.쌍용.진흥아파트)",443727,031-204-0566,20231018
J10,경기도교육청,수원시,학원,3000049575,예인학원,20220110,20220110,개원,        ,99991231,0,0,입시.검정 및 보습,보통교과,,보습, ,Y,N,경기도 수원시 영통구 매영로310번길 46,", 303호 (영통동, 소망문화센터)",16697,,20231018
J10,경기도교육청,수원시,학원,11096,예일독서실,19881214,19881214,개원,        ,99991231,90,90,독서실,독서,"독서실(유아/초·중·고),",독서실(유아/초·중·고), ,Y,N,경기도 수원시 장안구 영화로85번길 12-3,  2층 (정자동),440833,031-241-8700,20231018
J10,경기도교육청,수원시,학원,3000044193,예일삼학원,20200514,20200514,개원,        ,99991231,122,100,입시.검정 및 보습,보통교과,보습,보습, ,Y,N,경기도 수원시 권선구 권선로 631,", 2층전체 (권선동)",16569,031-2259-837,20260215
J10,경기도교육청,수원시,학원,3000046301,예일샘학원,20210305,20210305,개원,        ,99991231,142,31,입시.검정 및 보습,보통교과,보습,보습, ,Y,N,경기도 수원시 팔달구 수성로244번길 25,", 203동 202호 (화서동, 화서위브하늘채 상가)",16433,031-253-5382,20250601
J10,경기도교육청,수원시,학원,5433,예일학원,20030221,20030221,개원,        ,99991231,1120,176,종합(대),,실용외국어(유아/초·중·고),, ,Y,N,경기도 수원시 권선구 권선로 633,", 2층, 3층 (권선동 964-26)",16569,031-239-0095,20250420
J10,경기도교육청,수원시,학원,3000023383,예종음악학원,20141118,20141118,개원,        ,99991231,200,10,예능(대),예능(중),"음악,",음악, ,Y,N,경기도 수원시 영통구 권선로908번길 53,", 402호 (신동)",16682,,20231018
J10,경기도교육청,수원시,학원,3000012750,예함학원,20111005,20111005,개원,        ,99991231,280,50,입시.검정 및 보습,보통교과,,보통교과, ,Y,N,경기도 수원시 장안구 장안로7번길 44,", 2층 일부 (영화동,성문책서림)",440822,,20250323
J10,경기도교육청,수원시,학원,1555,예현음악학원,20020724,20020724,개원,        ,99991231,60,9,예능(대),예능(중),"음악,",음악, ,Y,N,경기도 수원시 영통구 동탄원천로1109번길 37, 한국상가 302호 (매탄동),443807,031-211-2325,20231018
J10,경기도교육청,수원시,학원,3000073785,예현학원,20250320,20250320,개원,        ,        ,0,0,입시.검정 및 보습,,,, ,Y, ,경기도 수원시 장안구 장안로 226,", 3층 12호(정자동, 동신아파트상가동)",16340,,20250406
J10,경기도교육청,수원시,학원,21721,옐로뮤직음악학원,20060411,20060411,개원,        ,99991231,380,21,예능(대),예능(중),음악,음악, ,Y,N,경기도 수원시 장안구 조원로54번길 27,  2층 (조원동),440845,031-243-2533,20231018
J10,경기도교육청,수원시,학원,3000048673,오감랭귀지광교본원어학원,20211108,20211108,개원,        ,99991231,56,70,국제화,외국어,실용외국어(유아/초·중·고),실용외국어(유아/초·중·고), ,Y,N,경기도 수원시 영통구 에듀타운로 102,", B동 807~809호 (이의동, 광교중앙역 SK VIEW)",16509,,20250622
J10,경기도교육청,수원시,학원,3000069167,오감랭귀지망포점어학원,20240614,20240614,개원,        ,        ,160,40,국제화,,,, ,Y, ,경기도 수원시 영통구 영통로 157,"스타프라움 A동 504호(망포동, 스타프라움 A동)",16689,,20240616
J10,경기도교육청,수원시,학원,3000050032,오감랭귀지영통점학원,20220218,20220218,개원,        ,99991231,56,24,국제화,외국어,,실용외국어(유아/초·중·고), ,Y,N,경기도 수원시 영통구 봉영로 1606,", 206호 (영통동, 미네시티)",16704,,20240929
J10,경기도교육청,수원시,학원,3000035015,오늘은뮤직학원,20171204,20171204,개원,        ,99991231,40,0,예능(대),기예(중),,실용음악(성악), ,Y,N,경기도 수원시 팔달구 인계로138번길 8,", 208호(인계동, 수원인계리슈빌S)",16489,,20260426
J10,경기도교육청,수원시,학원,21861,오늘입시미술학원,20060419,20060419,개원,        ,99991231,116,60,예능(대),예능(중),"미술,",미술, ,Y,N,경기도 수원시 영통구 중부대로 300,  2층 (매탄동),443801,031-251-0616,20231018
J10,경기도교육청,수원시,학원,3000077538,오답연구소영수전문학원,20260224,20260224,개원,        ,        ,170,34,입시.검정 및 보습,보통교과,보습,보습, ,Y, ,경기도 수원시 팔달구 정조로 667,"706호(매교동, 마이온프라자2)",16467,010-4684-2602,20260405
J10,경기도교육청,수원시,학원,3000053155,오로라발레학원,20221124,20221124,개원,        ,99991231,156,60,예능(대),예능(중),무용,무용, ,Y,N,경기도 수원시 영통구 도청로18번길 26,", 345호 (이의동, 힐스테이트광교중앙역)",16508,null,20251012
J10,경기도교육청,수원시,학원,27309,오로지수학학원,20070629,20070629,개원,        ,99991231,190,30,입시.검정 및 보습,보통교과,"보습,",보습, ,Y,N,경기도 수원시 팔달구 세지로 427,  2층 전체 (우만동),442819,031-242-9905,20231018
J10,경기도교육청,수원시,학원,3000048511,오름수학학원,20211022,20211022,개원,        ,99991231,80,45,입시.검정 및 보습,보통교과,,보습, ,Y,N,경기도 수원시 권선구 금곡로102번길 38,", 503호 (금곡동)",16385,,20260405
J10,경기도교육청,수원시,학원,3000034125,오름영어2관학원,20170901,20170901,개원,        ,99991231,210,30,입시.검정 및 보습,보통교과,"보습,",보습, ,Y,N,경기도 수원시 권선구 금곡로102번길 15,", 521호, 522호 (금곡동, 비즈웍스)",16388,031-2976-677,20250706
J10,경기도교육청,수원시,학원,3000047560,오름영어학원,20210714,20210714,개원,        ,99991231,40,50,입시.검정 및 보습,보통교과,,보습, ,Y,N,경기도 수원시 권선구 금곡로102번길 15,"512~514호(금곡동, 비즈윅스 비즈웍스)",16388,,20250629
J10,경기도교육청,수원시,학원,23479,오목인재학원,20060901,20060901,개원,        ,99991231,60,60,입시.검정 및 보습,보통교과,"보습,",보습, ,Y,N,경기도 수원시 권선구 오목천로39번길 29-12,", 2층 (오목천동)",16636,031-295-5454,20231018
J10,경기도교육청,수원시,학원,3000067687,오목천이화음악학원,20240131,20240131,개원,        ,        ,0,0,예능(대),,,, ,Y, ,경기도 수원시 권선구 삼천병마로1566번길 11,113호(오목천동),16636,,20240818
J10,경기도교육청,수원시,학원,3000054417,오박사수학학원,20230228,20230228,개원,        ,99991231,50,50,입시.검정 및 보습,보통교과,보습,보습, ,Y,N,경기도 수원시 영통구 영통로154번길 74,", 1층 일부 (망포동)",16691,,20231112
J10,경기도교육청,수원시,학원,3000040240,오상철수학학원,20190404,20190404,개원,        ,99991231,80,36,입시.검정 및 보습,보통교과,"보습,",보습, ,Y,N,경기도 수원시 권선구 금곡로102번길 29,", 301호 (금곡동)",16388,,20231018
J10,경기도교육청,수원시,학원,3000015589,오선음악학원,20120626,20120626,개원,        ,99991231,630,50,예능(대),예능(중),음악,음악, ,Y,N,경기도 수원시 권선구 금곡로102번길 48,", 501호 (금곡동)",16385,031-293-9344,20250831
J10,경기도교육청,수원시,학원,3000034484,오스영어전문학원,20171018,20171018,개원,        ,99991231,33,50,입시.검정 및 보습,보통교과,,보습, ,Y,N,경기도 수원시 권선구 동수원로177번길 40,", 204호, 221호, 222호 (권선동)",16663,,20250302
J10,경기도교육청,수원시,학원,3000034089,오스카학원,20170830,20170830,개원,        ,99991231,100,81,입시.검정 및 보습,보통교과,,보습, ,Y,N,경기도 수원시 권선구 서수원로 445,", 골드프라자B 3층 301호 (호매실동)",16402,031-548-2608,20240929
J10,경기도교육청,수원시,학원,3000063912,오십케이클래스반려견교육원격학원,20231228,20231228,개원,        ,        ,80,20,직업기술,,,, ,Y, ,경기도 수원시 영통구 웰빙타운로36번길 46-216,",3층 일부(이의동)",16223,,20250209
J10,경기도교육청,수원시,학원,3000074577,오쌤과학전문학원,20250617,20250617,개원,        ,        ,500,100,입시.검정 및 보습,,,, ,Y, ,경기도 수원시 장안구 대평로 74,", 601호 전체(정자동)",16334,,20250622
J10,경기도교육청,수원시,학원,3000035899,오쌤이해법셀파수학학원,20180214,20180214,개원,        ,99991231,18,30,입시.검정 및 보습,보통교과,,보습, ,Y,N,경기도 수원시 장안구 송원로23번길 1,", 301호 (송죽동)",16306,,20231018
J10,경기도교육청,수원시,학원,3000043425,오엔아트(ONART)미술학원,20200214,20200214,개원,        ,99991231,12,24,예능(대),예능(중),미술,미술, ,Y,N,경기도 수원시 영통구 영통로 136,", 2층 201호 전체 (망포동, 센트럴타워)",16691,031-202-8766,20260308
J10,경기도교육청,수원시,학원,3000044484,오엠지수학학원,20200630,20200630,개원,        ,99991231,12,18,입시.검정 및 보습,보통교과,,보습, ,Y,N,경기도 수원시 영통구 권선로908번길 47,", 3층 302호 전체 (신동, 드림타워)",16682,,20231018
J10,경기도교육청,수원시,학원,3000012054,오일러학원,20110801,20110801,개원,        ,99991231,150,70,입시.검정 및 보습,보통교과,"보습,",보습, ,Y,N,경기도 수원시 영통구 반달로 40,", 5층 전체, 6층 전체 (영통동 1005-3)",16705,031-273-5250,20231018
J10,경기도교육청,수원시,학원,3000037390,오지댄스학원,20180703,20180703,개원,        ,99991231,20,50,예능(대),예능(중),,무용, ,Y,N,경기도 수원시 영통구 덕영대로 1699,", 영통빌딩 401호 일부 (영통동, 영통빌딩)",16702,,20231018
J10,경기도교육청,수원시,학원,3000024071,오칸타빌레음악학원,20150119,20150119,개원,        ,99991231,50,11,예능(대),예능(중),"음악,",음악, ,Y,N,경기도 수원시 권선구 금곡로102번길 15,", 비즈윅스 제526~528호 (금곡동)",441460,031-298-0733,20231030
J10,경기도교육청,수원시,학원,19241,오픈실용음악학원,20051031,20051031,개원,        ,99991231,50,25,예능(대),예능(중),"음악,",음악, ,Y,N,경기도 수원시 장안구 화산로203번길 34,  천록아파트 상가 2층 전체 (율전동),440825,031-293-8806,20251012
J10,경기도교육청,수원시,학원,3000028728,오피아어학원,20160420,20160420,개원,        ,99991231,720,40,국제화,국제,"어학(성인),",어학(성인), ,Y,N,경기도 수원시 영통구 신원로247번길 20,", 402호 (매탄동)",16676,,20231018
J10,경기도교육청,수원시,학원,3000041923,오하운폴댄스학원,20190930,20190930,개원,        ,99991231,350,50,기예(대),기예(중),기예(중),기예(중), ,Y,Y,경기도 수원시 팔달구 권광로 208,", 501호, 502호, 602호 (인계동, 인송빌딩)",16488,,20260426
J10,경기도교육청,수원시,학원,3000049064,오한나피아노스튜디오학원,20211207,20211207,개원,        ,99991231,7,6,예능(대),예능(중),,음악, ,Y,N,경기도 수원시 영통구 월드컵로 85,", 404호 (원천동, 인터프라자)",16516,,20231018
J10,경기도교육청,수원시,학원,22351,오현음악미술학원,20060529,20060529,개원,        ,99991231,34,28,종합(대),,"음악,미술,",, ,Y,N,경기도 수원시 권선구 서수원로183번길 7,  3층 (오목천동),441848,031-227-7905,20231018
J10,경기도교육청,수원시,학원,3000048633,옥스포드윙글즈어학원,20211103,20211103,개원,        ,99991231,50,50,국제화,외국어,,실용외국어(유아/초·중·고), ,Y,N,경기도 수원시 권선구 동수원로242번길 18,", 6층 (권선동)",16553,010-8833-0606,20231018
J10,경기도교육청,수원시,학원,3000032868,온더데스크영통독서실,20170428,20170428,개원,        ,99991231,336,84,독서실,독서,"독서실(유아/초·중·고),",독서실(유아/초·중·고), ,Y,N,경기도 수원시 영통구 봉영로 1605,", 101호 일부 (영통동)",16703,,20231018
J10,경기도교육청,수원시,학원,3000023718,온루트수학학원,20141212,20141212,개원,        ,99991231,144,36,입시.검정 및 보습,보통교과,,보습, ,Y,N,경기도 수원시 장안구 만석로159번길 72,", 3층 (파장동, 토속정)",16351,031-242-9016,20251130
J10,경기도교육청,수원시,학원,3000057749,온리원에듀영어학원,20230713,20230713,개원,        ,        ,120,30,입시.검정 및 보습,보통교과,보습,보습, ,Y,N,경기도 수원시 권선구 금곡로 116,"304호(금곡동, 유동타워)",16388,,20260405
J10,경기도교육청,수원시,학원,3000074632,온리원에듀학원,20250623,20250623,개원,        ,        ,120,30,입시.검정 및 보습,보통교과,보통교과,보통교과, ,Y, ,경기도 수원시 장안구 정자천로173번길 17,", 601호(정자동, 투대일타운)",16334,,20250727
J10,경기도교육청,수원시,학원,3000074507,온영어학원,20250611,20250611,개원,        ,        ,90,30,입시.검정 및 보습,,,, ,Y,N,경기도 수원시 영통구 에듀타운로 102,", 413호, 414호(이의동, 광교중앙역 SK VIEW B동)",16509,,20250615
J10,경기도교육청,수원시,학원,3000076424,온음실용음악학원,20251113,20251113,개원,        ,        ,120,40,예능(대),,,, ,Y, ,경기도 수원시 영통구 영통로 127,", 504호(망포동, 센타프라자)",16687,,20251123
J10,경기도교육청,수원시,학원,3000055586,올댓뷰티아카데미입시학원,20230615,20230615,개원,        ,99991231,90,90,기타(대),기타(중),,이·미용, ,Y,N,경기도 수원시 팔달구 효원로 288,", 1002호 일부 (인계동, 대원콤비프라자)",16491,031-305-0855,20260201
J10,경기도교육청,수원시,학원,3000043629,올댓뷰티아카데미학원,20200228,20200228,개원,        ,99991231,80,80,직업기술,산업응용기술,이·미용,이·미용, ,Y,N,경기도 수원시 팔달구 효원로 288,", 1002호 일부 (인계동, 대원콤비프라자)",16491,031-305-0855,20260426
J10,경기도교육청,수원시,학원,3000071631,올레디영어학원,20240813,20240813,개원,        ,        ,64,32,입시.검정 및 보습,,,, ,Y, ,경기도 수원시 권선구 금곡로102번길 29,", 403호(금곡동, 센트럴프라자A)",16388,,20240818
J10,경기도교육청,수원시,학원,1606,올리더스학원,20021116,20021116,개원,        ,99991231,68,34,입시.검정 및 보습,보통교과,"보습,",보습, ,Y,N,경기도 수원시 영통구 청명로 77,  5층 (영통동),443470,031-202-0123,20231018
J10,경기도교육청,수원시,학원,3000029857,올어바웃스터디관리형독서실,20150924,20150924,개원,        ,99991231,400,200,독서실,독서,,독서실(유아/초·중·고), ,Y,N,경기도 수원시 장안구 만석로19번길 11-7,", 5층 501호,502호일부,503호 (천천동,대일프라자)",16329,031-548-1799,20260208
J10,경기도교육청,수원시,학원,3000046358,옳음국어독서논술리딩오션영통센터학원,20210312,20210312,개원,        ,99991231,120,62,입시.검정 및 보습,보통교과,보습,보습, ,Y,N,경기도 수원시 영통구 봉영로 1612,", 보보스프라자 609호 (영통동, 보보스프라자)",16704,,20250525
J10,경기도교육청,수원시,학원,3000040948,와와학습코칭센터호매실학원,20190619,20190619,개원,        ,99991231,720,32,입시.검정 및 보습,보통교과,보습,보습, ,Y,N,경기도 수원시 권선구 금곡로 116,", 602호 (금곡동)",16388,null,20250427
J10,경기도교육청,수원시,학원,3000027391,와와학습코칭학원,20151224,20151224,개원,        ,99991231,528,32,입시.검정 및 보습,보통교과,"보습,입시",보습, ,Y,N,경기도 수원시 영통구 봉영로 1623,", 301호, 302호 일부 (영통동)",16703,null,20250427
J10,경기도교육청,수원시,학원,3000069092,와이비엠(YBM)잉글루호매실제1캠퍼스학원,20240605,20240605,개원,        ,        ,180,30,입시.검정 및 보습,,,, ,Y, ,경기도 수원시 권선구 호매실로104번길 24-61,", 301호(호매실동, 금호프라자1동)",16630,,20240609
J10,경기도교육청,수원시,학원,6592,와이비엠(ybm)잉글루프라임에듀학원,20040308,20040308,개원,        ,99991231,300,60,입시.검정 및 보습,보통교과,보습,보습, ,Y,N,경기도 수원시 팔달구 세지로 298-1,", 2층 (지동)",442836,031-256-7865,20260412
J10,경기도교육청,수원시,학원,3000074958,와이비엠잉글루영어학원,20250724,20250724,개원,        ,        ,320,40,입시.검정 및 보습,,,, ,Y, ,경기도 수원시 팔달구 매산로 102,"708호 (교동, 매산타워)",16464,,20250810
J10,경기도교육청,수원시,학원,3000019935,와이비엠잉글루영통제일학원,20131118,20131118,개원,        ,99991231,216,10,입시.검정 및 보습,보통교과,"보습,",보습, ,Y,N,경기도 수원시 영통구 영통로 514,", 201호 일부 (영통동)",443809,031-205-8205,20231018
J10,경기도교육청,수원시,학원,3000045746,와이비엠잉글루천천제일학원,20201228,20201228,개원,        ,99991231,290,30,입시.검정 및 보습,보통교과,보습,보습, ,Y,N,경기도 수원시 장안구 만석로19번길 25-5,", 3층 303호 (천천동, 센타프라자)",16329,031-2683-329,20231018
J10,경기도교육청,수원시,학원,3000028486,와이비엠장안이씨씨어학원,20160321,20160321,개원,        ,99991231,195,60,국제화,외국어,실용외국어(유아/초·중·고),실용외국어(유아/초·중·고), ,Y,N,경기도 수원시 장안구 덕영대로535번길 38,", 6층 일부 (천천동)",16329,031-256-6989,20260215
J10,경기도교육청,수원시,학원,3000039453,와이엠뷰티컬학원,20190201,20190201,개원,        ,99991231,180,30,직업기술,산업응용기술,,이·미용, ,Y,N,경기도 수원시 장안구 만석로19번길 11-8,", 5층 502호 (천천동)",16329,,20231126
J10,경기도교육청,수원시,학원,40289,와이즈리더영어학원,20100316,20100317,개원,        ,99991231,478,80,입시.검정 및 보습,보통교과,보습,보습, ,Y,N,경기도 수원시 영통구 반달로7번길 16,  이폴리스 6층 605호 (영통동),443470,031-202-0516,20260405
J10,경기도교육청,수원시,학원,3000041316,와이즈만영재교육수원영통학원,20190724,20190724,개원,        ,99991231,156,63,입시.검정 및 보습,보통교과,보습,보습, ,Y,N,경기도 수원시 영통구 봉영로 1605,", 705호, 706호 (영통동, 모던타운)",16703,null,20250427
J10,경기도교육청,수원시,학원,3000022093,와이케이영어학원,20140704,20140704,개원,        ,99991231,100,40,입시.검정 및 보습,보통교과,"보습,",보습, ,Y,N,경기도 수원시 영통구 영통로 136,", 305호 (망포동,센트럴타워)",443400,,20231030
J10,경기도교육청,수원시,학원,3000048506,와이키즈광교센터학원,20211021,20211021,개원,        ,99991231,52,30,기타(대),기타(중),,기타(소), ,Y,N,경기도 수원시 영통구 에듀타운로 102,", B동 222~225호 (이의동, 광교중앙역 SK VIEW)",16509,,20231018
J10,경기도교육청,수원시,학원,16431,와이키즈수원영통학원,20081101,20050512,개원,        ,99991231,166,40,기타(대),기타(중),기타(소),기타(소), ,Y,N,경기도 수원시 영통구 봉영로 1612,", 206호 (영통동 996-4)",16704,031-205-9334,20250302
J10,경기도교육청,수원시,학원,3000028959,와이티학원,20160520,20160520,개원,        ,99991231,55,30,입시.검정 및 보습,보통교과,"보습,",보습, ,Y,N,경기도 수원시 장안구 이목로 24-9,", 402호 일부 (정자동)",16336,031-268-5575,20231018
J10,경기도교육청,수원시,학원,114150,요정나라음악학원,19961005,19961005,개원,        ,99991231,110,23,예능(대),예능(중),"음악,",음악, ,Y,N,경기도 수원시 권선구 권중로25번길 24,  2층 (권선동),441833,031-223-0023,20231018
J10,경기도교육청,수원시,학원,3000068512,욘센세외국어원격학원,20240408,20240408,개원,        ,        ,1000,1000,국제화,,,, ,Y,N,경기도 수원시 장안구 대평로 27,"2603호 일부(정자동, 화서역 파크푸르지오 201동 오피스텔)",16318,,20250316
J10,경기도교육청,수원시,학원,5455,우뚝국어학원,20031219,20031219,개원,        ,99991231,60,35,입시.검정 및 보습,보통교과,,보습, ,Y,N,경기도 수원시 영통구 영통로 115,204호 (망포동) ,443400,031-273-0482,20240804
J10,경기도교육청,수원시,학원,3000081622,우리동네리드인학원,20260407,20260407,개원,        ,        ,200,50,입시.검정 및 보습,,,, ,Y, ,경기도 수원시 권선구 당수로 118,", 604호·605호(당수동,더드림)",16373,,20260412
J10,경기도교육청,수원시,학원,115810,우리아이사랑음악학원,20020719,20020719,개원,20110526,20110602,25,5,예능(대),예능(중),"음악,",음악, ,Y,N,경기도 수원시 팔달구 월드컵로297번길 25,(우만동),442819,031-257-4688,20231018
J10,경기도교육청,수원시,학원,3000023196,우리외국어학원,20141103,20141103,개원,        ,99991231,58,63,국제화,외국어,실용외국어(유아/초·중·고),실용외국어(유아/초·중·고), ,Y,N,경기도 수원시 영통구 덕영대로 1547,", 6층 (영통동)",443812,null,20240421
J10,경기도교육청,수원시,학원,116486,우만푸른학원,19930311,19930311,개원,        ,99991231,12,60,종합(대),,"음악,미술,",, ,Y,N,경기도 수원시 팔달구 세지로 401,", 2층 (우만동)",442819,031-243-0431,20231018
J10,경기도교육청,수원시,학원,3000043888,우주수학학원,20200326,20200326,개원,        ,99991231,20,59,입시.검정 및 보습,보통교과,,보습, ,Y,N,경기도 수원시 장안구 정자천로 179,", 2층 203호 (정자동)",16334,,20231018
J10,경기도교육청,수원시,학원,3000051821,울림연기학원,20220720,20220720,개원,        ,99991231,250,50,직업기술,기타(중),,기타(소), ,Y,N,경기도 수원시 영통구 청명남로28번길 2,", 502호 (영통동, 아이텐텐빌딩)",16705,031-273-5829,20250323
J10,경기도교육청,수원시,학원,3000046041,웃는아이더설쌤뮤지컬댄스학원,20210202,20210202,개원,        ,99991231,180,40,종합(대),,"무용,연극,",, ,Y,N,경기도 수원시 팔달구 향교로 125,", 301호 (교동)",16463,,20260426
J10,경기도교육청,수원시,학원,3000053080,웅진씽크빅스마트올클래스매교학원,20221117,20221117,개원,        ,99991231,224,36,입시.검정 및 보습,보통교과,보습,보습, ,Y,N,경기도 수원시 권선구 세류로90번길 34,", 401호 402호 (세류동)",16459,,20240623
J10,경기도교육청,수원시,학원,3000062219,웅진씽크빅스마트올클래스우만학원,20231005,20231005,개원,        ,        ,200,40,입시.검정 및 보습,,,, ,Y,N,경기도 수원시 팔달구 권광로 363,"404호 일부(우만동, 월드프라자)",16494,,20260308
J10,경기도교육청,수원시,학원,3000043203,웅진씽크빅스마트올클래스정자학원,20200121,20200121,개원,        ,99991231,120,50,입시.검정 및 보습,보통교과,보습,보습, ,Y,N,경기도 수원시 장안구 장안로217번길 14,", 3층 301호일부, 302호전체 (정자동, 범야건설주식회사)",16339,,20250817
J10,경기도교육청,수원시,학원,3000032685,웅진씽크빅학습센터구운학원,20170404,20170404,개원,        ,99991231,32,38,입시.검정 및 보습,보통교과,보습,보습, ,Y,N,경기도 수원시 권선구 일월천로16번길 24,", 대성빌딩 5층 전체 (구운동)",16413,,20250831
J10,경기도교육청,수원시,학원,3000041554,웅진씽크빅학습센터권선학원,20190821,20190821,개원,        ,99991231,2053,81,입시.검정 및 보습,보통교과,보습,보습, ,Y,N,경기도 수원시 권선구 권광로 55,", A207호 (권선동, 권선자이 이편한세상)",16582,,20250810
J10,경기도교육청,수원시,학원,3000024089,웅진씽크빅학습센터금곡학원,20150121,20150121,개원,        ,99991231,88,52,입시.검정 및 보습,보통교과,"보습,",보통교과, ,Y,N,경기도 수원시 권선구 금곡로73번길 71,", 405호(주상가동) (금곡동, 금곡엘지아파트)",441704,031-278-6920,20250831
J10,경기도교육청,수원시,학원,3000024876,웅진씽크빅학습센터영통학원,20150303,20150303,개원,        ,99991231,220,101,입시.검정 및 보습,보통교과,"보습,",보습, ,Y,N,경기도 수원시 영통구 매영로310번길 46,", 301, 302, 304호 (영통동, 소망문화센터)",16697,,20250629
J10,경기도교육청,수원시,학원,3000051288,웅진씽크빅학습센터원천학원,20220608,20220608,개원,        ,99991231,95,55,입시.검정 및 보습,보통교과,,보습, ,Y,N,경기도 수원시 영통구 중부대로448번길 96,", 401호 일부, 402호 (원천동)",16519,031-214-4870,20250810
J10,경기도교육청,수원시,학원,3000024895,웅진씽크빅학습센터이의학원,20150326,20150326,개원,        ,99991231,160,40,입시.검정 및 보습,보통교과,"보습,",보통교과, ,Y,N,경기도 수원시 영통구 도청로17번길 40,", 205호 (이의동)",443270,031-216-6701,20250810
J10,경기도교육청,수원시,학원,3000030160,웅진씽크빅학습센터정자학원,20160909,20160909,개원,        ,99991231,98,60,입시.검정 및 보습,보통교과,보습,보습, ,Y,N,경기도 수원시 장안구 이목로 24-3,", 306호,307호 (정자동, SKY PLAZA)",16336,,20250817
J10,경기도교육청,수원시,학원,3000053550,웅진프라임구운학원,20221223,20221223,개원,        ,99991231,0,0,입시.검정 및 보습,보통교과,,보습, ,Y,N,경기도 수원시 권선구 일월천로16번길 24,", 4층 (구운동)",16413,,20250831
J10,경기도교육청,수원시,학원,3000046420,웅진프라임금곡학원,20210318,20210318,개원,        ,99991231,75,89,입시.검정 및 보습,보통교과,,보습, ,Y,N,경기도 수원시 권선구 금곡로102번길 38,", 601호, 602호 (금곡동, 호매실프라자)",16385,,20250831
J10,경기도교육청,수원시,학원,3000035712,원더킹콩학원,20180129,20180129,개원,        ,99991231,306,100,종합(대),,"보습,실용외국어(유아/초·중·고)",, ,Y,N,경기도 수원시 권선구 구운로63번길 46,", 201,202,301호 (구운동)",16406,,20250608
J10,경기도교육청,수원시,학원,3000030559,원라희영어학원,20161027,20161027,개원,        ,99991231,100,20,입시.검정 및 보습,보통교과,,보습, ,Y,N,경기도 수원시 영통구 영통로214번길 8,", 8층 (영통동)",16698,,20231018
J10,경기도교육청,수원시,학원,29997,원리수학창의센터학원,20080228,20080228,개원,        ,99991231,90,20,입시.검정 및 보습,보통교과,"보습,",보습, ,Y,N,경기도 수원시 영통구 영통로 136, 센트럴타워 609호 (망포동),443400,031-205-9981,20231018
J10,경기도교육청,수원시,학원,3000067669,원뮤직아카데미실용음악학원,20240130,20240130,개원,        ,        ,90,15,예능(대),예능(중),,음악, ,Y, ,경기도 수원시 영통구 청명남로 54,"5층(영통동, 이호빌딩)",16705,,20260201
J10,경기도교육청,수원시,학원,3000039589,원천이룸프리미엄독서실,20190215,20190215,개원,        ,99991231,0,0,독서실,독서,,독서실(유아/초·중·고), ,Y,N,경기도 수원시 영통구 매영로 141,", 6층 601호 및 602호 전체 (원천동, 원천훼밀리타운)",16519,031-214-1881,20260201
J10,경기도교육청,수원시,학원,3000074488,원탑수학과학학원,20250609,20250609,개원,        ,        ,210,0,종합(대),보통교과,"보습,보통교과",보통교과, ,Y, ,경기도 수원시 영통구 봉영로 1761,", 6층 전체(영통동)",16712,,20260301
J10,경기도교육청,수원시,학원,3000033598,원탑학원,20170711,20170711,개원,        ,99991231,165,55,입시.검정 및 보습,보통교과,보습,보습, ,Y,N,경기도 수원시 권선구 금곡로212번길 14,", 405호, 605호(금곡동, 거성빌딩)",16393,,20250810
J10,경기도교육청,수원시,학원,3000028017,원프로교육학원,20160224,20160224,개원,        ,99991231,276,60,입시.검정 및 보습,보통교과,,보습, ,Y,N,경기도 수원시 영통구 에듀타운로 24,", 501호 (이의동)",16509,031-2131-070,20251102
J10,경기도교육청,수원시,학원,3000018011,원하트실용음악학원,20130322,20130322,개원,        ,99991231,5,13,예능(대),예능(중),"음악,",음악, ,Y,N,경기도 수원시 장안구 송정로 18,", 3층 전체 (정자동25-2)",440831,031-241-7890,20231018
J10,경기도교육청,수원시,학원,3000038565,월드용접기술학원,20181107,20181107,개원,        ,99991231,165,15,직업기술,산업기반기술,기계,기계, ,Y,N,경기도 수원시 권선구 매송고색로 671,", 3층 일부(306호) (고색동)",16625,031-294-8466,20240526
J10,경기도교육청,수원시,학원,3000023200,월매쓰수학학원,20141104,20141104,개원,        ,99991231,250,20,입시.검정 및 보습,보통교과,,보습, ,Y,N,경기도 수원시 영통구 청명남로 10,", 5층 (영통동)",16705,031-205-5104,20250413
J10,경기도교육청,수원시,학원,3000069492,웨이투고수학학원,20240716,20240716,개원,        ,        ,0,0,입시.검정 및 보습,보통교과,보습,보습, ,Y, ,경기도 수원시 장안구 만석로159번길 56,",3층 전체(파장동)",16351,,20240929
J10,경기도교육청,수원시,학원,3000042739,웬디영어전문학원,20191217,20191217,개원,        ,99991231,120,35,입시.검정 및 보습,보통교과,보습,보습, ,Y,N,경기도 수원시 영통구 매영로310번길 46,", 4층 401호 전체 (영통동)",16697,,20250302
J10,경기도교육청,수원시,학원,3000075667,웬디영어전문학원망포관학원,20250818,20250818,개원,        ,        ,150,50,입시.검정 및 보습,,,, ,Y, ,경기도 수원시 영통구 태장로7번길 57,", 104호(망포동, 영통플래티넘베이스디주건축물제1동)",16685,,20251123
J10,경기도교육청,수원시,학원,3000030520,웹툰홀릭학원,20161021,20161021,개원,        ,99991231,40,25,기예(대),기예(중),,만화, ,Y,N,경기도 수원시 팔달구 매산로 143,", 중동빌딩 4층 (중동)",16263,,20231018
J10,경기도교육청,수원시,학원,3000057810,위너스하이학원,20230719,20230719,개원,        ,        ,180,60,입시.검정 및 보습,보통교과,보습,보습, ,Y,N,경기도 수원시 영통구 봉영로 1605,"405호 일부, 406호 일부(영통동, 모던타운)",16703,,20250518
J10,경기도교육청,수원시,학원,3000028293,위너학원,20160311,20160311,개원,        ,99991231,240,30,입시.검정 및 보습,보통교과,보습,보습, ,Y,N,경기도 수원시 장안구 경수대로994번길 33-8,", 301호 (송죽동)",16298,,20260412
J10,경기도교육청,수원시,학원,39554,위너해법영어수학학원,20100201,20100127,개원,        ,99991231,285,63,입시.검정 및 보습,보통교과,,보습, ,Y,N,경기도 수원시 권선구 금곡로73번길 71,", 318호, 319호, 320호, 321호 (금곡동, 금곡엘지아파트)",16382,031-294-7222,20251221
J10,경기도교육청,수원시,학원,3000054478,위니잉글리쉬영어학원,20230306,20230306,개원,        ,99991231,170,34,입시.검정 및 보습,보통교과,,보습, ,Y,N,경기도 수원시 권선구 곡반정로 160,", 425호 일부 (곡반정동, 라퍼스트)",16668,,20231018
J10,경기도교육청,수원시,학원,3000054480,위니잉글리쉬원격학원,20230306,20230306,개원,        ,99991231,400,100,입시.검정 및 보습,보통교과,,보습, ,Y,N,경기도 수원시 권선구 곡반정로 160,", 425호 일부 (곡반정동, 라퍼스트)",16668,,20231018
J10,경기도교육청,수원시,학원,3000064106,위더스수학영어학원,20240109,20240109,개원,        ,        ,120,20,입시.검정 및 보습,,,, ,Y, ,경기도 수원시 권선구 금곡로 116,", 603호(금곡동, 유동타워)",16388,,20250302
J10,경기도교육청,수원시,학원,3000054071,위드유수학학원,20230203,20230203,개원,        ,99991231,160,40,입시.검정 및 보습,보통교과,보습,보습, ,Y,N,경기도 수원시 영통구 망포로84번길 10,", 203호·204호 (망포동, 영통아이파크캐슬3단지)",16684,,20260426
J10,경기도교육청,수원시,학원,32297,위드음악학원,20080901,20080901,개원,        ,99991231,108,9,예능(대),예능(중),"음악,",음악, ,Y,N,경기도 수원시 영통구 인계로220번길 6-85,", 2층 우측일부 (매탄동)",443806,031-212-5425,20231018
J10,경기도교육청,수원시,학원,3000068807,위드학원,20240507,20240507,개원,        ,        ,350,50,입시.검정 및 보습,보통교과,보통교과,보통교과, ,Y,N,경기도 수원시 장안구 장안로 271,"204호, 205호, 206호(정자동, 북수원자이렉스비아 상가3동)",16336,,20260412
J10,경기도교육청,수원시,학원,3000074283,위매쓰수학원격학원,20250514,20250514,개원,        ,        ,500,100,입시.검정 및 보습,보통교과,보습,보습, ,Y,N,경기도 수원시 장안구 화산로213번길 15,", 201-b16호(율전동)",16417,,20260405
J10,경기도교육청,수원시,학원,3000032052,위메이크스카이(SKY)수원영통관리형독서실,20170220,20170220,개원,        ,99991231,110,110,독서실,독서,"독서실(유아/초·중·고),",독서실(유아/초·중·고), ,Y,N,경기도 수원시 영통구 청명남로28번길 2,", 802호 803호 일부 (영통동)",16705,,20231018
J10,경기도교육청,수원시,학원,3000031542,위상매쓰능률영어학원,20170105,20170105,개원,        ,99991231,645,35,입시.검정 및 보습,보통교과,보습,보습, ,Y,N,경기도 수원시 장안구 덕영대로535번길 38,", 4층 일부(406호) (천천동, 로얄프라자)",16329,,20250720
J10,경기도교육청,수원시,학원,3000038539,위즈아일랜드광교학원,20181107,20181107,개원,        ,99991231,108,108,종합(대),,"기타(소),외국어",, ,Y,N,경기도 수원시 팔달구 권광로 246,", 1층 101호, 102호, 201호, 202호, 203호 (인계동, 래미안 노블클래스)",16534,031-203-1611,20250817
J10,경기도교육청,수원시,학원,3000068026,위크뮤직음악학원,20240229,20240229,개원,        ,        ,200,40,예능(대),,,, ,Y,N,경기도 수원시 영통구 광교로 146,", 6층 일부(이의동)",16507,,20260201
J10,경기도교육청,수원시,학원,113928,위톡스어학원,19960306,19960306,개원,        ,99991231,20,32,국제화,외국어,"실용외국어(유아/초·중·고),",실용외국어(유아/초·중·고), ,Y,N,경기도 수원시 장안구 금당로 46,  신원빌딩 301호 (조원동),440847,031-247-0585,20231018
J10,경기도교육청,수원시,학원,3000041651,위프랑스어학원,20190828,20190828,개원,        ,99991231,268,30,국제화,외국어,외국어,외국어, ,Y,N,경기도 수원시 팔달구 중부대로223번길 15,", 2층 (우만동, 삼희빌딩)",16498,031-213-9949,20250302
J10,경기도교육청,수원시,학원,3000043616,윈스카이수학학원,20200303,20200303,개원,        ,99991231,24,30,입시.검정 및 보습,보통교과,,보습, ,Y,N,경기도 수원시 영통구 덕영대로 1410,", 2층 207호, 208호 전체 (망포동, 영통아이파크캐슬1단지 상가에이동)",16684,,20231018
J10,경기도교육청,수원시,학원,116271,윌그로우동수원어학원,20081023,19910719,개원,        ,99991231,52,20,국제화,외국어,"실용외국어(유아/초·중·고),",실용외국어(유아/초·중·고), ,Y,N,경기도 수원시 영통구 권선로803번길 32-7,  4층 (매탄동),443804,031-221-4242,20250323
J10,경기도교육청,수원시,학원,115218,윌그로우어학원,20000826,20000826,개원,20140502,20140508,318,80,종합(대),,"보습,실용외국어(유아/초·중·고),",, ,Y,N,경기도 수원시 팔달구 세지로 393,  3층 일부 (우만동),442819,031-253-0579,20250309
J10,경기도교육청,수원시,학원,3000033524,윌잉글리쉬학원,20170627,20170627,개원,        ,99991231,0,0,입시.검정 및 보습,보통교과,,보습, ,Y,N,경기도 수원시 영통구 광교중앙로 250,", 405호 (하동)",16512,,20250330
J10,경기도교육청,수원시,학원,3000025039,유니드피아노음악학원,20150420,20150420,개원,        ,99991231,60,40,예능(대),예능(중),"음악,",음악, ,Y,N,경기도 수원시 권선구 호매실로218번길 132,", 202호 일부(호매실동)",16402,031-227-7714,20250720
J10,경기도교육청,수원시,학원,3000055575,유니크수학학원,20230614,20230614,개원,        ,99991231,0,0,입시.검정 및 보습,보통교과,,보습, ,Y,N,경기도 수원시 장안구 대평로 80,", 701호 (정자동, 정연메이져1동)",16334,,20250420
J10,경기도교육청,수원시,학원,3000050944,유니팝광교호수센터미술학원,20220427,20220427,개원,        ,99991231,10,10,예능(대),예능(중),미술,미술, ,Y,N,경기도 수원시 영통구 광교호수공원로 20,", 근린생활시설동-1동, 201호(103동) (원천동, 더샵 광교레이크시티)",16515,,20250323
J10,경기도교육청,수원시,학원,3000038919,유니팝금곡센터미술학원,20181212,20181212,개원,        ,99991231,200,26,예능(대),예능(중),미술,미술, ,Y,N,경기도 수원시 권선구 금곡로196번길 68,", 501호 (금곡동)",16393,null,20260412
J10,경기도교육청,수원시,학원,3000048710,유니팝미술광교웰빙학원,20211110,20211110,개원,        ,99991231,34,25,예능(대),예능(중),,미술, ,Y,N,경기도 수원시 영통구 웰빙타운로 41,", 301호 (이의동, 드림스퀘어2)",16224,,20231018
J10,경기도교육청,수원시,학원,3000045063,유니팝미술망포센터학원,20200916,20200916,개원,        ,99991231,28,29,예능(대),예능(중),,미술, ,Y,N,경기도 수원시 영통구 망포로 142,301호(망포동),16685,,20231119
J10,경기도교육청,수원시,학원,114546,유니팝미술파장센터학원,19980214,19980214,개원,        ,99991231,81,90,예능(대),예능(중),"미술,",미술, ,Y,N,경기도 수원시 장안구 파장로68번길 34,  3층 (파장동),440853,031-241-5008,20231018
J10,경기도교육청,수원시,학원,3000017417,유니팝미술학원,20130115,20130115,개원,        ,99991231,179,27,예능(대),예능(중),미술,미술, ,Y,N,경기도 수원시 영통구 도청로17번길 34,", 에듀메디컬 401호 (이의동)",443270,070-7678-7787,20260405
J10,경기도교육청,수원시,학원,3000050199,유니팝미술학원잉크레더블어학원,20220228,20220228,개원,        ,99991231,48,115,종합(대),,"실용외국어(유아/초·중·고),",, ,Y,N,경기도 수원시 권선구 동수원로146번길 253,", 3층, 4층 (곡반정동)",16670,,20231018
J10,경기도교육청,수원시,학원,3000018794,유레카수학과학전문학원,20130621,20130621,개원,        ,99991231,150,50,입시.검정 및 보습,보통교과,,보습, ,Y,N,경기도 수원시 영통구 청명로 83,", 4층 전체 (영통동)",443815,,20231018
J10,경기도교육청,수원시,학원,3000036620,유명학원,20180411,20180411,개원,        ,99991231,180,25,입시.검정 및 보습,보통교과,"보습,",보습, ,Y,N,경기도 수원시 권선구 금곡로102번길 37,", 광원센트럴프라자B동 303호 (금곡동)",16388,031-291-5566,20231018
J10,경기도교육청,수원시,학원,3000045422,유앤아이댄스학원,20201112,20201112,개원,        ,99991231,89,20,기예(대),기예(중),,댄스, ,Y,N,경기도 수원시 장안구 광교산로 154-13,", 2층 전체 (하광교동, 원천칡냉면)",16213,,20231018
J10,경기도교육청,수원시,학원,3000012596,유앤아이학원,20110922,20110922,개원,        ,99991231,42,42,입시.검정 및 보습,보통교과,"보습,",보습, ,Y,N,경기도 수원시 장안구 만석로19번길 11-3,  태영프라자 401호 (천천동),440330,031-253-0495,20231018
J10,경기도교육청,수원시,학원,3000061983,유어드림영어학원,20230911,20230911,개원,        ,        ,200,50,입시.검정 및 보습,,,, ,Y,N,경기도 수원시 장안구 만석로20번길 25,"201호(정자동,청솔마을 SK한화아파트)",16330,,20251012
J10,경기도교육청,수원시,학원,114632,유영상음악학원,19980605,19980605,개원,        ,99991231,22,56,예능(대),예능(중),"음악,",음악, ,Y,N,경기도 수원시 권선구 세권로85번길 13,  2층 (세류동),441870,031-34-7677,20231018
J10,경기도교육청,수원시,학원,3000027748,유캔어학원,20160113,20160113,개원,        ,99991231,494,41,국제화,외국어,외국어,외국어, ,Y,N,경기도 수원시 장안구 수성로245번길 30,", 2층일부 (정자동)",16317,031-253-0582,20250615
J10,경기도교육청,수원시,학원,3000049075,유쾌한수학과학학원,20211208,20211208,개원,        ,99991231,200,50,입시.검정 및 보습,보통교과,,보습, ,Y,N,경기도 수원시 영통구 영통로217번길 6,", 504호(영통동)",16698,,20240804
J10,경기도교육청,수원시,학원,12759,유클리드보습학원,20041214,20041214,개원,        ,99991231,190,50,입시.검정 및 보습,보통교과,보습,보습, ,Y,N,경기도 수원시 장안구 송원로 53-7, 삼성아트빌 201호 2층 (송죽동),440806,031-892-1777,20260405
J10,경기도교육청,수원시,학원,3000020271,유클리드수학학원,20131219,20131219,개원,        ,99991231,120,120,입시.검정 및 보습,보통교과,,보습, ,Y,N,경기도 수원시 영통구 태장로 84,", 502호 (망포동, 망포프라자)",16687,031-206-5658,20231018
J10,경기도교육청,수원시,학원,3000034440,유클리드학원,20171016,20171016,개원,20230605,20230611,100,30,입시.검정 및 보습,보통교과,,보습, ,Y,N,경기도 수원시 장안구 덕영대로381번길 63-24,", 201호 (율전동)",16358,031-269-2468,20260201
J10,경기도교육청,수원시,학원,3000037277,유투엠광교학원,20180626,20180626,개원,        ,99991231,50,100,입시.검정 및 보습,보통교과,,보습, ,Y,N,경기도 수원시 영통구 혜령로 8,", 202호, 203호 (이의동)",16509,031-211-4924,20231018
J10,경기도교육청,수원시,학원,3000024219,유투엠수원정자학원,20150206,20150206,개원,        ,99991231,301,80,입시.검정 및 보습,보통교과,보습,보습, ,Y,N,경기도 수원시 장안구 대평로 80,", 801호, 802호, 809호 (정자동, 정연메이져1동)",440841,,20260405
J10,경기도교육청,수원시,학원,3000037813,유피수학학원,20180822,20180822,개원,        ,99991231,39,55,입시.검정 및 보습,보통교과,보습,보습, ,Y,N,경기도 수원시 영통구 봉영로 1605,", 702호 (영통동, 모던타운)",16703,,20251012
J10,경기도교육청,수원시,학원,3000011448,유하이에듀학원,20110610,20110610,개원,        ,99991231,150,50,입시.검정 및 보습,보통교과,"보습,",보습, ,Y,N,경기도 수원시 장안구 정자천로 179,  레몬스포렉스 2층 206호 (정자동),440841,031-268-5886,20231018
J10,경기도교육청,수원시,학원,3000030560,육일이어학원,20161027,20161027,개원,        ,99991231,60,15,국제화,국제,어학(성인),어학(성인), ,Y,N,경기도 수원시 영통구 영통로214번길 8,", 7층 전체 (영통동 976-2, 수정빌딩)",16698,031-273-6120,20260405
J10,경기도교육청,수원시,학원,39491,윤선생아이지에스이동수원학원,20100201,20100120,개원,        ,99991231,100,80,입시.검정 및 보습,보통교과,보습,보습, ,Y,N,경기도 수원시 영통구 매탄로108번길 16,", 401호 일부 (매탄동, 엔타운)",16545,031-217-1004,20250316
J10,경기도교육청,수원시,학원,40029,윤선생영어숲상률학원,20100305,20100303,개원,        ,99991231,120,25,입시.검정 및 보습,보통교과,,보습, ,Y,N,경기도 수원시 장안구 덕영대로417번길 95,  2층 전체 (율전동),440824,031-269-3601,20250330
J10,경기도교육청,수원시,학원,13643,윤스발레학원,20021129,20021129,개원,        ,99991231,120,30,예능(대),예능(중),무용,무용, ,Y,N,경기도 수원시 장안구 정자천로 179,", 506호·507호 (정자동)",16334,031-298-2998,20250615
J10,경기도교육청,수원시,학원,3000067953,윤은해영어학원,20240226,20240226,개원,        ,        ,120,30,입시.검정 및 보습,,,, ,Y, ,경기도 수원시 권선구 금호로 39,", 3층 전체(금곡동)",16396,,20240310
J10,경기도교육청,수원시,학원,42329,윤혜경언어논술학원,20100920,20100906,개원,        ,99991231,81,50,입시.검정 및 보습,보통교과,"보습,",보습, ,Y,N,경기도 수원시 권선구 동수원로242번길 6,", 303호 (권선동 1296-1, 나눔프라자)",16553,031-2366-378,20231018
J10,경기도교육청,수원시,학원,4025,윤혜경음악학원,20031020,20031020,개원,        ,99991231,99,11,예능(대),예능(중),"음악,",음악, ,Y,N,경기도 수원시 영통구 봉영로 1612,  보보스프라자 506호 (영통동),443814,031-273-0030,20250302
J10,경기도교육청,수원시,학원,19148,율전소리숲음악학원,20051020,20051020,개원,        ,99991231,80,27,예능(대),예능(중),"음악,",음악, ,Y,N,경기도 수원시 장안구 상률로 32, 밤꽃마을뜨란채 상가동 203호 (율전동),440724,031-242-0130,20231030
J10,경기도교육청,수원시,학원,1862,율전아리아음악학원,20000605,20000605,개원,        ,99991231,174,18,예능(대),예능(중),"음악,",음악, ,Y,N,경기도 수원시 장안구 율전로 105,  3층 302호 (율전동),440825,031-291-1263,20231018
J10,경기도교육청,수원시,학원,3000040396,율전필수학학원,20190418,20190418,개원,        ,99991231,96,12,입시.검정 및 보습,보통교과,"보습,",보습, ,Y,N,경기도 수원시 장안구 율전로 104,", 3층 302호 (율전동, 청수빌딩)",16360,031-217-0266,20241103
J10,경기도교육청,수원시,학원,3000021855,율학원,20140610,20140611,개원,        ,99991231,450,89,입시.검정 및 보습,보통교과,"보습,보습·논술",보습, ,Y,N,경기도 수원시 팔달구 중부대로223번길 4,", 505호 (우만동,블루하우스)",442816,null,20240324
J10,경기도교육청,수원시,학원,116100,으뜸웅변학원,19900428,19900428,개원,        ,99991231,10,30,기타(대),기타(중),"웅변,",웅변, ,Y,N,경기도 수원시 팔달구 고매로 25 (), ,442880,031-256-6876,20250831
J10,경기도교육청,수원시,학원,3000024244,은률피아노학원,20150210,20150210,개원,        ,99991231,507,50,기예(대),기예(중),"실용음악(성악),",실용음악(성악), ,Y,N,경기도 수원시 팔달구 권광로 126,", 2층 전체 (인계동)",442835,,20241201
J10,경기도교육청,수원시,학원,3000032636,음나리음악학원,20170404,20170404,개원,        ,99991231,10,10,예능(대),예능(중),"음악,",음악, ,Y,N,경기도 수원시 영통구 권선로803번길 6,", 2층(매탄동 1172) (매탄동)",16546,,20231018
J10,경기도교육청,수원시,학원,114507,음악나라음악학원,19980115,19980115,개원,        ,99991231,270,20,예능(대),예능(중),음악,음악, ,Y,N,경기도 수원시 권선구 권광로27번길 22,", 201호~203호 (권선동 1187-1, 신현대아파트단지내상가동)",16583,031-235-8548,20260426
J10,경기도교육청,수원시,학원,3000015008,음악실동경하다실용음악학원,20120425,20120425,개원,        ,99991231,270,30,예능(대),예능(중),음악,음악, ,Y,N,경기도 수원시 영통구 효원로 383,", 701호 (매탄동,매탄프라자)",443848,031-215-6656,20240929
J10,경기도교육청,수원시,학원,3000033135,음악이야기학원,20170531,20170531,개원,        ,99991231,116,13,예능(대),예능(중),"음악,",음악, ,Y,N,경기도 수원시 권선구 금곡로102번길 37,", 센트럴프라자B동 401호 (금곡동)",16388,,20231018
J10,경기도교육청,수원시,학원,38021,이강학원,20091021,20091021,개원,        ,99991231,891,297,입시.검정 및 보습,보통교과,"보습,",보습, ,Y,N,경기도 수원시 장안구 대평로 80,", 204호,207호,212호,213호,304호 (정자동,정연메이져1동)",16334,031-255-8215,20251109
J10,경기도교육청,수원시,학원,3000022399,이강학원입시센터학원,20140730,20140730,개원,        ,99991231,2680,274,종합(대),,"보습,진학상담지도",, ,Y,N,경기도 수원시 영통구 봉영로 1605,", 102호 (영통동,모던타운)",443810,031-204-1353,20250427
J10,경기도교육청,수원시,학원,3000064041,이과전문관엔(N)러셀영통독서실,20240105,20240105,개원,        ,        ,186,186,독서실,독서,"독서실,독서실(유아/초·중·고)",독서실(유아/초·중·고), ,Y,N,경기도 수원시 영통구 매영로345번길 111,"1층 일부(영통동, (주)경기방송 1동)",16703,,20260301
J10,경기도교육청,수원시,학원,3000023479,이규봉영어학원,20141120,20141120,개원,        ,99991231,400,20,입시.검정 및 보습,보통교과,보습,보습, ,Y,N,경기도 수원시 장안구 만석로19번길 25-6,", 802호 (천천동, 광장프라자)",440330,031-271-3577,20250112
J10,경기도교육청,수원시,학원,3000013821,이규상수학학원,20120113,20120113,개원,        ,99991231,455,35,입시.검정 및 보습,보통교과,,보습, ,Y,N,경기도 수원시 영통구 효원로 381,", 302-1호 (매탄동, 새롬프라자16차)",443848,031-216-9339,20231126
J10,경기도교육청,수원시,학원,43348,이길수학학원,20101201,20101130,개원,        ,99991231,40,50,입시.검정 및 보습,보통교과,"보습,",보습, ,Y,N,경기도 수원시 장안구 서부로2105번길 16-4,  2층 전체 (율전동),440827,031-293-2365,20231018
J10,경기도교육청,수원시,학원,35575,이니투스학원,20101004,20090710,개원,        ,99991231,300,195,입시.검정 및 보습,보통교과,,보습, ,Y,N,경기도 수원시 장안구 정자천로173번길 17,", 투대일타운 7층 701호,702호,703호,704호705호 (정자동)",440841,031-271-6284,20260405
J10,경기도교육청,수원시,학원,1880,이든샘음악학원,20000207,20000207,개원,        ,99991231,162,18,예능(대),예능(중),음악,음악, ,Y,N,경기도 수원시 권선구 여기산로 22-1,  2층 (서둔동),441857,031-295-1778,20260405
J10,경기도교육청,수원시,학원,3000033240,이든학원,20170613,20170613,개원,        ,99991231,36,52,입시.검정 및 보습,보통교과,"보습,",보습, ,Y,N,경기도 수원시 권선구 하탑로34번길 30,", 2층 전체 (탑동)",16610,,20231018
J10,경기도교육청,수원시,학원,9679,이래현학원,20040101,20040101,개원,        ,99991231,200,60,입시.검정 및 보습,보통교과,입시,입시, ,Y,N,경기도 수원시 영통구 효원로 383,", 매탄프라자 7층 702호 전체 (매탄동,매탄프라자)",443848,031-212-3571,20240310
J10,경기도교육청,수원시,학원,3000068492,이레실용음악학원,20240404,20240404,개원,        ,        ,250,50,기예(대),,,, ,Y, ,경기도 수원시 영통구 영통로200번길 21,"404호(영통동, 현대프라자)",16690,,20250316
J10,경기도교육청,수원시,학원,3000025034,이레음악학원,20150417,20150417,개원,        ,99991231,150,50,예능(대),예능(중),"음악,",음악, ,Y,N,경기도 수원시 권선구 호매실로218번길 128,", 401호(호매실동)",16402,031-291-7771,20260426
J10,경기도교육청,수원시,학원,3000042672,이로운논술학원,20191211,20191211,개원,        ,99991231,36,15,입시.검정 및 보습,보통교과,"보습,보습·논술",보습·논술, ,Y,N,경기도 수원시 영통구 매탄로 142,", 3층 303호 전체 (매탄동, 양성프라자)",16544,null,20240331
J10,경기도교육청,수원시,학원,3000076291,이로운학원,20251030,20251030,개원,        ,        ,150,30,입시.검정 및 보습,,,, ,Y, ,경기도 수원시 장안구 대평로51번길 56,", 401호·504호(정자동,화서역파크뷰상가동)",16319,,20251102
J10,경기도교육청,수원시,학원,3000014096,이루다연기학원,20120214,20120214,개원,        ,99991231,72,36,기타(대),기타(중),,연극, ,Y,N,경기도 수원시 장안구 만석로 215,", 4층 전체 (송죽동,신세계종합건설)",440802,031-256-2545,20260201
J10,경기도교육청,수원시,학원,3000054060,이루다영어수학전문학원,20230203,20230203,개원,        ,99991231,48,50,입시.검정 및 보습,보통교과,,보습, ,Y,N,경기도 수원시 권선구 당진로15번길 42,", 2층 (당수동)",16376,,20231018
J10,경기도교육청,수원시,학원,3000053445,이루다학원,20221214,20221214,개원,        ,99991231,0,0,입시.검정 및 보습,보통교과,,보습, ,Y,N,경기도 수원시 장안구 정자천로173번길 11-6,", 701호 일부, 702호 전체 (정자동, 세경프라자)",16334,,20250302
J10,경기도교육청,수원시,학원,3000072970,이룸수학학원,20241231,20241231,개원,        ,        ,0,0,입시.검정 및 보습,보통교과,보습,보습, ,Y, ,경기도 수원시 팔달구 팔달로 69,", 206호(고등동, 라임스퀘어)",16452,,20260405
J10,경기도교육청,수원시,학원,3000047596,이룸스터디학원,20210716,20210716,개원,        ,99991231,150,50,입시.검정 및 보습,정보,,정보교과, ,Y,N,경기도 수원시 장안구 만석로19번길 11-7,", 506호 (천천동, 대일프라자)",16329,031-269-4891,20241201
J10,경기도교육청,수원시,학원,22918,이룸아인스학원,20060712,20060712,개원,        ,99991231,83,83,종합(대),,"보습,음악,",, ,Y,N,경기도 수원시 권선구 곡반정로65번길 9-11,  1 2층 (곡반정동),441400,070-8233-1998,20231018
J10,경기도교육청,수원시,학원,3000013675,이룸푸르넷학원,20111228,20111228,개원,        ,99991231,70,46,입시.검정 및 보습,보통교과,,보습, ,Y,N,경기도 수원시 장안구 송정로 45-2,", 2층 전부 (송죽동,사랑이넘치는교회)",440801,031-255-1774,20250413
J10,경기도교육청,수원시,학원,24834,이룸학원,20061218,20061218,개원,        ,99991231,192,250,입시.검정 및 보습,보통교과,보습,보습, ,Y,N,경기도 수원시 장안구 만석로19번길 11-3,", 1001호,1002호,1003호 (천천동, 태영프라자)",16329,031-269-4412,20250427
J10,경기도교육청,수원시,학원,3000012040,이명진발레학원,20110729,20110729,개원,        ,99991231,40,20,예능(대),예능(중),"무용,",무용, ,Y,N,경기도 수원시 영통구 매영로39번길 5,", 3층 전체(매탄동)",16524,031-215-1210,20251123
J10,경기도교육청,수원시,학원,3000038858,이문어학원,20181210,20181210,개원,        ,99991231,32,45,입시.검정 및 보습,보통교과,"보습,",보습, ,Y,N,경기도 수원시 장안구 금당로 58,",  2층 전체 (조원동, 근영빌딩)",16282,,20231018
J10,경기도교육청,수원시,학원,3000062557,이바우펫애견미용학원,20231108,20231208,개원,        ,        ,240,40,직업기술,일반서비스,애견미용,애견미용, ,Y,N,경기도 수원시 팔달구 덕영대로 905,"1101호, 1106호(매산로1가, 아이메카 상가)",16455,,20260426
J10,경기도교육청,수원시,학원,3000026904,이베스트영어학원,20151120,20151120,개원,        ,99991231,24,59,입시.검정 및 보습,보통교과,,보습, ,Y,N,경기도 수원시 영통구 봉영로1517번길 20,", 203호~207호 (영통동, 극동.풍림아파트)",16699,031-203-1833,20250608
J10,경기도교육청,수원시,학원,3000028167,이보영의토킹클럽정자어학원,20160304,20160304,개원,        ,99991231,250,93,국제화,외국어,"실용외국어(유아/초·중·고),",실용외국어(유아/초·중·고), ,Y,N,경기도 수원시 장안구 이목로 24-3,", 308호 및 310-1호 (정자동)",16336,031-244-0579,20231018
J10,경기도교육청,수원시,학원,3000017380,이보영토킹클럽양나무수학학원,20130108,20130108,개원,        ,99991231,300,0,종합(대),,,, ,Y,N,경기도 수원시 영통구 센트럴타운로100번길 8,", 에이타워 501호,502호 (이의동)",443270,031-217-0905,20231018
J10,경기도교육청,수원시,학원,3000041034,이산학원,20190627,20190627,개원,        ,99991231,60,40,입시.검정 및 보습,보통교과,,보습, ,Y,N,경기도 수원시 장안구 송원로 113,", 2층 11-14호 (조원동, 조원빌딩)",16294,,20250302
J10,경기도교육청,수원시,학원,3000044604,이샘에듀학원,20200715,20200715,개원,        ,99991231,178,62,입시.검정 및 보습,보통교과,,보습, ,Y,N,경기도 수원시 팔달구 중부대로 177,", 701호 (우만동, 송림빌딩)",16494,,20231018
J10,경기도교육청,수원시,학원,3000038895,이선생수학학원,20181211,20181211,개원,        ,99991231,160,30,입시.검정 및 보습,보통교과,"보습,",보습, ,Y,N,경기도 수원시 권선구 서수원로47번길 9,", 301호 (오목천동)",16640,,20231018
J10,경기도교육청,수원시,학원,115185,이선희무용학원,20000708,20000708,개원,        ,99991231,800,40,예능(대),예능(중),,무용, ,Y,N,경기도 수원시 장안구 정자천로173번길 11-13,  정자프라자 6층 일부 (정자동),440841,031-269-8595,20251012
J10,경기도교육청,수원시,학원,3000015067,이성식기타전문학원,20120501,20120501,개원,        ,99991231,112,30,예능(대),예능(중),,음악, ,Y,N,경기도 수원시 장안구 만석로19번길 11-3,", 604호 (천천동,태영프자라)",440330,031-269-9080,20250209
J10,경기도교육청,수원시,학원,3000062523,이성원국어훈련소학원,20231106,20231106,개원,        ,        ,156,52,입시.검정 및 보습,보통교과,,보습, ,Y,N,경기도 수원시 영통구 청명남로 16,3층 전체(영통동),16705,,20260405
J10,경기도교육청,수원시,학원,3000051892,이세돌바둑학원,20220728,20220728,개원,        ,99991231,20,40,기타(대),기타(중),바둑,바둑, ,Y,N,경기도 수원시 영통구 에듀타운로 102,", B동 514호, 515호 (이의동, 광교중앙역 SK VIEW)",16509,null,20250406
J10,경기도교육청,수원시,학원,3000051096,이승희중고등영어국어학원,20220516,20220516,개원,        ,99991231,205,41,입시.검정 및 보습,보통교과,보습,보습, ,Y,N,경기도 수원시 권선구 탑동로57번길 2,", 2층 전체  (탑동)",16603,,20240526
J10,경기도교육청,수원시,학원,3000049758,이십오센티미터고등학원,20220120,20220120,개원,        ,99991231,0,0,입시.검정 및 보습,보통교과,,보습, ,Y,N,경기도 수원시 권선구 매실로53번길 11,", 4층 일부 (호매실동)",16400,,20231018
J10,경기도교육청,수원시,학원,3000033975,이십오센티미터영어수학초등전문학원,20170818,20170818,개원,        ,99991231,24,32,입시.검정 및 보습,보통교과,"보습,",보습, ,Y,N,경기도 수원시 권선구 매곡로 56,", 2층 일부 (금곡동)",16398,,20231018
J10,경기도교육청,수원시,학원,3000048688,이십오센티미터중등학원,20211108,20211108,개원,        ,99991231,50,48,입시.검정 및 보습,보통교과,,보습, ,Y,N,경기도 수원시 권선구 매실로53번길 7,", 2층 (호매실동)",16400,,20231018
J10,경기도교육청,수원시,학원,3000069268,이쌤보습학원,20240625,20240625,개원,        ,        ,200,40,입시.검정 및 보습,보통교과,보습,보습, ,Y, ,경기도 수원시 권선구 금호로 39,", 2층 전체(금곡동)",16396,,20240630
J10,경기도교육청,수원시,학원,3000025286,이쌤수학학원,20150513,20150513,개원,        ,99991231,30,50,입시.검정 및 보습,보통교과,보습,보습, ,Y,N,경기도 수원시 영통구 대학로 109,", 201호 (이의동)",443270,,20251026
J10,경기도교육청,수원시,학원,115753,이씨와이키즈스쿨외국어학원,20020509,20020509,개원,        ,99991231,62,84,국제화,외국어,"실용외국어(유아/초·중·고),",실용외국어(유아/초·중·고), ,Y,N,경기도 수원시 영통구 효원로 387,  풍성프라자 6층 (매탄동),443848,031-212-0533,20231018
J10,경기도교육청,수원시,학원,3000022884,이아이이(EIE)고려대수원금곡국제영어학원,20140929,20140929,개원,        ,99991231,275,71,입시.검정 및 보습,보통교과,보습,보습, ,Y,N,경기도 수원시 권선구 금곡로102번길 20,", 502호 일부, 503호 전체 (금곡동, 센타프라자)",16385,031-295-8787,20251123
J10,경기도교육청,수원시,학원,3000046333,이안서가광교학원,20210310,20210310,개원,        ,99991231,150,50,입시.검정 및 보습,보통교과,"보습,보습·논술",보습, ,Y,N,경기도 수원시 영통구 광교호수공원로 277,", 2F-32호 33호 (원천동, 광교중흥에스클래스)",16517,031-212-4589,20250427
J10,경기도교육청,수원시,학원,3000068889,이안서가중고등관학원,20240516,20240516,개원,        ,        ,120,40,입시.검정 및 보습,,,, ,Y, ,경기도 수원시 영통구 봉영로 1605,"413호(영통동, 모던타운)",16703,,20250316
J10,경기도교육청,수원시,학원,3000023569,이안서가학원,20141205,20141205,개원,        ,99991231,100,30,입시.검정 및 보습,보통교과,,보습, ,Y,N,경기도 수원시 영통구 봉영로 1605,", 603호일부 (영통동, 모던타운)",443470,,20231018
J10,경기도교육청,수원시,학원,3000055106,이안수학학원,20230428,20230428,개원,        ,99991231,35,30,입시.검정 및 보습,보통교과,보습,보습, ,Y,N,경기도 수원시 권선구 금곡로212번길 25,", 206호, 207호(금곡동, 광일프라자)",16393,,20251102
J10,경기도교육청,수원시,학원,3000072137,이앤비(EnB)영어학원,20241016,20241016,개원,        ,        ,90,30,입시.검정 및 보습,,,, ,Y,N,경기도 수원시 영통구 광교호수로 15,", 111호, 112호(원천동,광교 더샵 근린생활시설동)",16515,,20241103
J10,경기도교육청,수원시,학원,3000062268,이앤이영어학원,20231011,20231011,개원,        ,        ,120,30,입시.검정 및 보습,보통교과,,보습, ,Y,N,경기도 수원시 장안구 대평로 80,"713호(정자동, 정연메이져1동)(정자동)",16334,010-4432-6279,20260201
J10,경기도교육청,수원시,학원,3000027749,이야기로여는생명수학정자다니엘학원,20160126,20160126,개원,        ,99991231,393,35,입시.검정 및 보습,보통교과,,보습, ,Y,N,경기도 수원시 장안구 파장로 53,", 201호 (정자동, 정자벽산블루밍상가2)",16340,031-255-8904,20250323
J10,경기도교육청,수원시,학원,3000020832,이야기로여는생명수학학원,20140225,20140225,개원,        ,99991231,112,45,입시.검정 및 보습,보통교과,,보습, ,Y,N,경기도 수원시 영통구 에듀타운로 23,", 304호 (이의동)",443270,031-215-0892,20251207
J10,경기도교육청,수원시,학원,3000015018,이에이에쓰엘영어학원,20120430,20120430,개원,        ,99991231,60,30,입시.검정 및 보습,보통교과,보습,보습, ,Y,N,경기도 수원시 권선구 권광로 55,", A209-1호(권선동,권선자이 이편한세상 상가1)",16582,031-222-0579,20251221
J10,경기도교육청,수원시,학원,28062,이엔에프차수학학원,20070911,20070911,개원,        ,99991231,150,50,입시.검정 및 보습,보통교과,"보습,",보습, ,Y,N,경기도 수원시 권선구 서수원로591번길 26,  금곡프라자 3층 101호 남측 일부 (금곡동),441838,031-295-0118,20231018
J10,경기도교육청,수원시,학원,3000026206,이엔엠영수입시전문학원,20150902,20150902,개원,        ,99991231,70,190,종합(대),,"보습,",, ,Y,N,경기도 수원시 장안구 대평로 86,", 1001호 (정자동, 화이트쇼핑몰)",16334,,20231018
J10,경기도교육청,수원시,학원,3000055107,이엘음악학원,20230428,20230428,개원,        ,99991231,75,25,예능(대),예능(중),,음악, ,Y,N,경기도 수원시 영통구 망포로48번길 7,", 4호 (망포동, 영통 롯데캐슬 엘클래스 2단지 근린생활시설)",16714,null,20260405
J10,경기도교육청,수원시,학원,3000024043,이엠(EM)코칭영수학원,20150114,20150114,개원,        ,99991231,200,50,입시.검정 및 보습,보통교과,,보습, ,Y,N,경기도 수원시 팔달구 중부대로143번길 11, 402호 전체 (우만동),442819,,20250907
J10,경기도교육청,수원시,학원,3000062427,이엠(EM)플러스스카이뷰점학원,20231026,20231026,개원,        ,        ,150,50,입시.검정 및 보습,진학지도,진학상담지도,진학상담지도, ,Y,N,경기도 수원시 장안구 이목로 24-3,"209호(정자동, SKY PLAZA)(정자동)",16336,010-4997-1177,20251214
J10,경기도교육청,수원시,학원,3000074960,이엠(EM)플러스정자점학원,20250724,20250724,개원,        ,        ,180,40,입시.검정 및 보습,,,, ,Y, ,경기도 수원시 장안구 대평로90번길 12-9,", 4층 일부(정자동, 서강프라자)",16334,,20251123
J10,경기도교육청,수원시,학원,3000019019,이엠베스트학원,20130709,20130709,개원,        ,99991231,270,43,입시.검정 및 보습,,"보습,",, ,Y,N,경기도 수원시 영통구 태장로54번길 66,", 2층 일부 (망포동)",443400,,20231018
J10,경기도교육청,수원시,학원,3000012506,이엠수학학원,20110916,20110916,개원,        ,99991231,50,30,입시.검정 및 보습,보통교과,,보습, ,Y,N,경기도 수원시 팔달구 권광로 246, 래미안 노블플래스 상가동 204호 (인계동),442829,031-302-0972,20250302
J10,경기도교육청,수원시,학원,3000017268,이엠아이학원,20121228,20121228,개원,        ,99991231,36,36,입시.검정 및 보습,보통교과,"보습,",보습, ,Y,N,경기도 수원시 권선구 세권로 192,", 4층전체 (권선동)",441824,031-238-3080,20231018
J10,경기도교육청,수원시,학원,3000022241,이엠아인스입시학원,20140718,20140718,개원,        ,99991231,80,239,종합(대),,보습,, ,Y,N,경기도 수원시 권선구 권광로 68,", 5층 전체 (권선동)",441824,null,20240128
J10,경기도교육청,수원시,학원,3000053686,이엠영어학원,20230103,20230103,개원,        ,99991231,160,40,입시.검정 및 보습,보통교과,,보습, ,Y,N,경기도 수원시 영통구 봉영로 1763,", 401호 일부 (영통동, 한성프라자)",16712,,20260201
J10,경기도교육청,수원시,학원,3000025356,이엠탑학원,20150526,20150526,개원,        ,99991231,140,25,입시.검정 및 보습,보통교과,보습,보습, ,Y,N,경기도 수원시 장안구 대평로 80,", 413호 (정자동, 정연메이져1동)",440841,null,20250105
J10,경기도교육청,수원시,학원,3000074961,이엠플러스입시컨설팅학원,20250724,20250724,개원,        ,        ,60,30,입시.검정 및 보습,진학지도,진학상담지도,진학상담지도, ,Y, ,경기도 수원시 장안구 대평로90번길 12-9,", 4층 일부(정자동, 서강프라자)",16334,,20260201
J10,경기도교육청,수원시,학원,3000054970,이오에스윙슬리외국어학원,20230413,20230413,개원,        ,99991231,300,100,종합(대),외국어,,외국어, ,Y,N,경기도 수원시 영통구 청명로21번길 19,", 2층 전체 (영통동, 탑빌딩)",16705,,20260412
J10,경기도교육청,수원시,학원,3000014011,이윤미영어학원,20120208,20120208,개원,        ,99991231,113,20,입시.검정 및 보습,예능(중),,미술, ,N,N,경기도 수원시 권선구 세권로 222-6,", 2층 전체 (권선동)",441824,031-225-8310,20260201
J10,경기도교육청,수원시,학원,3000053921,이음수학학원,20230125,20230125,개원,        ,99991231,46,32,입시.검정 및 보습,보통교과,보습,보습, ,Y,N,경기도 수원시 권선구 곡반정로 160,", 414호 (곡반정동, 라퍼스트)",16668,null,20240526
J10,경기도교육청,수원시,학원,3000077191,이음영어학원,20260119,20260119,개원,        ,        ,300,75,국제화,,,, ,Y, ,경기도 수원시 영통구 봉영로 1623,", 307호(영통동, 드림피아빌딩)",16703,,20260201
J10,경기도교육청,수원시,학원,3000047282,이음음악학원,20210617,20210617,개원,        ,99991231,19,16,예능(대),예능(중),,음악, ,Y,N,경기도 수원시 영통구 센트럴파크로127번길 156,", 지1층 (이의동, ARUMVILL)",16506,010-3831-4052,20231018
J10,경기도교육청,수원시,학원,20407,이일이어학원,20060111,20060111,개원,        ,99991231,402,60,국제화,외국어,,실용외국어(유아/초·중·고), ,Y,N,경기도 수원시 영통구 권광로260번길 36,", 201호 (매탄동 176외3필지, 현대힐스테이트아파트 상가1)",16532,031-212-5086,20250608
J10,경기도교육청,수원시,학원,3000019038,이자경고등수학학원,20130723,20130723,개원,        ,99991231,1240,83,입시.검정 및 보습,보통교과,보습,보습, ,Y,N,경기도 수원시 권선구 세권로 222-3,", 3층 (권선동)",441824,031-236-8558,20260405
J10,경기도교육청,수원시,학원,3000043669,이자경수학권선학원,20200306,20200304,개원,        ,99991231,544,45,입시.검정 및 보습,보통교과,보습,보습, ,Y,N,경기도 수원시 권선구 동수원로177번길 40,", 121호, 122호, 218호 (권선동)",16663,031-236-8558,20250420
J10,경기도교육청,수원시,학원,3000073069,이자경수학망포학원,20250107,20250107,개원,        ,        ,240,80,입시.검정 및 보습,보통교과,보습,보습, ,Y, ,경기도 수원시 영통구 영통로 115,", 4층 403호(망포동, 신영통알파빌딩)",16687,,20260412
J10,경기도교육청,수원시,학원,3000052327,이자경수학매교고등학원,20220906,20220906,개원,        ,99991231,836,97,입시.검정 및 보습,보통교과,,보습, ,Y,N,경기도 수원시 팔달구 정조로 667,", 707호 (매교동), 마이온프라자",16467,,20260405
J10,경기도교육청,수원시,학원,3000052329,이자경수학매교학원,20220906,20220906,개원,        ,99991231,390,55,입시.검정 및 보습,보통교과,보습,보습, ,Y,N,경기도 수원시 팔달구 정조로 667,", 701호 (매교동), 마이온프라자",16467,,20260426
J10,경기도교육청,수원시,학원,3000062717,이자경수학아이파크고등학원,20231123,20231123,개원,        ,        ,100,50,입시.검정 및 보습,보통교과,보습,보습, ,Y, ,경기도 수원시 권선구 동수원로177번길 40,"상가 211호(권선동,수원아이파크시티8단지)",16663,,20260405
J10,경기도교육청,수원시,학원,3000046421,이자경수학아이파크학원,20210318,20210318,개원,        ,99991231,1971,36,입시.검정 및 보습,보통교과,보습,보습, ,Y,N,경기도 수원시 권선구 동수원로177번길 40,", 107호, 203호 (권선동)",16663,null,20260405
J10,경기도교육청,수원시,학원,3000068495,이자경수학영통고등학원,20240404,20240404,개원,        ,        ,240,80,입시.검정 및 보습,보통교과,보습,보습, ,Y, ,경기도 수원시 영통구 봉영로 1587,"703호(영통동, 다모아프라자)",16703,,20260405
J10,경기도교육청,수원시,학원,3000042901,이자경수학영통관학원,20191231,20191230,개원,        ,99991231,776,115,입시.검정 및 보습,보통교과,보습,보습, ,Y,N,경기도 수원시 영통구 봉영로 1587,", 8층 801호 전체 (영통동, 다모아프라자)",16703,031-895-4080,20260405
J10,경기도교육청,수원시,학원,26611,이자경수학영통이관학원,20070424,20070424,개원,        ,99991231,904,63,입시.검정 및 보습,보통교과,보습,보습, ,Y,N,경기도 수원시 영통구 봉영로 1587,  다모아프라자 8층 803호 (영통동),443470,031-206-0835,20260405
J10,경기도교육청,수원시,학원,3000041541,이자경수학영통학원,20190820,20190820,개원,        ,99991231,946,75,입시.검정 및 보습,보통교과,보습,보습, ,Y,N,경기도 수원시 영통구 봉영로 1587,", 8층 802호 전체 (영통동, 다모아프라자)",16703,,20260405
J10,경기도교육청,수원시,학원,3000047184,이자경수학정자고등학원,20210604,20210604,개원,        ,99991231,120,170,입시.검정 및 보습,보통교과,,보습, ,Y,N,경기도 수원시 장안구 대평로90번길 16,", 7층 701호 (정자동, 대일프라자)",16334,,20231018
J10,경기도교육청,수원시,학원,3000028131,이자경수학정자스카이학원,20160229,20160229,개원,        ,99991231,54,70,입시.검정 및 보습,보통교과,보습,보습, ,Y,N,경기도 수원시 장안구 이목로 24-3,", 408호 (정자동)",16336,031-269-0900,20260405
J10,경기도교육청,수원시,학원,3000049310,이자경수학정자초중등관학원,20211227,20211227,개원,        ,99991231,776,100,입시.검정 및 보습,보통교과,보습,보습, ,Y,N,경기도 수원시 장안구 대평로 80,", 806호, 807호 (정자동, 정연메이져1동)",16334,031-236-8558,20260405
J10,경기도교육청,수원시,학원,3000017266,이자경수학정자학원,20121228,20121228,개원,        ,99991231,1676,44,입시.검정 및 보습,보통교과,보습,보습, ,Y,N,경기도 수원시 장안구 대평로 80,", 803호 (정자동,정연메이져1동)",440841,031-269-2580,20260405
J10,경기도교육청,수원시,학원,3000063711,이자경수학천천2관학원,20231212,20231212,개원,20260101,20260331,140,70,입시.검정 및 보습,,,, ,Y, ,경기도 수원시 장안구 만석로19번길 25-6,602호(천천동),16329,,20260426
J10,경기도교육청,수원시,학원,3000071843,이자경수학천천고등학원,20240905,20240905,개원,        ,        ,160,80,입시.검정 및 보습,보통교과,보습,보습, ,Y, ,경기도 수원시 장안구 만석로19번길 25-5,", 702호(천천동)",16329,,20260405
J10,경기도교육청,수원시,학원,3000053122,이자경수학천천학원,20221122,20221122,개원,        ,99991231,776,120,입시.검정 및 보습,보통교과,보습,보습, ,Y,N,경기도 수원시 장안구 만석로19번길 25-5,", 802호 (천천동, 센타프라자)",16329,031-236-8558,20260405
J10,경기도교육청,수원시,학원,3000054063,이자경수학퍼스트고등학원,20230203,20230203,개원,        ,99991231,0,0,입시.검정 및 보습,보통교과,보습,보습, ,Y,N,경기도 수원시 권선구 곡반정로 160,", 504호, 505호 (곡반정동, 라퍼스트)",16668,031-236-8558,20260405
J10,경기도교육청,수원시,학원,3000053807,이자경수학퍼스트학원,20230112,20230112,개원,        ,99991231,776,50,입시.검정 및 보습,보통교과,보습,보습, ,Y,N,경기도 수원시 권선구 곡반정로 160,", 503호 (곡반정동, 라퍼스트)",16668,,20260405
J10,경기도교육청,수원시,학원,3000021812,이자경초등수학학원,20140605,20140605,개원,        ,99991231,1234,60,입시.검정 및 보습,보통교과,보습,보습, ,Y,N,경기도 수원시 권선구 세권로 222-3,", 2층 (권선동)",441824,031-236-8558,20250420
J10,경기도교육청,수원시,학원,3000076208,이재용수학학원,20251023,20251023,개원,        ,        ,60,12,입시.검정 및 보습,보통교과,보통교과,보통교과, ,Y,N,경기도 수원시 영통구 광교중앙로266번길 20,", 304호(하동, 골드클래스10)",16512,,20251026
J10,경기도교육청,수원시,학원,3000042171,이정우국어학원,20191029,20191029,개원,        ,99991231,225,75,입시.검정 및 보습,보통교과,보습,보습, ,Y,N,경기도 수원시 권선구 동수원로242번길 22,", 4층 일부 (권선동, 센타프라자)",16553,,20251012
J10,경기도교육청,수원시,학원,3000037119,이정현미술나라학원,20180611,20180611,개원,        ,99991231,140,20,예능(대),예능(중),"미술,",미술, ,Y,N,경기도 수원시 영통구 효원로 363,", 317-1호, 318호 (매탄동, 매탄 위브 하늘채A상가)",16543,,20231018
J10,경기도교육청,수원시,학원,30044,이제이씨외국어학원,20080304,20080304,개원,        ,99991231,200,41,국제화,외국어,"실용외국어(유아/초·중·고),",실용외국어(유아/초·중·고), ,Y,N,경기도 수원시 권선구 세권로 170,", 2층 전체 (권선동)",441824,031-239-6464,20231018
J10,경기도교육청,수원시,학원,3000026766,이즈원영어수학전문학원,20151104,20151104,개원,        ,99991231,150,60,입시.검정 및 보습,보통교과,보습,보습, ,Y,N,경기도 수원시 권선구 동수원로146번길 233-23,", 4층(곡반정동)",16670,031-2341-177,20250907
J10,경기도교육청,수원시,학원,3000018010,이지로봇창의과학학원,20130320,20130320,개원,        ,99991231,90,34,기타(대),기타(중),로봇,로봇, ,Y,N,경기도 수원시 권선구 일월천로15번길 22-23,", 1층 일부 (구운동897-2 외 1필지)",441819,031-293-6355,20231217
J10,경기도교육청,수원시,학원,3000042301,이지수학과학학원,20191108,20191108,개원,        ,99991231,60,53,입시.검정 및 보습,보통교과,보습,보습, ,Y,N,경기도 수원시 팔달구 덕영대로697번길 17,", 504-1호, 510-1호 (화서동, 그린프라자)",16435,,20231018
J10,경기도교육청,수원시,학원,114631,이지어학원,19980603,19980603,개원,        ,99991231,190,23,국제화,국제,어학(성인),어학(성인), ,Y,N,경기도 수원시 팔달구 중부대로 245,", 6층 전체 (우만동, 용신빌딩)",442816,031-211-7724,20250608
J10,경기도교육청,수원시,학원,17811,이지우영어학원,20050727,20050727,개원,        ,99991231,100,40,입시.검정 및 보습,보통교과,"보습,",보습, ,Y,N,경기도 수원시 장안구 경수대로 940,", 405호 (조원동, 일호골든타워)",16295,031-246-0579,20231018
J10,경기도교육청,수원시,학원,3000011600,이챕터스학원,20110621,20110621,개원,        ,99991231,70,50,입시.검정 및 보습,보통교과,"보습,",보습, ,Y,N,경기도 수원시 영통구 봉영로 1623,  드림피아빌딩 5층 510호 (영통동),443810,031-202-5068,20231018
J10,경기도교육청,수원시,학원,3000063664,이츠매쓰수학학원,20231207,20231207,개원,        ,        ,450,90,입시.검정 및 보습,보통교과,,보습, ,Y, ,경기도 수원시 영통구 효원로 387,", 5층 503호(매탄동)",16545,,20260222
J10,경기도교육청,수원시,학원,3000047895,이칠이수학학원,20210817,20210817,개원,        ,99991231,200,50,입시.검정 및 보습,보통교과,"보습,",보습, ,Y,N,경기도 수원시 권선구 금곡로118번길 24,", 505호(금곡동, 리치빌딩)",16388,,20250706
J10,경기도교육청,수원시,학원,13164,이케이(EK)뮤즈음악학원,20050104,20050104,개원,        ,99991231,101,21,예능(대),예능(중),음악,음악, ,Y,N,경기도 수원시 권선구 당진로 23,  명송프라자 3층 301호 (당수동),441480,031-419-0611,20250831
J10,경기도교육청,수원시,학원,3000074099,이큐(EQ)감성미술학원,20250422,20250422,개원,        ,        ,48,12,예능(대),예능(중),미술,미술, ,Y, ,경기도 수원시 영통구 봉영로 1612,", 604호 일부(영통동)",16704,,20260201
J10,경기도교육청,수원시,학원,3000027437,이클루학원,20151229,20151229,개원,        ,99991231,36,40,입시.검정 및 보습,보통교과,,보습, ,Y,N,경기도 수원시 팔달구 팔달문로163번길 39,", 3층 전체 (우만동)",16239,,20231018
J10,경기도교육청,수원시,학원,3000063644,이투스247수원정자학원,20231207,20231207,개원,        ,        ,480,160,입시.검정 및 보습,보통교과,,보습, ,Y,N,경기도 수원시 장안구 정자천로173번길 11-7,"401호 일부, 501호 일부, 601호 일부(정자동)",16334,,20250525
J10,경기도교육청,수원시,학원,3000022209,이투스수학신영통학원,20140715,20140715,개원,        ,99991231,488,66,입시.검정 및 보습,보통교과,"보습,",보습, ,Y,N,경기도 수원시 영통구 영통로154번길 60,", 401호 (망포동)",443400,031-202-0579,20231018
J10,경기도교육청,수원시,학원,3000032257,이투스투포세븐수원시청점학원,20170302,20170302,개원,        ,99991231,250,146,입시.검정 및 보습,보통교과,보습,보습, ,Y,N,경기도 수원시 권선구 효원로266번길 25,", 3층 전체 (권선동, 우덕빌딩)",16571,,20250413
J10,경기도교육청,수원시,학원,3000027169,이투스투포세븐학원,20151208,20151208,개원,        ,99991231,180,90,입시.검정 및 보습,보통교과,"보습,",보습, ,Y,N,경기도 수원시 영통구 봉영로 1605,", 703호 일부, 704호 (영통동, 모던타운)",16703,,20231018
J10,경기도교육청,수원시,학원,3000017253,이튼학원,20121218,20121218,개원,        ,99991231,224,86,입시.검정 및 보습,보통교과,보습,보습, ,Y,N,경기도 수원시 권선구 일월천로16번길 30,", 3층전체 (구운동)",441819,031-294-7509,20260405
J10,경기도교육청,수원시,학원,116096,이프랩영어전문학원,19900424,19900424,개원,        ,99991231,20,50,입시.검정 및 보습,보통교과,"보습,",보습, ,Y,N,경기도 수원시 영통구 봉영로 1569,", 511호 (영통동 960-3, NEW WORLD PLAZA)",16703,,20231018
J10,경기도교육청,수원시,학원,3000023194,이플러스망포캠퍼스영어학원,20141103,20141103,개원,        ,99991231,278,0,국제화,보통교과,,보습, ,Y,N,경기도 수원시 영통구 영통로 136,", 701-1호 일부, 701-2호 (망포동, 센트럴타워)",443400,,20251214
J10,경기도교육청,수원시,학원,3000076091,이플러스망포캠퍼스이관영어학원,20251010,20251010,개원,        ,        ,200,100,입시.검정 및 보습,,,, ,Y, ,경기도 수원시 영통구 영통로 136,", 701호, 701-호 일부 (망포동, 센트럴타워)",16691,,20251019
J10,경기도교육청,수원시,학원,39688,이플러스엠학원,20100209,20100209,개원,        ,99991231,356,60,입시.검정 및 보습,보통교과,"보습,",보습, ,Y,N,경기도 수원시 영통구 매영로 41,  4층 (매탄동),443801,,20250302
J10,경기도교육청,수원시,학원,3000047562,이플러스영어전문학원,20210714,20210715,개원,        ,99991231,60,200,국제화,외국어,,실용외국어(유아/초·중·고), ,Y,N,경기도 수원시 영통구 봉영로 1587,", 605호 (영통동, 다모아프라자)",16703,,20251214
J10,경기도교육청,수원시,학원,3000050496,이플러스제사관영어학원,20220321,20220321,개원,        ,99991231,38,84,입시.검정 및 보습,보통교과,,보습, ,Y,N,경기도 수원시 영통구 봉영로 1587,", 602호 (영통동, 다모아프라자)",16703,,20251214
J10,경기도교육청,수원시,학원,113799,이해법수학셀파수학비상잉글리시아이학원,19950401,19950401,개원,        ,99991231,210,60,입시.검정 및 보습,보통교과,,보습, ,Y,N,경기도 수원시 영통구 중부대로448번길 106,", 201호 (원천동 550-3)",16519,031-211-8737,20231018
J10,경기도교육청,수원시,학원,3000033526,이해법수학중국어학원,20170619,20170619,개원,        ,99991231,8,20,입시.검정 및 보습,보통교과,,보습·논술, ,Y,N,경기도 수원시 영통구 권선로908번길 19,", 302호 (신동)",16683,,20231018
J10,경기도교육청,수원시,학원,29551,이헌수학학원,20080118,20080118,개원,        ,99991231,389,95,입시.검정 및 보습,보통교과,"보습,",보습, ,Y,N,경기도 수원시 장안구 만석로19번길 25-6,  광장프라자 601호 (천천동),440330,031-269-7901,20231119
J10,경기도교육청,수원시,학원,3000079605,이현당수학학원,20260402,20260402,개원,        ,        ,165,33,입시.검정 및 보습,,,, ,Y, ,경기도 수원시 장안구 장안로 262,"4층 일부(401호)(정자동, 동우빌딩)",16337,,20260412
J10,경기도교육청,수원시,학원,3000035690,이현희요리학원,20180125,20180125,개원,        ,99991231,128,42,직업기술,산업응용기술,,"식음료품(바리스타,소믈리에)", ,Y,N,경기도 수원시 팔달구 매산로 81,", 4층 전체 (매산로3가)",16457,031-255-0057,20231018
J10,경기도교육청,수원시,학원,6965,이화국어학원,20040406,20040406,개원,        ,99991231,230,44,입시.검정 및 보습,보통교과,"보습,",보습, ,Y,N,경기도 수원시 권선구 세권로304번길 62,  베스토아 2층 204호 205호 (권선동),441885,031-239-0554,20231018
J10,경기도교육청,수원시,학원,32916,이화리본무용학원,20081103,20081103,개원,        ,99991231,260,40,예능(대),예능(중),무용,무용, ,Y,N,경기도 수원시 팔달구 권광로 270,", 2층 일부 (인계동)",16534,031-306-7779,20260208
J10,경기도교육청,수원시,학원,3000068806,이화멜로디음악학원,20240507,20240507,개원,        ,        ,160,20,예능(대),예능(중),음악,음악, ,Y,N,경기도 수원시 장안구 장안로 271,"201호(정자동, 북수원자이렉스비아 상가3동)",16336,,20260201
J10,경기도교육청,수원시,학원,3000054240,이화바이올린음악학원,20230217,20230217,개원,        ,99991231,32,40,예능(대),예능(중),,음악, ,Y,N,경기도 수원시 영통구 영통로 103,", 803호 (망포동, 뉴LG프라자)",16687,,20231018
J10,경기도교육청,수원시,학원,23333,이화별빛음악학원,20060818,20060818,개원,        ,99991231,223,17,예능(대),예능(중),"음악,",음악, ,Y,N,경기도 수원시 권선구 탑동로 56,  2층일부 (탑동),441440,031-296-6090,20231018
J10,경기도교육청,수원시,학원,3000052253,이화소울음악학원,20220831,20220831,개원,        ,99991231,18,30,예능(대),예능(중),,음악, ,Y,N,경기도 수원시 팔달구 정조로 667,", 904호 (매교동), 마이온프라자",16467,,20251012
J10,경기도교육청,수원시,학원,3000052558,이화수학전문학원,20221004,20221004,개원,        ,99991231,0,0,입시.검정 및 보습,보통교과,,보습, ,Y,N,경기도 수원시 팔달구 정조로 675,",2층 일부,  3층 일부 (매교동), 해길상가",16467,031-546-1444,20250907
﻿J10,경기도교육청,수원시,학원,114862,이화아르첼음악학원,19990615,19990615,개원,        ,99991231,1094,22,예능(대),예능(중),음악,음악, ,Y,N,경기도 수원시 장안구 파장천로19번길 23,", 2층 전체 (파장동)",16349,031-253-2038,20250427
J10,경기도교육청,수원시,학원,115589,이화아카데미학원,20011130,20011130,개원,        ,99991231,24,46,입시.검정 및 보습,보통교과,보습,보습, ,Y,N,경기도 수원시 권선구 당진로15번길 30, 2층 (당수동),441480,031-416-9963,20231018
J10,경기도교육청,수원시,학원,3000052252,이화앤빈음악학원,20220831,20220831,개원,        ,99991231,90,18,예능(대),예능(중),,음악, ,Y,N,경기도 수원시 팔달구 팔달로 53,", 507,508호 (고등동)고등THE퍼스트상가",16452,,20231018
J10,경기도교육청,수원시,학원,114511,이화에스제이음악학원,19980116,19980116,개원,        ,99991231,262,20,예능(대),예능(중),"음악,",음악, ,Y,N,경기도 수원시 영통구 봉영로1770번길 21,  3층 (영통동),443470,031-203-2467,20231018
J10,경기도교육청,수원시,학원,34897,이화음악학원,20090511,20090511,개원,        ,99991231,150,18,예능(대),예능(중),"음악,",음악, ,Y,N,경기도 수원시 장안구 화산로 87,  천천푸르지오 근린생활시설1 509 510 511호 (천천동),440330,031-295-2890,20231018
J10,경기도교육청,수원시,학원,2199,이화클라라음악학원,19991029,19991029,개원,        ,99991231,174,11,예능(대),예능(중),음악,음악, ,Y,N,경기도 수원시 장안구 경수대로994번길 31, 광교프라자 205호 206호 (송죽동),440800,031-255-9603,20250406
J10,경기도교육청,수원시,학원,3000023006,이화클랑음악학원,20141016,20141016,개원,        ,99991231,230,20,예능(대),예능(중),"음악,",음악, ,Y,N,경기도 수원시 영통구 도청로17번길 18,", 301호 (이의동 1340-1)",443270,,20250316
J10,경기도교육청,수원시,학원,3000030066,이화킴스영어전문학원,20160901,20160901,개원,        ,99991231,118,30,입시.검정 및 보습,보통교과,,보습, ,Y,N,경기도 수원시 영통구 인계로220번길 20,", 2층 (매탄동)",16543,,20250810
J10,경기도교육청,수원시,학원,23341,이화킴스영어중고등관학원,20060821,20060821,개원,        ,99991231,54,38,입시.검정 및 보습,보통교과,보습,보습, ,Y,N,경기도 수원시 영통구 효원로 381,  새롬프라자 501호 (매탄동),443848,031-215-6540,20250817
J10,경기도교육청,수원시,학원,1610,이화프렌드음악학원,20021217,20021217,개원,        ,99991231,28,18,예능(대),예능(중),"음악,",음악, ,Y,N,경기도 수원시 영통구 태장로 73, 정석그린프라자 5층 504호 (망포동),443400,031-203-3011,20231018
J10,경기도교육청,수원시,학원,3000018752,인라이튼드영어리딩전문학원,20130617,20130617,개원,        ,99991231,220,56,입시.검정 및 보습,보통교과,"보습,",보습, ,Y,N,경기도 수원시 영통구 매영로 85,", 201호, 206호 (매탄동, 성일코아빌딩)",16527,,20231018
J10,경기도교육청,수원시,학원,3000054525,인사이트학원,20230308,20230308,개원,        ,99991231,56,40,입시.검정 및 보습,보통교과,"보습,",보습, ,Y,N,경기도 수원시 영통구 웰빙타운로49번길 18,", 301호 (이의동)",16224,,20251012
J10,경기도교육청,수원시,학원,3000052683,인스트링음악학원,20221017,20221017,개원,        ,99991231,240,12,예능(대),예능(중),,음악, ,Y,N,경기도 수원시 영통구 영통로153번길 98,", 5층 일부 502호 (망포동, 국제프라자)",16689,,20231018
J10,경기도교육청,수원시,학원,3000020197,인아트미술학원,20131213,20131213,개원,        ,99991231,100,25,예능(대),예능(중),,미술, ,Y,N,경기도 수원시 영통구 웰빙타운로49번길 36,", 201호 (이의동)",443270,031-215-0812,20231030
J10,경기도교육청,수원시,학원,3000024384,인아트호매실점미술학원,20150226,20150226,개원,        ,99991231,605,30,예능(대),예능(중),미술,미술, ,Y,N,경기도 수원시 권선구 호매실로104번길 24-61,", 703호 (호매실동, 금호프라자)",16630,null,20250309
J10,경기도교육청,수원시,학원,7564,인월수학학원,20040426,20040426,개원,        ,99991231,60,20,입시.검정 및 보습,보통교과,보습,보습, ,Y,N,경기도 수원시 권선구 세권로304번길 62,  베스토아 206 207호 2층 (권선동),441885,031-222-3589,20251130
J10,경기도교육청,수원시,학원,3000028122,인컴컴퓨터회계학원,20160303,20160303,개원,        ,99991231,535,107,기타(대),컴퓨터,,"컴퓨터(정보처리,통신기기,인터넷,소프트웨어)", ,Y,N,경기도 수원시 팔달구 정조로 850,", 3층전체, 4층전체 (북수동)",16253,031-256-4544,20251207
J10,경기도교육청,수원시,학원,3000053584,인텔AI마이티인공지능전문학원,20221227,20221227,개원,        ,99991231,150,50,정보,정보,정보교과,정보교과, ,Y,N,경기도 수원시 영통구 에듀타운로 84,", 304호 (이의동, 세븐스퀘어)",16509,null,20240407
J10,경기도교육청,수원시,학원,3000031584,인투영어학원,20170110,20170110,개원,        ,99991231,440,34,입시.검정 및 보습,보통교과,"보습,",보습, ,Y,N,경기도 수원시 권선구 금곡로118번길 10,", 308호 일담타워 (금곡동)",16388,,20231018
J10,경기도교육청,수원시,학원,3000024014,인트엔터테인먼트학원,20150113,20150113,개원,        ,99991231,100,44,예능(대),예능(중),"음악,",음악, ,Y,N,경기도 수원시 영통구 청명남로 52,", 2층 (영통동)",16705,,20231018
J10,경기도교육청,수원시,학원,115534,일등급수학전문학원,20011004,20011004,개원,        ,99991231,180,80,입시.검정 및 보습,보통교과,"보습,",보습, ,Y,N,경기도 수원시 권선구 동수원로242번길 20,", 401호, 402호 (권선동 1297-5, 태양프라자)",16553,031-2234-2028,20231018
J10,경기도교육청,수원시,학원,3000032680,일렉투스독서실,20170407,20170407,개원,        ,99991231,80,80,독서실,독서,,독서실(유아/초·중·고), ,Y,N,경기도 수원시 팔달구 중부대로223번길 26,", 301,304호 (우만동)",16497,,20231018
J10,경기도교육청,수원시,학원,43181,일렉투스학원,20101118,20101118,개원,        ,99991231,93,93,입시.검정 및 보습,보통교과,"보습,",보습, ,Y,N,경기도 수원시 팔달구 중부대로223번길 26,", 402호 (우만동)",16497,031-212-2066,20231030
J10,경기도교육청,수원시,학원,3000044619,일로드수학3관학원,20200716,20200716,개원,        ,99991231,253,46,입시.검정 및 보습,보통교과,"보습,",보습, ,Y,N,경기도 수원시 영통구 영통로 105,", 4층 전체 (망포동, 한샘빌딩)",16687,031-204-7942,20231018
J10,경기도교육청,수원시,학원,3000037174,일로드수학이관학원,20180615,20180615,개원,        ,99991231,305,67,입시.검정 및 보습,보통교과,"보습,",보습, ,Y,N,경기도 수원시 영통구 영통로 107,", 603호 (망포동, 유림프라자)",16687,,20231018
J10,경기도교육청,수원시,학원,3000030123,일로드수학학원,20160906,20160906,개원,        ,99991231,300,100,입시.검정 및 보습,보통교과,보습,보습, ,Y,N,경기도 수원시 영통구 영통로 107,", 4층 왼쪽 일부 (401호, 망포동)",16687,,20251214
J10,경기도교육청,수원시,학원,3000038654,일본명문대학으로가는길일공학원,20181119,20181119,개원,        ,99991231,128,200,종합(대),,"보습,실용외국어(유아/초·중·고)",, ,Y,N,경기도 수원시 영통구 청명남로28번길 2,", 601-2, 602, 603호 (영통동, 아이텐텐빌딩)",16705,null,20260412
J10,경기도교육청,수원시,학원,3000068264,일본어전문교육니혼고우어학원,20240315,20240315,개원,        ,        ,250,50,국제화,,,, ,Y, ,경기도 수원시 팔달구 팔달로 31,", 704호, 705호, 707호(고등동, 서영 아너시티온)",16453,010-9561-8568,20250525
J10,경기도교육청,수원시,학원,3000077789,일신탑수학학원,20260313,20260313,개원,        ,        ,250,50,입시.검정 및 보습,보통교과,보습,보습, ,Y, ,경기도 수원시 팔달구 수원천로210번길 37,202호(인계동),16470,,20260405
J10,경기도교육청,수원시,학원,3000076390,일월국어달학원,20251110,20251110,개원,        ,        ,200,50,입시.검정 및 보습,,,, ,Y, ,경기도 수원시 영통구 봉영로 1612,", 502호(영통동, 보보스프라자)",16704,,20251123
J10,경기도교육청,수원시,학원,9235,일월국어수학영재만들기학원,20040610,20040610,개원,        ,99991231,60,55,입시.검정 및 보습,보통교과,"보습·논술,",보습·논술, ,Y,N,경기도 수원시 권선구 일월천로16번길 14,  2층 전체 (구운동),441819,031-291-5527,20231018
J10,경기도교육청,수원시,학원,3000068864,일월국어학원,20240513,20240513,개원,        ,        ,200,50,입시.검정 및 보습,보통교과,,보습, ,Y, ,경기도 수원시 영통구 봉영로 1612,"501호(영통동, 보보스프라자)",16704,,20251123
J10,경기도교육청,수원시,학원,36453,일월서경음악학원,20090731,20090731,개원,        ,99991231,25,26,예능(대),예능(중),"음악,",음악, ,Y,N,경기도 수원시 권선구 일월천로16번길 24,  3층전체 (구운동),441819,031-292-5542,20250629
J10,경기도교육청,수원시,학원,1755,일월예림음악학원,20010613,20010613,개원,        ,99991231,40,17,예능(대),예능(중),,음악, ,Y,N,경기도 수원시 권선구 일월천로4번길 63,  2층 (구운동),441819,031-294-4960,20231018
J10,경기도교육청,수원시,학원,115590,일월파머스어학원,20011130,20011130,개원,        ,99991231,94,75,국제화,외국어,"실용외국어(유아/초·중·고),",실용외국어(유아/초·중·고), ,Y,N,경기도 수원시 권선구 일월천로16번길 30,", 2층 일부(구운동)",441819,031-298-0505,20250727
J10,경기도교육청,수원시,학원,3000019711,일월한솔플러스학원,20131025,20131025,개원,        ,99991231,300,26,입시.검정 및 보습,보통교과,"보습,",보습, ,Y,N,경기도 수원시 권선구 일월천로16번길 39,", 302호 (구운동, 코오롱하늘채아파트)",16413,031-278-5952,20231018
J10,경기도교육청,수원시,학원,3000036944,일이삼독서실,20180521,20180521,개원,        ,99991231,153,51,독서실,독서,,독서실(유아/초·중·고), ,Y,N,경기도 수원시 장안구 송원로 125,", 2층 일부 (조원동)",16294,,20231018
J10,경기도교육청,수원시,학원,3000036915,일이삼학원,20180516,20180516,개원,        ,99991231,54,60,입시.검정 및 보습,보통교과,,입시, ,Y,N,경기도 수원시 장안구 송원로 125,", 2층 일부 (조원동)",16294,,20251214
J10,경기도교육청,수원시,학원,115681,일퍼센트학원,20020220,20020220,개원,        ,99991231,365,60,입시.검정 및 보습,보통교과,"보습,",보습, ,Y,N,경기도 수원시 장안구 정자천로173번길 11-17,  현대프라자 601호 (정자동),440841,031-269-1411,20240421
J10,경기도교육청,수원시,학원,28690,일프로스피치에듀케이션학원,20071113,20071113,개원,        ,99991231,189,30,기예(대),기예(중),웅변,웅변, ,Y,N,경기도 수원시 팔달구 매산로 37,  케이티앤지코스모수원빌딩 4층 일부 (매산로2가),442847,031-236-6965,20250629
J10,경기도교육청,수원시,학원,3000018590,임유미수학전문학원,20130527,20130527,개원,        ,99991231,167,34,입시.검정 및 보습,보통교과,보통교과,보통교과, ,Y,N,경기도 수원시 권선구 권중로 99,", 203호, 206호 (권선동1267,벽산한성아파트)",441714,031-224-1935,20250706
J10,경기도교육청,수원시,학원,115212,임은주무용학원,20000807,20000807,개원,        ,99991231,650,20,예능(대),예능(중),무용,무용, ,Y,N,경기도 수원시 팔달구 수성로157번길 27-4,  우영프라자 5층 (화서동),442870,031-247-9973,20260405
J10,경기도교육청,수원시,학원,41837,입북도미넌트음악학원,20100719,20100719,개원,        ,99991231,212,23,예능(대),예능(중),음악,음악, ,Y,N,경기도 수원시 권선구 입북로 50,", 201호, 202호(입북동, 서수원 자이아파트 301동)",16369,,20251214
J10,경기도교육청,수원시,학원,3000048713,입북앨리스영어학원,20211110,20211110,개원,        ,99991231,300,60,국제화,보통교과,,보습, ,Y,N,경기도 수원시 권선구 입북로 47,", 2층 전체(입북동, 성지빌딩)",16367,,20250831
J10,경기도교육청,수원시,학원,3000018585,입시미술의명문목우미술학원,20130522,20130522,개원,        ,99991231,660,210,예능(대),예능(중),미술,미술, ,Y,N,경기도 수원시 팔달구 권광로 138,",  2층 009호 외 127개호 (인계동,선경리빙프라자)",442835,031-226-3715,20260405
J10,경기도교육청,수원시,학원,3000076913,잇올몰입관수원광교독학재수학원,20251226,20251226,개원,        ,        ,0,0,입시.검정 및 보습,,,, ,Y, ,경기도 수원시 영통구 도청로89번길 30,601호중 일부(이의동),16509,,20260201
J10,경기도교육청,수원시,학원,3000037047,잇올스파르타관리형프리미엄독서실,20180530,20180530,개원,        ,99991231,2353,119,독서실,독서,,독서실(유아/초·중·고), ,Y,N,경기도 수원시 영통구 반달로 105,", 3층일부(우측) (영통동)",16705,,20251130
J10,경기도교육청,수원시,학원,3000037046,잇올스파르타독학재수학원,20180530,20180530,개원,        ,99991231,2586,42,입시.검정 및 보습,보통교과,,보습, ,Y,N,경기도 수원시 영통구 반달로 105,", 3층일부(좌측) (영통동)",16705,,20251130
J10,경기도교육청,수원시,학원,3000049796,잇올스파르타수원정자관리형독서실,20220127,20220127,개원,        ,99991231,1053,117,독서실,독서,,독서실(유아/초·중·고), ,Y,N,경기도 수원시 장안구 대평로90번길 46,", 501호, 502호, 503호 (정자동, 선일프라자)",16334,,20240303
J10,경기도교육청,수원시,학원,3000049675,잇올스파르타수원정자독학재수학원,20220117,20220117,개원,        ,99991231,594,33,입시.검정 및 보습,보통교과,,보습, ,Y,N,경기도 수원시 장안구 대평로90번길 46,", 504호 (정자동, 선일프라자)",16334,,20240303
J10,경기도교육청,수원시,학원,3000054681,잇올스파르타영통2독학재수학원,20230320,20230320,개원,        ,99991231,98,98,입시.검정 및 보습,보통교과,보습,보습, ,Y,N,경기도 수원시 영통구 봉영로 1612,", 704호, 705호 (영통동, 보보스프라자)",16704,null,20241103
J10,경기도교육청,수원시,학원,3000067820,잇팩터어학원격학원,20240213,20240213,개원,        ,        ,1000,100,국제화,,,, ,Y,N,경기도 수원시 영통구 대학4로 17,", 205호 일부(A48호)(이의동, 에이스광교타워1)",16226,070-8098-9285,20250316
J10,경기도교육청,수원시,학원,3000047242,잉글리더어학원,20210610,20210610,개원,        ,99991231,67,50,국제화,외국어,"실용외국어(유아/초·중·고),",실용외국어(유아/초·중·고), ,Y,N,경기도 수원시 권선구 삼천병마로 1581,", 2층 전체 (오목천동)",16634,031-546-0044,20241215
J10,경기도교육청,수원시,학원,115377,잉글리쉬빌리지학원,20010308,20010308,개원,        ,99991231,102,80,종합(대),,"미술,실용외국어(유아/초·중·고)",, ,Y,N,경기도 수원시 영통구 봉영로1744번길 37,  3층 (영통동),443470,031-206-0595,20260405
J10,경기도교육청,수원시,학원,3000043543,잉글리쉬큐브어학원,20200224,20200224,개원,        ,99991231,64,48,국제화,외국어,,실용외국어(유아/초·중·고), ,Y,N,경기도 수원시 권선구 동수원로177번길 90,", 103, 114, 115, 116, 202, 203호 (권선동, 수원아이파크시티9단지 상가)",16663,031-239-0889,20240630
J10,경기도교육청,수원시,학원,3000041008,잉글리시마스터영어학원,20190625,20190625,개원,        ,99991231,37,10,입시.검정 및 보습,보통교과,"보습,",보습, ,Y,N,경기도 수원시 권선구 경수대로302번길 29,", 202호 (권선동, 권선삼성아파트)",16583,,20231018
J10,경기도교육청,수원시,학원,42562,잉글리시아이권선학원,20100930,20100930,개원,        ,99991231,235,50,입시.검정 및 보습,보통교과,"보습,",보습, ,Y,N,경기도 수원시 권선구 권중로 136, 대원 신동아상가동 2층 203호 204호 일부 (권선동),441719,031-237-0033,20231018
J10,경기도교육청,수원시,학원,3000076292,잉글리시아이수일점학원,20251030,20251030,개원,        ,        ,228,38,입시.검정 및 보습,,,, ,Y, ,경기도 수원시 장안구 수일로91번길 2,", 2층 일부(파장동)",16202,,20251130
J10,경기도교육청,수원시,학원,30170,잉글리시아이수학학원,20080325,20080314,개원,        ,99991231,330,46,입시.검정 및 보습,보통교과,보습,보습, ,Y,N,경기도 수원시 권선구 상탑로39번길 41,  2층 전체 (탑동),441440,031-295-0579,20231018
J10,경기도교육청,수원시,학원,3000053683,잉글리시아이시온영어학원,20230103,20230103,개원,        ,99991231,36,32,입시.검정 및 보습,보통교과,,보습, ,Y,N,경기도 수원시 영통구 덕영대로1555번길 13,", 704호 일부 (영통동, 세일빌딩)",16698,,20231018
J10,경기도교육청,수원시,학원,3000077036,잉글리시아이원천학원,20260107,20260107,개원,        ,        ,150,50,입시.검정 및 보습,,,, ,Y, ,경기도 수원시 영통구 매봉로 6-1,", 3층 전체(매탄동)",16527,,20260201
J10,경기도교육청,수원시,학원,4306,잉코어영어학원,20031204,20031204,개원,        ,99991231,56,45,입시.검정 및 보습,보통교과,보습,보습, ,Y,N,경기도 수원시 권선구 권광로 72,", 5층 전체 (권선동)",16556,031-267-0566,20260215
J10,경기도교육청,수원시,학원,3000045180,잉플어학원,20201006,20201006,개원,        ,99991231,20,20,국제화,외국어,실용외국어(유아/초·중·고),실용외국어(유아/초·중·고), ,Y,N,경기도 수원시 영통구 매탄로108번길 16,", 703호 (매탄동, 엔타운)",16545,,20250720
J10,경기도교육청,수원시,학원,3000057812,자기주도파이터클럽망포독서실,20230719,20230719,개원,        ,        ,0,90,입시.검정 및 보습,,,, ,Y,N,경기도 수원시 영통구 영통로 115,"503호(망포동, 신영통알파빌딩)",16687,,20231018
J10,경기도교육청,수원시,학원,3000057655,자기주도파이터클럽망포학원,20230707,20230707,개원,        ,        ,80,40,입시.검정 및 보습,,,, ,Y,N,경기도 수원시 영통구 영통로 115,"504호(망포동, 신영통알파빌딩)",16687,,20231018
J10,경기도교육청,수원시,학원,42279,자람미술학원,20100901,20100830,개원,        ,99991231,36,42,예능(대),예능(중),"미술,",미술, ,Y,N,경기도 수원시 영통구 동수원로514번길 33,  4층 402호 (매탄동),443801,031-211-2118,20231018
J10,경기도교육청,수원시,학원,3000077024,자연수학영어학원,20260106,20260106,개원,        ,        ,0,0,입시.검정 및 보습,보통교과,보통교과,보통교과, ,Y, ,경기도 수원시 영통구 법조로149번길 13,1층(하동),16512,,20260405
J10,경기도교육청,수원시,학원,3000068882,자이뮤직하임음악학원,20240516,20240516,개원,        ,        ,240,40,예능(대),예능(중),음악,음악, ,Y,N,경기도 수원시 장안구 장안로 271,"209호, 210호(정자동, 북수원자이렉스비아 상가3동)",16336,,20260308
J10,경기도교육청,수원시,학원,3000062614,자이선화예술음악학원,20231110,20231110,개원,        ,        ,150,25,예능(대),,,, ,Y,N,경기도 수원시 팔달구 인계로 21,"206호(인계동, 수원센트럴아이파크자이 근린생활시설 제2상가)",16475,,20250622
J10,경기도교육청,수원시,학원,3000074788,자이수학학원,20250708,20250708,개원,        ,        ,200,40,입시.검정 및 보습,,,, ,Y,N,경기도 수원시 권선구 입북로 47,", 3층 일부(입북동, 성지빌딩)",16367,,20250720
J10,경기도교육청,수원시,학원,3000021000,자이언트아이미술학원,20140311,20140311,개원,        ,99991231,20,10,예능(대),예능(중),,미술, ,Y,N,경기도 수원시 영통구 도청로89번길 30,", 401호 일부 (이의동)",443270,031-2170-217,20250323
J10,경기도교육청,수원시,학원,3000010531,자인에듀이자경수학매탄학원,20110314,20110314,개원,        ,99991231,1537,30,입시.검정 및 보습,보통교과,보습,보습, ,Y,N,경기도 수원시 영통구 효원로 381,  새롬프라자16차 7층 701 702호 (매탄동),443848,031-236-8558,20260405
J10,경기도교육청,수원시,학원,3000050507,작가처럼글하자원격학원,20220321,20220321,개원,        ,99991231,0,0,입시.검정 및 보습,보통교과,,보습·논술, ,Y,N,경기도 수원시 영통구 광교중앙로 170,", 203호 (하동, 광교 효성해링턴 타워)",16514,,20260201
J10,경기도교육청,수원시,학원,3000072045,장수학학원,20241004,20241004,개원,        ,        ,100,25,입시.검정 및 보습,보통교과,,보습, ,Y, ,경기도 수원시 팔달구 고등로 28,",507호, 535~536호(고등동, 써밋플렉스)",16453,,20250810
J10,경기도교육청,수원시,학원,3000045902,장쌤수학학원,20210115,20210115,개원,        ,99991231,140,25,입시.검정 및 보습,보통교과,"보습,",보습, ,Y,N,경기도 수원시 권선구 세권로212번길 15,", 1층 전체 (권선동)",16582,,20231018
J10,경기도교육청,수원시,학원,3000013651,장안김샘교육학원,20111213,20111213,개원,        ,99991231,125,260,입시.검정 및 보습,보통교과,보습,보습, ,Y,N,경기도 수원시 장안구 대평로 86,", 화이트쇼핑몰 701호,702-1호 (정자동)",440841,031-271-5559,20260201
J10,경기도교육청,수원시,학원,3000017921,장안삼일사고등수학학원,20130304,20130304,개원,        ,99991231,801,200,입시.검정 및 보습,보통교과,,보습, ,Y,Y,경기도 수원시 장안구 대평로90번길 12-9,", 2층 전체 (정자동,서강프라자)",440841,031-268-1337,20260201
J10,경기도교육청,수원시,학원,3000018491,장안스즈키바이올린학원,20130502,20130502,개원,        ,99991231,60,20,예능(대),예능(중),"음악,",음악, ,Y,N,경기도 수원시 장안구 만석로19번길 11-3,", 603호 일부 (천천동,태영프자라)",440330,031-269-1343,20231018
J10,경기도교육청,수원시,학원,3000039454,장안청담어학원,20190201,20190201,개원,        ,99991231,231,105,국제화,외국어,실용외국어(유아/초·중·고),실용외국어(유아/초·중·고), ,Y,N,경기도 수원시 장안구 대평로90번길 46,", 4층 402호, 403호, 404호, 405호 (정자동, 선일프라자)",16334,null,20260405
J10,경기도교육청,수원시,학원,34789,장안청운학원,20090424,20090424,개원,        ,99991231,996,226,입시.검정 및 보습,보통교과,,보습, ,Y,N,경기도 수원시 장안구 대평로 86,  화이트쇼핑몰 9층(901~905호) (정자동),440841,031-268-1761,20251012
J10,경기도교육청,수원시,학원,3000067670,장해린수능영어학원,20240130,20240130,개원,        ,        ,80,40,입시.검정 및 보습,,,, ,Y, ,경기도 수원시 영통구 태장로7번길 38,"302호(망포동,망포쌍용에듀파크 상가동1)",16685,,20250302
J10,경기도교육청,수원시,학원,3000081621,장현주무용학원,20260407,20260407,개원,        ,        ,385,55,예능(대),,,, ,Y, ,경기도 수원시 권선구 금곡로212번길 25,"501호(금곡동,광일프라자)",16393,,20260412
J10,경기도교육청,수원시,학원,3000023555,재능스스로러닝센터호매실직영학원,20141204,20141204,개원,        ,99991231,267,40,입시.검정 및 보습,,,, ,Y,N,경기도 수원시 권선구 금곡로102번길 15,", 515호~518호 (금곡동,비즈웍스)",441460,031-546-8863,20231018
J10,경기도교육청,수원시,학원,3000075004,전문가집단학원,20250730,20250730,개원,        ,        ,180,90,입시.검정 및 보습,,,, ,Y, ,경기도 수원시 영통구 반달로 29,", 3층 후면 2호(영통동)",16705,,20250914
J10,경기도교육청,수원시,학원,3000050033,전박사영어학원,20220218,20220218,개원,        ,99991231,137,45,입시.검정 및 보습,보통교과,보습,보습, ,Y,N,경기도 수원시 권선구 금곡로 100,", 507호(칠보프라자) (금곡동)",16385,,20231203
J10,경기도교육청,수원시,학원,3000036063,전서현토익학원,20180302,20180302,개원,        ,99991231,285,95,국제화,국제,어학(성인),어학(성인), ,Y,N,경기도 수원시 팔달구 갓매산로 43,", 3층 전체 (매산로2가)",16455,031-256-2282,20260308
J10,경기도교육청,수원시,학원,3000040062,전이림영어학원,20190325,20190325,개원,        ,99991231,240,60,입시.검정 및 보습,보통교과,,보습, ,Y,N,경기도 수원시 장안구 화산로125번길 9,", 4층 401호 402호 (천천동, 천천 푸르지오)",16420,,20260201
J10,경기도교육청,수원시,학원,3000076849,절대영어학원,20251219,20251219,개원,        ,        ,180,60,입시.검정 및 보습,,,, ,Y, ,경기도 수원시 영통구 매영로 93-27,", 2층 전체(매탄동)",16527,,20260405
J10,경기도교육청,수원시,학원,3000075095,정국악학원,20250808,20250808,개원,        ,        ,60,10,예능(대),,,, ,Y, ,경기도 수원시 권선구 호매실로90번길 101,", 501호(호매실동, 라니힐)",16630,,20250817
J10,경기도교육청,수원시,학원,3000028664,정기원영어학원,20160412,20160412,개원,        ,99991231,198,70,입시.검정 및 보습,보통교과,보습,보습, ,Y,N,경기도 수원시 영통구 에듀타운로 102,",508호, 509호(이의동)",16509,031-212-8465,20260201
J10,경기도교육청,수원시,학원,3000043205,정댄스스포츠학원,20200117,20200117,개원,        ,99991231,100,20,기예(대),기예(중),"댄스,",댄스, ,Y,N,경기도 수원시 권선구 세지로 91,", 3층 일부 (세류동, 승주빌딩)",16577,,20231018
J10,경기도교육청,수원시,학원,3000042718,정상영수학원,20191216,20191216,개원,        ,99991231,160,28,입시.검정 및 보습,보통교과,"보습,",보습, ,Y,N,경기도 수원시 권선구 일월천로16번길 39,", 301호, 307호 (구운동, 코오롱하늘채아파트)",16413,,20231018
J10,경기도교육청,수원시,학원,3000054265,정석영수학원,20230220,20230220,개원,        ,99991231,76,19,입시.검정 및 보습,보통교과,,보습, ,Y,N,경기도 수원시 장안구 대평로 27,", 308호, 313호 (정자동, 화서역 파크푸르지오)",16318,,20260308
J10,경기도교육청,수원시,학원,3000022220,정선생영어전문학원,20140716,20140716,개원,        ,99991231,261,47,입시.검정 및 보습,보통교과,보습,보습, ,Y,N,경기도 수원시 영통구 에듀타운로 23,", 402호, 403호 (이의동, 광교프라자)",16509,031-216-2113,20231018
J10,경기도교육청,수원시,학원,27261,정성우수과국2관학원,20070626,20070626,개원,        ,99991231,672,91,입시.검정 및 보습,보통교과,보습,보습, ,Y,N,경기도 수원시 영통구 효원로 393,", 밀래니엄프라자 7층 701호 일부 매탄동",443848,031-216-0041,20250105
J10,경기도교육청,수원시,학원,27695,정성우수과국학원,20070725,20070725,개원,        ,99991231,434,108,입시.검정 및 보습,보통교과,보습,보습, ,Y,N,경기도 수원시 영통구 효원로 393,", 밀래니엄프라자 7층 702호 일부 ",443848,031-216-0041,20250427
J10,경기도교육청,수원시,학원,3000022784,정성우수학학원,20140912,20140912,개원,        ,99991231,80,65,입시.검정 및 보습,보통교과,"보습,",보습, ,Y,N,경기도 수원시 영통구 효원로 363,", 402호 (매탄동 1352, 매탄 위브하늘채상가A)",16543,031-235-0999,20241103
J10,경기도교육청,수원시,학원,3000017713,정수희댄스아카데미학원,20130212,20130208,개원,        ,99991231,150,45,예능(대),예능(중),무용,무용, ,Y,N,경기도 수원시 영통구 매탄로 82,", 401호 (매탄동1274,우남퍼스트빌)",443798,031-216-1121,20251221
J10,경기도교육청,수원시,학원,3000076863,정애견미용학원,20251219,20251219,개원,        ,        ,75,15,직업기술,일반서비스,애견미용,애견미용, ,Y, ,경기도 수원시 권선구 수인로296번길 20,", 2층 일부(구운동)",16412,,20260222
J10,경기도교육청,수원시,학원,3000013674,정자동목우미술학원,20111228,20111228,개원,        ,99991231,1210,100,예능(대),예능(중),"미술,",미술, ,Y,N,경기도 수원시 장안구 대평로 72,", 501호 일부 (정자동,선일프라자)",440841,031-271-2703,20231030
J10,경기도교육청,수원시,학원,3000023400,정자동초중등목우미술학원,20141119,20141119,개원,        ,99991231,100,30,예능(대),예능(중),,미술, ,Y,N,경기도 수원시 장안구 대평로 72,", 601호 (정자동, 선일프라자)",440841,031-298-7300,20250323
J10,경기도교육청,수원시,학원,15250,정자서울학원,20050311,20050311,개원,        ,99991231,311,190,입시.검정 및 보습,보통교과,,보습, ,Y,N,경기도 수원시 장안구 대평로 128,  외6필지 파크프라자 205호 (정자동),440836,031-247-0011,20260222
J10,경기도교육청,수원시,학원,2176,정자신세계음악학원,19991217,19991217,개원,        ,99991231,47,18,예능(대),예능(중),"음악,",음악, ,Y,N,경기도 수원시 장안구 수성로245번길 21 ,"  204호  (정자동, 두견마을,영남·우방·한솔아파트) ",440842,031-269-4761,20231018
J10,경기도교육청,수원시,학원,40380,정자에듀플렉스보습학원,20100326,20100325,개원,        ,99991231,160,30,입시.검정 및 보습,보통교과,,보습, ,Y,N,경기도 수원시 장안구 대평로 80,  정연메이져 8층 804호 (정자동),440841,031-268-1251,20251012
J10,경기도교육청,수원시,학원,3000038096,정자예이나트음악학원,20180921,20180921,개원,        ,99991231,18,12,예능(대),예능(중),,음악, ,Y,N,경기도 수원시 장안구 장안로217번길 14,", 3층 305호 (정자동, 범야건설주식회사)",16339,031-5349-4885,20231018
J10,경기도교육청,수원시,학원,3000026157,정자이엔엠영수전문학원,20150827,20150827,개원,        ,99991231,526,176,종합(대),,"보습,",, ,Y,N,경기도 수원시 장안구 대평로 86,", 1001호 일부, 1002호 (정자동, 화이트쇼핑몰)",16334,031-268-2999,20231018
J10,경기도교육청,수원시,학원,3000028134,정자점콩미술학원,20160229,20160229,개원,        ,99991231,60,20,예능(대),예능(중),,미술, ,Y,N,경기도 수원시 장안구 이목로 24-3,", 407호 (정자동)",16336,031-271-6223,20250406
J10,경기도교육청,수원시,학원,3000032342,정정식수학학원,20170309,20170309,개원,        ,99991231,397,30,입시.검정 및 보습,보통교과,보습,보습, ,Y,N,경기도 수원시 권선구 세권로304번길 44,", 203호 (권선동, 삼성프라자)",16553,031-224-9222,20251130
J10,경기도교육청,수원시,학원,3000035151,정지영커피학원,20171212,20171212,개원,        ,99991231,48,20,직업기술,산업응용기술,,"식음료품(바리스타,소믈리에)", ,Y,N,경기도 수원시 팔달구 신풍로 42,", 3층 전체 (신풍동)",16252,null,20240804
J10,경기도교육청,수원시,학원,41178,정천한솔플러스수학학원,20100531,20100527,개원,        ,99991231,60,35,입시.검정 및 보습,보통교과,,보습, ,Y,N,경기도 수원시 장안구 화산로 87,", 501호 502호 503-1호 (천천동)",16420,031-8004-5400,20250810
J10,경기도교육청,수원시,학원,3000047780,정철어학원망포국제삼호어학원,20210805,20210805,개원,        ,99991231,298,44,국제화,외국어,실용외국어(유아/초·중·고),실용외국어(유아/초·중·고), ,Y,N,경기도 수원시 영통구 망포로 142,405호(망포동),16685,,20250518
J10,경기도교육청,수원시,학원,3000044822,정철어학원망포국제어학원,20200820,20200820,개원,        ,99991231,240,60,국제화,외국어,"실용외국어(유아/초·중·고),",실용외국어(유아/초·중·고), ,Y,N,경기도 수원시 영통구 망포로 136,", 305호, 306호 (망포동, 영통 플래티넘베이스 에이)",16685,031-895-6720,20260201
J10,경기도교육청,수원시,학원,114425,정현학원,19971001,19971001,개원,        ,99991231,54,25,입시.검정 및 보습,보통교과,"보습,",보습, ,Y,N,경기도 수원시 장안구 월드컵로 441, 광교프라자 4층 401호 일부 404호 일부 (연무동),440814,031-253-0645,20231018
J10,경기도교육청,수원시,학원,3000064099,제갈량수학학원,20240109,20240109,개원,        ,        ,150,50,입시.검정 및 보습,보통교과,보습,보습, ,Y,N,경기도 수원시 영통구 도청로89번길 43,"502호(이의동, 에듀프라자)",16509,,20251221
J10,경기도교육청,수원시,학원,25027,제니스(Jenny's)영어학원,20061228,20061228,개원,        ,99991231,242,35,입시.검정 및 보습,보통교과,보습,보습, ,Y,N,경기도 수원시 팔달구 권광로 363,", 201호 (우만동)",16494,031-217-5105,20251123
J10,경기도교육청,수원시,학원,3000029262,제니스어학원,20160614,20160614,개원,        ,99991231,52,12,국제화,외국어,실용외국어(유아/초·중·고),실용외국어(유아/초·중·고), ,Y,N,경기도 수원시 팔달구 권광로276번길 9,", 303호~305호(상가동) (인계동, 삼성아파트)",16533,,20250302
J10,경기도교육청,수원시,학원,3000073381,제니스영어수학학원,20250212,20250212,개원,        ,        ,50,10,입시.검정 및 보습,보통교과,보습,보습, ,Y, ,경기도 수원시 팔달구 중부대로239번길 58,", 203호(우만동)",16497,,20250504
J10,경기도교육청,수원시,학원,34906,제니스영어전문학원,20090512,20090512,개원,        ,99991231,220,60,입시.검정 및 보습,보통교과,보습,보습, ,Y,N,경기도 수원시 영통구 효원로 363, 매탄위브하늘채 302 상가A 305호 (매탄동),443370,031-211-3083,20260201
J10,경기도교육청,수원시,학원,39015,제니스영어학원,20091209,20091209,개원,        ,99991231,154,61,입시.검정 및 보습,보통교과,"보습,",보습, ,Y,N,경기도 수원시 장안구 대평로 80,  정연메이져1동 812호 (정자동),440841,031-269-3269,20231018
J10,경기도교육청,수원시,학원,3000028110,제니스일등급학원,20160302,20160302,개원,        ,99991231,600,67,입시.검정 및 보습,보통교과,보습,보습, ,Y,N,경기도 수원시 권선구 호매실로104번길 90,", 603호,604호 (호매실동,제이디타워)",16630,031-2925-787,20250427
J10,경기도교육청,수원시,학원,3000052106,제니스플러스학원,20220816,20220816,개원,        ,99991231,90,60,입시.검정 및 보습,보통교과,,보습, ,Y,N,경기도 수원시 권선구 호매실로104번길 90,", 607호 (호매실동)",16630,,20231018
J10,경기도교육청,수원시,학원,3000010650,제이관수원메가스터디학원,20110412,20110412,개원,        ,99991231,1376,688,입시.검정 및 보습,보통교과,보습,보습, ,Y,N,경기도 수원시 권선구 권광로 86,", 1층 일부, 2~5층 전체 (권선동)",16561,031-222-6222,20251221
J10,경기도교육청,수원시,학원,3000042669,제이드영어학원,20191211,20191211,개원,        ,99991231,75,25,입시.검정 및 보습,외국어,,실용외국어(유아/초·중·고), ,Y,N,경기도 수원시 영통구 광교호수공원로 277,", 2층 2F-31호 (원천동, 광교중흥에스클래스 판매시설)",16517,,20251130
J10,경기도교육청,수원시,학원,3000045942,제이멘톡학원,20210121,20210121,개원,        ,99991231,800,40,입시.검정 및 보습,보통교과,보습,보습, ,Y,N,경기도 수원시 영통구 매영로 141,", 403호 (원천동, 원천훼밀리타운)",16519,010-2261-1593,20240128
J10,경기도교육청,수원시,학원,37644,제이뮤직학원,20090904,20090904,개원,        ,99991231,27,27,기예(대),기예(중),실용음악(성악),실용음악(성악), ,Y,N,경기도 수원시 장안구 경수대로 959,  A동 4층전체 (송죽동),440805,031-247-0770,20240929
J10,경기도교육청,수원시,학원,3000028744,제이미의북앤톡어학원,20160422,20160422,개원,        ,99991231,109,66,국제화,외국어,실용외국어(유아/초·중·고),실용외국어(유아/초·중·고), ,Y,N,경기도 수원시 권선구 금곡로102번길 37,", 202호, 304호 (금곡동, 센트럴프라자B)",16388,031-292-0577,20260405
J10,경기도교육청,수원시,학원,3000044801,제이발레아트학원,20200813,20200813,개원,        ,99991231,60,15,예능(대),예능(중),"무용,",무용, ,Y,N,경기도 수원시 영통구 망포로 136,", 208호 (망포동, 영통 플래티넘베이스 에이)",16685,031-202-1999,20231018
J10,경기도교육청,수원시,학원,3000034222,제이발레학원,20170913,20170913,개원,        ,99991231,94,0,기예(대),기예(중),,"무용(전통무용,현대무용)", ,Y,N,경기도 수원시 팔달구 권광로 208,", 6층 603호 (인계동, 인송빌딩)",16488,,20231018
J10,경기도교육청,수원시,학원,3000047869,제이브이실용음악학원,20210813,20210813,개원,        ,99991231,0,0,예능(대),예능(중),,음악, ,Y,N,경기도 수원시 장안구 서부로 2171,", 201호 (율전동)",16357,031-302-6402,20250727
J10,경기도교육청,수원시,학원,3000046503,제이슨영어학원,20210325,20210325,개원,        ,99991231,90,90,입시.검정 및 보습,보통교과,,보습, ,Y,N,경기도 수원시 영통구 영통로153번길 20,", 301호 일부 (망포동, 해피프라자)",16689,,20231018
J10,경기도교육청,수원시,학원,3000077467,제이쌤영어학원,20260212,20260212,개원,        ,        ,0,0,입시.검정 및 보습,,,, ,Y, ,경기도 수원시 팔달구 장다리로233번길 20-24,201호,16474,,20260215
J10,경기도교육청,수원시,학원,3000074590,제이어스영어도서관영어학원,20250619,20250619,개원,        ,        ,300,30,입시.검정 및 보습,보통교과,보습,보습, ,Y,N,경기도 수원시 영통구 광교호수공원로 20,", 129호, 130호(원천동, 더샵 광교레이크시티 근린생활시설동-1동)",16515,,20251019
J10,경기도교육청,수원시,학원,3000040256,제이에스엘피고등영어학원,20190403,20190403,개원,        ,99991231,360,60,국제화,외국어,"실용외국어(유아/초·중·고),",실용외국어(유아/초·중·고), ,Y,N,경기도 수원시 팔달구 덕영대로697번길 7,", 701호 남측 일부 (화서동, 아트프라자)",16435,031-244-0888,20240804
J10,경기도교육청,수원시,학원,3000021700,제이에스엘피영어전문학원,20140520,20140520,개원,        ,99991231,200,66,국제화,외국어,실용외국어(유아/초·중·고),실용외국어(유아/초·중·고), ,Y,N,경기도 수원시 팔달구 덕영대로697번길 7,", 701호 북측 (화서동, 아트프라자)",16435,031-8013-2888,20240107
J10,경기도교육청,수원시,학원,3000048257,제이에스엘피중고등영어전문학원,20210927,20210927,개원,        ,99991231,480,160,국제화,외국어,실용외국어(유아/초·중·고),실용외국어(유아/초·중·고), ,Y,N,경기도 수원시 권선구 호매실로104번길 24-43,"320호, 321호, 407호, 408호, 409호, 호매실중앙파크뷰 (호매실동)",16630,,20241103
J10,경기도교육청,수원시,학원,115561,제이에스학원,20011022,20011022,개원,        ,99991231,248,70,입시.검정 및 보습,보통교과,,보습, ,Y,N,경기도 수원시 장안구 만석로19번길 11-8,", 제1종근린생활시설 (엄경이) 6층 602호 (천천동,천천동 527-10 제1종근린생활시설 (엄경이))",440330,031-269-4999,20251221
J10,경기도교육청,수원시,학원,26793,제이에이치영어수학학원,20070514,20070514,개원,        ,99991231,200,50,입시.검정 및 보습,보통교과,,보습, ,Y,N,경기도 수원시 장안구 하률로12번길 86,", 201호 (천천동, 골든프라자)",16324,031-271-2215,20260201
J10,경기도교육청,수원시,학원,3000052462,제이엘음악학원,20220921,20220921,개원,        ,99991231,35,16,예능(대),예능(중),,음악, ,Y,N,경기도 수원시 영통구 영통로154번길 74,", 1층 일부 (망포동, 사국빌딩)",16691,031-548-1567,20231018
J10,경기도교육청,수원시,학원,3000041244,제이엠학원,20190716,20190716,개원,        ,99991231,174,60,입시.검정 및 보습,보통교과,,보습, ,Y,N,경기도 수원시 권선구 금호로 202,", 3층 전체 (탑동)",16603,null,20250518
J10,경기도교육청,수원시,학원,3000037513,제이와이(JY)수학영어코딩학원,20180719,20180719,개원,        ,99991231,80,20,종합(대),보통교과,,보습, ,Y,N,경기도 수원시 영통구 봉영로 1767,", 한솔프라자 601-1호, 601-2호, 601-3호 (영통동, 한솔프라자)",16712,,20251221
J10,경기도교육청,수원시,학원,3000054704,제이원실용음악학원,20230321,20230321,개원,        ,99991231,50,37,기예(대),기예(중),실용음악(성악),실용음악(성악), ,Y,N,경기도 수원시 권선구 호매실로90번길 101,", 604호, 605호 (호매실동, 라니힐)",16630,,20241215
J10,경기도교육청,수원시,학원,3000055090,제이원영어학원,20230427,20230427,개원,        ,99991231,50,40,입시.검정 및 보습,보통교과,보습,보습, ,Y,N,경기도 수원시 팔달구 고등로 32,", 504호, 505호 (고등동), SJ타워",16453,null,20250330
J10,경기도교육청,수원시,학원,26563,제이원학원,20070418,20070418,개원,        ,99991231,455,165,입시.검정 및 보습,보통교과,"보습,보습·논술",보습, ,Y,N,경기도 수원시 팔달구 중부대로223번길 4,", 503호, 504호 및 302호 (우만동, 블루하우스)",16498,031-216-9114,20250323
J10,경기도교육청,수원시,학원,33476,제이프라임학원,20081229,20081229,개원,        ,99991231,1250,99,입시.검정 및 보습,보통교과,보습,보습, ,Y,N,경기도 수원시 장안구 만석로19번길 11-7,", 401~403호 (천천동, 대일)",16329,031-271-5800,20260405
J10,경기도교육청,수원시,학원,42217,제이플러스학원,20100901,20100827,개원,        ,99991231,262,30,입시.검정 및 보습,보통교과,보습,보습, ,Y,N,경기도 수원시 영통구 매영로310번길 87,", 301호 (영통동 968, 동보신명아파트상가동)",16699,null,20260308
J10,경기도교육청,수원시,학원,3000049962,제이필무용학원,20220214,20220214,개원,        ,99991231,80,30,예능(대),예능(중),,무용, ,Y,N,경기도 수원시 영통구 영통로217번길 6,", 501호 (영통동, 망포역 센타프라자)",16679,,20231030
J10,경기도교육청,수원시,학원,3000024900,제이홀릭영어학원,20150210,20150210,개원,        ,99991231,20,76,입시.검정 및 보습,보통교과,"보습,",보습, ,Y,N,경기도 수원시 영통구 반달로 26,", 4층 전체 (영통동)",16705,,20231018
J10,경기도교육청,수원시,학원,115670,제일탑기술학원,20020206,20020206,개원,        ,99991231,140,70,종합(대),,"전기,전자,",, ,Y,N,경기도 수원시 팔달구 갓매산로 36,", 인정빌딩 3층일부 (매산로2가)",16460,031-255-9880,20231018
J10,경기도교육청,수원시,학원,3000053219,젠영어학원,20221129,20221129,개원,        ,99991231,540,100,국제화,외국어,실용외국어(유아/초·중·고),실용외국어(유아/초·중·고), ,Y,N,경기도 수원시 영통구 매탄로 142,", 203호, 204호 (매탄동, 양성프라자)",16544,,20260405
J10,경기도교육청,수원시,학원,3684,조군자음악학원,19990806,19990806,개원,20111119,20121118,160,11,예능(대),예능(중),,음악, ,Y,N,경기도 수원시 영통구 청명로 100 ,"203호  (영통동, 건영아파트) ",443817,031-203-2663,20231018
J10,경기도교육청,수원시,학원,3000033602,조수민의팡팡학원,20170711,20170711,개원,        ,99991231,160,50,입시.검정 및 보습,보통교과,"보습,",보습, ,Y,N,경기도 수원시 장안구 금당로 39,", 402호 (조원동)",16278,,20231018
J10,경기도교육청,수원시,학원,38627,조이에듀학원,20091118,20091118,개원,        ,99991231,66,48,직업기술,경영·사무관리,"속독,",속독, ,Y,N,경기도 수원시 장안구 만석로19번길 11-7,", 304호 (천천동)",16329,031-269-8215,20231018
J10,경기도교육청,수원시,학원,40621,조이음악학원,20100401,20100416,개원,        ,99991231,32,24,예능(대),예능(중),,음악, ,Y,N,경기도 수원시 권선구 경수대로302번길 32,  성지아파트 상가동 3층 301호 일부 (권선동),441718,031-238-7972,20231030
J10,경기도교육청,수원시,학원,3000076754,조이잉글리시학원,20251211,20251211,개원,        ,        ,0,0,입시.검정 및 보습,,,, ,Y, ,경기도 수원시 영통구 중부대로246번길 47,", 4층 전체(매탄동)",16531,,20251221
J10,경기도교육청,수원시,학원,3000017715,조이클랑음악학원,20130214,20130214,개원,        ,99991231,309,20,예능(대),예능(중),,음악, ,Y,N,경기도 수원시 영통구 대학로 109,", 401호 (이의동)",16224,070-4227-5099,20250831
J10,경기도교육청,수원시,학원,31372,조이클래식음악학원,20080701,20080701,개원,        ,99991231,200,25,예능(대),예능(중),"음악,",음악, ,Y,N,경기도 수원시 영통구 효원로 363,", 302상가A 406-1호, 406-2호 (매탄동, 매탄 위브 하늘채)",16543,031-211-5747,20231018
J10,경기도교육청,수원시,학원,3000043653,조이풀랜드영어학원,20200305,20200305,개원,        ,99991231,48,27,입시.검정 및 보습,보통교과,"보습,",보습, ,Y,N,경기도 수원시 장안구 정자로41번길 5-6,", 1층 전체 (천천동, ZEISS)",16323,,20231018
J10,경기도교육청,수원시,학원,3000024183,조이피아노음악학원,20150121,20150121,개원,        ,99991231,132,10,예능(대),예능(중),"음악,",음악, ,Y,N,경기도 수원시 영통구 에듀타운로 25,", 201호 (이의동)",443270,,20231018
J10,경기도교육청,수원시,학원,3000047630,좋은날수학학원,20210721,20210721,개원,        ,99991231,160,40,입시.검정 및 보습,보통교과,"보습,",보습, ,Y,N,경기도 수원시 영통구 태장로 81,", 605호, 609호 (망포동, 망포동 e-타운ll)",16688,,20240929
J10,경기도교육청,수원시,학원,34814,좋은학원,20090501,20090501,개원,        ,99991231,144,77,입시.검정 및 보습,보통교과,"보습,",보습, ,Y,N,경기도 수원시 장안구 대평로 80,", 412호 (정자동,정연메이저)",440841,031-269-0962,20231018
J10,경기도교육청,수원시,학원,26277,주니어목우미술,20070322,20070322,개원,        ,99991231,1590,110,예능(대),예능(중),미술,미술, ,Y,N,경기도 수원시 팔달구 정조로 717,  경기빌딩 3층 (매교동),442843,031-237-3715,20260426
J10,경기도교육청,수원시,학원,3000043541,주니어이와스어학원,20200224,20200224,개원,        ,99991231,120,60,국제화,외국어,,실용외국어(유아/초·중·고), ,Y,N,경기도 수원시 장안구 율전로107번길 61,", 4층 전체·5층 전체(율전동)",16361,,20250720
J10,경기도교육청,수원시,학원,3000013101,주식회사하이파이브매탄디자인만화미술학원,20111109,20111109,개원,        ,99991231,230,250,예능(대),예능(중),미술,미술, ,Y,N,경기도 수원시 영통구 효원로 381,  새롬프라자 16차 10층 전부 (매탄동),443848,031-215-3012,20260301
J10,경기도교육청,수원시,학원,29162,주식회사하이파이브정자디자인만화미술학원,20071224,20071224,개원,        ,99991231,1410,100,예능(대),예능(중),미술,미술, ,Y,N,경기도 수원시 장안구 대평로 80,  정연메이져 605호 전체 1001호~1003호 (정자동),440841,031-268-3012,20260405
J10,경기도교육청,수원시,학원,26006,준빼어나다탑브레인스쿨학원,20070307,20070307,개원,        ,99991231,185,60,입시.검정 및 보습,보통교과,"보습,",보습, ,Y,N,경기도 수원시 권선구 칠보로183번길 41,  3층 (호매실동),441884,031-293-9577,20231018
J10,경기도교육청,수원시,학원,3000037670,줄리어드음악학원,20180806,20180806,개원,        ,99991231,710,20,예능(대),예능(중),,음악, ,Y,N,경기도 수원시 영통구 영통로 513,", 3층 전체 (영통동)",16706,031-202-0928,20250316
J10,경기도교육청,수원시,학원,23720,줄리영어전문학원,20060918,20060918,개원,        ,99991231,40,40,입시.검정 및 보습,보통교과,"보습,",보습, ,Y,N,경기도 수원시 영통구 청명로 79,  2층 (영통동),443470,031-273-0068,20231018
J10,경기도교육청,수원시,학원,3000040568,중등관곰수학학원,20190510,20190510,개원,        ,99991231,850,146,입시.검정 및 보습,보통교과,"보습,",보습, ,Y,N,경기도 수원시 영통구 효원로 381,", 801-1호 (매탄동, 새롬프라자16차)",16545,,20231018
J10,경기도교육청,수원시,학원,8736,중앙검정고시수능재수학원,20000131,20000131,개원,        ,99991231,610,94,입시.검정 및 보습,보통교과,"검정,입시",검정, ,Y,N,경기도 수원시 팔달구 매산로 123,  3층 (교동),442130,031-258-8400,20260426
J10,경기도교육청,수원시,학원,3000033484,중앙사진학원,20170630,20170630,개원,        ,99991231,146,23,직업기술,산업응용기술,,사진, ,Y,N,경기도 수원시 팔달구 장다리로 157,", 3층 전체 (인계동)",16479,,20240310
J10,경기도교육청,수원시,학원,3000042606,중흥에쓰와이즈리더영어도서관학원,20191206,20191206,개원,        ,99991231,20,16,입시.검정 및 보습,보통교과,,보습, ,Y,N,경기도 수원시 영통구 광교호수공원로 277,", 1층 1F-028호, 029호, 030호, 031호 전체 (원천동, 중흥 S-클래스 판매시설)",16517,null,20231105
J10,경기도교육청,수원시,학원,3000053325,쥬트광교아뜰리에미술학원,20221207,20221207,개원,        ,99991231,600,20,예능(대),예능(중),,미술, ,Y,N,경기도 수원시 영통구 광교호수공원로 300,", 115호, 116호 (하동, 포레나 광교)",16514,,20250622
J10,경기도교육청,수원시,학원,116276,즐거운음악학원,19910719,19910719,개원,        ,99991231,72,25,예능(대),예능(중),,음악, ,Y,N,경기도 수원시 장안구 장안로217번길 14,", 211호 (정자동, 범야건설주식회사)",16339,031-245-1356,20260308
J10,경기도교육청,수원시,학원,3000047308,즐거운피아노음악학원,20210618,20210618,개원,        ,99991231,62,30,예능(대),예능(중),,음악, ,Y,N,경기도 수원시 팔달구 덕영대로803번길 43,", 402호 403호 (화서동, 디아이포에버)",16442,,20251102
J10,경기도교육청,수원시,학원,3000010530,지니사이언스학원,20110311,20110311,개원,        ,99991231,105,35,기타(대),기타(중),로봇,로봇, ,Y,N,경기도 수원시 장안구 정자천로 179,307호(정자동),16334,031-291-0975,20240707
J10,경기도교육청,수원시,학원,3000037885,지니실용음악학원,20180830,20180830,개원,        ,99991231,133,25,예능(대),예능(중),음악,음악, ,Y,N,경기도 수원시 장안구 만석로19번길 11-7,", 7층 701호 702호 일부 (천천동, 대일)",16329,031-271-2737,20240331
J10,경기도교육청,수원시,학원,3000041613,지니어스영어학원,20190827,20190822,개원,        ,99991231,208,38,입시.검정 및 보습,보통교과,보습,보습, ,Y,N,경기도 수원시 팔달구 권광로 363,", 303호 (우만동, 월드프라자)",16494,null,20250601
J10,경기도교육청,수원시,학원,3000029512,지니어스학원,20160708,20160708,개원,        ,99991231,300,30,기타(대),기타(중),,기타(소), ,Y,N,경기도 수원시 영통구 봉영로 1605,", 601호, 602호 일부 (영통동)",16703,,20231018
J10,경기도교육청,수원시,학원,3000059688,지니음악학원,20230807,20230807,개원,        ,        ,100,20,예능(대),,,, ,Y,N,경기도 수원시 팔달구 장다리로245번길 18-2,2층 전체(인계동),16472,,20231030
J10,경기도교육청,수원시,학원,3000037172,지아이숲학원,20180615,20180615,개원,        ,99991231,170,70,입시.검정 및 보습,보통교과,,보습, ,Y,N,경기도 수원시 영통구 권선로803번길 36,", 2층일부(우측) (매탄동)",16546,,20231018
J10,경기도교육청,수원시,학원,30982,지엔에스(GNS)국영수학원,20080523,20080523,개원,        ,99991231,232,50,입시.검정 및 보습,보통교과,"보습,",보습, ,Y,N,경기도 수원시 권선구 삼천병마로 1579,  2층 전체 (오목천동),441850,031-292-0533,20250323
J10,경기도교육청,수원시,학원,3000036222,지엘아이어학원,20180313,20180313,개원,        ,99991231,57,85,종합(대),,"기타(중),실용외국어(유아/초·중·고)",, ,Y,N,경기도 수원시 영통구 태장로54번길 92,", 502호,503호,504호 (망포동)",16686,,20260405
J10,경기도교육청,수원시,학원,3000033003,지엘에스어학원,20170518,20170518,개원,        ,99991231,72,60,국제화,외국어,실용외국어(유아/초·중·고),실용외국어(유아/초·중·고), ,Y,N,경기도 수원시 장안구 정자천로13번길 30,", 502~504호 (천천동, 천천 푸르지오 근린생활시설-4)",16420,031-278-2613,20250518
J10,경기도교육청,수원시,학원,1713,지엘티영수전문학원,20020822,20020822,개원,        ,99991231,1091,53,입시.검정 및 보습,보통교과,"보습,",보습, ,Y,N,경기도 수원시 장안구 율전로101번길 16,", 2층 (율전동)",16361,031-298-0982,20231018
J10,경기도교육청,수원시,학원,3000076918,지오과학학원,20251226,20251226,개원,        ,        ,100,25,입시.검정 및 보습,,,, ,Y, ,경기도 수원시 권선구 금곡로102번길 48,", 603호(금곡동, 호매실주공프라자)",16385,031-291-7999,20260201
J10,경기도교육청,수원시,학원,3000027412,지오엠수학전문학원,20151228,20151228,개원,        ,99991231,52,15,입시.검정 및 보습,보통교과,,보습, ,Y,N,경기도 수원시 영통구 영통로 136,", 507호 (망포동)",16691,031-202-8201,20231018
J10,경기도교육청,수원시,학원,3000045356,지원학원,20201103,20201103,개원,        ,99991231,254,14,입시.검정 및 보습,보통교과,보습,보습, ,Y,N,경기도 수원시 영통구 법조로 25,", 403, 404호 (하동, 광교 SK VIEW Lake)",16514,null,20240929
J10,경기도교육청,수원시,학원,3534,지음음악학원,20030723,20030723,개원,        ,99991231,110,21,예능(대),예능(중),,음악, ,Y,N,경기도 수원시 장안구 장안로 183,", 204호(정자동, 연꽃마을벽산아파트 주상가동)",16335,031-269-0802,20241103
J10,경기도교육청,수원시,학원,3000014877,지젤발레학원,20120413,20120413,개원,        ,99991231,164,15,예능(대),예능(중),무용,무용, ,Y,N,경기도 수원시 영통구 태장로 73,", 401호 (망포동, 정석 그린프라자)",16688,031-204-6623,20260412
J10,경기도교육청,수원시,학원,11592,지캠프클래스정자학원,20041008,20041008,개원,        ,99991231,250,68,입시.검정 및 보습,보통교과,"보습,",보습, ,Y,N,경기도 수원시 장안구 정자천로 179,", 레몬스포렉스 404호 (정자동)",440841,031-253-0909,20231018
J10,경기도교육청,수원시,학원,3000052312,지트에듀케이션광교아슬란학원,20220905,20220905,개원,        ,99991231,200,100,입시.검정 및 보습,보통교과,보습,보습, ,Y,N,경기도 수원시 영통구 도청로17번길 40,", 403호, 409호 (이의동)",16509,,20260308
J10,경기도교육청,수원시,학원,3000034627,지트에듀케이션광교클라비스학원,20171031,20171031,개원,        ,99991231,2040,400,종합(대),,보습,, ,Y,N,경기도 수원시 영통구 도청로17번길 40,",  501호~509호(이의동) (이의동)",16509,031-276-8003,20260308
J10,경기도교육청,수원시,학원,3000027057,지트에듀케이션광교학원,20151204,20151204,개원,        ,99991231,4020,240,입시.검정 및 보습,보통교과,,보습, ,Y,N,경기도 수원시 영통구 혜령로 10,", 106호, 107호, 201~203호· 301~303호·401~403호, 501호 (이의동)",16509,031-257-8003,20260308
J10,경기도교육청,수원시,학원,3000043385,지트에듀케이션광교해마루학원,20200207,20200207,개원,        ,99991231,2760,200,입시.검정 및 보습,보통교과,,보습, ,Y,N,경기도 수원시 영통구 도청로17번길 40,", 3층 301호~305호 전체 (이의동)",16509,,20260308
J10,경기도교육청,수원시,학원,43234,지트에듀케이션장안학원,20101201,20101123,개원,        ,99991231,210,35,입시.검정 및 보습,보통교과,"보습,",보습, ,Y,N,경기도 수원시 장안구 정자천로173번길 17,", 707, 708호 (정자동, 투대일타운)",16334,031-269-4560,20231018
J10,경기도교육청,수원시,학원,3000051459,지혜로운수학학원,20220623,20220623,개원,        ,99991231,40,40,입시.검정 및 보습,보통교과,보습,보습, ,Y,N,경기도 수원시 영통구 중부대로345번길 20,", 302호 (원천동, 대산프라자)",16516,null,20240107
J10,경기도교육청,수원시,학원,3000069452,지혜의숲보습학원,20240710,20240710,개원,        ,        ,120,40,입시.검정 및 보습,,,, ,Y,N,경기도 수원시 영통구 에듀타운로106번길 16,", 402호(이의동, 광교하이니티)",16509,,20240804
J10,경기도교육청,수원시,학원,20752,지혜의숲사고력논술전문학원,20060214,20060214,개원,        ,99991231,90,70,입시.검정 및 보습,보통교과,"보습·논술,",보습·논술, ,Y,N,경기도 수원시 영통구 반달로 44,  2층 (영통동),443470,031-204-6503,20250202
J10,경기도교육청,수원시,학원,3000068915,직선수학학원,20240520,20240520,개원,        ,        ,150,50,입시.검정 및 보습,,,, ,Y, ,경기도 수원시 권선구 탑동로 38,", 3층 전체(탑동)",16605,,20250518
J10,경기도교육청,수원시,학원,31396,진경원음악학원,20080703,20080703,개원,        ,99991231,250,14,예능(대),예능(중),음악,음악, ,Y,N,경기도 수원시 영통구 효원로 363,", 316호, 317호 (매탄동, 매탄 위브 하늘채A상가)",16543,031-214-2826,20250420
J10,경기도교육청,수원시,학원,3000019204,진댄스스튜디오학원,20130816,20130816,개원,        ,99991231,50,15,기예(대),기예(중),댄스,댄스, ,Y,N,경기도 수원시 장안구 경수대로 971,", 4층 (송죽동,봉주빌딩)",440805,,20241117
J10,경기도교육청,수원시,학원,3000054623,진수학학원,20230315,20230315,개원,        ,99991231,27,40,입시.검정 및 보습,보통교과,,보습, ,Y,N,경기도 수원시 장안구 대평로 27,", 203호 (정자동, 화서역 파크푸르지오 201동)",16318,null,20240303
J10,경기도교육청,수원시,학원,3000046314,진심과열정학원,20210309,20210309,개원,        ,99991231,60,80,입시.검정 및 보습,보통교과,,보습, ,Y,N,경기도 수원시 권선구 호매실로104번길 24-61,", 404호, 405호 (호매실동, 금호프라자)",16630,,20231018
J10,경기도교육청,수원시,학원,115315,진아(JINA)어학원,20001215,20001215,개원,        ,99991231,236,89,국제화,외국어,실용외국어(유아/초·중·고),실용외국어(유아/초·중·고), ,Y,N,경기도 수원시 영통구 덕영대로1555번길 59,", 1층일부.2층일부 (영통동)",443811,031-203-5660,20260405
J10,경기도교육청,수원시,학원,3000045674,차상현수학학원,20201216,20201216,개원,        ,99991231,18,39,입시.검정 및 보습,보통교과,보습,보습, ,Y,N,경기도 수원시 영통구 도청로89번길 43,", 207호 (이의동, 에듀프라자)",16509,,20250316
J10,경기도교육청,수원시,학원,3000019461,착어학원,20130912,20130912,개원,        ,99991231,200,70,국제화,외국어,"실용외국어(유아/초·중·고),",실용외국어(유아/초·중·고), ,Y,N,경기도 수원시 장안구 장안로30번길 5,", 2층 좌측일부 (영화동,오더바이크)",440822,,20231018
J10,경기도교육청,수원시,학원,3000037595,찬미음악학원,20180406,20180406,개원,        ,99991231,260,20,예능(대),예능(중),"음악,",음악, ,Y,N,경기도 수원시 권선구 효원로 90,", 301호, 302호(세류주거환경개선사업정비구역 B28 탑메디칼프라자) (세류동)",16459,,20231018
J10,경기도교육청,수원시,학원,3000046258,찰리스빅레드하우스광교어학원,20210303,20210303,개원,        ,99991231,130,98,국제화,외국어,,실용외국어(유아/초·중·고), ,Y,N,경기도 수원시 영통구 광교호수공원로 80,", 203호 일부 204호 전체 205~207호 각 일부 (원천동, 광교아이파크 판매에이)",16514,,20260426
J10,경기도교육청,수원시,학원,3000055024,창꼬실용음악학원,20230419,20230419,개원,        ,99991231,200,20,종합(대),,"기타(중),연극,음악",, ,Y,N,경기도 수원시 팔달구 덕영대로 895,", 2층, 3층 전체 (매산로1가)",16455,,20251207
J10,경기도교육청,수원시,학원,3000072136,창꼬엠실용음악학원,20241015,20241015,개원,        ,        ,220,50,종합(대),,실용음악(성악),, ,Y, ,경기도 수원시 팔달구 덕영대로895번길 22-15,2층 전체 (매산로1가),16455,,20260201
J10,경기도교육청,수원시,학원,3000021750,창언어논술학원,20140527,20140527,개원,        ,99991231,100,45,입시.검정 및 보습,보통교과,,보습, ,Y,N,경기도 수원시 영통구 반달로 29,", 3층 일부 (3층 후면 1호, 영통동)",443814,,20250615
J10,경기도교육청,수원시,학원,3000050516,창의나무수학학원,20220322,20220322,개원,        ,99991231,20,30,입시.검정 및 보습,보통교과,,보습, ,Y,N,경기도 수원시 권선구 효원로 88,", 3층 일부  (세류동, 제이에스빌딩)",16459,,20231018
J10,경기도교육청,수원시,학원,3000046014,창의유창의수학학원,20210129,20210129,개원,        ,99991231,20,0,입시.검정 및 보습,보통교과,보습,보습, ,Y,N,경기도 수원시 영통구 인계로220번길 6-63,", 2층 (매탄동)",16543,,20241201
J10,경기도교육청,수원시,학원,3000038914,창조적소수에이치학원,20181212,20181212,개원,        ,99991231,10,60,입시.검정 및 보습,보통교과,,보습, ,Y,N,경기도 수원시 영통구 센트럴타운로 106,", 218호 (이의동 1322-5, 센트럴프라자)",16506,,20240128
J10,경기도교육청,수원시,학원,3000031417,창조적소수엔학원,20161230,20161230,개원,        ,99991231,18,52,입시.검정 및 보습,보통교과,,보습, ,Y,N,경기도 수원시 영통구 센트럴타운로 106,", 313호 (이의동)",16506,null,20241103
J10,경기도교육청,수원시,학원,3000024612,채움수학과학학원,20150312,20150312,개원,        ,99991231,130,55,입시.검정 및 보습,보통교과,"보습,",보습, ,Y,N,경기도 수원시 권선구 세권로207번길 6,", 2층 (권선동)",441824,,20251012
J10,경기도교육청,수원시,학원,3000045663,채움수학학원,20201214,20201214,개원,        ,99991231,94,80,입시.검정 및 보습,보통교과,"보습,",보습, ,Y,N,경기도 수원시 영통구 센트럴타운로100번길 20,", 301호 302호 (이의동)",16505,,20231018
J10,경기도교육청,수원시,학원,3000072819,채움영어학원,20241220,20241220,개원,        ,        ,200,40,입시.검정 및 보습,,,, ,Y, ,경기도 수원시 팔달구 정조로 697,"601호(매교동, 마인플라자)",16467,,20250406
J10,경기도교육청,수원시,학원,3000062042,책나무광교독서논술학원,20230915,20230915,개원,        ,        ,150,25,입시.검정 및 보습,,,, ,Y, ,경기도 수원시 영통구 도청로17번길 10,", 403호(이의동, 성희프라자)",16509,,20240804
J10,경기도교육청,수원시,학원,3000076433,책나무능실독서논술학원,20251117,20251117,개원,        ,        ,200,40,입시.검정 및 보습,,,, ,Y, ,경기도 수원시 권선구 호매실로104번길 24-61,"306호(호매실동, 금호프라자 1동)",16630,,20251123
J10,경기도교육청,수원시,학원,3000052363,책나무망포독서논술학원,20220908,20220908,개원,        ,99991231,120,25,입시.검정 및 보습,보통교과,,보습·논술, ,Y,N,경기도 수원시 영통구 영통로153번길 98,", 4층 일부 (망포동, 국제프라자)",16689,,20231018
J10,경기도교육청,수원시,학원,3000073864,책나무매교독서논술학원,20250327,20250327,개원,        ,        ,240,40,입시.검정 및 보습,보통교과,보습,보습, ,Y, ,경기도 수원시 팔달구 정조로 697,", 904~905호(매교동, 마인플라자)",16467,,20250406
J10,경기도교육청,수원시,학원,3000068680,책나무수원영통학원,20240424,20240424,개원,        ,        ,216,36,입시.검정 및 보습,보통교과,보습·논술,보습·논술, ,Y, ,경기도 수원시 영통구 매영로310번길 87,"208호, 209호(영통동, 동보.신명아파트 상가동)",16699,,20260405
J10,경기도교육청,수원시,학원,3000076878,책나무수원화서독서논술학원,20251223,20251223,개원,        ,        ,130,26,입시.검정 및 보습,,,, ,Y, ,경기도 수원시 장안구 대평로 80,", 308호(정자동, 정연메이져)",16334,,20260412
J10,경기도교육청,수원시,학원,3000074646,책나무웰빙타운독서논술학원,20250624,20250624,개원,        ,        ,100,20,입시.검정 및 보습,보통교과,보습,보습, ,Y,N,경기도 수원시 영통구 웰빙타운로49번길 14,", 4층 일부(이의동)",16224,,20260201
J10,경기도교육청,수원시,학원,3000076929,책나무중촌가온초점독서논술학원,20251226,20251226,개원,        ,        ,200,35,입시.검정 및 보습,보통교과,,보통교과, ,Y, ,경기도 수원시 권선구 금곡로 116,"202호(금곡동, 유동타워)",16388,,20260222
J10,경기도교육청,수원시,학원,3000069354,책나무태장잠원독서학원,20240703,20240703,개원,        ,        ,180,30,입시.검정 및 보습,보통교과,보습,보습, ,Y, ,경기도 수원시 영통구 태장로 73,", 603호(망포동, 정석 그린프라자)",16688,010-4508-9169,20260426
J10,경기도교육청,수원시,학원,3000072441,책나무호매실독서논술학원,20241115,20241115,개원,        ,        ,125,25,입시.검정 및 보습,보통교과,,보습, ,Y, ,경기도 수원시 권선구 칠보로 136,", 2층 일부(호매실동, 태림빌딩 주건축물제1동)",16401,,20250309
J10,경기도교육청,수원시,학원,3000077521,책나무화서송림독서논술학원,20260223,20260223,개원,        ,        ,100,25,입시.검정 및 보습,보통교과,보습,보습, ,Y, ,경기도 수원시 장안구 대평로 27,"213호(정자동,화서역 파크푸르지오 201동)",16318,,20260308
J10,경기도교육청,수원시,학원,3000077386,책먹는4차원화가망포미술학원,20260204,20260204,개원,        ,        ,90,30,예능(대),,,, ,Y, ,경기도 수원시 영통구 망포로 142,", 202호(망포동, 영통 플래티넘베이스 비)",16685,,20260208
J10,경기도교육청,수원시,학원,3000042740,책먹는사차원화가미술학원,20191217,20191217,개원,        ,99991231,52,26,예능(대),예능(중),미술,미술, ,Y,N,경기도 수원시 영통구 대학로 101,", 202호, 202호 (이의동, 드림스퀘어1)",16224,null,20240421
J10,경기도교육청,수원시,학원,3000040133,책읽는루브르아뜰리에광교앨리웨이미술학원,20190329,20190329,개원,        ,99991231,54,25,예능(대),예능(중),미술,미술, ,Y,N,경기도 수원시 영통구 광교호수공원로 80,", 2층 251호, 252호, 253호 전체 (원천동, 광교아이파크 판매아이)",16514,031-241-7556,20260215
J10,경기도교육청,수원시,학원,3000052589,책읽는루브르아뜰리에광교호수센터미술학원,20221005,20221005,개원,        ,99991231,42,15,예능(대),예능(중),,미술, ,Y,N,경기도 수원시 영통구 광교호수공원로 277,", 2F-034호 (원천동, 광교중흥에스클래스 판매시설)",16517,,20231018
J10,경기도교육청,수원시,학원,3000062140,책읽는루브르아뜰리에수원센트럴아이파크자이센터학원,20230926,20230926,개원,        ,        ,120,30,예능(대),예능(중),미술,미술, ,Y,N,경기도 수원시 팔달구 인계로 21,"210호(인계동, 수원센트럴아이파크자이 근린생활시설 제1상가)",16475,,20231030
J10,경기도교육청,수원시,학원,3000052122,책읽는아이들독서논술학원,20220818,20220818,개원,        ,99991231,0,0,입시.검정 및 보습,보통교과,,보습·논술, ,Y,N,경기도 수원시 영통구 웰빙타운로49번길 36,", 403호 (이의동, 에코프라자)",16224,,20231018
J10,경기도교육청,수원시,학원,3000068942,책통클럽능실센터학원,20240522,20240522,개원,        ,        ,100,20,입시.검정 및 보습,,,, ,Y, ,경기도 수원시 권선구 호매실로90번길 101,", 507호(호매실동)",16630,,20250316
J10,경기도교육청,수원시,학원,38556,천연비누아로마캔들아트공예학원,20091104,20091104,개원,        ,99991231,860,10,직업기술,산업기반기술,"공예,",공예, ,Y,N,경기도 수원시 장안구 장안로 111,", 4층 일부 (정자동, 탑오피스텔프라자)",440832,031-256-2166,20231018
J10,경기도교육청,수원시,학원,40990,천재필학원,20100510,20100510,개원,        ,99991231,90,50,입시.검정 및 보습,보통교과,"보습,",보습, ,Y,N,경기도 수원시 영통구 산남로 38,  외2필지 2층 3층 (매탄동),443802,031-8013-8709,20231018
J10,경기도교육청,수원시,학원,44266,천천두드림학원,20110208,20110208,개원,        ,99991231,200,50,입시.검정 및 보습,보통교과,보습,보습, ,Y,N,경기도 수원시 장안구 덕영대로535번길 38,"5층 일부(504호) (천천동, 로얄프라자)(천천동)",16329,031-268-0889,20240818
J10,경기도교육청,수원시,학원,34788,천천디딤돌영재수학학원,20090422,20090422,개원,        ,99991231,190,60,입시.검정 및 보습,보통교과,보습,보습, ,Y,N,경기도 수원시 장안구 화산로 87,  천천푸르지오 근린생활시설-1 406~407호 (천천동),440330,031-292-8939,20250209
J10,경기도교육청,수원시,학원,5516,천천에이드영어학원,20031227,20031227,개원,        ,99991231,17,28,입시.검정 및 보습,보통교과,보습,보습, ,Y,N,경기도 수원시 장안구 만석로19번길 35,", 304호 (천천동, 수정프라자)",16329,031-269-7775,20250330
J10,경기도교육청,수원시,학원,3000027041,천천와와학습코칭학원,20151130,20151130,개원,        ,99991231,120,32,입시.검정 및 보습,보통교과,,보습, ,Y,N,경기도 수원시 장안구 덕영대로535번길 34,", 502호(천천동)",16329,,20241103
J10,경기도교육청,수원시,학원,3000041279,청담독서실,20190722,20190722,개원,        ,99991231,73,73,독서실,독서,,독서실(유아/초·중·고), ,Y,N,경기도 수원시 영통구 인계로 260,", 5층 501호 전체 (매탄동, 우영프라자)",16544,031-217-0044,20231018
J10,경기도교육청,수원시,학원,3000042165,청담부동산경매학원,20191029,20191029,개원,        ,99991231,60,20,직업기술,경영·사무관리,,경매, ,Y,N,경기도 수원시 영통구 반달로 21,", 403호(영통동, 매직프라자)",16705,,20260405
J10,경기도교육청,수원시,학원,29801,청담에이프릴어학원,20080214,20080214,개원,        ,99991231,878,120,국제화,외국어,외국어,외국어, ,Y,N,경기도 수원시 영통구 효원로 393,", 5층 504호 전체 (매탄동,밀래니엄프라자)",443848,031-212-4600,20251026
J10,경기도교육청,수원시,학원,24088,청담클루빌러닝영수전문학원,20061019,20061019,개원,        ,99991231,33,66,입시.검정 및 보습,보통교과,,보습, ,Y,N,경기도 수원시 권선구 매송고색로 671,", 3층 일부 (고색동)",441811,031-293-9222,20231018
J10,경기도교육청,수원시,학원,115451,청림학원,20010615,20010615,개원,        ,99991231,277,159,입시.검정 및 보습,보통교과,"보습,",보습, ,Y,N,경기도 수원시 권선구 매송고색로 668,", 3층, 5층 (고색동)",16650,031-291-2405,20231018
J10,경기도교육청,수원시,학원,3000041205,청아원수학학원,20190712,20190712,개원,        ,99991231,748,58,입시.검정 및 보습,보통교과,보습,보습, ,Y,N,경기도 수원시 영통구 봉영로 1569,", 6층 608호 전체 (영통동, NEW WORLD PLAZA)",16703,031-204-8357,20250427
J10,경기도교육청,수원시,학원,24373,청출어람청어람학원,20061106,20061106,개원,        ,99991231,100,100,입시.검정 및 보습,보통교과,"보습,",보습, ,Y,N,경기도 수원시 장안구 대평로 80,", 810호, 811호 (정자동,정자동 877-4 교육연구시설 (이은휘))",440841,031-269-0022,20231018
J10,경기도교육청,수원시,학원,3000044804,체리힐아카데미학원,20200814,20200814,개원,        ,99991231,1032,172,종합(대),,"실용외국어(유아/초·중·고),",, ,Y,N,경기도 수원시 영통구 동탄지성로 456,", 1층 일부, 2층 전체, 3층 전체(망포동, 지성빌딩)",16686,031-203-7979,20260405
J10,경기도교육청,수원시,학원,16064,초록음악학원,20050418,20050418,개원,        ,99991231,70,40,예능(대),예능(중),"음악,",음악, ,Y,N,경기도 수원시 영통구 산남로90번길 1,", 102호 (매탄동)",16526,031-211-6839,20250316
J10,경기도교육청,수원시,학원,3000062721,초이스영어학원,20231123,20231123,개원,        ,        ,150,30,입시.검정 및 보습,보통교과,보습,보습, ,Y,N,경기도 수원시 장안구 송원로 10,"201호, 202호(송죽동, 송죽프라자)(송죽동)",16307,010-4521-5908,20241103
J10,경기도교육청,수원시,학원,42925,초중등목우미술학원,20101101,20101028,개원,        ,99991231,522,100,예능(대),예능(중),"미술,",미술, ,Y,N,경기도 수원시 영통구 덕영대로 1693,  4층 일부 (영통동),443470,031-205-8124,20231018
J10,경기도교육청,수원시,학원,3000015010,촉실용음악학원,20120427,20120427,개원,        ,99991231,100,26,예능(대),예능(중),"음악,",음악, ,Y,N,경기도 수원시 팔달구 아주로 3,", 502호 (우만동,대학빌딩)",442816,031-217-5532,20231030
J10,경기도교육청,수원시,학원,3000055422,최강국어학원,20230601,20230601,개원,        ,99991231,0,0,입시.검정 및 보습,보통교과,보습,보습, ,Y,N,경기도 수원시 영통구 효원로 397,", 601호 (매탄동, 중앙프라자)",16545,,20250427
J10,경기도교육청,수원시,학원,3000025797,최강논술리딩오션학원,20150716,20150716,개원,        ,99991231,285,92,입시.검정 및 보습,보통교과,,보습, ,Y,N,경기도 수원시 영통구 효원로 397,", 703호 전체 (매탄동, 중앙프라자)",16545,031-267-1131,20250810
J10,경기도교육청,수원시,학원,3000044046,최강수학광교중앙센터학원,20200417,20200417,개원,        ,99991231,20,42,입시.검정 및 보습,보통교과,보습,보습, ,Y,N,경기도 수원시 영통구 센트럴타운로 92,", 2층 203호 전체 (이의동, 대림프라자)",16505,031-214-5505,20260201
J10,경기도교육청,수원시,학원,3000072750,최강영수학원,20241216,20241216,개원,        ,        ,80,20,입시.검정 및 보습,,,, ,Y,N,경기도 수원시 영통구 동수원로537번길 57,", 3층 일부(원천동)",16503,,20251102
J10,경기도교육청,수원시,학원,114027,최강영어수학학원,19960703,19960703,개원,        ,99991231,70,40,입시.검정 및 보습,보통교과,"보습,",보습, ,Y,N,경기도 수원시 권선구 권중로 136, 대원.신동아상가 301호 (권선동),441719,031-223-8380,20231018
J10,경기도교육청,수원시,학원,37748,최강왕수학전문학원,20091005,20091005,개원,        ,99991231,61,61,입시.검정 및 보습,보통교과,"보습,",보습, ,Y,N,경기도 수원시 팔달구 권광로276번길 29,  2층전체 (인계동),442828,null,20231203
J10,경기도교육청,수원시,학원,28534,최강학원,20071025,20071025,개원,        ,99991231,330,76,입시.검정 및 보습,보통교과,,보습, ,Y,N,경기도 수원시 장안구 조원로50번길 20,", 1층,2층 전체 (조원동,해법수학)",440845,031-246-6978,20231105
J10,경기도교육청,수원시,학원,3000037785,최고의수학학원,20180816,20180816,개원,        ,99991231,250,40,입시.검정 및 보습,보통교과,보습,보습, ,Y,N,경기도 수원시 권선구 금곡로 116,", 301호 (금곡동 1085-4, 유동타워)",16388,031-269-5069,20240128
J10,경기도교육청,수원시,학원,3000068507,최상위이화수학2관학원,20240405,20240405,개원,        ,        ,240,80,입시.검정 및 보습,,,, ,Y,N,경기도 수원시 영통구 효원로 393,", 605호(매탄동, 밀래니엄프라자)",16545,,20250316
J10,경기도교육청,수원시,학원,3000011959,최상위이화수학학원,20110730,20110721,개원,        ,99991231,150,40,입시.검정 및 보습,보통교과,"보습,",보습, ,Y,N,경기도 수원시 영통구 인계로220번길 12,  2층 전체 (매탄동),443806,031-203-5840,20231030
J10,경기도교육청,수원시,학원,1608,최선생수학전문학원,20021026,20021026,개원,        ,99991231,35,35,입시.검정 및 보습,보통교과,"보습,",보습, ,Y,N,경기도 수원시 팔달구 매산로 22,  4층 (매산로2가),442853,031-241-0922,20231018
J10,경기도교육청,수원시,학원,32242,최선학원,20080822,20080822,개원,        ,99991231,270,51,입시.검정 및 보습,보통교과,"보습,",보습, ,Y,N,경기도 수원시 장안구 장안로29번길 4,", 2층 (영화동)",16274,031-243-5525,20231018
J10,경기도교육청,수원시,학원,3000024726,최선호어학원,20150323,20150323,개원,        ,99991231,250,62,국제화,국제,"어학(성인),",어학(성인), ,Y,N,경기도 수원시 팔달구 매산로 22-1,", 3층 (매산로2가)",16461,,20231018
J10,경기도교육청,수원시,학원,3000015241,최용훈국어천천학원,20120522,20120522,개원,        ,99991231,210,60,입시.검정 및 보습,보통교과,보습,보습, ,Y,N,경기도 수원시 장안구 만석로19번길 25-5,", 801호 (천천동, 센타프라자)",16329,031-268-1915,20240128
J10,경기도교육청,수원시,학원,3000077679,최적수학학원,20260306,20260306,개원,        ,        ,162,27,입시.검정 및 보습,,,, ,Y, ,경기도 수원시 장안구 대평로 27,"215호(정자동,화서역 파크푸르지오 201동)",16318,,20260308
J10,경기도교육청,수원시,학원,28838,최정상영수학원,20071122,20071122,개원,        ,99991231,120,43,입시.검정 및 보습,보통교과,"보습,",보습, ,Y,N,경기도 수원시 권선구 탑동로58번길 6-8,  2층 전체 (탑동),441440,031-291-0579,20231018
J10,경기도교육청,수원시,학원,3000068984,최형민수학더블랙학원,20240527,20240527,개원,        ,        ,150,50,입시.검정 및 보습,,,, ,Y,N,경기도 수원시 장안구 정자천로173번길 11-6,"801호(정자동, 세경프라자)",16334,,20251012
J10,경기도교육청,수원시,학원,3000052543,최형민입시수학학원,20220929,20220929,개원,        ,99991231,105,35,입시.검정 및 보습,보통교과,,입시, ,Y,N,경기도 수원시 장안구 만석로19번길 25-5,", 601호 일부 (천천동, 센타프라자)",16329,,20250727
J10,경기도교육청,수원시,학원,3000068261,춤터무용학원,20240315,20240315,개원,        ,        ,75,15,예능(대),,,, ,Y,N,경기도 수원시 영통구 웰빙타운로 47,", 402호(이의동, 골드클래스2)",16224,,20250316
J10,경기도교육청,수원시,학원,3000062282,카나우일본어학원,20231012,20231012,개원,        ,        ,240,0,국제화,,,, ,Y, ,경기도 수원시 영통구 광교중앙로 170,", 218호, 219호,222호,319호,328호(하동, 광교효성해링턴타워)",16514,,20260301
J10,경기도교육청,수원시,학원,3000018494,카라음악학원,20130508,20130508,개원,        ,99991231,399,39,예능(대),예능(중),"음악,",음악, ,Y,N,경기도 수원시 영통구 영통로153번길 6,", 201호,301호(망포동370-3) (망포동)",443400,031-269-2299,20231018
J10,경기도교육청,수원시,학원,3000074807,카소퀸수학과학학원,20250710,20250710,개원,        ,        ,100,45,입시.검정 및 보습,보통교과,보습,보습, ,Y, ,경기도 수원시 영통구 매탄로108번길 16,"501호(매탄동, 엔타운)",16545,031-211-2351,20250720
J10,경기도교육청,수원시,학원,3000050497,카이댄스학원,20220321,20220321,개원,        ,99991231,160,40,예능(대),기타(중),,기타(소), ,Y,N,경기도 수원시 영통구 청명남로 39,", 706호 (영통동, 럭셔리프라자)",16704,,20251123
J10,경기도교육청,수원시,학원,3000053614,카이로스과학학원,20221229,20221229,개원,        ,99991231,200,50,입시.검정 및 보습,보통교과,보습,보습, ,Y,N,경기도 수원시 권선구 금곡로 116,201호(금곡동),16388,,20260201
J10,경기도교육청,수원시,학원,3000026365,카이로스수학학원,20150604,20150604,개원,        ,99991231,100,61,입시.검정 및 보습,보통교과,"보습,",보습, ,Y,N,경기도 수원시 영통구 영통로 107,", 501호 (망포동, 유림프라자)",443400,031-273-1081,20240128
J10,경기도교육청,수원시,학원,3000034095,카이수학학원,20170830,20170830,개원,        ,99991231,100,40,입시.검정 및 보습,보통교과,,보습, ,Y,N,경기도 수원시 권선구 금곡로102번길 15,"305호, 306호, 307호(금곡동, 비즈윅스 비즈웍스)",16388,031-293-1031,20260301
J10,경기도교육청,수원시,학원,3000020471,카툰시드미술학원,20140116,20140116,개원,        ,99991231,90,30,예능(대),예능(중),미술,미술, ,Y,N,경기도 수원시 영통구 반달로7번길 6,", 605호(영통동, 센타프라자)",16704,031-206-0357,20260405
J10,경기도교육청,수원시,학원,3000046020,칸타수학학원,20210201,20210201,개원,        ,99991231,63,51,입시.검정 및 보습,보통교과,,보습, ,Y,N,경기도 수원시 장안구 정자천로 179,", 3층 306호 (정자동)",16334,031-269-8008,20250525
J10,경기도교육청,수원시,학원,3000017381,캐나다어학원,20130107,20130107,개원,        ,99991231,214,52,국제화,외국어,"실용외국어(유아/초·중·고),",실용외국어(유아/초·중·고), ,Y,N,경기도 수원시 영통구 태장로 84,", 4층 (망포동, 망포프라자)",16687,031-273-9912,20231018
J10,경기도교육청,수원시,학원,3000041684,캐슬비엔나음악학원,20190903,20190903,개원,        ,99991231,313,24,예능(대),예능(중),음악,음악, ,Y,N,경기도 수원시 영통구 덕영대로 1410,", 2층 201호, 202호, 203호 전체 (망포동, 영통아이파크캐슬 1단지 상가비동)",16684,,20250413
J10,경기도교육청,수원시,학원,3000072292,캔비어학원,20241101,20241101,개원,        ,        ,500,100,국제화,외국어,실용외국어(유아/초·중·고),실용외국어(유아/초·중·고), ,Y, ,경기도 수원시 영통구 덕영대로 1527,", 4층 전체 및 5층 전체(영통동)",16698,010-5132-4513,20250413
J10,경기도교육청,수원시,학원,35023,캔영어수학학원,20090526,20090526,개원,        ,99991231,100,60,입시.검정 및 보습,보통교과,"보습,",보습, ,Y,N,경기도 수원시 장안구 장안로63번길 45,  2층전체 (영화동),440820,031-255-3305,20251207
J10,경기도교육청,수원시,학원,3000068756,커먼뮤직취미음악학원,20240502,20240502,개원,        ,        ,200,25,기예(대),,,, ,Y, ,경기도 수원시 팔달구 인계로 140,", 1001호(인계동, 시안프라자)",16489,010-8561-9531,20250316
J10,경기도교육청,수원시,학원,3000073418,커스텀에듀학원,20250217,20250217,개원,        ,        ,45,15,입시.검정 및 보습,보통교과,보습,보습, ,Y, ,경기도 수원시 권선구 세류로 30,", 501호(세류동, 센트럴타운프라자B동)",16593,,20250302
J10,경기도교육청,수원시,학원,1684,커티스음악학원,20011026,20011026,개원,        ,99991231,45,9,예능(대),예능(중),"음악,",음악, ,Y,N,경기도 수원시 권선구 탑동로36번길 5-15,  2층 (탑동),441440,031-298-2950,20231018
J10,경기도교육청,수원시,학원,3000049440,컬컴수원점학원,20211231,20211231,개원,        ,99991231,600,100,국제화,국제,"어학(성인),",어학(성인), ,Y,N,경기도 수원시 권선구 권선로 472,", 3층 일부 (세류동, 세지빌딩)",16591,,20231018
J10,경기도교육청,수원시,학원,3000074925,케니스에듀영어학원,20250721,20250721,개원,        ,        ,300,50,입시.검정 및 보습,,,, ,Y, ,경기도 수원시 권선구 금곡로118번길 24,"405호 일부, 406호(금곡동, 리치빌딩)",16388,,20250727
J10,경기도교육청,수원시,학원,3000051806,케이뷰티아카데미학원,20220721,20220721,개원,        ,99991231,120,30,직업기술,기타(중),,이·미용, ,Y,N,경기도 수원시 권선구 권광로 81,", 2층 전체  (권선동)",16568,,20260412
J10,경기도교육청,수원시,학원,3000030874,케이비에스아트비전미용학원,20161121,20161121,개원,        ,99991231,1121,0,직업기술,산업응용기술,이·미용,이·미용, ,Y,N,경기도 수원시 팔달구 인계로 123,", 2층 일부 (인계동)",16487,031-217-2179,20260201
J10,경기도교육청,수원시,학원,3000062261,케이비엠학원,20231011,20231011,개원,        ,        ,100,50,입시.검정 및 보습,,,, ,Y,N,경기도 수원시 영통구 영통로 136,"706호 일부(망포동, 센트럴타워)",16691,,20231018
J10,경기도교육청,수원시,학원,3000018015,케이팝실용음악학원,20130329,20130329,개원,        ,99991231,100,25,예능(대),예능(중),,음악, ,Y,N,경기도 수원시 영통구 효원로 374,", 501호 (매탄동,주공플라자)",443848,,20231018
J10,경기도교육청,수원시,학원,44348,켈리세시간학원,20110221,20110216,개원,        ,99991231,150,45,입시.검정 및 보습,보통교과,"보습,",보습, ,Y,N,경기도 수원시 영통구 인계로220번길 22,", 3층 (매탄동)",16543,031-212-8205,20231018
J10,경기도교육청,수원시,학원,31352,켈스영어학원,20080630,20080630,개원,        ,99991231,255,23,입시.검정 및 보습,보통교과,보습,보습, ,Y,N,경기도 수원시 영통구 효원로 363, 매탄위브하늘채 302상가A 310호 (매탄동),443370,031-216-5525,20240128
J10,경기도교육청,수원시,학원,3000073645,코너스톤과학학원,20250307,20250307,개원,        ,        ,0,0,입시.검정 및 보습,,,, ,Y, ,경기도 수원시 영통구 매탄로108번길 16,", 7층 701호(매탄동, 엔타운)",16545,,20250831
J10,경기도교육청,수원시,학원,3000062692,코너스톤몬테소리학원,20231121,20231121,개원,        ,        ,100,20,기타(대),,,, ,Y, ,경기도 수원시 영통구 에듀타운로 102,", 817호, 818호(이의동, 광교중앙역 SK VIEW B동)",16509,,20250316
J10,경기도교육청,수원시,학원,3000051263,코드뮤직음악학원,20220602,20220602,개원,        ,99991231,30,25,예능(대),예능(중),,음악, ,Y,N,경기도 수원시 권선구 금곡로197번길 18-37,", 404호 (금곡동)",16391,,20231018
J10,경기도교육청,수원시,학원,3000077680,코드브릿지실용음악학원,20260306,20260306,개원,        ,        ,220,22,예능(대),,,, ,Y, ,경기도 수원시 장안구 만석로19번길 11-3,"902호(천천동, 태영프라자)",16329,,20260405
J10,경기도교육청,수원시,학원,3000076936,코딩핏학원,20251229,20251229,개원,        ,        ,30,10,기타(대),기타(중),기타(중),기타(중), ,Y, ,경기도 수원시 팔달구 정조로 697,"708호(매교동, 마인프라자)",16467,,20260405
J10,경기도교육청,수원시,학원,3000075865,코딩하루수원매교센터컴퓨터학원,20250905,20250905,개원,        ,        ,60,15,정보,,,, ,Y, ,경기도 수원시 권선구 효원로 82,"301호(세류동,플레이스이안) ",16459,,20250914
J10,경기도교육청,수원시,학원,3000023994,코리아독서실,20150109,20150109,개원,        ,99991231,50,50,독서실,독서,,독서실(유아/초·중·고), ,Y,N,경기도 수원시 장안구 금당로 46,", 신원빌딩 302호 (조원동, 조원동 731-6 제2종근린생활시설 (이재환))",440847,,20231030
J10,경기도교육청,수원시,학원,3000061716,코리아바리스타제과제빵학원,20230818,20230818,개원,        ,        ,20,20,직업기술,산업응용기술,"식음료품(바리스타,소믈리에)","식음료품(바리스타,소믈리에)", ,Y,N,경기도 수원시 팔달구 권광로 138,"541호 전체, 542호 일부(인계동,수원시청역 선경센트럴파크)",16491,031-305-8356,20250330
J10,경기도교육청,수원시,학원,3000059601,코리아요리아트아카데미학원,20230728,20230728,개원,        ,        ,53,53,기타(대),기타(중),"기타(소),식음료품",식음료품, ,Y,N,경기도 수원시 팔달구 권광로 138,"542호 일부(인계동,수원시청역 선경센트럴파크)",16491,031-305-8356,20251214
J10,경기도교육청,수원시,학원,3000067758,코뮌어학원,20240207,20240207,개원,        ,        ,180,45,국제화,외국어,실용외국어(유아/초·중·고),실용외국어(유아/초·중·고), ,Y,N,경기도 수원시 영통구 웰빙타운로49번길 14,2층 일부(이의동),16224,,20251123
J10,경기도교육청,수원시,학원,3000054291,코스매쓰수학학원,20230221,20230221,개원,        ,99991231,0,0,입시.검정 및 보습,보통교과,,보습, ,Y,N,경기도 수원시 영통구 덕영대로 1470,", 703호, 704호 (망포동, 망포역 플래티넘베이스)",16685,,20251012
J10,경기도교육청,수원시,학원,3000074424,코어잉글리쉬학원,20250529,20250529,개원,        ,        ,100,50,입시.검정 및 보습,,,, ,Y, ,경기도 수원시 권선구 동수원로177번길 40,", 상가108호(권선동,수원아이파크시티8단지)",16663,,20260405
J10,경기도교육청,수원시,학원,115726,코오롱그랜드음악학원,20020404,20020404,개원,        ,99991231,37,17,예능(대),예능(중),"음악,",음악, ,Y,N,경기도 수원시 팔달구 일월로18번길 4-26  ,  3층 (화서동),442873,031-227-0197,20231018
J10,경기도교육청,수원시,학원,39490,코치미학원,20100130,20100120,개원,20160206,20160212,109,71,입시.검정 및 보습,보통교과,보습,보습, ,Y,N,경기도 수원시 영통구 청명남로 21,  아셈프라자 408호 (영통동),443470,031-204-0955,20250629
J10,경기도교육청,수원시,학원,20043,콩세르음악학원,20051220,20051220,개원,        ,99991231,25,16,예능(대),예능(중),"음악,",음악, ,Y,N,경기도 수원시 권선구 세화로168번길 15, 쎈트라하우스단지내상가 205호 206호 207호 (서둔동),441100,031-227-0470,20231018
J10,경기도교육청,수원시,학원,3000026362,쾰른음악학원,20150507,20150507,개원,        ,99991231,190,40,예능(대),예능(중),"음악,",음악, ,Y,N,경기도 수원시 영통구 매탄로108번길 28,", 301호,302호,303호 (매탄동, 강희타운)",443848,,20231018
J10,경기도교육청,수원시,학원,3000022631,퀸즈음악학원,20140828,20140828,개원,        ,99991231,150,36,예능(대),예능(중),"음악,",음악, ,Y,N,경기도 수원시 영통구 센트럴타운로 92,", 401호 (이의동 1325-6, 대림프라자)",443270,031-214-1160,20251012
J10,경기도교육청,수원시,학원,3000014262,큐매쓰수학전문학원,20120228,20120228,개원,        ,99991231,138,54,입시.검정 및 보습,보통교과,"보습,",보습, ,Y,N,경기도 수원시 팔달구 권광로276번길 4,", 4층 일부 (인계동,성우프라자)",442828,,20231018
J10,경기도교육청,수원시,학원,3000077866,큐미르능실학원,20260323,20260323,개원,        ,        ,0,14,입시.검정 및 보습,,,, ,Y,N,경기도 수원시 권선구 호매실로90번길 101,", 303호(호매실동,라니힐)",16630,,20260405
J10,경기도교육청,수원시,학원,3000043932,큐브뮤직기타학원,20200331,20200331,개원,        ,99991231,40,12,예능(대),예능(중),,음악, ,Y,N,경기도 수원시 팔달구 중부대로 200,", 2층 (인계동)",16530,,20231018
J10,경기도교육청,수원시,학원,3000076672,큐엔에이에듀학원,20251204,20251204,개원,        ,        ,110,22,입시.검정 및 보습,,,, ,Y, ,경기도 수원시 장안구 대평로 74,", 402호(정자동, 금강프라자)",16334,,20251214
J10,경기도교육청,수원시,학원,1548,크라피아음악학원,20020819,20020819,개원,        ,99991231,13,13,예능(대),예능(중),"음악,",음악, ,Y,N,경기도 수원시 팔달구 세류로 77,(매산로3가),16460,031-236-5331,20231018
J10,경기도교육청,수원시,학원,3000048129,크레빌수원어학원,20210910,20210910,개원,        ,99991231,3240,60,국제화,외국어,"실용외국어(유아/초·중·고),",실용외국어(유아/초·중·고), ,Y,N,경기도 수원시 권선구 세화로 134,", 7층 일부 (서둔동, 롯데몰 수원점)",16621,,20231018
J10,경기도교육청,수원시,학원,3000032063,크레센도음악학원,20170223,20170223,개원,        ,99991231,229,43,예능(대),예능(중),음악,음악, ,Y,N,경기도 수원시 권선구 매실로 57,", 2층 일부 (호매실동)",16395,,20250720
J10,경기도교육청,수원시,학원,3000049082,크로마틱음악학원,20211208,20211208,개원,        ,99991231,42,14,예능(대),예능(중),,음악, ,Y,N,경기도 수원시 장안구 대평로 27,", 212호 (정자동, 화서역 파크푸르지오 201동)",16318,,20231018
J10,경기도교육청,수원시,학원,3000040187,크리스챤쇼보미용학원,20190402,20190402,개원,        ,99991231,440,50,직업기술,산업응용기술,,이·미용, ,Y,N,경기도 수원시 팔달구 인계로 130,", 5층 일부 (인계동)",16489,031-236-8855,20231018
J10,경기도교육청,수원시,학원,1926,크림실용음악학원,20030514,20030514,개원,        ,99991231,70,26,예능(대),예능(중),"음악,",음악, ,Y,N,경기도 수원시 권선구 세권로 219,  4층 (권선동),441824,031-224-7174,20231030
J10,경기도교육청,수원시,학원,33113,큰나무영수학원,20081126,20081126,개원,        ,99991231,50,28,입시.검정 및 보습,보통교과,"보습,",보습, ,Y,N,경기도 수원시 영통구 인계로189번길 119-1,", 201호 일부 (매탄동,  현대힐스테이트아파트 교회,상가)",443800,031-305-3377,20231018
J10,경기도교육청,수원시,학원,3000071743,큰빛수학영어매교학원,20240829,20240829,개원,        ,        ,60,20,입시.검정 및 보습,보통교과,보습,보습, ,Y,N,경기도 수원시 팔달구 정조로 697,"801호(매교동, 마인플라자)",16467,,20251130
J10,경기도교육청,수원시,학원,3000033584,큰빛수학영어학원,20170710,20170710,개원,        ,99991231,100,60,입시.검정 및 보습,보통교과,,보습, ,Y,N,경기도 수원시 권선구 매실로 32,", 2층 전체 (호매실동)",16400,031-295-3833,20231018
J10,경기도교육청,수원시,학원,3000051014,큰빛수학영어학원,20220506,20220506,개원,        ,99991231,60,60,입시.검정 및 보습,보통교과,,보습, ,Y,N,경기도 수원시 권선구 노림로 15,", 2층 (호매실동)",16399,,20231018
J10,경기도교육청,수원시,학원,3000027390,큰빛수학학원,20151223,20151223,개원,        ,99991231,270,30,입시.검정 및 보습,보통교과,"보습,",보습, ,Y,N,경기도 수원시 영통구 태장로54번길 70,", 303호, 304호 (망포동)",16686,,20231018
J10,경기도교육청,수원시,학원,19063,클라라음악학원,20051018,20051018,개원,        ,99991231,160,49,예능(대),예능(중),예능(중),예능(중), ,Y,N,경기도 수원시 권선구 당진로15번길 1,", 102호 (당수동 236-10)",16376,031-417-4607,20260222
J10,경기도교육청,수원시,학원,3000039370,클라스영어수학학원,20190122,20190122,개원,        ,99991231,48,20,입시.검정 및 보습,보통교과,,보습, ,Y,N,경기도 수원시 장안구 경수대로 940,", 4층 408호 (조원동, 일호골든타워)",16295,031-548-0887,20250427
J10,경기도교육청,수원시,학원,33915,클라이영어학원,20090204,20090204,개원,        ,99991231,196,50,입시.검정 및 보습,보통교과,"보습,",보습, ,Y,N,경기도 수원시 영통구 영통로 107,  유림프라자 601호 (망포동),443400,031-206-3639,20231018
J10,경기도교육청,수원시,학원,43354,클라임수학과학전문학원,20101213,20101130,개원,        ,99991231,80,179,입시.검정 및 보습,보통교과,보습,보습, ,Y,N,경기도 수원시 영통구 영통로 136,", 센트럴타워 5층 508호,509호 (망포동)",443400,031-204-3322,20250831
J10,경기도교육청,수원시,학원,3000033322,클랑음악학원,20170620,20170620,개원,        ,99991231,100,15,예능(대),예능(중),,음악, ,Y,N,경기도 수원시 권선구 금곡로 17,", 2층 전체 (금곡동)",16381,,20250302
J10,경기도교육청,수원시,학원,3000016217,클래스피아노음악학원,20120822,20120822,개원,        ,99991231,395,30,예능(대),예능(중),"음악,",음악, ,Y,N,경기도 수원시 권선구 탑동로52,", 2층일부 (탑동)",441440,031-295-1390,20231018
J10,경기도교육청,수원시,학원,3000044723,클레르음악학원,20200803,20200803,개원,        ,99991231,216,36,예능(대),예능(중),음악,음악, ,Y,N,경기도 수원시 영통구 망포로 136,", 405호, 406호 (망포동, 영통 플래티넘베이스 에이)",16685,,20240128
J10,경기도교육청,수원시,학원,3000054110,클로드음악학원,20230208,20230208,개원,        ,99991231,192,32,예능(대),예능(중),음악,음악, ,Y,N,경기도 수원시 권선구 호매실로104번길 90,", 202호 (호매실동, 제이디타워1)",16630,null,20240929
J10,경기도교육청,수원시,학원,3000074995,클로이잉글리쉬어학원,20250729,20250729,개원,        ,        ,300,50,국제화,,,, ,Y, ,경기도 수원시 권선구 칠보로 138,202호(호매실동),16401,,20250810
J10,경기도교육청,수원시,학원,3000062238,키스톤잉글리시원격학원,20231005,20231005,개원,        ,        ,80,20,국제화,,,, ,Y, ,경기도 수원시 영통구 대학3로4번길 15,", 107호일부(c.18호)(이의동, 테라스힐)",16225,,20250406
J10,경기도교육청,수원시,학원,28811,키스톤학원,20071119,20071119,개원,        ,99991231,160,80,입시.검정 및 보습,보통교과,"보습,",보습, ,Y,N,경기도 수원시 영통구 태장로 84,", 402호, 403호, 404호 (망포동, 망포프라자)",16687,031-206-1067,20231018
J10,경기도교육청,수원시,학원,3000069629,키아광교코리아헤럴드국제어학원,20240731,20240731,개원,        ,        ,450,150,종합(대),,"기타(소),보습,외국어",, ,Y,N,경기도 수원시 영통구 광교호수공원로 277,", 1호 일부(원천동,광교중흥에스클래스 학원)",16517,031-215-7905,20260201
J10,경기도교육청,수원시,학원,22708,키움음악학원,20060627,20060627,개원,        ,99991231,52,15,예능(대),예능(중),음악,음악, ,Y,N,경기도 수원시 영통구 권광로260번길 36,", 현대힐스테이트아파트상가2 302호 (매탄동,현대힐스테이트아파트)",443710,031-215-4070,20250316
J10,경기도교육청,수원시,학원,3000041428,키즈랭귀지어학원,20190805,20190805,개원,        ,99991231,135,56,국제화,외국어,실용외국어(유아/초·중·고),실용외국어(유아/초·중·고), ,Y,N,경기도 수원시 영통구 웰빙타운로49번길 10,", 401~405호, 303호 (이의동)",16224,,20260308
J10,경기도교육청,수원시,학원,3000036472,키즈스피치마루지영통학원,20180329,20180329,개원,        ,99991231,6,24,기타(대),기타(중),,웅변, ,Y,N,경기도 수원시 영통구 반달로7번길 6,", 601호 일부 (영통동, 센타프라자)",16704,,20260201
J10,경기도교육청,수원시,학원,3000032219,키즈스피치마루지학원,20170220,20170220,개원,        ,99991231,22,0,기타(대),기타(중),,기타(소), ,Y,N,경기도 수원시 영통구 센트럴타운로 106,", 311호 (이의동)",16506,,20260201
J10,경기도교육청,수원시,학원,3000076767,키즈스피치마루지호매실센터학원,20251211,20251211,개원,        ,        ,125,25,기타(대),,,, ,Y, ,경기도 수원시 권선구 금곡로212번길 14,", 602호(금곡동, 거성빌딩)",16397,,20251221
J10,경기도교육청,수원시,학원,3000076756,키즈스피치예소스수원영통학원,20251211,20251211,개원,        ,        ,120,30,기타(대),,,, ,Y, ,경기도 수원시 영통구 봉영로 1612,",512호 (영통동, 보보스프라자)",16704,,20251221
J10,경기도교육청,수원시,학원,3000043252,킨더밸트학원,20200123,20200123,개원,        ,99991231,96,22,입시.검정 및 보습,보통교과,,보습, ,Y,N,경기도 수원시 팔달구 수성로244번길 25,", 상가203동 206-1호, 206-2호 (화서동, 화서위브하늘채)",16433,031-8067-7377,20250112
J10,경기도교육청,수원시,학원,3000029497,킴스에듀케어학원,20160706,20160706,개원,        ,99991231,141,40,입시.검정 및 보습,보통교과,,보습, ,Y,N,경기도 수원시 영통구 효원로 363,", 303호, 304호(A상가동) (매탄동, 매탄 위브 하늘채)",16543,,20250420
J10,경기도교육청,수원시,학원,3000047916,킴스컬리지영어수학학원,20210819,20210819,개원,        ,99991231,100,38,입시.검정 및 보습,보통교과,보습,보습, ,Y,N,경기도 수원시 권선구 금곡로212번길 25,", 303호 (금곡동, 광일프라자)",16393,null,20250427
J10,경기도교육청,수원시,학원,115789,킴엔리어학원,20081023,20020624,개원,        ,99991231,200,100,국제화,외국어,실용외국어(유아/초·중·고),실용외국어(유아/초·중·고), ,Y,N,경기도 수원시 영통구 효원로 393,", 603호 일부,604호(매탄동, 밀래니엄프라자)",16545,031-216-0582,20251207
J10,경기도교육청,수원시,학원,3000030962,킹콩잉글리쉬학원,20161130,20161130,개원,        ,99991231,48,45,입시.검정 및 보습,보통교과,"보습,",보습, ,Y,N,경기도 수원시 장안구 이목로 24-3,", 304호 (정자동, SKY PLAZA)",16336,,20231018
J10,경기도교육청,수원시,학원,3000039531,타이거아카데미광교본원학원,20190212,20190212,개원,        ,99991231,30,27,입시.검정 및 보습,보통교과,,보습, ,Y,N,경기도 수원시 영통구 에듀타운로 102," B동 510호, 511호 (이의동, 광교중앙역 SK VIEW)",16509,,20260405
J10,경기도교육청,수원시,학원,3000010244,탑리드영수전문학원,20110307,20110307,개원,        ,99991231,159,20,입시.검정 및 보습,보통교과,보습,보습, ,Y,N,경기도 수원시 권선구 오목천로 31,  로뎀프라자 2층 202호 (오목천동),441849,031-291-3737,20260405
J10,경기도교육청,수원시,학원,3000049327,탑메이드수학학원,20211227,20211227,개원,        ,99991231,108,24,입시.검정 및 보습,보통교과,"보습,",보습, ,Y,N,경기도 수원시 영통구 동수원로 400-1,", 2층 (매탄동)",16543,,20231018
J10,경기도교육청,수원시,학원,3000050579,탑메이드학원,20220325,20220325,개원,        ,99991231,120,45,입시.검정 및 보습,보통교과,보습,보습, ,Y,N,경기도 수원시 장안구 송원로 83,", 401-1호 (조원동, 메가플러스(3차,B동))",16295,null,20241201
J10,경기도교육청,수원시,학원,3000021927,탑법원경매교육학원,20140617,20140617,개원,        ,99991231,50,50,직업기술,경영·사무관리,"경매,",경매, ,Y,N,경기도 수원시 권선구 효원로 230,", 5층 일부 (권선동)",441822,031-215-8500,20231018
J10,경기도교육청,수원시,학원,3000026886,탑벤에듀학원,20151118,20151118,개원,        ,99991231,100,30,입시.검정 및 보습,보통교과,,보습, ,Y,N,경기도 수원시 영통구 봉영로1759번길 8-25,", 2층 일부(좌측) (영통동)",16712,null,20260201
J10,경기도교육청,수원시,학원,34820,탑스존영수단과전문학원,20090501,20090501,개원,        ,99991231,100,74,입시.검정 및 보습,보통교과,,보습, ,Y,N,경기도 수원시 권선구 매실로 51 ,3층 (호매실동) ,441884,031-298-6768,20240804
J10,경기도교육청,수원시,학원,3000047236,탑스톤학원,20210609,20210609,개원,        ,99991231,164,42,입시.검정 및 보습,보통교과,보습,보습, ,Y,N,경기도 수원시 팔달구 중부대로223번길 15,", 6층 전체 (우만동, 삼희빌딩)",16498,null,20260405
J10,경기도교육청,수원시,학원,3000053302,탑영어수학전문학원,20221205,20221205,개원,        ,99991231,38,50,입시.검정 및 보습,보통교과,,보습, ,Y,N,경기도 수원시 장안구 금당로 32,", 2층 (조원동, 광교에비뉴 제1동)",16282,,20231018
J10,경기도교육청,수원시,학원,115452,탑영어학원,20010615,20010615,개원,        ,99991231,118,58,입시.검정 및 보습,보통교과,,보습, ,Y,N,경기도 수원시 영통구 효원로 381,", 603호 (매탄동 1267-1, 새롬프라자16차)",16545,031-212-4090,20251102
J10,경기도교육청,수원시,학원,3000041329,탑올림피아드학원,20190724,20190724,개원,        ,99991231,240,70,입시.검정 및 보습,보통교과,,보습, ,Y,N,경기도 수원시 팔달구 경수대로604번길 15,", 대창빌딩 2층 (우만동)",16240,031-893-9010,20250413
J10,경기도교육청,수원시,학원,3343,탑옹달샘음악학원,19990922,19990922,개원,        ,99991231,124,24,예능(대),예능(중),"음악,",음악, ,Y,N,경기도 수원시 권선구 탑동로58번길 6-2,", 2층  (탑동)",441440,031-295-0134,20231018
J10,경기도교육청,수원시,학원,3000019307,탑이지수학학원,20130823,20130823,개원,        ,99991231,180,42,입시.검정 및 보습,보통교과,"보습,",보습, ,Y,N,경기도 수원시 팔달구 덕영대로697번길 17,", 501호, 509호 (화서동, 그린프라자)",16435,031-247-0979,20231018
J10,경기도교육청,수원시,학원,3000010561,탑지성학원,20110308,20110308,개원,        ,99991231,145,80,입시.검정 및 보습,보통교과,,보습, ,Y,N,경기도 수원시 권선구 효원로 90,", 202호, 203호 (세류동)",16459,031-243-1307,20240623
J10,경기도교육청,수원시,학원,3000023742,탑큐영수학원,20141218,20141218,개원,        ,99991231,100,50,입시.검정 및 보습,보통교과,"보습,",보습, ,Y,N,경기도 수원시 권선구 호매실로104번길 24-61,", 601~603호 (호매실동)",16630,,20231018
J10,경기도교육청,수원시,학원,26661,탑클래스보습영어학원,20070430,20070430,개원,        ,99991231,98,98,입시.검정 및 보습,보통교과,"보습,",보습, ,Y,N,경기도 수원시 권선구 정조로 564 ,3층 (세류동) ,441870,031-239-8118,20231018
J10,경기도교육청,수원시,학원,3000053612,탑클래스수학학원,20221229,20221229,개원,        ,99991231,23,45,입시.검정 및 보습,보통교과,,보습, ,Y,N,경기도 수원시 권선구 매송고색로 668-1,", 2층 (고색동, 우리B/D)",16650,,20250323
J10,경기도교육청,수원시,학원,3000053878,탑티어수학학원,20230119,20230119,개원,        ,99991231,80,30,입시.검정 및 보습,보통교과,,보습, ,Y,N,경기도 수원시 권선구 곡반정로 160,", 501호 (곡반정동, 라퍼스트)",16668,,20241201
J10,경기도교육청,수원시,학원,29088,탑플러스학원,20071217,20071217,개원,        ,99991231,318,50,입시.검정 및 보습,보통교과,,보습, ,Y,N,경기도 수원시 권선구 곡반정로65번길 29,  2층 전체 (곡반정동),441400,031-226-1933,20250323
J10,경기도교육청,수원시,학원,1621,탑학원,20021104,20021104,개원,        ,99991231,120,50,입시.검정 및 보습,보통교과,보습,보습, ,Y,N,경기도 수원시 장안구 장안로29번길 1,", 3층 (영화동)",16274,031-257-9700,20250427
J10,경기도교육청,수원시,학원,24799,터치음악학원,20061212,20061212,개원,        ,99991231,306,15,예능(대),예능(중),,음악, ,Y,N,경기도 수원시 장안구 덕영대로535번길 34,", 603호 (천천동, 천천동그린프라자)",440330,031-256-0090,20250914
J10,경기도교육청,수원시,학원,3000020686,테드영어학원,20140129,20140129,개원,        ,99991231,63,55,입시.검정 및 보습,보통교과,"보습,",보습, ,Y,N,경기도 수원시 장안구 경수대로 940,", 310호 (조원동,일호골든타워1)",440200,,20231018
J10,경기도교육청,수원시,학원,3000025431,테레사간호학원,20150604,20150604,개원,        ,99991231,270,103,직업기술,간호보조기술,"간호조무사,",간호조무사, ,Y,N,경기도 수원시 권선구 서호동로26번길 19,", 1층 일부, 2층 일부 (서둔동)",16618,031-308-7424,20231018
J10,경기도교육청,수원시,학원,3000074647,테리영어학원,20250624,20250624,개원,        ,        ,125,25,입시.검정 및 보습,,,, ,Y,N,경기도 수원시 영통구 법조로 25,", A동 1504호, 1505호(하동, 광교 SK VIEW Lake A)",16514,,20250629
J10,경기도교육청,수원시,학원,3000062091,토미잉글리시영어전문학원,20230920,20230920,개원,        ,        ,240,48,입시.검정 및 보습,보통교과,,보습, ,Y, ,경기도 수원시 권선구 금곡로212번길 25,"302호(금곡동, 광일프라자)",16393,,20240818
J10,경기도교육청,수원시,학원,3000019018,토브이엔앰학원,20130710,20130710,개원,        ,99991231,168,55,입시.검정 및 보습,보통교과,"보습,",보습, ,Y,N,경기도 수원시 영통구 도청로17번길 10,", 성희프라자 404호 (이의동)",443270,031-214-1597,20231018
J10,경기도교육청,수원시,학원,3000076847,토에르발레학원,20251218,20251218,개원,        ,        ,100,0,예능(대),기예(중),,"무용(전통무용,현대무용)", ,Y, ,경기도 수원시 영통구 영통로 127,", 404호(망포동, 센타프라자)",16687,,20260426
J10,경기도교육청,수원시,학원,3000030870,토즈스터디센터영통투독서실,20161123,20161123,개원,        ,99991231,150,100,독서실,독서,"독서실(유아/초·중·고),",독서실(유아/초·중·고), ,Y,Y,경기도 수원시 영통구 봉영로 1767,", 701호 일부 (영통동, 한솔프라자)",16712,031-202-7250,20231018
J10,경기도교육청,수원시,학원,3000036051,토킹스타광교직영점학원,20180227,20180227,개원,        ,99991231,375,55,입시.검정 및 보습,보통교과,,보습, ,Y,N,경기도 수원시 영통구 에듀타운로 23,", 401호 (이의동)",16509,,20231022
J10,경기도교육청,수원시,학원,115521,톡스터외국어학원,20010914,20010914,개원,        ,99991231,30,40,국제화,외국어,,실용외국어(유아/초·중·고), ,Y,N,경기도 수원시 팔달구 동말로25번길 44,", 1~2층 (화서동)",16443,031-255-8818,20240929
J10,경기도교육청,수원시,학원,27693,톡톡놀이영어학원,20070725,20070725,개원,        ,99991231,150,56,국제화,보통교과,,보습, ,Y,N,경기도 수원시 권선구 당진로 18,", 우진프라자 401호 (당수동)",441480,031-419-1939,20260405
J10,경기도교육청,수원시,학원,3000041076,투비단어학원,20190702,20190702,개원,        ,99991231,11,19,국제화,국제,어학(성인),어학(성인), ,Y,N,경기도 수원시 영통구 효원로 400,", 2층 206호 일부 (매탄동, 탑프라자)",16547,031-215-6444,20260215
J10,경기도교육청,수원시,학원,31731,투탑영어학원,20080723,20080723,개원,        ,99991231,115,48,입시.검정 및 보습,보통교과,"보습,",보습, ,Y,N,경기도 수원시 권선구 세권로304번길 44,  삼성프라자 501호 (권선동),441885,031-236-0579,20231203
J10,경기도교육청,수원시,학원,3000016037,튠관현악전문학원,20120808,20120808,개원,        ,99991231,40,35,예능(대),예능(중),"음악,",음악, ,Y,N,경기도 수원시 영통구 봉영로 1612,", 321호  (영통동,보보스프라자)",443814,,20231018
J10,경기도교육청,수원시,학원,3000068909,트라움플래닛입시미술학원,20240517,20240517,개원,        ,        ,50,150,예능(대),예능(중),미술,미술, ,Y, ,경기도 수원시 영통구 덕영대로 1529,"4층 일부(영통동, 도담빌딩)",16698,,20250202
J10,경기도교육청,수원시,학원,2755,트리탑스과학전문학원,20030630,20030630,개원,        ,99991231,58,58,입시.검정 및 보습,보통교과,보습,보습, ,Y,N,경기도 수원시 영통구 청명남로 21,", 604호 (영통동)",16704,031-206-7072,20240310
J10,경기도교육청,수원시,학원,3000025186,튼튼마스터클럽호매실영어학원,20150506,20150506,개원,        ,99991231,16,30,입시.검정 및 보습,보통교과,보습,보습, ,Y,N,경기도 수원시 권선구 호매실로218번길 128,", 402호 (아트프라자) (호매실동)",441450,031-291-0509,20240804
J10,경기도교육청,수원시,학원,3000035825,튼튼영어능실마스터클럽학원,20180209,20180209,개원,        ,99991231,204,12,입시.검정 및 보습,보통교과,,보습, ,Y,N,경기도 수원시 권선구 호매실로104번길 24-61,", 금호프라자 403호 (호매실동)",16630,,20231018
J10,경기도교육청,수원시,학원,3000054725,튼튼영어마스터클럽딱풀리는수학수원매교점학원,20230323,20230323,개원,        ,99991231,16,30,입시.검정 및 보습,보통교과,,보습, ,Y,N,경기도 수원시 팔달구 효원로55번길 49,", 3층 일부(303호) (매교동), 매교리얼티",16464,,20250202
J10,경기도교육청,수원시,학원,34986,튼튼영어마스터클럽장안파장학원,20090525,20090525,개원,        ,99991231,10,40,입시.검정 및 보습,보통교과,,보습, ,Y,N,경기도 수원시 장안구 경수대로1081번길 32-3,  1층2층전체 (파장동),440853,031-269-5605,20231018
J10,경기도교육청,수원시,학원,44283,튼튼영어마스터클럽정자제일어학원,20110210,20110210,개원,        ,99991231,90,70,국제화,외국어,,외국어, ,Y,N,경기도 수원시 장안구 대평로 80,", 707호, 708호 (정자동)",16334,031-269-8111,20231018
J10,경기도교육청,수원시,학원,3000016519,튼튼영어마스터클럽탑동학원,20121013,20121011,개원,        ,99991231,100,35,입시.검정 및 보습,보통교과,"보습,",보습, ,Y,N,경기도 수원시 권선구 탑동로48번길 7,", 2층 전체 (탑동)",441440,031-296-0525,20231018
J10,경기도교육청,수원시,학원,3000030871,티(T)클래스폴리오국어논술최강뮤엠영어학원,20161121,20161121,개원,        ,99991231,252,50,입시.검정 및 보습,보통교과,보습,보습, ,Y,N,경기도 수원시 영통구 봉영로1770번길 21,", 321호~324호 (영통동)",16713,031-204-9966,20260308
J10,경기도교육청,수원시,학원,3000034277,티쓰리포인트영어학원,20170921,20170921,개원,        ,99991231,234,75,입시.검정 및 보습,보통교과,,보습, ,Y,N,경기도 수원시 권선구 매실로 28,", 3층전체 (호매실동)",16399,031-298-7188,20241201
J10,경기도교육청,수원시,학원,3000023651,티쓰리포인트학원,20141210,20141210,개원,        ,99991231,356,60,입시.검정 및 보습,보통교과,,보습, ,Y,N,경기도 수원시 권선구 매실로 28,", 2층 전체 (호매실동 404-21)",16399,,20241201
J10,경기도교육청,수원시,학원,3000055243,티엠학원,20230511,20230511,개원,        ,99991231,60,32,입시.검정 및 보습,보통교과,"보습,",보습, ,Y,N,경기도 수원시 영통구 에듀타운로 17,", 301호 (이의동, 국제프라자)",16509,,20231030
J10,경기도교육청,수원시,학원,3000042189,티오피탑학원,20191030,20191030,개원,        ,99991231,170,56,입시.검정 및 보습,보통교과,,보습, ,Y,N,경기도 수원시 장안구 장안로29번길 1,", 4층 전체 (영화동)",16274,,20231018
J10,경기도교육청,수원시,학원,3000073529,티처스수학학원,20250225,20250225,개원,        ,        ,220,55,입시.검정 및 보습,보통교과,,보습, ,Y,N,경기도 수원시 영통구 에듀타운로 102,", 812호(이의동, 광교중앙역 SK VIEW B동)",16509,,20260208
J10,경기도교육청,수원시,학원,20988,파라피아노학원,20060303,20060303,개원,        ,99991231,130,20,예능(대),예능(중),음악,음악, ,Y,N,경기도 수원시 장안구 송정로168번길 6,", 1층전체 (조원동,동서플러스)",440849,031-253-7632,20250112
J10,경기도교육청,수원시,학원,3000011535,파로스학원,20110615,20110615,개원,        ,99991231,135,30,입시.검정 및 보습,보통교과,"보습,",보습, ,Y,N,경기도 수원시 장안구 정자천로173번길 17,", 602호 (정자동, 투대일타운)",16334,031-269-1516,20231018
J10,경기도교육청,수원시,학원,3000052160,파리봉레시피펫미용학원 ,20220823,20220823,개원,        ,99991231,42,0,직업기술,일반서비스,,애견미용, ,Y,N,경기도 수원시 팔달구 효원로292번길 33-4,", 3층 전체 (인계동)",16491,,20231018
J10,경기도교육청,수원시,학원,3000028795,파머스광교웰빙캠퍼스어학원,20160429,20160429,개원,        ,99991231,180,0,국제화,보통교과,,보습, ,Y,N,경기도 수원시 영통구 웰빙타운로49번길 36,", 203호 (이의동, 에코프라자)",16224,,20240512
J10,경기도교육청,수원시,학원,3000031062,파머스메타국제어학원,20161208,20161208,개원,        ,99991231,140,71,국제화,외국어,실용외국어(유아/초·중·고),실용외국어(유아/초·중·고), ,Y,N,경기도 수원시 장안구 화산로 87,", 411, 412, 413, 418, 419, 420호 (천천동, 천천 푸르지오)",16420,031-227-1017,20260308
J10,경기도교육청,수원시,학원,3000067965,파머스세류어학원,20240227,20240227,개원,        ,        ,360,0,국제화,,,, ,Y, ,경기도 수원시 권선구 효원로94번길 14,"201,204호(세류동, 메디컬플라자)",16459,,20250316
J10,경기도교육청,수원시,학원,18196,파머스어학원,20050829,20050829,개원,        ,99991231,150,50,국제화,외국어,외국어,외국어, ,Y,N,경기도 수원시 영통구 영통로 127,", 604호(망포동, 센타프라자)",16687,031-205-8335,20260201
J10,경기도교육청,수원시,학원,27257,파머스어학원권선중앙캠퍼스학원,20070622,20070622,개원,        ,99991231,120,85,국제화,외국어,,실용외국어(유아/초·중·고), ,Y,N,경기도 수원시 권선구 동수원로242번길 20,", 501호, 502호 일부 (권선동1297-5, 태양프라자)",16553,031-548-0119,20250629
J10,경기도교육청,수원시,학원,3000072840,파머스어학원매교캠퍼스학원,20241220,20241220,개원,        ,        ,120,60,국제화,,,, ,Y, ,경기도 수원시 팔달구 정조로 697,", 1001~1002호(매교동, 마인플라자)",16467,,20241222
J10,경기도교육청,수원시,학원,3000019311,파머스영어산돌수학학원,20130826,20130826,개원,        ,99991231,270,90,입시.검정 및 보습,외국어,,실용외국어(유아/초·중·고), ,Y,N,경기도 수원시 권선구 금곡로 112,", 507호, 508호 (금곡동, 이수프라자)",16388,031-292-0553,20250810
J10,경기도교육청,수원시,학원,3000036074,파머스영어천천금쌤캠퍼스학원,20180302,20180302,개원,        ,99991231,340,50,입시.검정 및 보습,보통교과,"보습,",보통교과, ,Y,N,경기도 수원시 장안구 하률로12번길 86,", 403호, 405호 (천천동)",16324,,20231018
J10,경기도교육청,수원시,학원,3000025965,파스칼메가수학학원,20150727,20150727,개원,        ,99991231,160,30,입시.검정 및 보습,보통교과,,보습, ,Y,N,경기도 수원시 장안구 송원로 81,", 메가플러스 2차 503호 일부",440200,031-2558-866,20260201
J10,경기도교육청,수원시,학원,3000029891,파스칼비젼일월학원,20160811,20160811,개원,        ,99991231,150,60,입시.검정 및 보습,보통교과,"보습,",보습, ,Y,N,경기도 수원시 권선구 일월천로4번길 67,", 2층전체 (구운동)",16413,031-297-3484,20231018
J10,경기도교육청,수원시,학원,3000036515,파스칼비젼학원,20180403,20180403,개원,        ,99991231,484,70,입시.검정 및 보습,보통교과,보습,보습, ,Y,N,경기도 수원시 팔달구 일월로22번길 4,", 3층 전체 (화서동)",16424,031-294-0154,20260201
J10,경기도교육청,수원시,학원,114691,파스칼영수학원,19980922,19980922,개원,        ,99991231,126,50,입시.검정 및 보습,보통교과,"보습,",보습, ,Y,N,경기도 수원시 팔달구 덕영대로697번길 17,", 5층 502호, 503호 (화서동,그린프라자)",442870,031-253-0065,20231018
J10,경기도교육청,수원시,학원,44174,파스칼영재수학이관학원,20110126,20110124,개원,        ,99991231,336,45,입시.검정 및 보습,보통교과,,보습, ,Y,N,경기도 수원시 장안구 금당로 42,  4층 402호 (조원동),440847,031-248-5055,20241201
J10,경기도교육청,수원시,학원,3000018736,파스칼영재수학학원,20130614,20130614,개원,        ,99991231,181,40,입시.검정 및 보습,보통교과,보습,보습, ,Y,N,경기도 수원시 장안구 금당로 42,", 302호 (조원동, 그린프라자)",16282,031-224-2240,20251123
J10,경기도교육청,수원시,학원,16545,파워영재개발학원,20050520,20050520,개원,        ,99991231,53,53,입시.검정 및 보습,보통교과,보습,보습, ,Y,N,경기도 수원시 팔달구 일월로22번길 15,", 4층 (화서동)",16422,031-298-8260,20240128
J10,경기도교육청,수원시,학원,12819,파워텔수원전기학원,20041217,20041217,개원,        ,99991231,270,90,직업기술,산업기반기술,전기,전기, ,Y,N,경기도 수원시 팔달구 덕영대로 693,", 1003~1004호(화서동,풍성프라자)",442870,031-245-0903,20260426
J10,경기도교육청,수원시,학원,3000027652,파이드로스영통수학학원,20160118,20160118,개원,        ,99991231,416,64,입시.검정 및 보습,보통교과,"보습,",보습, ,Y,N,경기도 수원시 영통구 청명남로 21,", 501호 (영통동, 아셈프라자)",16704,031-206-8879,20251123
J10,경기도교육청,수원시,학원,3000064210,파티오뮤직스튜디오학원,20240116,20240116,개원,        ,        ,13,7,기예(대),,,, ,Y, ,경기도 수원시 권선구 곡반정로65번길 19,4층(곡반정동),16672,,20250316
J10,경기도교육청,수원시,학원,3000015514,퍼듀영어학원,20120620,20120620,개원,        ,99991231,45,58,입시.검정 및 보습,보통교과,"보습,",보습, ,Y,N,경기도 수원시 권선구 금곡로102번길 48,", 503호, 504호(금곡동, 호매실주공프라자)",16385,031-292-1105,20250209
J10,경기도교육청,수원시,학원,3000063780,퍼스널뮤지션취미실용음악학원,20231218,20231218,개원,        ,        ,100,20,기예(대),,,, ,Y,N,경기도 수원시 영통구 반달로7번길 40,"406호(영통동, 평익칼라스위트)",16704,,20251207
J10,경기도교육청,수원시,학원,3000081705,퍼스트바리스타수원학원,20260415,20260415,개원,        ,        ,100,25,기타(대),,,, ,Y, ,경기도 수원시 팔달구 정조로 853,5층 일부(신풍동),16252,,20260426
J10,경기도교육청,수원시,학원,3000054064,퍼스트연세음악학원,20230203,20230203,개원,        ,99991231,60,29,예능(대),예능(중),음악,음악, ,Y,N,경기도 수원시 권선구 곡반정로 160,", 314호 (곡반정동, 라퍼스트)",16668,null,20231210
J10,경기도교육청,수원시,학원,3000081704,퍼스트제과제빵수원학원,20260415,20260415,개원,        ,        ,96,24,기타(대),,,, ,Y, ,경기도 수원시 팔달구 정조로 853,3층 301호(신풍동),16252,,20260426
J10,경기도교육청,수원시,학원,3000028341,퍼스트클라학원,20160315,20160315,개원,        ,99991231,120,50,입시.검정 및 보습,보통교과,"보습,",보습, ,Y,N,경기도 수원시 장안구 정자천로173번길 11-10,", 304호 (정자동)",16334,031-268-8483,20250316
J10,경기도교육청,수원시,학원,3000044836,퍼스트학원,20200821,20200821,개원,        ,99991231,196,32,입시.검정 및 보습,보통교과,보습,보습, ,Y,N,경기도 수원시 권선구 수성로 47,", 301호 (구운동, 삼환아파트)",16415,031-307-3600,20250105
J10,경기도교육청,수원시,학원,3000052725,퍼플라인실용음악학원,20221020,20221020,개원,        ,99991231,2,30,예능(대),예능(중),,음악, ,Y,N,경기도 수원시 장안구 송원로 84,", 2층 전체 (조원동)",16284,,20231018
J10,경기도교육청,수원시,학원,3000035633,페트라비전학원,20180122,20180122,개원,        ,99991231,130,40,입시.검정 및 보습,보통교과,보습,보습, ,Y,N,경기도 수원시 권선구 권광로 64,", 4층 일부 (권선동)",16556,031-232-9182,20260201
J10,경기도교육청,수원시,학원,20565,페트라에듀학원,20060127,20060127,개원,        ,99991231,150,45,입시.검정 및 보습,보통교과,,보습, ,Y,N,경기도 수원시 권선구 세권로304번길 52,", 603호 (권선동 1297-3, 권선프라자)",16553,031-386-1044,20251123
J10,경기도교육청,수원시,학원,3000067851,펜타곤매쓰수학전문학원,20240219,20240219,개원,        ,        ,200,50,입시.검정 및 보습,보통교과,보습,보습, ,Y, ,경기도 수원시 권선구 노림로 8,", 3층 전체(호매실동)",16400,,20250316
J10,경기도교육청,수원시,학원,3000017926,펜타곤어학원,20130304,20130304,개원,        ,99991231,180,60,국제화,보통교과,,보습, ,Y,N,경기도 수원시 권선구 곡선로 34,", 4층 전체 (곡반정동)",441400,031-234-6504,20260201
J10,경기도교육청,수원시,학원,3000076125,펜타곤어학원정자국제캠퍼스어학원,20251015,20251015,개원,        ,        ,250,50,국제화,외국어,외국어,외국어, ,Y,N,경기도 수원시 장안구 이목로 24-3,", 301호(정자동, SKY PLAZA)",16336,,20251207
J10,경기도교육청,수원시,학원,3000044015,펜타곤어학원호매실국제캠퍼스어학원,20200413,20200413,개원,        ,99991231,300,72,국제화,외국어,"실용외국어(유아/초·중·고),",실용외국어(유아/초·중·고), ,Y,N,경기도 수원시 권선구 칠보로 133-4,", 2층 전체(호매실동, 다올빌)",16399,,20250907
J10,경기도교육청,수원시,학원,3000040561,펜타초중수학학원,20190510,20190510,개원,        ,99991231,48,32,입시.검정 및 보습,보통교과,"보습,",보습, ,Y,N,경기도 수원시 권선구 금곡로118번길 24,", 303호 (금곡동, 리치빌딩)",16388,,20231018
J10,경기도교육청,수원시,학원,3000051762,펠릭스수학학원,20220719,20220719,개원,        ,99991231,30,30,입시.검정 및 보습,보통교과,보습,보습, ,Y,N,경기도 수원시 영통구 영통로218번길 58,", 4층 전체 (영통동)",16698,null,20250316
J10,경기도교육청,수원시,학원,3000023646,펠스영어학원,20141203,20141203,개원,        ,99991231,50,10,입시.검정 및 보습,보통교과,,보습, ,Y,N,경기도 수원시 장안구 만석로19번길 11-8,", 501호 (천천동, 천천동 527-10 제1종근린생활시설 (엄경이))",440330,031-269-0554,20240929
J10,경기도교육청,수원시,학원,3000074941,포레나음악학원,20250723,20250723,개원,        ,        ,120,20,예능(대),,,, ,Y, ,경기도 수원시 장안구 경수대로 1110-31,", 2층 일부(파장동)",16206,,20250810
J10,경기도교육청,수원시,학원,3000068914,포레피아노음악학원,20240520,20240520,개원,        ,        ,90,15,예능(대),예능(중),음악,음악, ,Y, ,경기도 수원시 권선구 금곡로212번길 25,", 301호(금곡동, 광일프라자)",16393,,20250302
J10,경기도교육청,수원시,학원,3000055636,포르쉐코리아트레이닝센터학원,20230630,20230630,개원,        ,        ,299,44,직업기술,,,, ,Y,N,경기도 수원시 권선구 권선로 308-5,", B1114~B1122호(고색동, 도이치오토월드)",16602,,20250202
J10,경기도교육청,수원시,학원,33633,포스영어전문학원,20090108,20090108,개원,        ,99991231,210,70,입시.검정 및 보습,보통교과,"보습,",보습, ,Y,N,경기도 수원시 영통구 반달로7번길 6,", 601호 일부(우측) (영통동 998-5, 센타프라자)",16704,031-202-7320,20231018
J10,경기도교육청,수원시,학원,3000055389,포워드2관어학원,20230530,20230530,개원,        ,99991231,50,70,국제화,외국어,,실용외국어(유아/초·중·고), ,Y,N,경기도 수원시 영통구 태장로7번길 49,", 201호 (망포동, 영통 플래티넘베이스 씨)",16685,,20231018
J10,경기도교육청,수원시,학원,3000046187,포워드어학원,20210223,20210223,개원,        ,99991231,84,63,국제화,외국어,"실용외국어(유아/초·중·고),",실용외국어(유아/초·중·고), ,Y,N,경기도 수원시 영통구 태장로7번길 49,", 영통플래티넘베이스 씨 401호 (망포동, 영통 플래티넘베이스 씨)",16685,,20231018
J10,경기도교육청,수원시,학원,15169,포인트입시미술학원,20100705,20050308,개원,20140205,20140211,60,15,예능(대),예능(중),"미술,",미술, ,Y,N,경기도 수원시 영통구 덕영대로 1539,", 5층 (영통동)",16698,031-205-1575,20231018
J10,경기도교육청,수원시,학원,3000071834,폴리(POLY)어학원,20240905,20240905,개원,        ,        ,540,90,국제화,외국어,외국어,외국어, ,Y, ,경기도 수원시 권선구 서부로 1817,", 1·2·3층 전체(탑동, 탑동 223 주건축물제1동)",16403,031-298-5244,20260405
J10,경기도교육청,수원시,학원,3000010926,폴리아영수학원,20110429,20110429,개원,        ,99991231,100,48,입시.검정 및 보습,보통교과,,보습, ,Y,N,경기도 수원시 팔달구 장안로5번길 52,  3층 전체 (화서동),442857,031-241-1937,20231105
J10,경기도교육청,수원시,학원,3000021821,폴리아학원,20140609,20140609,개원,        ,99991231,105,42,입시.검정 및 보습,보통교과,,보습, ,Y,N,경기도 수원시 영통구 월드컵로87번길 7,", 303호, 호반프라자 (원천동)",443380,031-2151-905,20250112
J10,경기도교육청,수원시,학원,3000054254,폴링앤튜링미래영재광교센터학원,20230217,20230217,개원,        ,99991231,40,72,입시.검정 및 보습,보통교과,,보습, ,Y,N,경기도 수원시 영통구 월드컵로150번길 20,", 201~202호 (원천동, 아주프라자)",16500,,20260412
J10,경기도교육청,수원시,학원,3000020678,푸르넷리더스학원,20140207,20140207,개원,        ,99991231,373,46,입시.검정 및 보습,보통교과,보습,보습, ,Y,N,경기도 수원시 권선구 금호로 212-9,", 2층 (탑동)",441440,,20250427
J10,경기도교육청,수원시,학원,3000050276,푸르넷아카데미팔달점학원,20220303,20220303,개원,        ,99991231,400,37,입시.검정 및 보습,보통교과,보습,보습, ,Y,N,경기도 수원시 팔달구 권광로 373,", 211호 (우만동, 월드메르디앙 아파트 주상가동)",16493,null,20250413
J10,경기도교육청,수원시,학원,3000077850,푸르넷으뜸학원,20260320,20260320,개원,        ,        ,160,40,입시.검정 및 보습,,,, ,Y, ,경기도 수원시 권선구 곡반정로65번길 23,", 2층 전체(곡반정동)",16672,,20260405
J10,경기도교육청,수원시,학원,3000052430,푸르넷인계학원,20220919,20220919,개원,        ,99991231,280,35,입시.검정 및 보습,보통교과,보습,보습, ,Y,N,경기도 수원시 팔달구 세지로244번길 26,", 2층 전체 (인계동)",16474,,20250406
J10,경기도교육청,수원시,학원,3000027633,푸르넷효탑학원,20160115,20160115,개원,        ,99991231,250,36,입시.검정 및 보습,보통교과,,보습, ,Y,N,경기도 수원시 권선구 효탑로30번길 8,", 202호,203호 (탑동,종흥하우스빌)",16610,,20250706
J10,경기도교육청,수원시,학원,1879,푸른바다음악학원,20000216,20000216,개원,        ,99991231,80,27,예능(대),예능(중),"음악,",음악, ,Y,N,경기도 수원시 권선구 일월천로16번길 39,", 201-4호 (구운동 890, 코오롱하늘채아파트상가동)",16413,031-298-3114,20250518
J10,경기도교육청,수원시,학원,3000021558,푸름학원,20140507,20140507,개원,        ,99991231,105,45,입시.검정 및 보습,보통교과,보습,보습, ,Y,N,경기도 수원시 권선구 서수원로183번길 3,", 3층 일부 (오목천동)",441848,,20241117
J10,경기도교육청,수원시,학원,3000077234,풀꽃미술학원,20260123,20260123,개원,        ,        ,36,36,예능(대),,,, ,Y, ,경기도 수원시 영통구 망포로48번길 7,", 3호(망포동,영통롯데캐슬엘클래스2단지 근린생활시설)",16714,,20260208
J10,경기도교육청,수원시,학원,3000034733,풀앤풀미술학원,20171108,20171108,개원,        ,99991231,30,46,예능(대),예능(중),미술,미술, ,Y,N,경기도 수원시 권선구 금곡로118번길 10,", 207호, 208호 일부 (금곡동, 일담타워)",16388,,20250323
J10,경기도교육청,수원시,학원,3000030638,프라미스당수영어전문학원,20161105,20161102,개원,        ,99991231,15,65,입시.검정 및 보습,보통교과,"보습,",보습, ,Y,N,경기도 수원시 권선구 당진로15번길 24,", 4층일부 (당수동)",16376,,20231018
J10,경기도교육청,수원시,학원,3000038067,프라미스매탄영어학원,20180918,20180918,개원,        ,99991231,270,80,입시.검정 및 보습,보통교과,"보습,",보습, ,Y,N,경기도 수원시 영통구 효원로 387,", 702호 일부 (매탄동, 풍성프라자)",16545,,20231018
J10,경기도교육청,수원시,학원,3000033681,프라미스아이파크영어학원,20170719,20170719,개원,        ,99991231,150,50,입시.검정 및 보습,보통교과,보습,보습, ,Y,N,경기도 수원시 권선구 동수원로177번길 40,", 수원아이파크상가5차E1B/L 800동 201호 (권선동)",16663,,20260405
J10,경기도교육청,수원시,학원,3000043657,프라미스영어영통학원,20200305,20200305,개원,        ,99991231,204,68,입시.검정 및 보습,보통교과,"보습,",보습, ,Y,N,경기도 수원시 영통구 봉영로 1569,", 211호 전체 및 603호 전체 (영통동, NEW WORLD PLAZA)",16703,031-202-9505,20241103
J10,경기도교육청,수원시,학원,6798,프라미스영어전문학원,20021213,20021213,개원,        ,99991231,200,80,국제화,외국어,외국어,외국어, ,Y,N,경기도 수원시 권선구 동수원로 218-39,", 201호 일부,  301호 (권선동, 권선종합프라자)",441886,070-8807-0505,20251221
J10,경기도교육청,수원시,학원,3000023135,프라미스자이영어학원,20141029,20141029,개원,        ,99991231,285,20,입시.검정 및 보습,보통교과,"보습,",보습, ,Y,N,경기도 수원시 권선구 세권로212번길 3,", 401호 (권선동)",441824,031-234-9505,20231018
J10,경기도교육청,수원시,학원,3000073525,프라임에듀수학학원,20250225,20250225,개원,        ,        ,0,0,입시.검정 및 보습,,,, ,Y, ,경기도 수원시 영통구 효원로 397,", 4층 403호(매탄동, 중앙프라자)",16545,031-216-3305,20250831
J10,경기도교육청,수원시,학원,3000017263,프라임영수학원,20121227,20121227,개원,        ,99991231,142,38,입시.검정 및 보습,보통교과,보습,보습, ,Y,N,경기도 수원시 권선구 금곡로102번길 38,", 501호(금곡동, 호매실프라자)",16385,031-278-3375,20250622
J10,경기도교육청,수원시,학원,3000072415,프라임영어학원,20241113,20241113,개원,        ,        ,200,40,입시.검정 및 보습,보통교과,보습,보습, ,Y, ,경기도 수원시 권선구 칠보로 136,", 2층 일부(호매실동)",16401,,20260301
J10,경기도교육청,수원시,학원,3000068686,프라임학원,20240425,20240425,개원,        ,        ,0,0,입시.검정 및 보습,보통교과,보통교과,보통교과, ,Y, ,경기도 수원시 권선구 고산로6번길 45,"201호(고색동,대원아파트상가동)",16649,,20250202
J10,경기도교육청,수원시,학원,3000049927,프랜시스파커광교어학원,20220210,20220210,개원,        ,99991231,72,140,종합(대),,"기타(소),외국어",, ,Y,N,경기도 수원시 영통구 에듀타운로 102,", 801~806호 (이의동, 광교중앙역 SK VIEW B동)",16509,,20260405
J10,경기도교육청,수원시,학원,3000026710,프레스티지영어학원,20151029,20151029,개원,        ,99991231,106,23,입시.검정 및 보습,보통교과,"보습,",보습, ,Y,N,경기도 수원시 장안구 만석로19번길 11-7,", 601호 일부, 602호 전체 (천천동, 대일)",16329,,20231018
J10,경기도교육청,수원시,학원,34816,프렌즈미술학원,20090501,20090501,개원,        ,99991231,30,50,예능(대),예능(중),"미술,",미술, ,Y,N,경기도 수원시 장안구 화산로 87,  천천푸르지오근린생활시설-1 512호 513 514호 (천천동),440330,031-296-5001,20231018
J10,경기도교육청,수원시,학원,3000037080,프렌즈코딩학원,20180604,20180604,개원,        ,99991231,450,30,기타(대),기타(중),,기타(소), ,Y,N,경기도 수원시 팔달구 동말로25번길 96,", 2층 일부 (화서동)",16443,,20231018
J10,경기도교육청,수원시,학원,3000013958,프렌즈학원,20120201,20120201,개원,        ,99991231,40,34,국제화,외국어,,실용외국어(유아/초·중·고), ,Y,N,경기도 수원시 영통구 효원로 363,", 매탄위브하늘채302상가A 212호,213호,213-1호,214호 (매탄동,매탄 위브 하늘채)",443751,,20251123
J10,경기도교육청,수원시,학원,3000043539,프렙브릿지어학원,20200224,20200224,개원,        ,99991231,96,48,국제화,외국어,"실용외국어(유아/초·중·고),",실용외국어(유아/초·중·고), ,Y,N,경기도 수원시 영통구 도청로17번길 40,", 4층 406호, 407호, 408호 전체 (이의동)",16509,,20231018
J10,경기도교육청,수원시,학원,3000047836,프로구단고근태바둑학원,20210810,20210810,개원,        ,99991231,48,16,기타(대),,"바둑,",, ,Y,N,경기도 수원시 영통구 태장로7번길 57,", 디동 201호 (망포동)",16685,,20231018
J10,경기도교육청,수원시,학원,3000061687,프로파일링원격학원,20230817,20230817,개원,        ,        ,200,100,인문사회(대),,,, ,Y, ,경기도 수원시 영통구 대학로 43,",203호일부(P239호),(이의동, 광교에코푸르지오시티 B동)",16225,,20231018
J10,경기도교육청,수원시,학원,3000054325,프로파일링학원,20230223,20230223,개원,        ,99991231,90,30,인문사회(대),,"행정,",, ,Y,N,경기도 수원시 영통구 대학로 47,", 406호 (이의동, STSR-CJ3)",16225,,20231030
J10,경기도교육청,수원시,학원,3000026478,프로펫애견미용학원,20151001,20151001,개원,        ,99991231,105,68,직업기술,일반서비스,"애견미용,",애견미용, ,Y,N,경기도 수원시 팔달구 효원로 19,", 1층 전체 (매산로3가)",442849,031-252-9114,20231018
J10,경기도교육청,수원시,학원,41269,프리미어학원,20100602,20100607,개원,        ,99991231,80,40,입시.검정 및 보습,보통교과,"보습,",보습, ,Y,N,경기도 수원시 영통구 봉영로 1612,  보보스프라자 6층 612호 (영통동),443470,031-202-8727,20231018
J10,경기도교육청,수원시,학원,3000013961,프리미엄에이블독서실,20120202,20120202,개원,        ,99991231,100,100,독서실,독서,"독서실(유아/초·중·고),",독서실(유아/초·중·고), ,Y,N,경기도 수원시 장안구 정자로 146,", 3층 일부 (정자동,한솔옥대중탕)",440840,,20250316
J10,경기도교육청,수원시,학원,3000074772,프리미엄학습센터내일독서실,20250707,20250707,개원,        ,        ,37,37,독서실,독서,독서실,독서실, ,Y, ,경기도 수원시 권선구 효원로266번길 25, 4층 일부(권선동),16571,,20250720
J10,경기도교육청,수원시,학원,22919,프린스턴어학원,20060712,20060712,개원,        ,99991231,270,90,국제화,외국어,,실용외국어(유아/초·중·고), ,Y,N,경기도 수원시 팔달구 덕영대로697번길 17,", 407호~409호,410호 일부 (화서동, 그린프라자)",16435,031-251-0566,20260426
J10,경기도교육청,수원시,학원,3000032144,프린키피아스터디관학원,20170207,20170207,개원,        ,99991231,100,40,입시.검정 및 보습,보통교과,"보습,",보습, ,Y,N,경기도 수원시 영통구 중부대로 259,", 604호 (원천동)",16503,,20231018
J10,경기도교육청,수원시,학원,3000045918,플래뮤망포미술학원,20210118,20210118,개원,        ,99991231,30,26,예능(대),예능(중),미술,미술, ,Y,N,경기도 수원시 영통구 영통로153번길 98,", 4층 (망포동, 국제프라자)",16689,,20250316
J10,경기도교육청,수원시,학원,116012,플랜미루학원,19890824,19890824,개원,        ,99991231,150,30,입시.검정 및 보습,보통교과,"보습,",보습, ,Y,N,경기도 수원시 팔달구 월드컵로 331,", 3층 301호 일부 (우만동, 동명프라자)",16236,031-236-3737,20231018
J10,경기도교육청,수원시,학원,3000029994,플랜에이독서실,20160823,20160823,개원,        ,99991231,99,99,독서실,독서,"독서실(유아/초·중·고),",독서실(유아/초·중·고), ,Y,N,경기도 수원시 권선구 금곡로102번길 29,", 501호, 502호 (금곡동)",16388,031-2785-053,20231018
J10,경기도교육청,수원시,학원,3000072250,플랜트수학학원,20241028,20241028,개원,        ,        ,210,70,입시.검정 및 보습,,,, ,Y,N,경기도 수원시 영통구 광교호수공원로 80,", 264호(원천동,광교아이파크 판매케이)",16514,,20251221
J10,경기도교육청,수원시,학원,3000051137,플랜트영재수학학원,20220520,20220520,개원,        ,99991231,12,35,입시.검정 및 보습,보통교과,,보습, ,Y,N,경기도 수원시 영통구 광교호수공원로 20,", 근린생활시설동-2동, 148호(101동) (원천동, 더샵 광교레이크시티)",16515,,20231018
J10,경기도교육청,수원시,학원,3000069006,플러스스피치학원,20240529,20240529,개원,        ,        ,100,20,기예(대),,,, ,Y, ,경기도 수원시 팔달구 덕영대로 905,", 9010호(매산로1가, 아이메카상가)",16455,010-3862-4188,20251123
J10,경기도교육청,수원시,학원,3000024059,플레이더음악학원,20150116,20150116,개원,        ,99991231,75,25,예능(대),예능(중),,음악, ,Y,N,경기도 수원시 장안구 경수대로1020번길 7,", 4층 일부(파장동)",16203,,20250831
J10,경기도교육청,수원시,학원,3000055608,플레이스타뮤지컬학원,20230628,20230628,개원,        ,        ,0,0,예능(대),,,, ,Y,N,경기도 수원시 영통구 광교중앙로266번길 20,"402호(하동, 골드클래스10)",16512,,20250622
J10,경기도교육청,수원시,학원,3000030080,플레이코딩학원,20160902,20160902,개원,        ,99991231,770,56,기타(대),기타(중),"기타(소),",기타(소), ,Y,N,경기도 수원시 영통구 도청로89번길 30,", 501호 일부 (이의동)",16509,031-211-2641,20231018
J10,경기도교육청,수원시,학원,3000073496,플레이팩토라퍼스트창의수학학원,20250221,20250221,개원,        ,        ,0,0,기타(대),,,, ,Y, ,경기도 수원시 권선구 곡반정로 160,", 424호(곡반정동, 라퍼스트)",16668,,20260405
J10,경기도교육청,수원시,학원,3000048000,플에이스영어금곡국제캠퍼스학원,20210826,20210826,개원,        ,99991231,24,40,입시.검정 및 보습,보통교과,보습,보습, ,Y,N,경기도 수원시 권선구 금곡로 100,", 405호, 칠보프라자 (금곡동)",16385,,20260405
J10,경기도교육청,수원시,학원,3000073171,피비잉글리시학원,20250116,20250116,개원,        ,        ,368,0,입시.검정 및 보습,보통교과,보습,보습, ,Y,N,경기도 수원시 권선구 호매실로104번길 24-36,"511호 (호매실동, 와이제이프라자)",16630,,20260308
J10,경기도교육청,수원시,학원,4177,피아노그라운드음악학원,20031125,20031125,개원,        ,99991231,12,12,예능(대),예능(중),음악,음악, ,Y,N,경기도 수원시 영통구 영통로 115,", 605호 (망포동, 신영통알파빌딩)",16687,031-202-1008,20251102
J10,경기도교육청,수원시,학원,3000052161,피아노랑음악학원,20220823,20220823,개원,        ,99991231,102,17,예능(대),예능(중),음악,음악, ,Y,N,경기도 수원시 팔달구 정조로 667,", 404호 (매교동)마이온프라자",16467,031-234-2223,20260308
J10,경기도교육청,수원시,학원,13812,피아노로노래하는아이들음악학원,20040811,20040811,개원,        ,99991231,100,36,예능(대),예능(중),"음악,",음악, ,Y,N,경기도 수원시 장안구 장안로89번길 67,  2층 (정자동),440834,031-269-0988,20231018
J10,경기도교육청,수원시,학원,3000039639,피아노리브레인계센터학원,20190220,20190220,개원,        ,99991231,80,15,기예(대),기예(중),기예(중),기예(중), ,Y,N,경기도 수원시 팔달구 효원로265번길 23,", 4층 일부 (인계동, 성운빌딩)",16490,031-235-9915,20250202
J10,경기도교육청,수원시,학원,3000052975,피아노숲음악학원 ,20221108,20221108,개원,        ,99991231,15,16,기예(대),기예(중),,실용음악(성악), ,Y,N,경기도 수원시 팔달구 덕영대로697번길 21-7,", 301호, 302호 (화서동, 정자프라자)",16435,,20231018
J10,경기도교육청,수원시,학원,26744,피아노스토리음악학원,20070509,20070509,개원,        ,99991231,560,14,예능(대),예능(중),"음악,",음악, ,Y,N,경기도 수원시 팔달구 권광로 373, 월드메르디앙 주상가 2층 201호 (우만동),442754,031-216-6789,20250907
J10,경기도교육청,수원시,학원,1844,피아노와숲음악학원,20000624,20000624,개원,        ,99991231,131,19,예능(대),예능(중),"음악,",음악, ,Y,N,경기도 수원시 장안구 하률로12번길 86,  골든프라자 4층 402호 (천천동),440330,031-271-3134,20231018
J10,경기도교육청,수원시,학원,3000047861,피아노의숲음악학원,20210812,20210812,개원,        ,99991231,142,14,예능(대),예능(중),"음악,",음악, ,Y,N,경기도 수원시 팔달구 권광로 243,", 201호 202호 (인계동, 래미안 노블클래스 상가동)",16487,031-214-0410,20240707
J10,경기도교육청,수원시,학원,38518,피아노의하루음악학원,20091023,20091023,개원,        ,99991231,162,27,예능(대),예능(중),음악,음악, ,Y,N,경기도 수원시 팔달구 권광로 246, 래미안 노블클래스 상가동 301호 302호 (인계동),442703,031-212-2240,20240331
J10,경기도교육청,수원시,학원,115069,피아노치는다빈치학원,20000121,20000121,개원,        ,99991231,205,106,종합(대),,"미술,음악",, ,Y,N,경기도 수원시 영통구 중부대로448번길 96,", 301호 일부, 302호 (원천동)",16519,031-212-0303,20250727
J10,경기도교육청,수원시,학원,115633,피아노치는피카소음악미술학원,20020109,20020109,개원,        ,99991231,50,9,종합(대),,"미술,",, ,Y,N,경기도 수원시 장안구 금당로39번길 6,", 203호 (조원동)",16281,031-246-3213,20231018
J10,경기도교육청,수원시,학원,3000046723,피아노포레스트학원,20210416,20210416,개원,        ,99991231,88,11,기예(대),기예(중),실용음악(성악),실용음악(성악), ,Y,N,경기도 수원시 권선구 금곡로212번길 14,", 502호 (금곡동, 거성빌딩)",16397,null,20260405
J10,경기도교육청,수원시,학원,1527,피아노포르테음악학원,20021129,20021129,개원,        ,99991231,100,29,예능(대),예능(중),음악,음악, ,Y,N,경기도 수원시 장안구 금당로 46,",  501호(조원동, 신원프라자)",440847,031-243-3517,20260201
J10,경기도교육청,수원시,학원,113932,피아체레음악학원,20130522,19960322,개원,        ,99991231,74,8,예능(대),예능(중),"음악,",음악, ,Y,N,경기도 수원시 장안구 파장로68번길 61,", 1층 (파장동 572-13)",440853,031-307-5532,20231018
J10,경기도교육청,수원시,학원,3000014101,피앤피수학학원,20120215,20120215,개원,        ,99991231,30,30,입시.검정 및 보습,보통교과,"보습,",보습, ,Y,N,경기도 수원시 권선구 서부로 1534,"(고색동,대한아파트)",441727,,20231030
J10,경기도교육청,수원시,학원,3000033482,피카소미술이야기학원,20170609,20170609,개원,        ,99991231,80,20,예능(대),예능(중),,미술, ,Y,N,경기도 수원시 권선구 권중로 110,", 유원보성A 1상가 204호 (권선동, 보성유원아파트)",16560,,20231018
J10,경기도교육청,수원시,학원,3000041020,피카소미술학원,20190626,20190626,개원,        ,99991231,34,11,예능(대),예능(중),"미술,",미술, ,Y,N,경기도 수원시 권선구 당진로15번길 19-9,", 202호 (당수동)",16376,,20231018
J10,경기도교육청,수원시,학원,3000017721,피케이수학전문학원,20130220,20130220,개원,        ,99991231,129,55,입시.검정 및 보습,보통교과,"보습,",보습, ,Y,N,경기도 수원시 영통구 봉영로 1612,", 319호 (영통동996-4,보보스프라자)",443814,031-203-0570,20231030
J10,경기도교육청,수원시,학원,3000037514,피켈영통학원,20180719,20180719,개원,        ,99991231,201,67,입시.검정 및 보습,보통교과,보습,보습, ,Y,N,경기도 수원시 영통구 봉영로 1623,", 드림피아빌딩 513호 (영통동, 드림피아빌딩)",16703,,20260426
J10,경기도교육청,수원시,학원,3000034626,피트영어학원,20171031,20171031,개원,        ,99991231,285,95,입시.검정 및 보습,보통교과,,보습, ,Y,N,경기도 수원시 영통구 효원로 383,", 703호 (매탄동, 매탄프라자)",16545,,20250406
J10,경기도교육청,수원시,학원,3000021147,피플미술학원,20140324,20140324,개원,        ,99991231,1047,70,예능(대),예능(중),미술,미술, ,Y,N,경기도 수원시 장안구 만석로19번길 11-7,", 604호, 604-1호 (천천동, 대일)",16329,031-268-3610,20241229
J10,경기도교육청,수원시,학원,3000032399,픽연기학원,20170316,20170316,개원,        ,99991231,0,0,기타(대),기타(중),,연극, ,Y,N,경기도 수원시 팔달구 권선로 467,", 3층 일부 (매산로2가)",16461,,20251207
J10,경기도교육청,수원시,학원,3000074762,핀란드문해력연구소광교직영캠퍼스학원,20250704,20250704,개원,        ,        ,200,40,입시.검정 및 보습,,,, ,Y,N,경기도 수원시 영통구 센트럴타운로 106,", 307호(이의동, 센트럴프라자)",16506,,20250720
J10,경기도교육청,수원시,학원,3000033115,필고등수학학원,20170530,20170530,개원,        ,99991231,315,170,종합(대),,"보습,입시",, ,Y,N,경기도 수원시 장안구 대평로 80,", 908,909,913,914호 (정자동)",16334,031-8019-8233,20260405
J10,경기도교육청,수원시,학원,3000062837,필립수학학원,20231130,20231130,개원,        ,        ,120,40,입시.검정 및 보습,,,, ,Y, ,경기도 수원시 영통구 중부대로246번길 30-1,", 3층 전체(매탄동)",16530,,20231210
J10,경기도교육청,수원시,학원,3000038734,필수학학원,20181127,20181127,개원,        ,99991231,756,70,입시.검정 및 보습,보통교과,"보습,입시",입시, ,Y,N,경기도 수원시 장안구 정자천로173번길 11-17,", 3층 일부 (정자동, 현대프라자)",16334,,20260405
J10,경기도교육청,수원시,학원,3000020208,필스터디영수전문학원,20131216,20131216,개원,        ,99991231,80,29,입시.검정 및 보습,보통교과,,보습, ,Y,N,경기도 수원시 권선구 곡선로50번길 45-4,", 2층일부 (곡반정동)",441400,,20231018
J10,경기도교육청,수원시,학원,3000028593,필업단과전문학원,20160404,20160404,개원,        ,99991231,300,100,입시.검정 및 보습,보통교과,보습,보습, ,Y,N,경기도 수원시 권선구 덕영대로1201번길 22,", 5층 일부 (권선동,효림트윈타워)",16584,031-224-1114,20231203
J10,경기도교육청,수원시,학원,26204,필업학원,20070320,20070320,개원,        ,99991231,150,50,입시.검정 및 보습,보통교과,"보습,",보습, ,Y,N,경기도 수원시 권선구 덕영대로1201번길 20,  효림트윈타워 3층 301호 (권선동),441831,031-224-1117,20231030
J10,경기도교육청,수원시,학원,3000074142,필에듀영어학원,20250429,20250429,개원,        ,        ,200,80,입시.검정 및 보습,,,, ,Y, ,경기도 수원시 영통구 효원로 383,", 602호(매탄동, 매탄프라자)",16545,,20250504
J10,경기도교육청,수원시,학원,3000024182,필에듀입시학원,20150121,20150121,개원,        ,99991231,400,220,종합(대),,,, ,Y,N,경기도 수원시 영통구 효원로 383,", 501호 (매탄동, 매탄프라자)",443848,031-293-910,20240421
J10,경기도교육청,수원시,학원,30966,필에듀중등관학원,20080522,20080522,개원,        ,99991231,260,130,입시.검정 및 보습,보통교과,보습,보습, ,Y,N,경기도 수원시 영통구 효원로 383,", 매탄프라자 601호전체 (매탄동)",443848,031-215-3551,20260201
J10,경기도교육청,수원시,학원,115701,필음악학원,20020311,20020311,개원,        ,99991231,216,25,예능(대),예능(중),,음악, ,Y,N,경기도 수원시 영통구 태장로54번길 70,", 302호 (망포동)",16686,031-273-9670,20260405
J10,경기도교육청,수원시,학원,3000073096,필즈더클래식광교센터학원,20250109,20250109,개원,        ,        ,180,30,입시.검정 및 보습,,,, ,Y,N,경기도 수원시 영통구 에듀타운로 84,", 303호, 303-1호(이의동, 세븐스퀘어)",16509,,20250112
J10,경기도교육청,수원시,학원,3000076443,필즈더클래식수원영통센터학원,20251117,20251117,개원,        ,        ,150,50,입시.검정 및 보습,,,, ,Y, ,경기도 수원시 영통구 영통로 157,", 407호(망포동, 스타프라움 A동)",16689,,20251123
J10,경기도교육청,수원시,학원,3637,필탑학원,20030804,20030804,개원,        ,99991231,264,174,입시.검정 및 보습,보통교과,보통교과,보통교과, ,Y,N,경기도 수원시 권선구 매실로69번길 2,", 2층 전체 (호매실동 84-8외5필지)",16395,031-292-2922,20260426
J10,경기도교육청,수원시,학원,41966,하늘바람언어논술전문학원,20100802,20100728,개원,        ,99991231,55,60,입시.검정 및 보습,보통교과,,보습·논술, ,Y,N,경기도 수원시 영통구 태장로 73, 정석그린프라자 6층 601호 (망포동),443400,031-203-2361,20250817
J10,경기도교육청,수원시,학원,3000068245,하늘빛소리음악학원,20240416,20240313,개원,        ,        ,120,20,예능(대),,,, ,Y, ,경기도 수원시 권선구 호매실로90번길 116,", 702호(호매실동, 블루테라스)",16630,,20240421
J10,경기도교육청,수원시,학원,3000051086,하늘샘피아노학원,20220516,20220516,개원,        ,99991231,0,0,예능(대),예능(중),,음악, ,Y,N,경기도 수원시 장안구 송원로23번길 1,", 2층 전체 (송죽동, 송화부동산)",16306,,20250810
J10,경기도교육청,수원시,학원,12818,하늘소리음악학원,20041217,20041217,개원,        ,99991231,30,13,예능(대),예능(중),"음악,",음악, ,Y,N,경기도 수원시 영통구 영통로174번길 47,  1층 104호 (망포동),443400,031-273-3889,20231018
J10,경기도교육청,수원시,학원,3000054705,하늘숲아트미술학원,20230321,20230321,개원,        ,99991231,38,30,예능(대),예능(중),,미술, ,Y,N,경기도 수원시 권선구 효원로94번길 14,", 304호 (세류동, 메디컬플라자)",16459,031-232-2072,20250302
J10,경기도교육청,수원시,학원,3000026153,하늘을나는그림책피케이에스학원,20150827,20150827,개원,        ,99991231,150,50,기타(대),기타(중),"기타(소),",기타(소), ,Y,N,경기도 수원시 영통구 광교로42번길 80,"근생1호, 근생2호(이의동)",16495,031-213-1191,20251214
J10,경기도교육청,수원시,학원,3000043357,하늘을나는타조미술학원,20200204,20200204,개원,        ,99991231,14,30,예능(대),예능(중),,미술, ,Y,N,경기도 수원시 영통구 센트럴타운로100번길 20,", 2층 202호 전체 (이의동)",16505,031-212-6701,20231018
J10,경기도교육청,수원시,학원,20749,하랑국어학원,20060210,20060210,개원,        ,99991231,231,50,입시.검정 및 보습,보통교과,보습,보습, ,Y,N,경기도 수원시 영통구 영통로 136,505호 (망포동) ,443400,031-206-4280,20260201
J10,경기도교육청,수원시,학원,3000033109,하루애니웹툰미술학원,20170526,20170526,개원,        ,99991231,375,20,예능(대),예능(중),미술,미술, ,Y,N,경기도 수원시 팔달구 매산로 131,", 4층 일부 (교동)",16463,,20240421
J10,경기도교육청,수원시,학원,3000040829,하우스바이타운학원,20190610,20190610,개원,        ,99991231,635,33,국제화,외국어,,실용외국어(유아/초·중·고), ,Y,N,경기도 수원시 영통구 청명로 69,", 2층 전체 (영통동)",16705,,20250330
J10,경기도교육청,수원시,학원,3000034020,하우스터디수원조원센터독서실,20170824,20170824,개원,        ,99991231,810,81,독서실,독서,"독서실(유아/초·중·고),",독서실(유아/초·중·고), ,Y,N,경기도 수원시 장안구 금당로 42,", 401호 전부,403호 일부 (조원동)",16282,031-241-5100,20231018
J10,경기도교육청,수원시,학원,3000023091,하울실용음악학원,20141024,20141024,개원,        ,99991231,22,10,예능(대),예능(중),"음악,",음악, ,Y,N,경기도 수원시 팔달구 정조로 789,", 3층 전체 (팔달로2가)",16261,,20231018
J10,경기도교육청,수원시,학원,3000081653,하움액팅학원,20260408,20260408,개원,        ,        ,0,0,기타(대),,,, ,Y, ,경기도 수원시 팔달구 정조로791번길 7-6,2층 일부(팔달로2가),16261,,20260426
J10,경기도교육청,수원시,학원,3000054408,하이딕슨영어전문학원,20230228,20230228,개원,        ,99991231,30,90,입시.검정 및 보습,보통교과,,보습, ,Y,N,경기도 수원시 장안구 정자천로173번길 11-10,", 403호 (정자동, 뱅뱅프라자)",16334,,20231018
J10,경기도교육청,수원시,학원,3000044772,하이매쓰수학학원,20200810,20200810,개원,        ,99991231,22,30,입시.검정 및 보습,보통교과,,보습, ,Y,N,경기도 수원시 영통구 망포로 136,", 304호 (망포동, 영통 플래티넘베이스 에이)",16685,031-206-0615,20231018
J10,경기도교육청,수원시,학원,3000068219,하이매쓰플러스수학학원,20240312,20240312,개원,        ,        ,180,30,입시.검정 및 보습,,,, ,Y, ,경기도 수원시 영통구 매영로310번길 87,"상가동 304호(영통동, 동보.신명아파트 상가동)",16699,,20250316
J10,경기도교육청,수원시,학원,3000075842,하이바니영어학원,20250903,20250903,개원,        ,        ,160,40,입시.검정 및 보습,보통교과,보습,보습, ,Y, ,경기도 수원시 영통구 태장로54번길 92,", 501호(망포동, 진성프라자)",16686,,20251026
J10,경기도교육청,수원시,학원,3000040483,하이브영어학원,20190430,20190430,개원,        ,99991231,45,39,입시.검정 및 보습,보통교과,,보습, ,Y,N,경기도 수원시 영통구 효원로 393,", 5층 501호 일부 (매탄동, 밀래니엄프라자)",16545,031-214-0407,20250323
J10,경기도교육청,수원시,학원,3000026839,하이스트영어학원,20151112,20151112,개원,        ,99991231,163,45,입시.검정 및 보습,보통교과,"보습,",보습, ,Y,N,경기도 수원시 영통구 효원로 387,", 501호 일부(좌측) (매탄동, 풍성프라자)",443848,031-217-6134,20231018
J10,경기도교육청,수원시,학원,3000061795,하이젠국어논술학원,20230825,20230825,개원,        ,        ,160,40,입시.검정 및 보습,,,, ,Y, ,경기도 수원시 영통구 봉영로 1623,"201호(영통동, 드림피아빌딩)",16703,,20231018
J10,경기도교육청,수원시,학원,3000076876,하이중국어학원,20251223,20251223,개원,        ,        ,0,0,국제화,외국어,외국어,외국어, ,Y, ,경기도 수원시 영통구 영통로 136,", 704호 (망포동, 센트럴타워)",16691,,20260405
J10,경기도교육청,수원시,학원,3000051261,하이클래스학원,20220603,20220603,개원,        ,99991231,110,50,입시.검정 및 보습,보통교과,,보습, ,Y,N,경기도 수원시 장안구 만석로19번길 11-7,", 802호,803호 (천천동, 대일프라자)",16329,,20231018
J10,경기도교육청,수원시,학원,115341,하이탑학원,20010110,20010110,개원,        ,99991231,115,42,입시.검정 및 보습,보통교과,보습,보습, ,Y,N,경기도 수원시 권선구 세권로304번길 52,  권선프라자 5층 (권선동),441885,031-237-7201,20241117
J10,경기도교육청,수원시,학원,3000039891,하이파이브(Hi5)수원권선디자인웹툰만화미술학원,20190308,20190308,개원,        ,99991231,80,40,예능(대),예능(중),미술,미술, ,Y,N,경기도 수원시 권선구 동수원로242번길 18,", 2층 전체 (권선동)",16553,,20260412
J10,경기도교육청,수원시,학원,3000075932,하이파이브(Hi5)수원능실디자인웹툰만화미술학원,20250912,20250912,개원,        ,        ,200,40,예능(대),예능(중),미술,미술, ,Y, ,경기도 수원시 권선구 호매실로104번길 24-61,", 1005호, 1006호, 1007호(호매실동, 금호프라자 1동)",16630,,20260405
J10,경기도교육청,수원시,학원,3000062504,하이파이브(Hi5)수원역디자인웹툰만화미술학원,20231102,20231102,개원,        ,        ,165,55,예능(대),예능(중),미술,미술, ,Y,N,경기도 수원시 팔달구 매산로 102,"802호~804호(교동, 매산타워)",16464,,20250615
J10,경기도교육청,수원시,학원,3000018593,하이파이브(Hi5)수원호매실디자인웹툰만화미술학원,20130528,20130528,개원,        ,99991231,701,100,예능(대),예능(중),미술,미술, ,Y,N,경기도 수원시 권선구 금곡로 100,", 504호 505호(금곡동, 칠보프라자)",16385,031-2985-012,20260405
J10,경기도교육청,수원시,학원,3000053996,하이파이브(Hi5)수원화서디자인웹툰만화미술학원,20230131,20230131,개원,        ,99991231,80,40,예능(대),예능(중),음악,음악, ,Y,N,경기도 수원시 팔달구 일월로22번길 7,", 3층 전체 (화서동)",16422,031-293-5553,20260412
J10,경기도교육청,수원시,학원,21991,하이포스학원,20060501,20060501,개원,        ,99991231,40,50,입시.검정 및 보습,보통교과,보통교과,보통교과, ,Y,N,경기도 수원시 영통구 태장로 77,  외2필지 6층 일부 (망포동),443400,031-204-7423,20260308
J10,경기도교육청,수원시,학원,3000026248,하이피아노음악학원,20150908,20150908,개원,        ,99991231,54,20,예능(대),예능(중),"음악,",음악, ,Y,N,경기도 수원시 영통구 덕영대로1555번길 16,", 120호, 121호 (영통동, 벽적골롯데아파트)",443811,031-236-2225,20251012
J10,경기도교육청,수원시,학원,3000046973,하티댄스학원,20210514,20210514,개원,        ,99991231,120,20,기예(대),기예(중),,댄스, ,Y,N,경기도 수원시 권선구 세권로181번길 30-1,", 2층 전체 (권선동)",16566,070-4045-0511,20231018
J10,경기도교육청,수원시,학원,3000068893,학교밖교실학원,20240517,20240517,개원,        ,        ,0,0,입시.검정 및 보습,보통교과,"보습,보통교과",보통교과, ,Y,N,경기도 수원시 장안구 정조로1060번길 21-4,"2층 전체(송죽동, 에프동)",16304,,20250302
J10,경기도교육청,수원시,학원,3715,학습능력개발학원,20030822,20030822,개원,        ,99991231,29,29,입시.검정 및 보습,보통교과,"보습,",보습, ,Y,N,경기도 수원시 영통구 봉영로 1623,  드림피아빌딩 503호 (영통동),443810,031-202-4409,20250831
J10,경기도교육청,수원시,학원,3000046353,학원은벙글다벙글다학원,20210310,20210310,개원,        ,99991231,88,50,입시.검정 및 보습,보통교과,보습,보습, ,Y,N,경기도 수원시 장안구 만석로19번길 35,", 303호 (천천동, 수정프라자)",16329,,20250302
J10,경기도교육청,수원시,학원,3000047669,한경은국어논술전문학원,20210726,20210726,개원,        ,99991231,500,250,입시.검정 및 보습,보통교과,보습,보습, ,Y,N,경기도 수원시 영통구 에듀타운로 23,", 201호, 202-1호, 203호, 204호(이의동, 광교프라자)",16509,031-215-6600,20240602
J10,경기도교육청,수원시,학원,3000047102,한경은국어논술초중등관학원,20210528,20210528,개원,        ,99991231,384,50,입시.검정 및 보습,외국어,,실용외국어(유아/초·중·고), ,Y,N,경기도 수원시 영통구 에듀타운로 24,", 403호, 404호 (이의동, 그린프라자)",16509,,20250518
J10,경기도교육청,수원시,학원,3000052428,한국기술사원격학원,20220916,20220916,개원,        ,99991231,0,0,직업기술,산업기반기술,,토목, ,Y,N,경기도 수원시 권선구 수인로 43-23,", 3층 일부 (서둔동)",16617,,20231018
J10,경기도교육청,수원시,학원,3000048819,한국기술사학원,20211117,20211117,개원,        ,99991231,120,40,직업기술,산업기반기술,,토목, ,Y,N,경기도 수원시 권선구 수인로 43-23,", 3층 일부 (서둔동)",16617,,20231018
J10,경기도교육청,수원시,학원,3000043706,한국부동산경매학원,20200305,20200305,개원,        ,99991231,80,20,직업기술,경영·사무관리,"경매,",경매, ,Y,N,경기도 수원시 팔달구 정조로 802,", 4층 일부 (팔달로1가)",16257,,20231018
J10,경기도교육청,수원시,학원,21754,한국아파트회계전문학원,20060412,20060412,개원,        ,99991231,180,72,직업기술,경영·사무관리,,경리, ,Y,N,경기도 수원시 팔달구 덕영대로 923-1,  401호 (매산로1가),442081,031-248-4794,20241117
J10,경기도교육청,수원시,학원,3000063796,한국자동차진단중개사전문학원,20231219,20231219,개원,        ,        ,120,30,직업기술,산업기반기술,,자동차, ,Y, ,경기도 수원시 권선구 매송고색로 855,", 1층 일부, 2층 일부(평동)",16599,,20250302
J10,경기도교육청,수원시,학원,1628,한나피아노음악학원,20011227,20011227,개원,        ,99991231,23,12,예능(대),예능(중),,음악, ,Y,N,경기도 수원시 영통구 태장로54번길 66,  3층 (망포동),443400,031-273-5022,20231105
J10,경기도교육청,수원시,학원,10468,한동학원,19980226,19980226,개원,        ,99991231,45,32,입시.검정 및 보습,보통교과,"보습,",보습, ,Y,N,경기도 수원시 영통구 영통로 509-1,  평강빌딩 4층 (영통동),443470,031-204-6677,20231018
J10,경기도교육청,수원시,학원,3000074506,한땀수학학원,20250611,20250611,개원,        ,        ,90,30,입시.검정 및 보습,,,, ,Y,N,경기도 수원시 영통구 법조로 25,", A동 1810호, 1811호(하동, 광교 SK VIEW Lake A)",16514,,20260201
J10,경기도교육청,수원시,학원,3000015104,한뜻음악학원,20120507,20120507,개원,        ,99991231,70,20,예능(대),예능(중),음악,음악, ,Y,N,경기도 수원시 권선구 권광로 55,", 2층 A210-2호 (권선동, 권선자이 이편한세상 상가1)",441831,031-225-3519,20250420
J10,경기도교육청,수원시,학원,43021,한림원학원,20101102,20101102,개원,        ,99991231,56,40,입시.검정 및 보습,보통교과,"보습,",보습, ,Y,N,경기도 수원시 장안구 정자천로 179,", 레몬스포렉스 4층 406호 (정자동)",440841,031-268-4884,20231030
J10,경기도교육청,수원시,학원,114311,한세음악보습학원,19970404,19970404,개원,        ,99991231,260,62,종합(대),,"보습,음악,",, ,Y,N,경기도 수원시 팔달구 동말로67번길 26,", 1층 일부, 2층 전체 (화서동)",16439,031-255-7842,20231030
J10,경기도교육청,수원시,학원,3000050996,한솔요리커피바리스타제과제빵학원,20220506,20220506,개원,        ,99991231,580,104,종합(대),,"식음료품(바리스타,소믈리에)",, ,Y,N,경기도 수원시 팔달구 덕영대로 899,", 212~213호 412~415호 (매산로1가, 세진브론즈빌)",16455,031-307-2500,20260215
J10,경기도교육청,수원시,학원,39556,한솔플러스영어수학학원,20100201,20100127,개원,        ,99991231,62,62,입시.검정 및 보습,보통교과,"보습,",보습, ,Y,N,경기도 수원시 팔달구 권선로 477 ,"305호 (매산로2가, 대한대우아파트) ",442783,031-237-7222,20231018
J10,경기도교육청,수원시,학원,3000040539,한수연학원,20190509,20190509,개원,        ,99991231,34,30,입시.검정 및 보습,보통교과,,보습, ,Y,N,경기도 수원시 영통구 봉영로1759번길 8-9,", 4층 일부 (영통동)",16712,,20250831
J10,경기도교육청,수원시,학원,3000042736,한스레벨업학원,20191217,20191217,개원,        ,99991231,81,45,입시.검정 및 보습,보통교과,보습,보습, ,Y,N,경기도 수원시 영통구 청명남로 4,", 3층 전체 (영통동)",16705,031-203-2357,20251109
J10,경기도교육청,수원시,학원,9843,한양요리학원,20021023,20021023,개원,        ,99991231,112,34,직업기술,산업응용기술,"식음료품(바리스타,소믈리에)","식음료품(바리스타,소믈리에)", ,Y,N,경기도 수원시 팔달구 매산로 26,", 3층 4층 (매산로2가)",16461,031-242-2550,20240505
J10,경기도교육청,수원시,학원,34315,한예종라라무용학원,20090317,20090317,개원,        ,99991231,60,60,예능(대),예능(중),무용,무용, ,Y,N,경기도 수원시 장안구 덕영대로535번길 34,  천천그린프라자 5층 501호 (천천동),440330,031-254-4622,20260208
J10,경기도교육청,수원시,학원,3000052797,한예종무용학원,20221026,20221026,개원,        ,99991231,570,30,예능(대),예능(중),무용,무용, ,Y,N,경기도 수원시 영통구 덕영대로 1541,", 5층 일부 (영통동, 송이빌딩)",16698,null,20250427
J10,경기도교육청,수원시,학원,3000030636,한올학원,20161105,20161103,개원,        ,99991231,300,60,입시.검정 및 보습,보통교과,"보습,입시,",보습, ,Y,N,경기도 수원시 권선구 금곡로102번길 29,", 401호(금곡동, 센트럴프라자A)",16388,031-5208-501,20250323
J10,경기도교육청,수원시,학원,12758,한우리독서논술매탄학원,20041214,20041214,개원,        ,99991231,24,24,입시.검정 및 보습,보통교과,"보습·논술,",보습·논술, ,Y,N,경기도 수원시 영통구 매영로 84,", 401호 일부(한국아파트 상가) (매탄동)",16542,031-216-6603,20231018
J10,경기도교육청,수원시,학원,3000079596,한우리독서토론논술영통학원,20260331,20260331,개원,        ,        ,80,20,입시.검정 및 보습,,,, ,Y, ,경기도 수원시 영통구 덕영대로 1400,", 201호, 202호, 203호(망포동,영통아이파크캐슬2단지 상가비동)",16684,,20260405
J10,경기도교육청,수원시,학원,9386,한우리독서토론논술학원,20040617,20040617,개원,        ,99991231,80,32,입시.검정 및 보습,보통교과,,보습·논술, ,Y,N,경기도 수원시 팔달구 권광로 363,", 203호 (우만동, 월드프라자)",442816,031-216-3488,20250615
J10,경기도교육청,수원시,학원,114532,한울림음악학원,19980203,19980203,개원,        ,99991231,237,17,예능(대),예능(중),음악,음악, ,Y,N,경기도 수원시 영통구 매영로310번길 46,  4층 404호 (영통동),443470,031-202-0487,20240929
J10,경기도교육청,수원시,학원,32815,한일에이플러스학원,20081021,20081021,개원,        ,99991231,304,50,입시.검정 및 보습,보통교과,,보습, ,Y,N,경기도 수원시 장안구 경수대로976번길 16,"301호 (조원동, 수원 한일타운 주상가)",16294,031-255-0584,20260222
J10,경기도교육청,수원시,학원,3000069028,한일캠퍼스별관이문어학원,20240530,20240530,개원,        ,        ,228,76,입시.검정 및 보습,,,, ,Y,N,경기도 수원시 장안구 송원로 83,"402호 일부(조원동, 매가플러스(3차))",16295,,20240602
J10,경기도교육청,수원시,학원,38910,한일학원,20091210,20091210,개원,        ,99991231,170,94,입시.검정 및 보습,보통교과,보습,보습, ,Y,N,경기도 수원시 장안구 경수대로976번길 41, 이현빌딩 5층전체 (송죽동),440800,null,20250427
J10,경기도교육청,수원시,학원,3000069096,합격논증대입인문사회논술전문원격학원,20240607,20240607,개원,        ,        ,300,100,입시.검정 및 보습,,,, ,Y,N,경기도 수원시 영통구 신원로 299,", 4층 일부(매탄동)",16676,,20240609
J10,경기도교육청,수원시,학원,3000031865,합격선수촌학원,20170206,20170206,개원,        ,99991231,198,33,입시.검정 및 보습,보통교과,,보습, ,Y,N,경기도 수원시 영통구 중부대로 267,", 2층 일부 (원천동)",16503,,20260201
J10,경기도교육청,수원시,학원,3000053673,해냄국어학원,20230103,20230103,개원,        ,99991231,40,33,입시.검정 및 보습,보통교과,,보습, ,Y,N,경기도 수원시 영통구 매탄로108번길 16,", 504호 (매탄동, 엔타운)",16545,,20231018
J10,경기도교육청,수원시,학원,19793,해냄영수학원,20051205,20051205,개원,        ,99991231,40,33,입시.검정 및 보습,보통교과,"보습,",보습, ,Y,N,경기도 수원시 장안구 수성로245번길 18,", 2층 일부(202호) (정자동, 정승빌딩)",16317,031-892-3374,20231018
J10,경기도교육청,수원시,학원,3000052331,해밀수학학원,20220906,20220906,개원,        ,99991231,40,33,입시.검정 및 보습,보통교과,보습,보습, ,Y,N,경기도 수원시 팔달구 팔달로 63,", 401,402호 (고등동),리더스프라자",16452,,20260201
J10,경기도교육청,수원시,학원,44372,해법셀파박샘학원,20110302,20110217,개원,        ,99991231,160,40,입시.검정 및 보습,보통교과,"보습,",보습, ,Y,N,경기도 수원시 영통구 권광로260번길 36,", 308호, 309호 (매탄동, 현대힐스테이트아파트 상가2)",16532,031-217-5210,20231018
J10,경기도교육청,수원시,학원,3000014095,해법수학동신학원,20120214,20120214,개원,        ,99991231,150,35,입시.검정 및 보습,보통교과,"보습,",보습, ,Y,N,경기도 수원시 장안구 장안로 226,", 3층 2호(정자동, 동신아파트상가동)",16340,,20250323
J10,경기도교육청,수원시,학원,42841,해법수학학원,20101020,20101018,개원,        ,99991231,485,60,입시.검정 및 보습,보통교과,"보습,",보습, ,Y,N,경기도 수원시 영통구 영통로 517,  2층 전체 (영통동),443470,031-308-4862,20231018
J10,경기도교육청,수원시,학원,15031,해법아카데미학원,20050221,20050221,개원,        ,99991231,115,101,입시.검정 및 보습,보통교과,"보습,",보습, ,Y,N,경기도 수원시 권선구 당진로 19,", 2층 전체 (당수동)",16376,031-419-3450,20251207
J10,경기도교육청,수원시,학원,3000027148,해법영어일월메디학원,20151207,20151207,개원,        ,99991231,280,25,입시.검정 및 보습,보통교과,보습,보습, ,Y,N,경기도 수원시 권선구 일월천로16번길 39,", 303호 (구운동, 코오롱하늘채아파트)",16413,,20240310
J10,경기도교육청,수원시,학원,3000030838,해법중국어수학학원,20161122,20161122,개원,        ,99991231,973,16,입시.검정 및 보습,보통교과,보통교과,보통교과, ,Y,N,경기도 수원시 장안구 이목로 24-3,", 305호 (정자동, SKY PLAZA)",16336,031-269-2200,20250518
J10,경기도교육청,수원시,학원,3000049625,해봄학원,20220112,20220112,개원,        ,99991231,480,160,입시.검정 및 보습,보통교과,보습,보습, ,Y,N,경기도 수원시 장안구 만석로159번길 39,", 302호 (정자동, 경남프라임코아)",16340,,20240331
J10,경기도교육청,수원시,학원,39603,해오름학원,20100202,20100201,개원,        ,99991231,103,103,입시.검정 및 보습,보통교과,,보습, ,Y,N,경기도 수원시 팔달구 중부대로143번길 69,  삼덕빌딩 5층 (우만동),442819,031-217-8209,20250112
J10,경기도교육청,수원시,학원,3000042980,해커스공인중개사주택관리사학원,20200103,20200103,개원,        ,99991231,28910,190,인문사회(대),인문사회(중),,인문사회(중), ,Y,N,경기도 수원시 팔달구 향교로1번길 8,", 201, 202, 207호 (매산로1가)",16455,031-245-7777,20260412
J10,경기도교육청,수원시,학원,3000054019,핸디로집수리전문학원,20230201,20230201,개원,        ,99991231,180,20,직업기술,산업기반기술,,건축, ,Y,N,경기도 수원시 권선구 세지로42번길 49-1,", 3층 (세류동)",16579,,20240623
J10,경기도교육청,수원시,학원,3000051494,행복한학생학원,20220624,20220624,개원,        ,99991231,84,36,입시.검정 및 보습,보통교과,,보습, ,Y,N,경기도 수원시 영통구 청명남로 56,", 5층 전체 (영통동, 정빌딩)",16705,031-2064-096,20231018
J10,경기도교육청,수원시,학원,2190,허린음악학원,19991104,19991104,개원,        ,99991231,212,39,예능(대),예능(중),음악,음악, ,Y,N,경기도 수원시 영통구 덕영대로1555번길 13,", 602호 (영통동, 세일빌딩)",16698,031-202-5454,20240804
J10,경기도교육청,수원시,학원,3000048431,헐크수학과학학원,20211015,20211015,개원,        ,99991231,40,50,입시.검정 및 보습,보통교과,,보습, ,Y,N,경기도 수원시 영통구 효원로 363,", 301호, 302호 (매탄동, 매탄 위브 하늘채 상가A)",16543,,20231018
J10,경기도교육청,수원시,학원,115506,헤럴드영어해법에이치비수학학원,20010830,20010830,개원,        ,99991231,50,60,입시.검정 및 보습,보통교과,"보습,",보습, ,Y,N,경기도 수원시 장안구 만석로19번길 11-3,", 3층 305호 (천천동, 태영프라자)",16329,031-269-1536,20231018
J10,경기도교육청,수원시,학원,3000018753,헤르츠실용음악학원,20130617,20130617,개원,        ,99991231,10,35,기예(대),기예(중),"실용음악(성악),",실용음악(성악), ,Y,N,경기도 수원시 영통구 도청로89번길 31,", 301호, 302호 (이의동1347-2, 지타워)",443270,,20231018
J10,경기도교육청,수원시,학원,3000077524,헤르츠어학원,20260223,20260223,개원,        ,        ,150,50,국제화,,,, ,Y, ,경기도 수원시 영통구 영통로 353,", 2층 전체(영통동)",16696,,20260308
J10,경기도교육청,수원시,학원,3000077387,헤브즈영어고등관학원,20260204,20260204,개원,        ,        ,225,75,입시.검정 및 보습,,,, ,Y, ,경기도 수원시 영통구 영통로 120,", 4층 일부(망포동)",16692,,20260208
J10,경기도교육청,수원시,학원,3000072468,헤브즈영어학원,20241118,20241118,개원,        ,        ,320,80,입시.검정 및 보습,보통교과,보습,보습, ,Y, ,경기도 수원시 영통구 영통로 120,", 3층 일부(302호, 망포동)",16692,010-2859-3819,20260208
J10,경기도교육청,수원시,학원,3000038557,헤세드잉글리쉬학원,20181107,20181107,개원,        ,99991231,30,40,입시.검정 및 보습,,,, ,Y,N,경기도 수원시 영통구 권광로260번길 36,", 202호 (매탄동 176-11, 현대힐스테이트아파트상가-1)",16532,031-212-6767,20240707
J10,경기도교육청,수원시,학원,3000061761,헤이음악학원,20230822,20230822,개원,        ,        ,180,30,예능(대),예능(중),,음악, ,Y, ,경기도 수원시 권선구 효원로94번길 14,", 303호(세류동, 메디컬플라자)",16459,,20250209
J10,경기도교육청,수원시,학원,3000075649,헤이제이북앤잉글리시학원,20250818,20250818,개원,        ,        ,200,40,입시.검정 및 보습,보통교과,보습,보습, ,Y, ,경기도 수원시 팔달구 권광로 246,"301호 (인계동,래미안 노블클래스 상가) ",16534,,20251012
J10,경기도교육청,수원시,학원,3000047370,헬레나즈영어학원,20210625,20210625,개원,        ,99991231,70,40,입시.검정 및 보습,보통교과,보통교과,보통교과, ,Y,N,경기도 수원시 팔달구 덕영대로803번길 43,", 303호 (화서동, 디아이포에버)",16442,,20250720
J10,경기도교육청,수원시,학원,3000022993,헬로피아노음악학원,20141010,20141010,개원,        ,99991231,820,20,예능(대),예능(중),음악,음악, ,Y,N,경기도 수원시 권선구 호매실로104번길 24-61,", 804호~805호 (호매실동,금호프라자)",441884,,20251026
J10,경기도교육청,수원시,학원,3000074509,혁펜하임원격학원,20250611,20250611,개원,        ,        ,500,100,직업기술,,,, ,Y,N,경기도 수원시 영통구 법조로 38,", 2103호(하동, 광교 더샵 레이크파크 101동)",16514,,20250615
J10,경기도교육청,수원시,학원,3000043436,현대이화음악학원,20200214,20200214,개원,        ,99991231,249,18,예능(대),예능(중),음악,음악, ,Y,N,경기도 수원시 장안구 하률로46번길 17,", 2층 201호 일부 (천천동, 현대아파트)",16323,031-271-1915,20250504
J10,경기도교육청,수원시,학원,114076,형설학원,19960729,19960729,개원,        ,99991231,36,76,입시.검정 및 보습,보통교과,"보습,",보습, ,Y,N,경기도 수원시 권선구 정조로 549,  4층 (세류동),441869,031-223-7772,20231018
J10,경기도교육청,수원시,학원,41172,혜윰국어논술전문학원,20100517,20100518,개원,        ,99991231,129,54,입시.검정 및 보습,보통교과,,보습, ,Y,N,경기도 수원시 영통구 봉영로 1623,  드림피아빌딩 5층 512호 (영통동),443810,031-206-7706,20260201
J10,경기도교육청,수원시,학원,3000051219,혜윰국어영어전문학원,20220531,20220531,개원,        ,99991231,0,0,입시.검정 및 보습,보통교과,,보습, ,Y,N,경기도 수원시 영통구 도청로89번길 43,"201호(이의동, 에듀프라자)",16509,,20260201
J10,경기도교육청,수원시,학원,3000054538,혜윰미술학원,20230309,20230309,개원,        ,99991231,15,15,예능(대),예능(중),,미술, ,Y,N,경기도 수원시 권선구 곡반정로 160,", 519호 (곡반정동, 라퍼스트)",16668,,20231018
J10,경기도교육청,수원시,학원,3000036053,혜윰영어국어학원,20180227,20180227,개원,        ,99991231,100,50,입시.검정 및 보습,보통교과,"보습,",보습, ,Y,N,경기도 수원시 영통구 권선로908번길 52-20,", , 2층일부 (신동)",16683,031-2033-258,20231018
J10,경기도교육청,수원시,학원,3000021653,혜윰음악학원,20140519,20140519,개원,        ,99991231,195,16,예능(대),예능(중),,음악, ,Y,N,경기도 수원시 영통구 월드컵로87번길 7,", 404호(호반프라자) (원천동)",443380,031-2123-411,20250720
J10,경기도교육청,수원시,학원,3000053721,호매실간호학원,20230106,20230106,개원,        ,99991231,99,65,직업기술,간호보조기술,,간호조무사, ,Y,N,경기도 수원시 권선구 금곡로 202,", 606호 (금곡동, e-SPACE CITY-1)",16397,,20251130
J10,경기도교육청,수원시,학원,3000041699,호매실리틀팍스어학원,20190903,20220322,개원,        ,99991231,22,112,국제화,외국어,외국어,외국어, ,Y,N,경기도 수원시 권선구 금곡로212번길 25,", 701호, 702호, 704호 (금곡동, 광일프라자)",16393,,20250105
J10,경기도교육청,수원시,학원,3000039781,호매실앨리스영어학원,20190304,20200309,개원,        ,99991231,200,70,국제화,외국어,,실용외국어(유아/초·중·고), ,Y,N,경기도 수원시 권선구 금곡로212번길 14,", 303호, 305호, 401호 (금곡동, 거성빌딩)",16397,,20240407
J10,경기도교육청,수원시,학원,3000044144,호매실우리수학학원,20200507,20200507,개원,        ,99991231,27,35,입시.검정 및 보습,보통교과,보습,보습, ,Y,N,경기도 수원시 권선구 금곡로212번길 14,", 304호 (금곡동, 거성빌딩)",16397,031-293-0977,20251102
J10,경기도교육청,수원시,학원,3000017004,호매실이룸학원,20121128,20121128,개원,        ,99991231,840,200,입시.검정 및 보습,보통교과,보습,보습, ,Y,N,경기도 수원시 권선구 금곡로 116,", 503호, 504호 (금곡동 1085-4, 유동타워)",16388,031-548-2333,20250316
J10,경기도교육청,수원시,학원,3000039072,호매실점크림실용음악학원,20181226,20181226,개원,        ,99991231,280,26,예능(대),예능(중),"음악,",음악, ,Y,N,경기도 수원시 권선구 금곡로118번길 24,", 401호, 402호 (금곡동, 리치빌딩)",16388,031-2937-174,20231018
J10,경기도교육청,수원시,학원,44286,호매실정진학원,20110210,20110210,개원,        ,99991231,466,180,입시.검정 및 보습,보통교과,"보습,",보습, ,Y,N,경기도 수원시 권선구 금곡로 106,", 301호, 302호 (금곡동 1085-2, 우성메디피아)",16388,031-297-9678,20260426
J10,경기도교육청,수원시,학원,114714,호매실컴퓨터학원,19981029,19981029,개원,19981029,99991231,70,120,기타(대),기타(중),컴퓨터(소),컴퓨터(소), ,Y,N,경기도 수원시 권선구 금호로 56,  4층 (호매실동),441882,031-293-6757,20260201
J10,경기도교육청,수원시,학원,3000031896,호매실피아노트리음악학원,20170208,20170206,개원,        ,99991231,720,40,예능(대),예능(중),"음악,",음악, ,Y,N,경기도 수원시 권선구 호매실로90번길 116,", 304호 (호매실동)",16630,,20231018
J10,경기도교육청,수원시,학원,3000022122,호반숙명피아노학원,20140704,20140704,개원,        ,99991231,5,5,예능(대),예능(중),,음악, ,Y,N,경기도 수원시 영통구 광교호수공원로 45,", 201호, 202호 (원천동)",16516,031-216-9510,20231018
J10,경기도교육청,수원시,학원,3000033701,호반예원음악학원,20170719,20170719,개원,        ,99991231,206,20,예능(대),예능(중),음악,음악, ,Y,N,경기도 수원시 권선구 매곡로 43,", 호반베르디움2차 상가 310동 204호,205호 (금곡동)",16397,null,20260412
J10,경기도교육청,수원시,학원,3000027769,호반음악학원,20160128,20160128,개원,        ,99991231,450,10,예능(대),예능(중),,음악, ,Y,N,경기도 수원시 영통구 웰빙타운로 70,", 109호, 110호 (이의동)",16222,,20231018
J10,경기도교육청,수원시,학원,3000020193,호크마수학학원,20131209,20131209,개원,        ,99991231,118,153,입시.검정 및 보습,보통교과,"보습,",보습, ,Y,N,경기도 수원시 영통구 도청로17번길 18,", 3층 일부(303, 304호) (이의동)",16509,031-212-4663,20251102
J10,경기도교육청,수원시,학원,44101,홀음악학원,20110121,20110121,개원,        ,99991231,63,18,예능(대),예능(중),"음악,",음악, ,Y,N,경기도 수원시 영통구 태장로 84,  4층 일부 (망포동),443400,031-202-7966,20231018
J10,경기도교육청,수원시,학원,5506,홈독서실,20031226,20031226,개원,        ,99991231,62,73,독서실,독서,독서실(유아/초·중·고),독서실(유아/초·중·고), ,Y,N,경기도 수원시 영통구 봉영로1759번길 11,  3층 (영통동),443470,031-204-8666,20240303
J10,경기도교육청,수원시,학원,3000034097,홍익미술전문학원,20170830,20170830,개원,        ,99991231,15,15,예능(대),예능(중),미술,미술, ,Y,N,경기도 수원시 팔달구 수성로182번길 101,", 3층 전체 (화서동)",16435,,20231231
J10,경기도교육청,수원시,학원,115996,홍익보습학원,19890729,19890729,개원,        ,99991231,45,45,입시.검정 및 보습,보통교과,"보습,",보습, ,Y,N,경기도 수원시 권선구 정조로 526 ,  3층 (세류동),441868,031-35-9633,20231018
J10,경기도교육청,수원시,학원,3000068695,홍킴잉글리시학원,20240425,20240425,개원,        ,        ,90,30,입시.검정 및 보습,,,, ,Y,N,경기도 수원시 영통구 동탄원천로1109번길 42,", 301호(매탄동,성일아파트 상가동)",16528,,20250316
J10,경기도교육청,수원시,학원,3000020277,화서세움학원,20131206,20131206,개원,        ,99991231,475,10,입시.검정 및 보습,보통교과,,보습, ,Y,N,경기도 수원시 팔달구 수성로244번길 25,", 화서위브하늘채아파트상가동 203동 203호 전체 (화서동,화서위브하늘채)",442888,070-8808-0509,20250302
J10,경기도교육청,수원시,학원,1553,화서이화음악학원,20020807,20020807,개원,        ,99991231,56,112,예능(대),예능(중),음악,음악, ,Y,N,경기도 수원시 팔달구 덕영대로697번길 17,", 507호 (화서동)",16435,031-246-9535,20250302
J10,경기도교육청,수원시,학원,3000062320,화서점위상매쓰학원,20231018,20231018,개원,        ,        ,0,0,입시.검정 및 보습,보통교과,보습,보습, ,Y,N,경기도 수원시 장안구 대평로 27,"202호(정자동,화서역 파크푸르지오)",16318,010-3617-1876,20260222
J10,경기도교육청,수원시,학원,11397,화서제일고시학원,20030128,20030128,개원,        ,99991231,340,157,인문사회(대),인문사회(중),"성인고시,",성인고시, ,Y,N,경기도 수원시 팔달구 덕영대로 695,  3층 (화서동),442870,031-258-6300,20231018
J10,경기도교육청,수원시,학원,3000041740,화홍보습학원,20190909,20190909,개원,        ,99991231,100,32,입시.검정 및 보습,보통교과,,보습, ,Y,N,경기도 수원시 장안구 수성로262번길 83,", 1층 전체 (영화동, 도레미음악학원)",16274,,20260405
J10,경기도교육청,수원시,학원,3000043998,황골마을공터영어미래엔수학학원,20200409,20200409,개원,        ,99991231,72,44,입시.검정 및 보습,보통교과,보습,보습, ,Y,N,경기도 수원시 영통구 영통로 521-1,", 2층 전체 (영통동)",16706,031-895-5130,20260426
J10,경기도교육청,수원시,학원,1647,황골슈만음악학원,20011217,20011217,개원,        ,99991231,140,28,예능(대),예능(중),음악,음악, ,Y,N,경기도 수원시 영통구 영통로 521,", 4층, 5층 (영통동)",443809,031-205-9595,20250302
J10,경기도교육청,수원시,학원,115631,황선생영어학원,20020107,20020107,개원,        ,99991231,60,60,입시.검정 및 보습,보통교과,"보습,",보습, ,Y,N,경기도 수원시 영통구 청명로 83,  3층 (영통동),443470,031-271-5723,20231030
J10,경기도교육청,수원시,학원,3000041665,황수학학원,20190902,20190902,개원,        ,99991231,348,70,입시.검정 및 보습,보통교과,"보습,",보습, ,Y,N,경기도 수원시 권선구 동수원로 218-39,", 405호 (권선동, 권선종합프라자)",16554,,20240804
J10,경기도교육청,수원시,학원,3000054815,효림리드인독서논술학원,20230331,20230331,개원,        ,99991231,30,40,입시.검정 및 보습,보통교과,보습,보습, ,Y,N,경기도 수원시 영통구 영통로 521,", 2층 (영통동)",16706,null,20250427
J10,경기도교육청,수원시,학원,3000026374,효중기념간호학원,20150922,20150922,개원,        ,99991231,561,105,직업기술,간호보조기술,간호조무사,간호조무사, ,Y,N,경기도 수원시 장안구 송원로 63,", 7층 전체 (송죽동, 신성빌딩)",16305,031-251-1110,20240707
J10,경기도교육청,수원시,학원,3000077302,희소가치수학학원,20260129,20260129,개원,        ,        ,2880,48,입시.검정 및 보습,,,, ,Y,N,경기도 수원시 권선구 호매실로104번길 24-61,302호-303호(호매실동),16630,031-227-1997,20260201
J10,경기도교육청,수원시,학원,3000074940,히즈윌학원,20250723,20250723,개원,        ,        ,100,58,입시.검정 및 보습,,,, ,Y, ,경기도 수원시 장안구 금당로 42,", 502호(조원동, 그린프라자)",16282,,20251221
J10,경기도교육청,수원시,학원,3000023262,히트실용음악학원,20141104,20141104,개원,        ,99991231,40,27,예능(대),예능(중),,음악, ,Y,N,경기도 수원시 권선구 세권로304번길 44,", 604호 (권선동, 삼성프라자)",16553,,20250615
J10,경기도교육청,수원시,학원,3000040093,힐링공예학원,20190326,20190326,개원,        ,99991231,600,8,기예(대),기예(중),"공예(종이접기,꽃꽂이,꽃기예)","공예(종이접기,꽃꽂이,꽃기예)", ,Y,N,경기도 수원시 영통구 태장로 81,", 4층 405-1호 전체 (망포동, 망포동 e-타운II)",16688,null,20250413
J10,경기도교육청,수원시,학원,3000039279,힐사이드컬리지잇주니어광교어학원,20190114,20190114,개원,        ,99991231,336,120,종합(대),,보습,, ,Y,N,경기도 수원시 영통구 광교로 146,", 401호 (이의동 1329)",16507,031-216-3779,20260405
J10,경기도교육청,수원시,학원,3000024012,힐스러닝센터학원,20150113,20150113,개원,        ,99991231,1318,50,입시.검정 및 보습,보통교과,보습,보습, ,Y,N,경기도 수원시 영통구 권광로260번길 36,", 205호, 206호 (매탄동, 현대힐스테이트아파트상가1)",16532,031-237-9090,20250831

