대지위치,시군구코드,법정동코드,대지구분코드,번,지,관리건축물대장PK,대장구분코드,대장구분코드명,대장종류코드,대장종류코드명,신구대장구분코드,신구대장구분코드명,도로명대지위치,건물명,특수지명,블록,로트,외필지수,새주소도로코드,새주소법정동코드,새주소지상지하코드,새주소본번,새주소부번,대지면적(㎡),건축면적(㎡),건폐율(%),연면적(㎡),용적률산정연면적(㎡),용적률(%),주용도코드,주용도코드명,기타용도,세대수(세대),가구수(가구),주건축물수,부속건축물수,부속건축물면적(㎡),총주차수,옥내기계식대수(대),옥내기계식면적(㎡),옥외기계식대수(대),옥외기계식면적(㎡),옥내자주식대수(대),옥내자주식면적(㎡),옥외자주식대수(대),옥외자주식면적(㎡),허가일,착공일,사용승인일,허가번호년,허가번호기관코드,허가번호기관코드명,허가번호구분코드,허가번호구분코드명,호수(호),에너지효율등급,에너지절감률,EPI점수,친환경건축물등급,친환경건축물인증점수,지능형건축물등급,지능형건축물인증점수,생성일자
경기도 수원시 권선구 세류동 47-3번지,41113,12600,0,0047,0003,1084180850,1,일반,1,총괄표제부,0,구대장,,,,,,0,,,0,,,244,121.86,49.94,206.28,206.28,84.54,01000,단독주택,단독주택,7,0,2,0,0,0,0,0,0,0,0,0,0,0,,,,,,,,,0,,0,0,,0,,0,20220909
경기도 수원시 권선구 세류동 71-1번지,41113,12600,0,0071,0001,1084180921,1,일반,1,총괄표제부,1,신대장,,,,,,0,,,0,,,0,73.02,0,73.02,73.02,0,01000,단독주택,단독주택,0,2,2,0,0,0,0,0,0,0,0,0,0,0,,,,,,,,,0,,0,0,,0,,0,20220909
경기도 수원시 권선구 세류동 85번지,41113,12600,0,0085,0000,1084180925,1,일반,1,총괄표제부,1,신대장,,,,,,0,,,0,,,0,25.05,0,25.05,25.05,0,01000,단독주택,단독주택,0,2,2,0,0,0,0,0,0,0,0,0,0,0,,,,,,,,,0,,0,0,,0,,0,20220909
경기도 수원시 권선구 세류동 85-264번지,41113,12600,0,0085,0264,1084180926,1,일반,1,총괄표제부,1,신대장,,수원 제이교회,,,,24,,,0,,,3488,1059.24,30.37,2100.48,2100.48,60.22,06000,종교시설,종교집회장(교회),0,0,4,0,0,24,0,0,0,0,0,0,24,276.11,,,,,,,,,0,,0,0,,0,,0,20250509
경기도 수원시 권선구 세류동 97-21번지,41113,12600,0,0097,0021,1084180932,1,일반,1,총괄표제부,1,신대장,경기도 수원시 권선구 효원로94번길 21-10 (세류동),,,,,0,411134325495,12601,0,21,10,0,182.58,0,410.54,359.62,0,01000,단독주택,단독주택,0,2,2,0,0,0,0,0,0,0,0,0,0,0,,,,,,,,,0,,0,0,,0,,0,20220909
경기도 수원시 권선구 세류동 125-3번지,41113,12600,0,0125,0003,1084181153,2,집합,1,총괄표제부,1,신대장,경기도 수원시 권선구 정조로613번길 11 (세류동),,,,,0,411134325445,12601,0,11,,0,515.17,0,1148.88,2060.68,0,02000,공동주택,공동주택,20,0,2,0,0,0,0,0,0,0,0,0,0,0,,,,,,,,,0,,0,0,,0,,0,20220909
경기도 수원시 권선구 세류동 129-2번지,41113,12600,0,0129,0002,1084180935,1,일반,1,총괄표제부,1,신대장,경기도 수원시 권선구 정조로 613-8 (세류동),,,,,0,411133012006,12601,0,613,8,0,106.34,0,106.34,106.34,0,17000,공장,단독주택,0,1,2,0,0,0,0,0,0,0,0,0,0,0,,,,,,,,,0,,0,0,,0,,0,20220909
경기도 수원시 권선구 세류동 137번지,41113,12600,0,0137,0000,1084180937,1,일반,1,총괄표제부,1,신대장,,,,,,0,,,0,,,0,99.67,0,99.67,99.67,0,01000,단독주택,단독주택,0,4,4,0,0,0,0,0,0,0,0,0,0,0,,,,,,,,,0,,0,0,,0,,0,20220909
경기도 수원시 권선구 세류동 138번지,41113,12600,0,0138,0000,1084180938,1,일반,1,총괄표제부,1,신대장,,,,,,0,,,0,,,0,66.68,0,66.68,66.68,0,01000,단독주택,단독주택,0,2,2,0,0,0,0,0,0,0,0,0,0,0,,,,,,,,,0,,0,0,,0,,0,20220909
경기도 수원시 권선구 세류동 141번지,41113,12600,0,0141,0000,1084181154,2,집합,1,총괄표제부,1,신대장,경기도 수원시 권선구 정조로 618 (세류동),,,,,0,411133012006,12601,0,618,,0,15763,0,38581.67,43617.15,0,02000,공동주택,공동주택,366,0,4,0,0,0,0,0,0,0,0,0,0,0,,,,,,,,,0,,0,0,,0,,0,20220909
경기도 수원시 권선구 세류동 143-6번지,41113,12600,0,0143,0006,1084180835,1,일반,1,총괄표제부,1,신대장,,,,,,0,,,0,,,0,272.45,0,272.45,272.45,0,01000,단독주택,단독주택,0,7,7,0,0,0,0,0,0,0,0,0,0,0,,,,,,,,,0,,0,0,,0,,0,20220909
경기도 수원시 권선구 세류동 145-9번지,41113,12600,0,0145,0009,1084180940,1,일반,1,총괄표제부,1,신대장,경기도 수원시 권선구 정조로610번길 5 (세류동),,,,,0,411134325444,12601,0,5,0,0,152.89,0,523.63,477.37,0,01000,단독주택,단독주택,0,2,2,0,0,0,0,0,0,0,0,0,0,0,,,,,,,,,0,,0,0,,0,,0,20220909
경기도 수원시 권선구 세류동 149번지,41113,12600,0,0149,0000,1084180941,1,일반,1,총괄표제부,1,신대장,,,,,,0,,,0,,,0,225.15,0,225.15,225.15,0,01000,단독주택,단독주택,0,5,5,0,0,0,0,0,0,0,0,0,0,0,,,,,,,,,0,,0,0,,0,,0,20220909
경기도 수원시 권선구 세류동 150-17번지,41113,12600,0,0150,0017,10841100215319,1,일반,1,총괄표제부,1,신대장,,,,,,2,,,0,0,0,482,228.98,47.51,348.04,348.04,72.21,11000,노유자시설,"노유자시설,단독주택",0,1,2,0,0,3,0,0,0,0,0,0,3,40,,,,,,,,,0,,0,0,,0,,0,20220909
경기도 수원시 권선구 세류동 152-8번지,41113,12600,0,0152,0008,1084180853,1,일반,1,총괄표제부,0,구대장,,,,,,0,,,0,,,369,200.33,54.29,200.33,200.33,54.29,,,"제1종근린생활시설, 단독주택",0,0,3,1,0.99,0,0,0,0,0,0,0,0,0,,,,,,,,,0,,0,0,,0,,0,20220909
경기도 수원시 권선구 세류동 156번지,41113,12600,0,0156,0000,1084180944,1,일반,1,총괄표제부,1,신대장,,,,,,0,,,0,,,0,50.21,0,50.21,50.21,0,01000,단독주택,단독주택,0,2,2,0,0,0,0,0,0,0,0,0,0,0,,,,,,,,,0,,0,0,,0,,0,20220909
경기도 수원시 권선구 세류동 156-1번지,41113,12600,0,0156,0001,10841100310188,2,집합,1,총괄표제부,1,신대장,,가림빌라,,,,0,,,0,,,681,384.82,56.51,1306.6,1306.6,191.86,02000,공동주택,공동주택(다세대주택(도시형생활주택단지형다세대)),18,0,2,0,0,18,0,0,0,0,12,143,6,64.7,20140219,20140319,20140904,2014,3760030,건축과,1101,1101,0,,0,0,,0,,0,20220909
경기도 수원시 권선구 세류동 156-3번지,41113,12600,0,0156,0003,10841100441530,2,집합,1,총괄표제부,1,신대장,경기도 수원시 권선구 권선로 592-10 (세류동),송원리치빌,,,,0,411133175010,12601,0,592,10,647,366.26,56.61,1125.57,1125.57,173.97,02000,공동주택,도시형생활주택 - 단지형다세대주택,19,0,2,0,0,19,0,0,0,0,19,219.4,0,0,20190322,20190408,20191125,2019,3760030,건축과,1101,1101,0,,0,0,,0,,0,20220909
경기도 수원시 권선구 세류동 156-43번지,41113,12600,0,0156,0043,10841100312288,2,집합,1,총괄표제부,1,신대장,,가림빌라,,,,0,,,0,,,502,291.25,58.02,1000.02,1000.02,199.21,02000,공동주택,공동주택(도시형생활주택),15,0,2,0,0,15,0,0,0,0,8,87.7,7,85.5,20140225,20140327,20141024,2014,3760030,건축과,1101,1101,0,,0,0,,0,,0,20220909
경기도 수원시 권선구 세류동 156-64번지,41113,12600,0,0156,0064,10841100307287,2,집합,1,총괄표제부,1,신대장,,,,,,0,,,0,,,702,388.24,55.3,1316.1,1316.1,187.48,02000,공동주택,공동주택(도시형생활주택 단지형다세대주택),18,0,2,0,0,18,0,0,0,0,12,143,6,64.7,20140219,20140228,20140806,2014,3760030,건축과,1101,1101,0,,0,0,,0,,0,20220909
경기도 수원시 권선구 세류동 159-3번지,41113,12600,0,0159,0003,1084180945,1,일반,1,총괄표제부,1,신대장,경기도 수원시 권선구 정조로588번길 18-7 (세류동),,,,,0,411134325443,12601,0,18,7,0,238.1,0,518.91,518.91,0,01000,단독주택,단독주택,0,5,2,0,0,0,0,0,0,0,0,0,0,0,,,,,,,,,0,,0,0,,0,,0,20220909
경기도 수원시 권선구 세류동 160번지,41113,12600,0,0160,0000,1084180947,1,일반,1,총괄표제부,1,신대장,,,,,,0,,,0,,,0,34.78,0,34.78,34.78,0,01000,단독주택,단독주택,0,2,2,0,0,0,0,0,0,0,0,0,0,0,,,,,,,,,0,,0,0,,0,,0,20220909
경기도 수원시 권선구 세류동 160-3번지,41113,12600,0,0160,0003,1000000000000000557596,2,집합,1,총괄표제부,1,신대장,,ATRIUM,,,,0,,,0,,,529,286.05,54.07,1080.41,1045.71,197.68,02000,공동주택,공동주택[다세대주택(도시형생활주택-단지형다세대)],16,0,2,0,0,16,0,0,0,0,0,0,16,0,20220328,20220408,20221123,2022,3760030,건축과,1101,1101,0,,0,0,,0,,0,20221124
경기도 수원시 권선구 세류동 173번지,41113,12600,0,0173,0000,1084180950,1,일반,1,총괄표제부,1,신대장,,,,,,0,,,0,,,0,248.21,0,248.21,248.21,0,01000,단독주택,단독주택,0,5,5,0,0,0,0,0,0,0,0,0,0,0,,,,,,,,,0,,0,0,,0,,0,20220909
경기도 수원시 권선구 세류동 173-5번지,41113,12600,0,0173,0005,1084180951,1,일반,1,총괄표제부,1,신대장,경기도 수원시 권선구 정조로587번길 6 (세류동),,,,,0,411134325442,12601,0,6,,0,268.39,0,501.07,445.63,0,02000,공동주택,단독주택,6,0,3,0,0,0,0,0,0,0,0,0,0,0,,,,,,,,,0,,0,0,,0,,0,20220909
경기도 수원시 권선구 세류동 174-11번지,41113,12600,0,0174,0011,1084180952,1,일반,1,총괄표제부,1,신대장,경기도 수원시 권선구 정조로 587 (세류동),,,,,0,411133012006,12601,0,587,,0,83.95,0,83.95,83.95,0,03000,제1종근린생활시설,단독주택,0,2,2,0,0,0,0,0,0,0,0,0,0,0,,,,,,,,,0,,0,0,,0,,0,20220909
경기도 수원시 권선구 세류동 174-18번지,41113,12600,0,0174,0018,1084180953,1,일반,1,총괄표제부,1,신대장,경기도 수원시 권선구 권선로 568-6 (세류동),,,,,0,411133175010,12601,0,568,6,0,151.25,0,151.25,151.25,0,03000,제1종근린생활시설,단독주택,0,2,2,0,0,0,0,0,0,0,0,0,0,0,,,,,,,,,0,,0,0,,0,,0,20220909
경기도 수원시 권선구 세류동 179-5번지,41113,12600,0,0179,0005,1084180954,1,일반,1,총괄표제부,1,신대장,경기도 수원시 권선구 덕영대로 957-3 (세류동),,,,,0,411133012001,12601,0,957,3,0,64.29,0,64.29,64.29,0,01000,단독주택,단독주택,0,2,2,0,0,0,0,0,0,0,0,0,0,0,,,,,,,,,0,,0,0,,0,,0,20220909
경기도 수원시 권선구 세류동 195-10번지,41113,12600,0,0195,0010,1084180854,1,일반,1,총괄표제부,0,구대장,경기도 수원시 권선구 덕영대로 973 (세류동),,,,,0,411133012001,12601,0,973,,1439.1,464.78,32.3,2181.55,1604.4,111.49,03000,제1종근린생활시설,"근린생활시설, 교육연구시설",0,0,2,0,0,0,0,0,0,0,0,0,0,0,,,,,,,,,0,,0,0,,0,,0,20220909
경기도 수원시 권선구 세류동 202-11번지,41113,12600,0,0202,0011,1084181068,1,일반,1,총괄표제부,1,신대장,경기도 수원시 권선구 덕영대로 1000 (세류동),세류동 주유소,,,,2,411133012001,12601,0,1000,,771.8,294.9,38.21,527.78,527.78,68.38,19000,위험물저장및처리시설,위험물저장및처리시설외1,0,0,2,0,0,3,0,0,0,0,0,0,3,34.5,20040525,20041122,20070824,2004,3760030,건축과,1101,1101,0,,0,0,,0,,0,20220909
경기도 수원시 권선구 세류동 203번지,41113,12600,0,0203,0000,1084180960,1,일반,1,총괄표제부,1,신대장,경기도 수원시 권선구 덕영대로 1006 (세류동),,,,,0,411133012001,12601,0,1006,,0,916.57,0,1974.85,1563.95,0,17000,공장,공장,0,1,5,0,0,0,0,0,0,0,0,0,0,0,,,,,,,,,0,,0,0,,0,,0,20220909
경기도 수원시 권선구 세류동 204번지,41113,12600,0,0204,0000,1084181065,1,일반,1,총괄표제부,0,구대장,경기도 수원시 권선구 덕영대로 1046 (세류동),동진산업(주)수원공장,,,,0,411133012001,12601,0,1046,,13605.3,664.86,4.89,990.03,990.03,7.28,17000,공장,공장,0,0,6,1,10.8,15,0,0,0,0,0,0,15,172.5,19971111,19981207,20060721,1997,3760030,건축과,1103,1103,0,,0,0,,0,,0,20220909
경기도 수원시 권선구 세류동 207번지,41113,12600,0,0207,0000,10841100449012,1,일반,1,총괄표제부,1,신대장,경기도 수원시 권선구 덕영대로1031번길 6 (세류동),세류중학교,,,,0,411134325169,12601,0,6,,12700.6,3489.04,27.471458,11767.34,11767.34,92.651843,10000,교육연구시설,교육연구시설및복지시설,0,0,2,0,0,54,0,0,0,0,0,0,0,0,,,,,,,,,0,,0,0,,0,,0,20220909
경기도 수원시 권선구 세류동 211-9번지,41113,12600,0,0211,0009,1084181008,1,일반,1,총괄표제부,1,신대장,경기도 수원시 권선구 세권로35번길 50-8 (세류동),,,,,0,411134325309,12601,0,50,8,0,132.47,0,186.26,186.26,0,01000,단독주택,단독주택,0,2,2,0,0,0,0,0,0,0,0,0,0,0,,,,,,,,,0,,0,0,,0,,0,20220909
경기도 수원시 권선구 세류동 213번지,41113,12600,0,0213,0000,1000000000000000840330,1,일반,1,총괄표제부,1,신대장,,수원역 주유소,,,,1,,,,,,1844.7,591.94,32.09,803.18,803.18,43.54,19000,위험물저장및처리시설,"주유소, 근린생활시설",0,0,3,0,0,5,0,0,0,0,0,0,5,60.5,,,,,,,,,0,,0,0,,0,,0,20221229
경기도 수원시 권선구 세류동 216번지,41113,12600,0,0216,0000,1084180961,1,일반,1,총괄표제부,1,신대장,,,,,,0,,,0,,,0,237.67,0,237.67,237.67,0,01000,단독주택,단독주택,0,9,9,0,0,0,0,0,0,0,0,0,0,0,,,,,,,,,0,,0,0,,0,,0,20220909
경기도 수원시 권선구 세류동 222-5번지,41113,12600,0,0222,0005,1084181155,2,집합,1,총괄표제부,1,신대장,경기도 수원시 권선구 세류로40번길 16 (세류동),,,,,0,411134325330,12601,0,16,,0,558.72,0,2093.23,1628.06,0,02000,공동주택,공동주택,30,0,3,0,0,0,0,0,0,0,0,0,0,0,,,,,,,,,0,,0,0,,0,,0,20220909
경기도 수원시 권선구 세류동 222-31번지,41113,12600,0,0222,0031,1084180964,1,일반,1,총괄표제부,1,신대장,경기도 수원시 권선구 세류로38번길 13-5 (세류동),,,,,0,411134325329,12601,0,13,5,0,110.32,0,195.36,146.07,0,01000,단독주택,단독주택,0,2,2,0,0,0,0,0,0,0,0,0,0,0,,,,,,,,,0,,0,0,,0,,0,20220909
경기도 수원시 권선구 세류동 223-2번지,41113,12600,0,0223,0002,1084180856,1,일반,1,총괄표제부,0,구대장,경기도 수원시 권선구 세류로38번길 10 (세류동),세류1동 행정복지센터,,,,0,411134325329,12601,0,10,,2033,570.32,28.05,1313.26,1124.62,55.31,03000,제1종근린생활시설,제1종근린생활시설(지역자치센터),0,0,3,0,0,21,0,0,0,0,0,0,21,1136.43,,,,,,,,,0,,0,0,,0,,0,20260304
경기도 수원시 권선구 세류동 224번지,41113,12600,0,0224,0000,1084180965,1,일반,1,총괄표제부,1,신대장,,,,,,0,,,0,,,0,35.1,0,35.1,35.1,0,04000,제2종근린생활시설,제2종근린생활시설,0,2,3,0,0,0,0,0,0,0,0,0,0,0,,,,,,,,,0,,0,0,,0,,0,20220909
경기도 수원시 권선구 세류동 225번지,41113,12600,0,0225,0000,1084180966,1,일반,1,총괄표제부,1,신대장,,,,,,0,,,0,,,0,57.99,0,57.99,57.99,0,01000,단독주택,단독주택,0,2,2,0,0,0,0,0,0,0,0,0,0,0,,,,,,,,,0,,0,0,,0,,0,20220909
경기도 수원시 권선구 세류동 229번지,41113,12600,0,0229,0000,1084180972,1,일반,1,총괄표제부,1,신대장,,,,,,0,,,0,,,0,28.41,0,28.41,28.41,0,01000,단독주택,단독주택,0,2,2,0,0,0,0,0,0,0,0,0,0,0,,,,,,,,,0,,0,0,,0,,0,20220909
경기도 수원시 권선구 세류동 229-67번지,41113,12600,0,0229,0067,10841100439951,2,집합,1,총괄표제부,1,신대장,경기도 수원시 권선구 세류로 44-3 (세류동),트리플하우스,,,,6,411133175030,12601,0,44,3,761,394.4,51.83,1288.3,1288.3,169.29,02000,공동주택,도시형생활주택-단지형 다세대 2개동),16,0,2,0,0,16,0,0,0,0,0,0,16,0,20181126,20190329,20191021,2018,3760030,건축과,1101,1101,0,,0,0,,0,,0,20220909
경기도 수원시 권선구 세류동 230번지,41113,12600,0,0230,0000,1084180973,1,일반,1,총괄표제부,1,신대장,,,,,,0,,,0,,,0,213.45,0,213.45,213.45,0,01000,단독주택,단독주택,0,7,7,0,0,0,0,0,0,0,0,0,0,0,,,,,,,,,0,,0,0,,0,,0,20220909
경기도 수원시 권선구 세류동 230-41번지,41113,12600,0,0230,0041,1084180857,1,일반,1,총괄표제부,0,구대장,경기도 수원시 권선구 세류로 51-1 (세류동),,,,,0,411133175030,12601,0,51,1,235,203.4,86.55,332.36,332.36,141.43,01000,단독주택,"제2종근린생활시설, 소매점, 주택",0,3,3,0,0,0,0,0,0,0,0,0,0,0,,,,,,,,,0,,0,0,,0,,0,20220909
경기도 수원시 권선구 세류동 231-4번지,41113,12600,0,0231,0004,1084180977,1,일반,1,총괄표제부,1,신대장,경기도 수원시 권선구 세류로61번길 19-5 (세류동),,,,,0,411134325332,12601,0,19,5,0,107.46,0,199.8,199.8,0,01000,단독주택,단독주택,0,4,1,0,0,0,0,0,0,0,0,0,0,0,,,,,,,,,0,,0,0,,0,,0,20220909
경기도 수원시 권선구 세류동 244-64번지,41113,12600,0,0244,0064,1084180980,1,일반,1,총괄표제부,1,신대장,경기도 수원시 권선구 권선로498번길 5-23 (세류동),,,,,0,411134325098,12601,0,5,23,0,88.6,0,88.6,88.6,0,01000,단독주택,단독주택,0,2,2,0,0,0,0,0,0,0,0,0,0,0,,,,,,,,,0,,0,0,,0,,0,20220909
경기도 수원시 권선구 세류동 246번지,41113,12600,0,0246,0000,1084180982,1,일반,1,총괄표제부,1,신대장,,,,,,0,,,0,,,0,116.81,0,116.81,116.81,0,01000,단독주택,단독주택,0,7,7,0,0,0,0,0,0,0,0,0,0,0,,,,,,,,,0,,0,0,,0,,0,20220909
경기도 수원시 권선구 세류동 248-6번지,41113,12600,0,0248,0006,1084180984,1,일반,1,총괄표제부,1,신대장,경기도 수원시 권선구 세류로11번길 6-5 (세류동),,,,,3,411134325319,12601,0,6,5,0,95.34,0,95.34,95.34,0,01000,단독주택,단독주택,0,2,2,0,0,0,0,0,0,0,0,0,0,0,,,,,,,,,0,,0,0,,0,,0,20220909
경기도 수원시 권선구 세류동 254-4번지,41113,12600,0,0254,0004,1084180989,1,일반,1,총괄표제부,1,신대장,경기도 수원시 권선구 덕영대로997번길 41 (세류동),,,,,0,411134325190,12601,0,41,,0,82.02,0,155.44,138.14,0,03000,제1종근린생활시설,제1종근린생활시설,0,2,2,0,0,0,0,0,0,0,0,0,0,0,,,,,,,,,0,,0,0,,0,,0,20220909
경기도 수원시 권선구 세류동 254-6번지,41113,12600,0,0254,0006,10841100488792,2,집합,1,총괄표제부,1,신대장,경기도 수원시 권선구 덕영대로997번길 47 (세류동),예지행복빌,,,,0,411134325190,12601,0,47,,662.2,377.01,56.93,1284.81,1284.81,194.02,02000,공동주택,공동주택,18,0,2,0,0,18,0,0,0,0,18,223.7,0,0,20211216,20220110,20220719,2021,3760030,건축과,1101,1101,0,,0,0,,0,,0,20220909
경기도 수원시 권선구 세류동 264번지,41113,12600,0,0264,0000,1084180994,1,일반,1,총괄표제부,1,신대장,,,,,,0,,,0,,,0,52.36,0,52.36,52.36,0,01000,단독주택,단독주택,0,2,2,0,0,0,0,0,0,0,0,0,0,0,,,,,,,,,0,,0,0,,0,,0,20220909
경기도 수원시 권선구 세류동 279번지,41113,12600,0,0279,0000,1084180995,1,일반,1,총괄표제부,1,신대장,,,,,,0,,,0,,,0,78.48,0,78.48,78.48,0,01000,단독주택,단독주택,0,5,5,0,0,0,0,0,0,0,0,0,0,0,,,,,,,,,0,,0,0,,0,,0,20220909
경기도 수원시 권선구 세류동 285-2번지,41113,12600,0,0285,0002,1084180997,1,일반,1,총괄표제부,1,신대장,경기도 수원시 권선구 덕영대로 960 (세류동),,,,,0,411133012001,12601,0,960,,0,2473.79,0,3417.94,4429.86,0,08000,운수시설,운수시설,0,0,4,1,374.97,0,0,0,0,0,0,0,0,0,,,,,,,,,0,,0,0,,0,,0,20220909
경기도 수원시 권선구 세류동 325-7번지,41113,12600,0,0325,0007,10841100330179,2,집합,1,총괄표제부,1,신대장,,,,,,0,,,0,,,0,0,0,0,0,0,,,,0,0,0,0,0,0,0,0,0,0,0,0,0,0,,,,,,,,,0,,0,0,,0,,0,20220909
경기도 수원시 권선구 세류동 327번지,41113,12600,0,0327,0000,1084180999,1,일반,1,총괄표제부,1,신대장,,,,,,0,,,0,,,0,118.97,0,118.97,118.97,0,01000,단독주택,단독주택,0,3,3,0,0,0,0,0,0,0,0,0,0,0,,,,,,,,,0,,0,0,,0,,0,20220909
경기도 수원시 권선구 세류동 330번지,41113,12600,0,0330,0000,1084181002,1,일반,1,총괄표제부,1,신대장,,,,,,0,,,0,,,0,56.07,0,56.07,56.07,0,01000,단독주택,단독주택,0,2,2,0,0,0,0,0,0,0,0,0,0,0,,,,,,,,,0,,0,0,,0,,0,20220909
경기도 수원시 권선구 세류동 334번지,41113,12600,0,0334,0000,1084181003,1,일반,1,총괄표제부,1,신대장,,,,,,0,,,0,,,0,297.31,0,297.31,297.31,0,01000,단독주택,단독주택,0,9,9,0,0,0,0,0,0,0,0,0,0,0,,,,,,,,,0,,0,0,,0,,0,20220909
경기도 수원시 권선구 세류동 334-1번지,41113,12600,0,0334,0001,10841100432891,1,일반,1,총괄표제부,1,신대장,경기도 수원시 권선구 세류로 22 (세류동),,,,,0,411133175030,12601,0,22,,3621.2,1248.3,34.47,3771.5,3386.81,93.53,06000,종교시설,종교시설,0,0,2,0,0,28,0,0,0,0,0,0,28,332.5,,,,2016,3760030,건축과,1202,1202,0,,0,0,,0,,0,20220909
경기도 수원시 권선구 세류동 342번지,41113,12600,0,0342,0000,1084181156,2,집합,1,총괄표제부,1,신대장,경기도 수원시 권선구 수원천로 75 (세류동),,,,,0,411133175035,12601,0,75,,0,742.11,0,2182.29,2182.29,0,02000,공동주택,공동주택,54,1,4,0,0,0,0,0,0,0,0,0,0,0,,,,,,,,,0,,0,0,,0,,0,20220909
경기도 수원시 권선구 세류동 343-2번지,41113,12600,0,0343,0002,1084181157,2,집합,1,총괄표제부,1,신대장,경기도 수원시 권선구 권선로544번길 27 (세류동),,,,,0,411134325109,12601,0,27,,0,395.67,0,1187.01,1187.01,0,02000,공동주택,공동주택,24,0,3,0,0,0,0,0,0,0,0,0,0,0,,,,,,,,,0,,0,0,,0,,0,20220909
경기도 수원시 권선구 세류동 344-5번지,41113,12600,0,0344,0005,1084181158,2,집합,1,총괄표제부,1,신대장,경기도 수원시 권선구 권선로544번길 36 (세류동),,,,,0,411134325109,12601,0,36,,0,416.96,0,1233.88,1233.88,0,02000,공동주택,공동주택,24,0,2,0,0,0,0,0,0,0,0,0,0,0,,,,,,,,,0,,0,0,,0,,0,20220909
경기도 수원시 권선구 세류동 344-22번지,41113,12600,0,0344,0022,10841100352920,2,집합,1,총괄표제부,1,신대장,,21하우징,,,,3,,,0,,,659.6,394.57,59.8196,1319.58,1319.58,200.0576,02000,공동주택,공동주택(도시형생활주택 단지형다세대주택 25세대),25,0,2,0,0,24,0,0,0,0,0,0,24,277,20151027,20151231,20160913,2015,3760030,건축과,1101,1101,0,,0,0,,0,,0,20220909
경기도 수원시 권선구 세류동 346-9번지,41113,12600,0,0346,0009,1084181009,1,일반,1,총괄표제부,1,신대장,경기도 수원시 권선구 세권로43번길 37 (세류동),,,,,0,411134325312,12601,0,37,,0,200.54,0,364.64,335.39,0,03000,제1종근린생활시설,단독주택,0,2,2,0,0,0,0,0,0,0,0,0,0,0,,,,,,,,,0,,0,0,,0,,0,20220909
경기도 수원시 권선구 세류동 348번지,41113,12600,0,0348,0000,1084181010,1,일반,1,총괄표제부,1,신대장,,,,,,0,,,0,,,0,0,0,0,0,0,,,,0,0,0,0,0,0,0,0,0,0,0,0,0,0,,,,,,,,,0,,0,0,,0,,0,20220909
경기도 수원시 권선구 세류동 349번지,41113,12600,0,0349,0000,10841100323217,2,집합,1,총괄표제부,1,신대장,,숲예찬,,,,1,,,0,,,846.8,466.04,55.04,1366.26,1366.26,161.34,02000,공동주택,공동주택,24,0,2,0,0,23,0,0,0,0,16,187,7,72.4,20141222,20141229,20150605,2014,3760030,건축과,1101,1101,1,,0,0,,0,,0,20220909
경기도 수원시 권선구 세류동 349-7번지,41113,12600,0,0349,0007,10841100325010,2,집합,1,총괄표제부,1,신대장,,숲예찬,,,,0,,,0,,,746,435.68,58.4,1384.12,1384.12,185.54,02000,공동주택,공동주택,24,0,2,0,0,23,0,0,0,0,13,145.2,10,115.7,20150205,20150211,20150714,2015,3760030,건축과,1101,1101,2,,0,0,,0,,0,20220909
경기도 수원시 권선구 세류동 350-1번지,41113,12600,0,0350,0001,1084180874,2,집합,1,총괄표제부,0,구대장,경기도 수원시 권선구 수원천로 63 (세류동),무한홈타운,,,,0,411133175035,12601,0,63,,581.6,267.36,45.97,1025.26,1025.26,176.28,02000,공동주택,공동주택,16,0,2,0,0,10,0,0,0,0,4,117.88,6,69.5,,,,,,,,,0,,0,0,,0,,0,20220909
경기도 수원시 권선구 세류동 350-8번지,41113,12600,0,0350,0008,1084181057,1,일반,1,총괄표제부,1,신대장,경기도 수원시 권선구 수원천로 57 (세류동),,,,,0,411133175035,12601,0,57,,1078.5,634.37,58.81,869.27,869.27,80.59,03000,제1종근린생활시설,제1종근린생활시설외1,0,0,2,0,0,6,0,0,0,0,0,0,6,69,,,,,,,,,0,,0,0,,0,,0,20220909
경기도 수원시 권선구 세류동 350-11번지,41113,12600,0,0350,0011,1084180875,2,집합,1,총괄표제부,0,구대장,경기도 수원시 권선구 수원천로 61 (세류동),무한홈타운,,,,0,411133175035,12601,0,61,,575.6,267.36,46.45,1025.26,1025.26,178.12,02000,공동주택,공동주택,16,0,2,0,0,10,0,0,0,0,4,117.88,6,69,,,,,,,,,0,,0,0,,0,,0,20220909
경기도 수원시 권선구 세류동 356번지,41113,12600,0,0356,0000,10841100452211,1,일반,1,총괄표제부,1,신대장,경기도 수원시 권선구 세권로 39 (세류동),수원농업협동조합 세류종합시설,,,,0,411133175029,12601,0,39,0,2654.9,1476.97,55.63,1556.12,1556.12,58.61,07000,판매시설,(상점),0,0,3,0,0,28,0,0,0,0,0,0,28,343.4,20200303,20200506,20200827,2020,3760030,건축과,1102,1102,0,,0,0,,0,,0,20220909
경기도 수원시 권선구 세류동 360-3번지,41113,12600,0,0360,0003,1084181160,2,집합,1,총괄표제부,1,신대장,경기도 수원시 권선구 수원천로 37 (세류동),,,,,0,411133175035,12601,0,37,,0,529.1,0,1314.19,1058.2,0,02000,공동주택,공동주택,34,0,4,0,0,0,0,0,0,0,0,0,0,0,,,,,,,,,0,,0,0,,0,,0,20220909
경기도 수원시 권선구 세류동 363-1번지,41113,12600,0,0363,0001,10841100374429,1,일반,1,총괄표제부,1,신대장,,,,,,0,,,0,,,1964,392.4,19.98,392.4,392.4,19.98,20000,자동차관련시설,"자동차관련시설(정비공장,세차장)",0,0,2,0,0,3,0,0,0,0,0,0,12,138,20161124,20170327,20170704,2016,3760030,건축과,1101,1101,0,,0,0,,0,,0,20220909
경기도 수원시 권선구 세류동 364번지,41113,12600,0,0364,0000,10841100489294,1,일반,1,총괄표제부,1,신대장,경기도 수원시 권선구 세화로 30 (세류동),,,,,0,411133175032,12601,0,30,,1928,366,18.98,366,366,18.98,20000,자동차관련시설,자동차관련시설,0,0,2,0,0,6,0,0,0,0,0,0,6,75,20211208,20220301,20220728,2021,3760030,건축과,1101,1101,0,,0,0,,0,,0,20220909
경기도 수원시 권선구 세류동 364-5번지,41113,12600,0,0364,0005,10841100489291,1,일반,1,총괄표제부,1,신대장,경기도 수원시 권선구 세화로 32 (세류동),,,,,0,411133175032,12601,0,32,0,1653,325,19.66,325,325,19.66,20000,자동차관련시설,자동차관련시설,0,0,2,0,0,2,0,0,0,0,0,0,2,25,20211105,20220301,20220728,2021,3760030,건축과,1101,1101,0,,0,0,,0,,0,20220909
경기도 수원시 권선구 세류동 365-4번지,41113,12600,0,0365,0004,10841100454731,1,일반,1,총괄표제부,1,신대장,,,,,,0,,,,,,2482,493.46,19.8815,678.78,678.78,27.3481,20000,자동차관련시설,정비공장,0,0,2,0,0,3,0,0,0,0,0,0,3,0,20200304,20200406,20201029,2020,3760030,건축과,1101,1101,0,,0,0,,0,,0,20241107
경기도 수원시 권선구 세류동 419-7번지,41113,12600,0,0419,0007,10841100262971,2,집합,1,총괄표제부,1,신대장,,삼성아트빌,,,,0,,,0,,,525,296.7,56.51,990.74,990.74,188.71,02000,공동주택,도시형생활주택 단지형다세대,14,0,2,0,0,14,0,0,0,0,0,0,14,161.7,20110920,20120220,20121031,2011,3760030,건축과,1101,1101,0,,0,0,,0,,0,20220909
경기도 수원시 권선구 세류동 419-9번지,41113,12600,0,0419,0009,10841100284577,2,집합,1,총괄표제부,1,신대장,,삼성아트빌2차,,,,1,,,0,,,0,313.64,0,1047.6,1047.6,0,02000,공동주택,도시형생활주택 단지형,16,0,2,0,0,16,0,0,0,0,0,0,0,0,20111125,20130320,20130911,2011,3760030,건축과,1101,1101,0,,0,0,,0,,0,20220909
경기도 수원시 권선구 세류동 419-13번지,41113,12600,0,0419,0013,1084181013,1,일반,1,총괄표제부,1,신대장,경기도 수원시 권선구 새터로32번길 11 (세류동),,,,,0,411134325244,12601,0,11,0,0,53.27,0,52.91,53.27,0,01000,단독주택,단독주택,0,2,2,0,0,0,0,0,0,0,0,0,0,0,,,,,,,,,0,,0,0,,0,,0,20220909
경기도 수원시 권선구 세류동 422-8번지,41113,12600,0,0422,0008,1084181014,1,일반,1,총괄표제부,1,신대장,경기도 수원시 권선구 새터로 28 (세류동),,,,,0,411133175023,12601,0,28,,0,0,0,0,0,0,,,,0,0,0,0,0,0,0,0,0,0,0,0,0,0,,,,,,,,,0,,0,0,,0,,0,20220909
경기도 수원시 권선구 세류동 427-2번지,41113,12600,0,0427,0002,1084181016,1,일반,1,총괄표제부,1,신대장,경기도 수원시 권선구 새터로22번길 8 (세류동),,,,,0,411134325240,12601,0,8,0,0,72.82,0,72.82,72.82,0,01000,단독주택,단독주택,0,2,2,0,0,0,0,0,0,0,0,0,0,0,,,,,,,,,0,,0,0,,0,,0,20220909
경기도 수원시 권선구 세류동 433번지,41113,12600,0,0433,0000,1084181018,1,일반,1,총괄표제부,1,신대장,,,,,,0,,,0,,,0,92.68,0,92.68,92.68,0,01000,단독주택,단독주택,0,3,3,0,0,0,0,0,0,0,0,0,0,0,,,,,,,,,0,,0,0,,0,,0,20220909
경기도 수원시 권선구 세류동 449-10번지,41113,12600,0,0449,0010,10841100473853,2,집합,1,총괄표제부,1,신대장,,미호세느빌,,,,0,,,0,,,768.9,366.12,47.62,1830.83,1319.77,171.64,02000,공동주택,공동주택,30,0,2,0,0,30,0,0,0,0,30,0,0,0,,,,2018,3760030,건축과,1101,1101,0,,0,0,,0,,0,20220909
경기도 수원시 권선구 세류동 456-8번지,41113,12600,0,0456,0008,1084181161,2,집합,1,총괄표제부,1,신대장,경기도 수원시 권선구 수원천로 2 (세류동),,,,,0,411133175035,12601,0,2,,0,394.52,0,2235.2,1972.6,0,02000,공동주택,공동주택,40,0,2,0,0,0,0,0,0,0,0,0,0,0,,,,,,,,,0,,0,0,,0,,0,20220909
경기도 수원시 권선구 세류동 458-1번지,41113,12600,0,0458,0001,1084181026,1,일반,1,총괄표제부,1,신대장,경기도 수원시 권선구 세권로62번길 71 (세류동),,,,,0,411134325314,12601,0,71,,0,366.02,0,464.07,464.07,0,18000,창고시설,공장,0,0,2,0,0,0,0,0,0,0,0,0,0,0,,,,,,,,,0,,0,0,,0,,0,20220909
경기도 수원시 권선구 세류동 459-5번지,41113,12600,0,0459,0005,1084181028,1,일반,1,총괄표제부,1,신대장,경기도 수원시 권선구 정조로 521-1 (세류동),,,,,0,411133012006,12601,0,521,1,0,135.47,0,423.75,360.48,0,04000,제2종근린생활시설,제2종근린생활시설,0,2,2,0,0,0,0,0,0,0,0,0,0,0,,,,,,,,,0,,0,0,,0,,0,20220909
경기도 수원시 권선구 세류동 459-8번지,41113,12600,0,0459,0008,10841100226684,1,일반,1,총괄표제부,1,신대장,,세류동459-10근생주택,,,,1,,,0,,,545.3,326.86,59.94,679.72,679.72,124.65,04000,제2종근린생활시설,,0,4,2,0,0,5,0,0,0,0,0,0,5,57.5,,,,,,,,,0,,0,0,,0,,0,20220909
경기도 수원시 권선구 세류동 459-15번지,41113,12600,0,0459,0015,1084181030,1,일반,1,총괄표제부,1,신대장,경기도 수원시 권선구 정조로513번길 6 (세류동),,,,,0,411134325430,12601,0,6,,0,241.92,0,241.92,241.92,0,03000,제1종근린생활시설,제1종근린생활시설,0,1,2,0,0,0,0,0,0,0,0,0,0,0,,,,,,,,,0,,0,0,,0,,0,20220909
경기도 수원시 권선구 세류동 460-1번지,41113,12600,0,0460,0001,10841100286173,2,집합,1,총괄표제부,1,신대장,,해피하우스,,,,0,,,0,,,1062.2,581.4,54.74,2368.78,2368.78,223.01,02000,공동주택,다세대주택/근린생활시설,24,0,3,0,0,27,0,0,0,0,25,288.9,2,23,20110901,20111031,20120530,,,,,,0,,0,0,,0,,0,20220909
경기도 수원시 권선구 세류동 460-4번지,41113,12600,0,0460,0004,1084180859,1,일반,1,총괄표제부,0,구대장,경기도 수원시 권선구 정조로535번길 5 (세류동),,,,,0,411134325434,12601,0,5,,373.3,447.7,119.93,550.18,220.92,59.18,04000,제2종근린생활시설,근린생활시설,0,0,3,1,0.99,0,0,0,0,0,0,0,0,0,,,,,,,,,0,,0,0,,0,,0,20220909
경기도 수원시 권선구 세류동 460-10번지,41113,12600,0,0460,0010,1000000000000002073590,2,집합,1,총괄표제부,1,신대장,경기도 수원시 권선구 정조로 527 (세류동),해람,,,,1,411133012006,12601,0,527,0,919.1,551.3,59.98,2101.77,2101.77,228.68,02000,공동주택,근린생활시설 및 다세대주택(단지형다세대),34,0,2,1,1479.4,40,0,0,0,0,40,1293.9,0,0,20210210,20210322,20230711,2021,3740282,건축과,1101,1101,5,,0,0,,0,,0,20240220
경기도 수원시 권선구 세류동 465-15번지,41113,12600,0,0465,0015,10841100452951,2,집합,1,총괄표제부,1,신대장,경기도 수원시 권선구 정조로535번길 8 (세류동),,,,,0,411134325434,12601,0,8,,701.4,401.76,57.28,1319.89,1319.89,188.18,02000,공동주택,공동주택(도시형생활주택 단지형다세대-22세대),22,0,2,0,0,22,0,0,0,0,0,0,22,268.4,20191223,20200121,20200922,2019,3760030,건축과,1101,1101,0,,0,0,,0,,0,20220909
경기도 수원시 권선구 세류동 467-15번지,41113,12600,0,0467,0015,1084180884,1,일반,1,총괄표제부,1,신대장,경기도 수원시 권선구 정조로 551 (세류동),,,,,0,411133012006,12601,0,551,,1118.1,595.15,53.23,1579.63,1524.82,136.38,03000,제1종근린생활시설,단독주택외2,0,1,2,0,0,9,0,0,0,0,0,0,9,111.5,,,,,,,,,0,,0,0,,0,,0,20220909
경기도 수원시 권선구 세류동 467-20번지,41113,12600,0,0467,0020,1084180795,1,일반,1,총괄표제부,1,신대장,경기도 수원시 권선구 정조로 553 (세류동),,,,,0,411133012006,12601,0,553,,577.1,321.49,55.71,317.65,317.65,55.04,03000,제1종근린생활시설,제1종근린생활시설외1,0,0,2,0,0,1,0,0,0,0,0,0,1,11.5,,,,,,,,,0,,0,0,,0,,0,20220909
경기도 수원시 권선구 세류동 475-2번지,41113,12600,0,0475,0002,1084180860,1,일반,1,총괄표제부,0,구대장,경기도 수원시 권선구 세권로61번길 13 (세류동),,,,,0,411134325313,12601,0,13,,1205.9,511.82,42.44,511.82,511.82,42.44,03000,제1종근린생활시설,근린생활시설,0,0,2,2,133.04,5,0,0,0,0,0,0,5,58,,,,,,,,,0,,0,0,,0,,0,20220909
경기도 수원시 권선구 세류동 476번지,41113,12600,0,0476,0000,1084181162,2,집합,1,총괄표제부,1,신대장,경기도 수원시 권선구 정조로565번길 9 (세류동),,,,,0,411134325438,12601,0,9,,0,680.66,0,1471.39,1361.32,0,02000,공동주택,공동주택,30,0,3,0,0,0,0,0,0,0,0,0,0,0,,,,,,,,,0,,0,0,,0,,0,20220909
경기도 수원시 권선구 세류동 476-11번지,41113,12600,0,0476,0011,1084180906,1,일반,1,총괄표제부,1,신대장,경기도 수원시 권선구 정조로 557 (세류동),,,,,0,411133012006,12601,0,557,,2441.3,834.11,34.17,2431.38,2106.86,86.3,04000,제2종근린생활시설,업무시설외1,0,0,2,0,0,20,0,0,0,0,0,0,20,230,,,,,,,,,0,,0,0,,0,,0,20220909
경기도 수원시 권선구 세류동 477-5번지,41113,12600,0,0477,0005,10841100447911,1,일반,1,총괄표제부,1,신대장,경기도 수원시 권선구 정조로 571 (세류동),,,,,0,411133012006,12601,0,571,,604.9,337.78,55.84,927.56,814.24,134.61,04000,제2종근린생활시설,"제1,2종근린생활시설",0,1,4,0,0,0,0,0,0,0,0,0,0,0,,,,,,,,,12,,0,0,,0,,0,20220909
경기도 수원시 권선구 세류동 483번지,41113,12600,0,0483,0000,1084180819,1,일반,1,총괄표제부,1,신대장,경기도 수원시 권선구 권선로564번길 36 (세류동),,,,,0,411134325111,12601,0,36,0,3655.5,2012.09,55.04,7160.53,5177.36,141.63,11000,노유자시설,교육연구및복지시설외1,0,0,2,0,0,31,0,0,0,0,24,300.5,7,85.5,,,,,,,,,0,,0,0,,0,,0,20220909
경기도 수원시 권선구 세류동 484-13번지,41113,12600,0,0484,0013,1084181163,2,집합,1,총괄표제부,1,신대장,경기도 수원시 권선구 수원천로 72 (세류동),,,,,0,411133175035,12601,0,72,,0,234.69,0,1118.19,937.32,0,02000,공동주택,공동주택,19,0,2,0,0,0,0,0,0,0,0,0,0,0,,,,,,,,,0,,0,0,,0,,0,20220909
경기도 수원시 권선구 세류동 485-1번지,41113,12600,0,0485,0001,1084181164,2,집합,1,총괄표제부,1,신대장,경기도 수원시 권선구 권선로564번길 10 (세류동),,,,,0,411134325111,12601,0,10,,0,525.56,0,1576.68,1576.68,0,02000,공동주택,공동주택,36,0,2,0,0,0,0,0,0,0,0,0,0,0,,,,,,,,,0,,0,0,,0,,0,20220909
경기도 수원시 권선구 세류동 517-5번지,41113,12600,0,0517,0005,10841100227443,1,일반,1,총괄표제부,1,신대장,경기도 수원시 권선구 정조로566번길 37-8 (세류동),,,,,0,411134325439,12601,0,37,8,201.5,109.63,54.41,109.63,109.63,54.41,01000,단독주택,,0,1,2,0,0,0,0,0,0,0,0,0,0,0,20101220,20101222,20110418,2010,3760030,건축과,1202,1202,0,,0,0,,0,,0,20220909
경기도 수원시 권선구 세류동 527번지,41113,12600,0,0527,0000,1084180862,1,일반,1,총괄표제부,1,신대장,경기도 수원시 권선구 정조로544번길 13-7 (세류동),신곡초등학교,,,,2,411134325437,12601,0,13,7,17399.2,3802.31,21.85,10383.94,10291.69,59.15,10000,교육연구시설,교육연구시설,0,0,6,4,201.49,0,0,0,0,0,0,0,0,0,,,,,,,,,0,,0,0,,0,,0,20240703
경기도 수원시 권선구 세류동 529-1번지,41113,12600,0,0529,0001,1084181036,1,일반,1,총괄표제부,1,신대장,경기도 수원시 권선구 정조로544번길 13-11 (세류동),,,,,0,411134325437,12601,0,13,11,0,79.07,0,79.07,79.07,0,01000,단독주택,단독주택,0,2,2,0,0,0,0,0,0,0,0,0,0,0,,,,,,,,,0,,0,0,,0,,0,20220909
경기도 수원시 권선구 세류동 531번지,41113,12600,0,0531,0000,1084181165,2,집합,1,총괄표제부,1,신대장,경기도 수원시 권선구 정조로536번길 7 (세류동),,,,,0,411134325435,12601,0,7,,0,1710,0,6328.8,5929.2,0,02000,공동주택,공동주택,80,0,3,0,0,0,0,0,0,0,0,0,0,0,,,,,,,,,0,,0,0,,0,,0,20220909
경기도 수원시 권선구 세류동 532번지,41113,12600,0,0532,0000,1084181166,2,집합,1,총괄표제부,1,신대장,경기도 수원시 권선구 정조로544번길 34 (세류동),,,,,0,411134325437,12601,0,34,,0,1702.08,0,5106.24,5106.24,0,02000,공동주택,공동주택,60,0,2,0,0,0,0,0,0,0,0,0,0,0,,,,,,,,,0,,0,0,,0,,0,20220909
경기도 수원시 권선구 세류동 534-1번지,41113,12600,0,0534,0001,1084181037,1,일반,1,총괄표제부,1,신대장,경기도 수원시 권선구 정조로544번길 37 (세류동),,,,,0,411134325437,12601,0,37,,0,179.56,0,421.6,390.16,0,01000,단독주택,단독주택,0,3,2,0,0,0,0,0,0,0,0,0,0,0,,,,,,,,,0,,0,0,,0,,0,20220909
경기도 수원시 권선구 세류동 537-7번지,41113,12600,0,0537,0007,1084181038,1,일반,1,총괄표제부,1,신대장,경기도 수원시 권선구 정조로526번길 8 (세류동),,,,,0,411134325433,12601,0,8,0,0,126.02,0,214.24,189.74,0,01000,단독주택,제1종근린생활시설,0,1,2,0,0,0,0,0,0,0,0,0,0,0,,,,,,,,,0,,0,0,,0,,0,20220909
경기도 수원시 권선구 세류동 537-17번지,41113,12600,0,0537,0017,1084181039,1,일반,1,총괄표제부,1,신대장,경기도 수원시 권선구 정조로514번길 7 (세류동),,,,,0,411134325431,12601,0,7,0,0,276.3,0,418.89,354.72,0,01000,단독주택,제1종근린생활시설,0,2,2,0,0,0,0,0,0,0,0,0,0,0,,,,,,,,,0,,0,0,,0,,0,20220909
경기도 수원시 권선구 세류동 544-17번지,41113,12600,0,0544,0017,1084180801,1,일반,1,총괄표제부,1,신대장,경기도 수원시 권선구 정조로 507 (세류동),,,,,0,411133012006,12601,0,507,,528,227.82,43.15,227.82,227.82,43.15,04000,제2종근린생활시설,제1종근린생활시설외1,0,0,2,0,0,1,0,0,0,0,0,0,1,11.5,,,,,,,,,0,,0,0,,0,,0,20220909
경기도 수원시 권선구 세류동 544-54번지,41113,12600,0,0544,0054,10841100353880,2,집합,1,총괄표제부,1,신대장,,Lee Do Park View,,,,0,,,0,,,836,407.07,48.69,2811.67,2724.38,325.88,14000,업무시설,"업무시설(오피스텔),공동주택(도시형생활주택-단지형다세대주택)",16,0,2,0,0,32,11,63.63,0,0,21,234.6,0,0,20150408,20150424,20161006,2015,3740282,건축과,1101,1101,16,,0,0,,0,,0,20220909
경기도 수원시 권선구 세류동 545-2번지,41113,12600,0,0545,0002,10841100285322,2,집합,1,총괄표제부,1,신대장,,,,,,0,,,0,,,645,378.63,58.7,1303.37,1303.37,202.07,02000,공동주택,"공동주택(다세대주택),도시형생활주택(원룸형)",24,0,2,0,0,19,0,0,0,0,0,0,19,219.2,20120419,20120510,20130927,2012,3740194,주택건축과,1101,1101,0,,0,0,,0,,0,20220909
경기도 수원시 권선구 세류동 545-3번지,41113,12600,0,0545,0003,1084181167,2,집합,1,총괄표제부,1,신대장,경기도 수원시 권선구 정조로495번길 10 (세류동),,,,,0,411134325429,12601,0,10,,0,216.24,0,1036.38,864.96,0,02000,공동주택,공동주택,19,0,2,0,0,0,0,0,0,0,0,0,0,0,,,,,,,,,0,,0,0,,0,,0,20220909
경기도 수원시 권선구 세류동 563-4번지,41113,12600,0,0563,0004,1084181168,2,집합,1,총괄표제부,1,신대장,경기도 수원시 권선구 정조로485번길 18-5 (세류동),,,,,0,411134325426,12601,0,18,5,0,1275.18,0,2819.88,2559.81,0,02000,공동주택,공동주택,48,0,4,0,0,0,0,0,0,0,0,0,0,0,,,,,,,,,0,,0,0,,0,,0,20220909
경기도 수원시 권선구 세류동 572-1번지,41113,12600,0,0572,0001,1084181169,2,집합,1,총괄표제부,1,신대장,경기도 수원시 권선구 정조로475번길 16 (세류동),,,,,0,411134325423,12601,0,16,,0,805.56,0,2664.9,2416.68,0,02000,공동주택,공동주택,42,0,2,0,0,0,0,0,0,0,0,0,0,0,,,,,,,,,0,,0,0,,0,,0,20220909
경기도 수원시 권선구 세류동 579-1번지,41113,12600,0,0579,0001,10841100302747,2,집합,1,총괄표제부,1,신대장,,현대빌라,,,,1,,,0,,,685,386.25,56.39,1313.93,1313.93,191.81,02000,공동주택,공동주택(도시형생활주택 단지형다세대주택),20,0,2,0,0,20,0,0,0,0,11,127.2,9,103.5,20130416,20130426,20140527,2013,3760030,건축과,1101,1101,0,,0,0,,0,,0,20220909
경기도 수원시 권선구 세류동 579-8번지,41113,12600,0,0579,0008,10841100312968,2,집합,1,총괄표제부,1,신대장,,현대빌라,,,,0,,,0,,,849,420.06,49.48,1317.2,1317.2,155.15,02000,공동주택,공동주택(도시형생활주택 단지형다세대),24,0,2,0,0,24,0,0,0,0,7,85.5,17,186.9,20140225,20140317,20141113,2014,3760030,건축과,1101,1101,0,,0,0,,0,,0,20220909
경기도 수원시 권선구 세류동 579-42번지,41113,12600,0,0579,0042,10841100311970,2,집합,1,총괄표제부,1,신대장,,현대빌라,,,,3,,,0,,,840,420.2,50.02,1317.07,1317.07,156.79,02000,공동주택,도시형생활주택단지형다세대,24,0,2,0,0,23,0,0,0,0,13,150.2,10,110.7,20140509,20140513,20141011,2014,3760030,건축과,1101,1101,0,,0,0,,0,,0,20220909
경기도 수원시 권선구 세류동 579-46번지,41113,12600,0,0579,0046,10841100284596,2,집합,1,총괄표제부,1,신대장,,현대빌라,,,,1,,,0,,,702,399.41,56.9,1317.7,1317.7,187.71,02000,공동주택,도시형생활주택 단지형다세대주택,20,0,2,0,0,20,0,0,0,0,10,120,10,110.7,20130416,20130418,20130911,2013,3760030,건축과,1101,1101,0,,0,0,,0,,0,20220909
경기도 수원시 권선구 세류동 584-15번지,41113,12600,0,0584,0015,10841100280825,2,집합,1,총괄표제부,1,신대장,,,,,,0,,,0,,,583,346.9,59.5,1165.63,1165.63,199.94,,,,0,0,0,0,0,0,0,0,0,0,11,131.5,5,57.5,20130128,20130130,20130530,,,,,,0,,0,0,,0,,0,20220909
경기도 수원시 권선구 세류동 585-1번지,41113,12600,0,0585,0001,10841100339460,2,집합,1,총괄표제부,1,신대장,,엘림피렌체,,,,0,,,0,,,715,403,56.36,1346.09,1346.09,188.26,02000,공동주택,"다세대주택(도시형생활주택 단지형다세대), 제2종근린생활시설(사무소)",22,0,2,0,0,21,0,0,0,0,10,110.7,11,127.2,20150703,20150727,20160107,2015,3760030,건축과,1101,1101,0,,0,0,,0,,0,20220909
경기도 수원시 권선구 세류동 585-11번지,41113,12600,0,0585,0011,10841100339520,2,집합,1,총괄표제부,1,신대장,,엘림피렌체,,,,0,,,0,,,827,415.93,50.29,1312.3,1312.3,158.68,02000,공동주택,다세대주택(도시형생활주택 단지형다세대),22,0,2,0,0,21,0,0,0,0,15,168.9,6,69,20150806,20150810,20160108,2015,3760030,건축과,1101,1101,0,,0,0,,0,,0,20220909
경기도 수원시 권선구 세류동 588-4번지,41113,12600,0,0588,0004,1084181044,1,일반,1,총괄표제부,1,신대장,경기도 수원시 권선구 정조로443번길 18-3 (세류동),,,,,0,411134325419,12601,0,18,3,0,77.59,0,77.59,77.59,0,01000,단독주택,단독주택,0,2,2,0,0,0,0,0,0,0,0,0,0,0,,,,,,,,,0,,0,0,,0,,0,20220909
경기도 수원시 권선구 세류동 593-2번지,41113,12600,0,0593,0002,1000000000000004318832,1,일반,1,총괄표제부,1,신대장,,,,,,0,,,,,,4357,317.32,7.28,309.11,309.11,7.09,33000,"국방,군사시설","국방,군사시설",0,0,2,0,0,0,0,0,0,0,0,0,0,0,,,,,,,,,0,,0,0,,0,,0,20240909
경기도 수원시 권선구 세류동 635-11번지,41113,12600,0,0635,0011,1084180696,1,일반,1,총괄표제부,1,신대장,경기도 수원시 권선구 새터로47번길 74 (세류동),"가동,나동",,,,0,411134325246,12601,0,74,,2818,557.7,19.79,868,868,30.8,20000,자동차관련시설,자동차관련시설,0,0,2,0,0,4,0,0,0,0,0,0,4,46,,,,,,,,,0,,0,0,,0,,0,20220909
경기도 수원시 권선구 세류동 641-6번지,41113,12600,0,0641,0006,10841100176785,1,일반,1,총괄표제부,1,신대장,경기도 수원시 권선구 새터로47번길 92 (세류동),,,,,1,411134325246,12601,0,92,,1108,637.25,57.51,637.25,637.25,57.51,04000,제2종근린생활시설,제2종근린생활시설외1,0,0,2,0,0,5,0,0,0,0,0,0,5,57.5,20071108,20071127,20080506,2007,3760030,건축과,1101,1101,0,,0,0,,0,,0,20220909
경기도 수원시 권선구 세류동 644-2번지,41113,12600,0,0644,0002,10841100275507,2,집합,1,총괄표제부,1,신대장,,,,,,0,,,0,,,540,311.99,57.78,1074.01,0,198.89,,,,0,0,2,0,0,0,0,0,0,0,10,115,4,51,20120727,20120911,20130409,,,,,,0,,0,0,,0,,0,20220909
경기도 수원시 권선구 세류동 650번지,41113,12600,0,0650,0000,1084181074,1,일반,1,총괄표제부,1,신대장,경기도 수원시 권선구 새터로37번길 40 (세류동),,,,,0,411134325245,12601,0,40,,0,268.91,0,551.06,478.79,0,03000,제1종근린생활시설,제1종근린생활시설,0,5,3,0,0,0,0,0,0,0,0,0,0,0,,,,,,,,,0,,0,0,,0,,0,20220909
경기도 수원시 권선구 세류동 651번지,41113,12600,0,0651,0000,1084181075,1,일반,1,총괄표제부,1,신대장,,,,,,0,,,0,,,0,92.88,0,92.88,92.88,0,01000,단독주택,단독주택,0,3,3,0,0,0,0,0,0,0,0,0,0,0,,,,,,,,,0,,0,0,,0,,0,20220909
경기도 수원시 권선구 세류동 653번지,41113,12600,0,0653,0000,1084181078,1,일반,1,총괄표제부,1,신대장,,,,,,0,,,0,,,0,95.82,0,95.82,95.82,0,01000,단독주택,단독주택,0,0,3,0,0,0,0,0,0,0,0,0,0,0,,,,,,,,,0,,0,0,,0,,0,20220909
경기도 수원시 권선구 세류동 653-5번지,41113,12600,0,0653,0005,10841100283358,1,일반,1,총괄표제부,1,신대장,경기도 수원시 권선구 새터로37번길 55 (세류동),,,,,0,411134325245,12601,0,55,,377,153.12,40.62,352.55,246.23,65.31,,,,0,0,2,0,0,0,0,0,0,0,0,0,0,0,,,,,,,,,0,,0,0,,0,,0,20220909
경기도 수원시 권선구 세류동 655번지,41113,12600,0,0655,0000,1084181080,1,일반,1,총괄표제부,1,신대장,,,,,,0,,,0,,,0,46.13,0,46.13,46.13,0,01000,단독주택,단독주택,0,2,2,0,0,0,0,0,0,0,0,0,0,0,,,,,,,,,0,,0,0,,0,,0,20220909
경기도 수원시 권선구 세류동 657번지,41113,12600,0,0657,0000,10841100323017,2,집합,1,총괄표제부,1,신대장,,,,,,0,,,0,,,590,329.7269,55.88,1143.4004,1143.4004,193.79,02000,공동주택,공동주택,18,0,2,0,0,17,0,0,0,0,0,0,17,186.9,20141007,20141018,20150602,2014,3760030,건축과,1101,1101,0,,0,0,,0,,0,20220909
경기도 수원시 권선구 세류동 661번지,41113,12600,0,0661,0000,1084181083,1,일반,1,총괄표제부,1,신대장,,,,,,0,,,0,,,0,64.5,0,64.5,64.5,0,01000,단독주택,단독주택,0,2,2,0,0,0,0,0,0,0,0,0,0,0,,,,,,,,,0,,0,0,,0,,0,20220909
경기도 수원시 권선구 세류동 665번지,41113,12600,0,0665,0000,1084181084,1,일반,1,총괄표제부,1,신대장,,,,,,0,,,0,,,0,94.15,0,94.15,94.15,0,01000,단독주택,단독주택,0,2,2,0,0,0,0,0,0,0,0,0,0,0,,,,,,,,,0,,0,0,,0,,0,20220909
경기도 수원시 권선구 세류동 665-6번지,41113,12600,0,0665,0006,1084181085,1,일반,1,총괄표제부,1,신대장,,,,,,0,,,0,,,0,0,0,0,0,0,,,,0,0,0,0,0,0,0,0,0,0,0,0,0,0,,,,,,,,,0,,0,0,,0,,0,20220909
경기도 수원시 권선구 세류동 672번지,41113,12600,0,0672,0000,1084181086,1,일반,1,총괄표제부,1,신대장,,,,,,0,,,0,,,0,57.65,0,57.65,57.65,0,01000,단독주택,단독주택,0,2,2,0,0,0,0,0,0,0,0,0,0,0,,,,,,,,,0,,0,0,,0,,0,20220909
경기도 수원시 권선구 세류동 673번지,41113,12600,0,0673,0000,1084181087,1,일반,1,총괄표제부,1,신대장,,,,,,0,,,0,,,0,84.23,0,84.23,84.23,0,01000,단독주택,단독주택,0,2,2,0,0,0,0,0,0,0,0,0,0,0,,,,,,,,,0,,0,0,,0,,0,20220909
경기도 수원시 권선구 세류동 677-4번지,41113,12600,0,0677,0004,10841100344940,2,집합,1,총괄표제부,1,신대장,,성화아트빌,,,,0,,,0,,,656,373.43,56.92,1302.975,1302.975,198.62,02000,공동주택,공동주택(도시형생활주택 단지형 다세대),16,0,2,0,0,16,0,0,0,0,10,115.7,6,69,20151021,20151026,20160510,2015,3760030,건축과,1101,1101,0,,0,0,,0,,0,20220909
경기도 수원시 권선구 세류동 679-5번지,41113,12600,0,0679,0005,1084181095,1,일반,1,총괄표제부,1,신대장,경기도 수원시 권선구 새터로29번길 46 (세류동),,,,,0,411134325243,12601,0,46,0,0,151.14,0,241.14,241.14,0,01000,단독주택,단독주택,0,4,2,0,0,0,0,0,0,0,0,0,0,0,,,,,,,,,0,,0,0,,0,,0,20220909
경기도 수원시 권선구 세류동 680번지,41113,12600,0,0680,0000,1084181096,1,일반,1,총괄표제부,1,신대장,,,,,,0,,,0,,,0,89.77,0,89.77,89.77,0,01000,단독주택,단독주택,0,3,3,0,0,0,0,0,0,0,0,0,0,0,,,,,,,,,0,,0,0,,0,,0,20220909
경기도 수원시 권선구 세류동 680-8번지,41113,12600,0,0680,0008,10841100436153,2,집합,1,총괄표제부,1,신대장,경기도 수원시 권선구 새터로29번길 52-25 (세류동),,,,,0,411134325243,12601,0,52,25,701,389.18,55.52,1319.48,1319.48,188.23,02000,공동주택,공동주택,16,0,2,0,0,16,0,0,0,0,0,0,16,184.7,20181023,20190329,20190905,2018,3760030,건축과,1101,1101,0,,0,0,,0,,0,20220909
경기도 수원시 권선구 세류동 680-32번지,41113,12600,0,0680,0032,10841100481091,2,집합,1,총괄표제부,1,신대장,경기도 수원시 권선구 새터로47번길 25 (세류동),,,,,0,411134325246,12601,0,25,,615,358.54,58.3,1227.72,1227.72,199.63,02000,공동주택,공동주택,16,0,2,0,0,16,0,0,0,0,0,0,16,184.7,20181023,20211023,20220228,2018,3760030,건축과,1101,1101,0,,0,0,,0,,0,20220909
경기도 수원시 권선구 세류동 681-2번지,41113,12600,0,0681,0002,1084181097,1,일반,1,총괄표제부,1,신대장,경기도 수원시 권선구 새터로23번길 68-4 (세류동),,,,,0,411134325241,12601,0,68,4,0,133.66,0,133.66,133.66,0,01000,단독주택,단독주택,0,2,2,0,0,0,0,0,0,0,0,0,0,0,,,,,,,,,0,,0,0,,0,,0,20220909
경기도 수원시 권선구 세류동 684-1번지,41113,12600,0,0684,0001,1084181098,1,일반,1,총괄표제부,1,신대장,,,,,,0,,,0,0,0,0,73.23,0,73.23,73.23,0,01000,단독주택,단독주택,0,2,2,0,0,0,0,0,0,0,0,0,0,0,,,,,,,,,0,,0,0,,0,,0,20220909
경기도 수원시 권선구 세류동 817-73번지,41113,12600,0,0817,0073,1084181170,2,집합,1,총괄표제부,1,신대장,경기도 수원시 권선구 세지로 115-3 (세류동),,,,,0,411133175031,12601,0,115,3,0,187.68,0,750.72,563.04,0,02000,공동주택,공동주택,16,0,2,0,0,0,0,0,0,0,0,0,0,0,,,,,,,,,0,,0,0,,0,,0,20220909
경기도 수원시 권선구 세류동 840번지,41113,12600,0,0840,0000,1084180877,2,집합,1,총괄표제부,0,구대장,경기도 수원시 권선구 세지로 99 (세류동),삼익아파트,,,,0,411133175031,12601,0,99,,14582.6,5237.98,35.92,38000.62,34703.5,237.98,02000,공동주택,공동주택(아파트),344,0,7,4,4443.59,355,0,0,0,0,255,8747.16,100,1150,,,,,,,,,0,,0,0,,0,,0,20220909
경기도 수원시 권선구 세류동 846-1번지,41113,12600,0,0846,0001,1084180878,2,집합,1,총괄표제부,1,신대장,경기도 수원시 권선구 세지로 97 (세류동),현대아파트,,,,0,411133175031,12601,0,97,,0,4182.08,0,28632.82,27090.94,0,02000,공동주택,아파트,276,0,5,0,0,143,0,0,0,0,0,0,140,0,,,,,,,,,0,,0,0,,0,,0,20240707
경기도 수원시 권선구 세류동 851-7번지,41113,12600,0,0851,0007,1084181106,1,일반,1,총괄표제부,1,신대장,경기도 수원시 권선구 세권로107번길 37-17 (세류동),,,,,0,411134325289,12601,0,37,17,0,56.3,0,56.3,56.3,0,01000,단독주택,단독주택,0,2,2,0,0,0,0,0,0,0,0,0,0,0,,,,,,,,,0,,0,0,,0,,0,20220909
경기도 수원시 권선구 세류동 869번지,41113,12600,0,0869,0000,1084181107,1,일반,1,총괄표제부,1,신대장,,,,,,0,,,0,,,0,75.9,0,75.9,75.9,0,01000,단독주택,단독주택,0,2,2,0,0,0,0,0,0,0,0,0,0,0,,,,,,,,,0,,0,0,,0,,0,20220909
경기도 수원시 권선구 세류동 943번지,41113,12600,0,0943,0000,1084181110,1,일반,1,총괄표제부,1,신대장,,,,,,0,,,0,,,0,325.36,0,325.36,325.36,0,01000,단독주택,단독주택,0,7,7,0,0,0,0,0,0,0,0,0,0,0,,,,,,,,,0,,0,0,,0,,0,20220909
경기도 수원시 권선구 세류동 955번지,41113,12600,0,0955,0000,1084181112,1,일반,1,총괄표제부,1,신대장,,,,,,0,,,0,,,0,208.7,0,208.7,208.7,0,03000,제1종근린생활시설,단독주택,0,4,4,0,0,0,0,0,0,0,0,0,0,0,,,,,,,,,0,,0,0,,0,,0,20220909
경기도 수원시 권선구 세류동 966번지,41113,12600,0,0966,0000,1084181114,1,일반,1,총괄표제부,1,신대장,,,,,,0,,,0,,,0,289.26,0,289.26,289.26,0,01000,단독주택,단독주택,0,11,11,0,0,0,0,0,0,0,0,0,0,0,,,,,,,,,0,,0,0,,0,,0,20220909
경기도 수원시 권선구 세류동 967-5번지,41113,12600,0,0967,0005,1084181115,1,일반,1,총괄표제부,1,신대장,,,,,,0,,,0,,,0,83.3,0,83.3,83.3,0,01000,단독주택,단독주택,0,2,2,0,0,0,0,0,0,0,0,0,0,0,,,,,,,,,0,,0,0,,0,,0,20220909
경기도 수원시 권선구 세류동 978번지,41113,12600,0,0978,0000,1084181171,2,집합,1,총괄표제부,1,신대장,경기도 수원시 권선구 덕영대로1126번길 26-3 (세류동),,,,,0,411134325177,12601,0,26,3,0,1046.81,0,2595.96,2092.79,0,02000,공동주택,공동주택,50,0,3,0,0,0,0,0,0,0,0,0,0,0,,,,,,,,,0,,0,0,,0,,0,20220909
경기도 수원시 권선구 세류동 979-2번지,41113,12600,0,0979,0002,1084181172,2,집합,1,총괄표제부,1,신대장,경기도 수원시 권선구 정조로482번길 37 (세류동),,,,,0,411134325425,12601,0,37,,0,684.99,0,1714.97,1369.98,0,02000,공동주택,공동주택,34,0,4,0,0,0,0,0,0,0,0,0,0,0,,,,,,,,,0,,0,0,,0,,0,20220909
경기도 수원시 권선구 세류동 980-1번지,41113,12600,0,0980,0001,1000000000000004937768,1,일반,1,총괄표제부,1,신대장,경기도 수원시 권선구 덕영대로 1107 (세류동),세류2동 행정복지센터,,,,0,411133012001,12601,0,1107,,1527,505.73,33.12,1544.88,1249.55,81.83,14000,업무시설,"업무시설,근린생활시설",0,0,2,1,17.41,15,0,0,0,0,0,0,15,173.2,,,,,,,,,0,,0,0,,0,,0,20250109
경기도 수원시 권선구 세류동 981-1번지,41113,12600,0,0981,0001,1084181054,1,일반,1,총괄표제부,1,신대장,경기도 수원시 권선구 정조로 478 (세류동),,,,,0,411133012006,12601,0,478,0,0,42.71,0,42.71,42.71,0,01000,단독주택,단독주택,0,1,2,0,0,0,0,0,0,0,0,0,0,0,,,,,,,,,0,,0,0,,0,,0,20220909
경기도 수원시 권선구 세류동 987-7번지,41113,12600,0,0987,0007,1084181120,1,일반,1,총괄표제부,1,신대장,경기도 수원시 권선구 덕영대로1106번길 11-29 (세류동),,,,,0,411134325176,12601,0,11,29,0,141.16,0,307.84,213.34,0,01000,단독주택,단독주택,0,3,3,0,0,0,0,0,0,0,0,0,0,0,,,,,,,,,0,,0,0,,0,,0,20220909
경기도 수원시 권선구 세류동 994번지,41113,12600,0,0994,0000,1084181123,1,일반,1,총괄표제부,1,신대장,,,,,,0,,,0,,,0,146.03,0,146.03,146.03,0,01000,단독주택,단독주택,0,4,4,0,0,0,0,0,0,0,0,0,0,0,,,,,,,,,0,,0,0,,0,,0,20220909
경기도 수원시 권선구 세류동 994-4번지,41113,12600,0,0994,0004,1084181124,1,일반,1,총괄표제부,1,신대장,경기도 수원시 권선구 정조로 490-5 (세류동),,,,,0,411133012006,12601,0,490,5,0,11.44,0,11.44,11.44,0,01000,단독주택,단독주택,0,2,2,0,0,0,0,0,0,0,0,0,0,0,,,,,,,,,0,,0,0,,0,,0,20220909
경기도 수원시 권선구 세류동 1001번지,41113,12600,0,1001,0000,1084181125,1,일반,1,총괄표제부,1,신대장,,,,,,0,,,0,,,0,21.83,0,21.83,21.83,0,01000,단독주택,단독주택,0,2,2,0,0,0,0,0,0,0,0,0,0,0,,,,,,,,,0,,0,0,,0,,0,20220909
경기도 수원시 권선구 세류동 1004-1번지,41113,12600,0,1004,0001,1084181173,2,집합,1,총괄표제부,1,신대장,경기도 수원시 권선구 세권로108번길 91 (세류동),,,,,0,411134325290,12601,0,91,,0,986.29,0,2206.5,1972.58,0,02000,공동주택,공동주택,48,0,5,0,0,0,0,0,0,0,0,0,0,0,,,,,,,,,0,,0,0,,0,,0,20220909
경기도 수원시 권선구 세류동 1015-1번지,41113,12600,0,1015,0001,10841100488691,2,집합,1,총괄표제부,1,신대장,경기도 수원시 권선구 세권로94번길 39 (세류동),더스테이 세류,,,,0,411134325318,12601,0,39,,816,435.3,53.35,1319.06,1319.06,161.65,02000,공동주택,공동주택,24,0,2,0,0,24,0,0,0,0,13,387.26,11,126.9,20211022,20211122,20220715,2021,3760030,건축과,1101,1101,0,,0,0,,0,,0,20220909
경기도 수원시 권선구 세류동 1021-4번지,41113,12600,0,1021,0004,1084180879,2,집합,1,총괄표제부,0,구대장,경기도 수원시 권선구 정조로514번길 32 (세류동),한주아파트,,,,0,411134325431,12601,0,32,,7.625,1958.721,25.69,17767.786,19280.03,208.73,02000,공동주택,"아파트, 근린생활시설",180,0,3,7,3766.086,180,0,0,0,0,104,1196,76,874,,,,,,,,,0,,0,0,,0,,0,20220909
경기도 수원시 권선구 세류동 1025번지,41113,12600,0,1025,0000,1084181126,1,일반,1,총괄표제부,1,신대장,,,,,,0,,,0,,,0,105.81,0,105.81,105.81,0,01000,단독주택,단독주택,0,4,4,0,0,0,0,0,0,0,0,0,0,0,,,,,,,,,0,,0,0,,0,,0,20220909
경기도 수원시 권선구 세류동 1027번지,41113,12600,0,1027,0000,1084181127,1,일반,1,총괄표제부,1,신대장,,,,,,0,,,0,,,0,56.51,0,56.51,56.51,0,01000,단독주택,단독주택,0,2,2,0,0,0,0,0,0,0,0,0,0,0,,,,,,,,,0,,0,0,,0,,0,20220909
경기도 수원시 권선구 세류동 1030번지,41113,12600,0,1030,0000,1084181129,1,일반,1,총괄표제부,1,신대장,,,,,,0,,,0,,,0,574.57,0,574.57,574.57,0,17000,공장,공장,0,2,3,0,0,0,0,0,0,0,0,0,0,0,,,,,,,,,0,,0,0,,0,,0,20220909
경기도 수원시 권선구 세류동 1039번지,41113,12600,0,1039,0000,1084181131,1,일반,1,총괄표제부,1,신대장,,공군제10전투비행단,,,,0,,,,,,686671,19672.09,2.86,25980.43,25863.43,3.77,33000,"국방,군사시설",,0,0,82,2,70,0,0,0,0,0,0,0,0,0,,,,,,,,,0,,0,0,,0,,0,20260203
경기도 수원시 권선구 세류동 1079-2번지,41113,12600,0,1079,0002,1084180866,1,일반,1,총괄표제부,0,구대장,경기도 수원시 권선구 경수대로309번길 6-2 (세류동),,,,,0,411134325020,12601,0,6,2,430.3,47.75,11.1,47.75,47.75,11.1,04000,제2종근린생활시설,"자동차관련시설, 제2종근린생활시설",0,0,2,0,0,0,0,0,0,0,0,0,0,0,,,,,,,,,0,,0,0,,0,,0,20220909
경기도 수원시 권선구 세류동 1087-2번지,41113,12600,0,1087,0002,1084180911,2,집합,1,총괄표제부,0,구대장,경기도 수원시 권선구 세지로42번길 15-14 (세류동),중앙 하이츠빌라,,,,0,411134325348,12601,0,15,14,419.2,489.2,58.35,892.24,647.64,154.5,02000,공동주택,공동주택,16,0,2,0,0,0,0,0,0,0,0,0,0,0,,,,,,,,,0,,0,0,,0,,0,20220909
경기도 수원시 권선구 세류동 1087-8번지,41113,12600,0,1087,0008,1084181175,2,집합,1,총괄표제부,1,신대장,경기도 수원시 권선구 세지로42번길 15-10 (세류동),,,,,0,411134325348,12601,0,15,10,0,244.6,0,892.24,647.64,0,02000,공동주택,공동주택,16,0,2,0,0,0,0,0,0,0,0,0,0,0,,,,,,,,,0,,0,0,,0,,0,20220909
경기도 수원시 권선구 세류동 1087-13번지,41113,12600,0,1087,0013,1084180912,2,집합,1,총괄표제부,0,구대장,경기도 수원시 권선구 세지로42번길 15-6 (세류동),중앙하이츠빌라,,,,0,411134325348,12601,0,15,6,551.7,263.16,47.7,1230.91,984.59,178.46,02000,공동주택,공동주택,19,0,2,0,0,9,0,0,0,0,0,0,9,103.5,,,,,,,,,0,,0,0,,0,,0,20220909
경기도 수원시 권선구 세류동 1087-14번지,41113,12600,0,1087,0014,1084180913,2,집합,1,총괄표제부,0,구대장,경기도 수원시 권선구 세지로42번길 25-5 (세류동),중앙하이츠빌라,,,,0,411134325348,12601,0,25,5,551.4,261.59,47.44,1225.81,979.98,177.73,02000,공동주택,공동주택,19,0,2,0,0,9,0,0,0,0,0,0,9,103.5,,,,,,,,,0,,0,0,,0,,0,20220909
경기도 수원시 권선구 세류동 1094-9번지,41113,12600,0,1094,0009,1000000000000000823388,1,일반,1,총괄표제부,1,신대장,,,,,,0,,,,,,0,0,0,0,0,0,,,,0,0,2,0,0,0,0,0,0,0,0,0,0,0,20221207,,,2022,3760030,건축과,1207,1207,0,,0,0,,0,,0,20221216
경기도 수원시 권선구 세류동 1107-5번지,41113,12600,0,1107,0005,10841100228310,1,일반,1,총괄표제부,0,구대장,,,,,,0,,,0,,,255.3,133.61,52.33,274.15,248.35,97.28,01000,단독주택,단독주택,0,0,2,1,1,0,0,0,0,0,0,0,0,0,,,,,,,,,0,,0,0,,0,,0,20220909
경기도 수원시 권선구 세류동 1110-9번지,41113,12600,0,1110,0009,10841100449651,2,집합,1,총괄표제부,1,신대장,경기도 수원시 권선구 세지로12번길 17-15 (세류동),대명하이빌,,,,0,411134325341,12601,0,17,15,653.9,377.68,57.76,1318.91,1318.91,201.7,02000,공동주택,도시형생활주택(단지형다세대주택),16,0,2,0,0,16,0,0,0,0,0,0,16,203.5,20191230,20200115,20200603,2019,3760030,건축과,1101,1101,0,,0,0,,0,,0,20220909
경기도 수원시 권선구 세류동 1112-3번지,41113,12600,0,1112,0003,10841100441792,1,일반,1,총괄표제부,1,신대장,경기도 수원시 권선구 세지로4번길 7 (세류동),,,,,0,411134325349,12601,0,7,,452.3,270.75,59.86,792.77,639.6,141.41,01000,단독주택,단독주택(다가구주택),0,2,2,0,0,3,0,0,0,0,0,0,0,0,,,,,,,,,0,,0,0,,0,,0,20220909
경기도 수원시 권선구 세류동 1125-3번지,41113,12600,0,1125,0003,1084180701,1,일반,1,총괄표제부,1,신대장,경기도 수원시 권선구 덕영대로 1139 (세류동),세류주유소,,,,1,411133012001,12601,0,1139,,1093.5,533.45,48.78,634.2,616.65,56.39,19000,위험물저장및처리시설,위험물저장및처리시설,0,0,4,0,0,3,0,0,0,0,0,0,3,34.5,20030808,20031006,20031229,2003,3760002,생활민원과,1101,1101,0,,0,0,,0,,0,20251119
경기도 수원시 권선구 세류동 1126-25번지,41113,12600,0,1126,0025,10841100329779,2,집합,1,총괄표제부,1,신대장,,,,,,0,,,0,,,0,0,0,0,0,0,,,,0,0,0,0,0,0,0,0,0,0,0,0,0,0,,,,,,,,,0,,0,0,,0,,0,20220909
경기도 수원시 권선구 세류동 1131-17번지,41113,12600,0,1131,0017,1084181137,1,일반,1,총괄표제부,1,신대장,경기도 수원시 권선구 덕영대로1142번길 21-5 (세류동),,,,,0,411134325178,12601,0,21,5,0,76.04,0,117.69,117.69,0,01000,단독주택,단독주택,0,2,2,0,0,0,0,0,0,0,0,0,0,0,,,,,,,,,0,,0,0,,0,,0,20220909
경기도 수원시 권선구 세류동 1132-9번지,41113,12600,0,1132,0009,1084181176,2,집합,1,총괄표제부,1,신대장,경기도 수원시 권선구 경수대로235번길 62-14 (세류동),,,,,0,411134325013,12601,0,62,14,0,716,0,1730.08,1511.2,0,02000,공동주택,공동주택,24,0,2,0,0,0,0,0,0,0,0,0,0,0,,,,,,,,,0,,0,0,,0,,0,20220909
경기도 수원시 권선구 세류동 1138-5번지,41113,12600,0,1138,0005,1084181177,2,집합,1,총괄표제부,1,신대장,경기도 수원시 권선구 경수대로235번길 78-25 (세류동),,,,,0,411134325013,12601,0,78,25,0,634.51,0,2111.2,1903.53,0,02000,공동주택,공동주택,39,0,7,0,0,0,0,0,0,0,0,0,0,0,,,,,,,,,0,,0,0,,0,,0,20220909
경기도 수원시 권선구 세류동 1139-8번지,41113,12600,0,1139,0008,1084180868,1,일반,1,총괄표제부,0,구대장,경기도 수원시 권선구 경수대로235번길 78-1 (세류동),,,,,0,411134325013,12601,0,78,1,320.7,156.11,48.67,441.03,393.48,122.69,01000,단독주택,"주택, 근린생활시설",0,2,2,0,0,0,0,0,0,0,0,0,0,0,,,,,,,,,0,,0,0,,0,,0,20220909
경기도 수원시 권선구 세류동 1140-26번지,41113,12600,0,1140,0026,1084180908,1,일반,1,총괄표제부,1,신대장,,라라 어린이집,,,,0,,,0,,,407.4,239.62,58.82,700.11,577.4,141.73,11000,노유자시설,노유자시설,0,0,2,0,0,2,0,0,0,0,0,0,2,0,,,,,,,,,0,,0,0,,0,,0,20220909
경기도 수원시 권선구 세류동 1141-2번지,41113,12600,0,1141,0002,1084180869,1,일반,1,총괄표제부,0,구대장,경기도 수원시 권선구 정조로436번길 25 (세류동),,,,,0,411134325418,12601,0,25,0,1002.6,146.46,14.6,301.76,209.22,20.86,01000,단독주택,"다가구주택(2가구), 수리점",0,2,2,0,0,0,0,0,0,0,0,0,0,0,,,,,,,,,0,,0,0,,0,,0,20220909
경기도 수원시 권선구 세류동 1143-2번지,41113,12600,0,1143,0002,1084181178,2,집합,1,총괄표제부,1,신대장,경기도 수원시 권선구 정조로413번길 32 (세류동),,,,,0,411134325417,12601,0,32,,0,182.28,0,546.84,364.56,0,02000,공동주택,공동주택,12,0,2,0,0,0,0,0,0,0,0,0,0,0,,,,,,,,,0,,0,0,,0,,0,20220909
경기도 수원시 권선구 세류동 1147번지,41113,12600,0,1147,0000,1084180914,2,집합,1,총괄표제부,1,신대장,경기도 수원시 권선구 정조로 432 (세류동),미영아파트,,,,0,411133012006,12601,0,432,,27330.6,9137.64,33.43,41654.67,34048.65,124.58,02000,공동주택,아파트,600,0,10,2,126.72,115,0,0,0,0,0,0,115,1581.28,,,,,,,,,0,,0,0,,0,,0,20220909
경기도 수원시 권선구 세류동 1147-3번지,41113,12600,0,1147,0003,1084181146,1,일반,1,총괄표제부,1,신대장,경기도 수원시 권선구 정조로398번길 11-27 (세류동),,,,,0,411134325416,12601,0,11,27,0,97.28,0,229.93,195.2,0,03000,제1종근린생활시설,제1종근린생활시설,0,2,2,0,0,0,0,0,0,0,0,0,0,0,,,,,,,,,0,,0,0,,0,,0,20220909
경기도 수원시 권선구 세류동 1147-4번지,41113,12600,0,1147,0004,1084181179,2,집합,1,총괄표제부,1,신대장,경기도 수원시 권선구 정조로398번길 11-23 (세류동),,,,,0,411134325416,12601,0,11,23,0,162.3,0,486.9,324.6,0,02000,공동주택,공동주택,12,0,2,0,0,0,0,0,0,0,0,0,0,0,,,,,,,,,0,,0,0,,0,,0,20220909
경기도 수원시 권선구 세류동 1148-3번지,41113,12600,0,1148,0003,1084181147,1,일반,1,총괄표제부,1,신대장,경기도 수원시 권선구 경수대로235번길 33 (세류동),,,,,0,411134325013,12601,0,33,,0,203.92,0,628.68,572.67,0,03000,제1종근린생활시설,제1종근린생활시설,0,2,2,0,0,0,0,0,0,0,0,0,0,0,,,,,,,,,0,,0,0,,0,,0,20220909
경기도 수원시 권선구 세류동 1148-40번지,41113,12600,0,1148,0040,1084181148,1,일반,1,총괄표제부,1,신대장,경기도 수원시 권선구 경수대로225번길 48 (세류동),,,,,0,411134325012,12601,0,48,0,0,140.37,0,412.47,267.9,0,01000,단독주택,단독주택,0,11,2,0,0,0,0,0,0,0,0,0,0,0,,,,,,,,,0,,0,0,,0,,0,20220909
경기도 수원시 권선구 세류동 1149-2번지,41113,12600,0,1149,0002,1084181149,1,일반,1,총괄표제부,1,신대장,경기도 수원시 권선구 경수대로225번길 24-18 (세류동),,,,,0,411134325012,12601,0,24,18,0,175.95,0,516.45,328.14,0,01000,단독주택,단독주택,0,2,2,0,0,0,0,0,0,0,0,0,0,0,,,,,,,,,0,,0,0,,0,,0,20220909
경기도 수원시 권선구 세류동 1149-35번지,41113,12600,0,1149,0035,1084180915,2,집합,1,총괄표제부,0,구대장,경기도 수원시 권선구 경수대로225번길 14-1 (세류동),명륜빌라,,,,0,411134325012,12601,0,14,1,442.9,229.28,51.77,873.92,666.24,150.43,02000,공동주택,공동주택,16,0,2,0,0,0,0,0,0,0,0,0,0,0,,,,,,,,,0,,0,0,,0,,0,20220909
경기도 수원시 권선구 세류동 1149-36번지,41113,12600,0,1149,0036,1084180916,2,집합,1,총괄표제부,0,구대장,경기도 수원시 권선구 경수대로225번길 14-3 (세류동),명륜빌라,,,,0,411134325012,12601,0,14,3,450.2,229.28,50.93,873.92,666.24,147.99,02000,공동주택,공동주택,16,0,2,0,0,0,0,0,0,0,0,0,0,0,,,,,,,,,0,,0,0,,0,,0,20220909
경기도 수원시 권선구 세류동 1149-37번지,41113,12600,0,1149,0037,1084180917,2,집합,1,총괄표제부,0,구대장,경기도 수원시 권선구 경수대로225번길 14-5 (세류동),명륜빌라,,,,0,411134325012,12601,0,14,5,457.2,229.28,50.15,873.92,666.24,145.72,02000,공동주택,공동주택,16,0,2,0,0,0,0,0,0,0,0,0,0,0,,,,,,,,,0,,0,0,,0,,0,20220909
경기도 수원시 권선구 세류동 1152-6번지,41113,12600,0,1152,0006,1084180918,2,집합,1,총괄표제부,0,구대장,경기도 수원시 권선구 경수대로211번길 18 (세류동),궁전아파트,,,,0,411134325011,12601,0,18,,3122.2,2206.08,70.66,5513.18,4380.48,140.3,02000,공동주택,공동주택(아파트),96,0,2,1,21.74,14,0,0,0,0,0,0,14,210,,,,,,,,,0,,0,0,,0,,0,20220909
경기도 수원시 권선구 세류동 1158-9번지,41113,12600,0,1158,0009,10841100435055,1,일반,1,총괄표제부,1,신대장,경기도 수원시 권선구 정조로398번길 21 (세류동),,,,,0,411134325416,12601,0,21,,754.4,550.24,72.94,2032.71,1615.55,214.15,15000,숙박시설,"숙박시설, 주택",0,2,2,0,0,12,0,0,0,0,0,0,0,0,,,,,,,,,0,,0,0,,0,,0,20220909
경기도 수원시 권선구 세류동 1158-20번지,41113,12600,0,1158,0020,1084180872,1,일반,1,총괄표제부,0,구대장,경기도 수원시 권선구 정조로398번길 11-26 (세류동),,,,,0,411134325416,12601,0,11,26,223,151.33,67.86,214.33,147,65.92,04000,제2종근린생활시설,"주택, 제2종근린생활시설",0,1,2,0,0,0,0,0,0,0,0,0,0,0,,,,,,,,,0,,0,0,,0,,0,20220909
경기도 수원시 권선구 세류동 1158-43번지,41113,12600,0,1158,0043,1084180873,1,일반,1,총괄표제부,0,구대장,경기도 수원시 권선구 정조로398번길 22 (세류동),,,,,0,411134325416,12601,0,22,,109.1,84.01,77,84.01,84.01,77,03000,제1종근린생활시설,"근린생활시설, 주택",0,1,2,0,0,0,0,0,0,0,0,0,0,0,,,,,,,,,0,,0,0,,0,,0,20220909
경기도 수원시 권선구 세류동 1165번지,41113,12600,0,1165,0000,1084181151,1,일반,1,총괄표제부,1,신대장,경기도 수원시 권선구 경수대로185번길 23 (세류동),,,,,0,411134325008,12601,0,23,,0,185.91,0,477.37,477.37,0,01000,단독주택,단독주택,0,7,2,0,0,0,0,0,0,0,0,0,0,0,,,,,,,,,0,,0,0,,0,,0,20220909
경기도 수원시 권선구 세류동 1248번지,41113,12600,0,1248,0000,1084180843,2,집합,1,총괄표제부,1,신대장,경기도 수원시 권선구 세지로 35 (세류동),한라녹턴아파트,,,,0,411133175031,12601,0,35,,7749,9956.68,31.93,26534.77,19350.22,249.71,02000,공동주택,공동주택외1,195,0,4,7,7309.23,199,0,0,0,0,196,6671.95,3,34.5,20040216,20041022,20060727,2004,3760030,건축과,2101,2101,0,,0,0,,0,,0,20220909
경기도 수원시 권선구 세류동 1249번지,41113,12600,0,1249,0000,10841100213526,2,집합,1,총괄표제부,1,신대장,경기도 수원시 권선구 세권로36번길 17 (세류동),수원 권선 데시앙,,,,0,411134325310,12601,0,17,,12004.2,2573.0112,21.43,35981.295,27051.9109,225.35,02000,공동주택,아파트,222,0,4,5,9056.2745,268,0,0,0,0,252,2933,16,237.4,20070226,20070920,20090909,2007,3740058,건축과,2101,2101,0,,0,0,2,69.38,,0,20220909
경기도 수원시 권선구 세류동 1260번지,41113,12600,0,1260,0000,10841100326904,2,집합,1,총괄표제부,1,신대장,,수원역해모로,,,,0,,,0,,,46081,9990.78,21.68,120117.14,92300.79,200.3,02000,공동주택,공동주택(아파트),863,0,16,9,25912.61,954,0,0,0,0,812,24100.19,142,1653,20071106,20121231,20150729,,,,,,11,2,170.6,0,4,50.9,,0,20220909
경기도 수원시 권선구 세류동 1270번지,41113,12600,0,1270,0000,10841100327803,2,집합,1,총괄표제부,1,신대장,,수원역센트럴타운,,,,0,,,0,,,27190,6204.18,22.82,80291.59,55987.6,205.91,02000,공동주택,공동주택(아파트),800,0,9,15,22787.75,807,0,0,0,0,705,21074.86,102,1238,20071106,20121231,20150729,,,,,,11,,0,0,4,50.4,,0,20220909
경기도 수원시 권선구 세류동 1280번지,41113,12600,0,1280,0000,10841100328639,2,집합,1,총괄표제부,1,신대장,,수원역센트럴어반시티,,,,0,,,0,,,59050,12620.54,21.37,149022.76,115945.36,196.35,02000,공동주택,공동주택(아파트),1019,0,18,14,30382.46,1152,0,0,0,0,959,27803.98,193,2279.5,20071106,20131231,20150729,,,,,,12,2,167.6,0,4,50.45,,0,20220909
경기도 수원시 권선구 평동 4-22번지,41113,12700,0,0004,0022,1084181194,1,일반,1,총괄표제부,1,신대장,경기도 수원시 권선구 평동로79번길 38 (평동),,,,,0,411134325474,12701,0,38,0,0,30.03,0,30.03,30.03,0,01000,단독주택,단독주택,0,2,2,0,0,0,0,0,0,0,0,0,0,0,,,,,,,,,0,,0,0,,0,,0,20220909
경기도 수원시 권선구 평동 4-85번지,41113,12700,0,0004,0085,1084181187,2,집합,1,총괄표제부,0,구대장,,,,,,0,,,0,,,308,155.07,50.35,155.07,155.07,50.35,,,"주택, 근린생활시설, 위험저장및 처리시설",0,0,2,0,0,0,0,0,0,0,0,0,0,0,,,,,,,,,0,,0,0,,0,,0,20220909
경기도 수원시 권선구 평동 4-85번지,41113,12700,0,0004,0085,1084181197,1,일반,1,총괄표제부,1,신대장,경기도 수원시 권선구 평동로 77 (평동),,,,,0,411133175046,12701,0,77,0,308,155.07,50.35,155.07,155.07,50.35,01000,단독주택,주택 외2,2,1,2,0,0,0,0,0,0,0,0,0,0,0,,,,,,,,,0,,0,0,,0,,0,20220909
경기도 수원시 권선구 평동 6-14번지,41113,12700,0,0006,0014,10841100323277,1,일반,1,총괄표제부,1,신대장,,,,,,5,,,0,,,1004,454.46,45.26,447.46,447.46,44.57,01000,단독주택,,1,0,4,1,8.64,3,0,0,0,0,0,0,3,37.5,20150527,20150530,20150610,2015,3760030,건축과,1102,1102,0,,0,0,,0,,0,20231023
경기도 수원시 권선구 평동 6-16번지,41113,12700,0,0006,0016,1084181199,1,일반,1,총괄표제부,1,신대장,경기도 수원시 권선구 평동로 73-1 (평동),,,,,0,411133175046,12701,0,73,1,0,0,0,0,0,0,,,,0,0,0,0,0,0,0,0,0,0,0,0,0,0,,,,,,,,,0,,0,0,,0,,0,20220909
경기도 수원시 권선구 평동 9-12번지,41113,12700,0,0009,0012,10841100477131,1,일반,1,총괄표제부,1,신대장,경기도 수원시 권선구 평동로 84-1 (평동),,,,,0,411133175046,12701,0,84,1,420,251.57,59.89,250.49,250.49,59.64,04000,제2종근린생활시설,"근린생활시설,자동차관련시설,단독주택",0,1,3,0,0,2,0,0,0,0,0,0,2,25,20210308,20210322,20211207,2021,3760030,건축과,1101,1101,0,,0,0,,0,,0,20241111
경기도 수원시 권선구 평동 12-1번지,41113,12700,0,0012,0001,1084181210,1,일반,1,총괄표제부,1,신대장,,,,,,0,,,0,,,0,138.76,0,138.76,138.76,0,01000,단독주택,단독주택,0,2,2,0,0,0,0,0,0,0,0,0,0,0,,,,,,,,,0,,0,0,,0,,0,20220909
경기도 수원시 권선구 평동 12-30번지,41113,12700,0,0012,0030,1084180799,1,일반,1,총괄표제부,1,신대장,경기도 수원시 권선구 평동로 107 (평동),,,,,3,411133175046,12701,0,107,,1178,287.37,24.39,320,320,27.16,20000,자동차관련시설,자동차관련시설,0,0,2,0,0,2,0,0,0,0,0,0,2,23,20040220,20040315,20050304,2004,3760030,건축과,1101,1101,0,,0,0,,0,,0,20220909
경기도 수원시 권선구 평동 13-24번지,41113,12700,0,0013,0024,1084181215,1,일반,1,총괄표제부,1,신대장,,,,,,0,,,0,,,0,157.49,0,157.49,157.49,0,01000,단독주택,단독주택,0,2,2,0,0,0,0,0,0,0,0,0,0,0,,,,,,,,,0,,0,0,,0,,0,20220909
경기도 수원시 권선구 평동 13-96번지,41113,12700,0,0013,0096,1084181218,1,일반,1,총괄표제부,1,신대장,경기도 수원시 권선구 평동로 111 (평동),,,,,0,411133175046,12701,0,111,,0,253.83,0,1138.94,910.65,0,03000,제1종근린생활시설,제1종근린생활시설,0,0,2,0,0,0,0,0,0,0,0,0,0,0,,,,,,,,,0,,0,0,,0,,0,20220909
경기도 수원시 권선구 평동 21-25번지,41113,12700,0,0021,0025,10841100469732,1,일반,1,총괄표제부,1,신대장,경기도 수원시 권선구 평동로 136-1 (평동),영 지,,,,0,411133175046,12701,0,136,1,1259,455.15,36.15,947.94,947.94,75.29,04000,제2종근린생활시설,제2종근린생활시설 외 1,0,1,2,0,0,9,0,0,0,0,0,0,9,0,,,,2020,3760030,건축과,1102,1102,4,,0,0,,0,,0,20220909
경기도 수원시 권선구 평동 21-55번지,41113,12700,0,0021,0055,1000000000000002185415,1,일반,1,총괄표제부,1,신대장,경기도 수원시 권선구 평동로 102-13 (평동),,,,,0,411133175046,12701,0,102,13,775,267.7,34.54,267.7,267.7,34.54,20000,자동차관련시설,자동차관련시설(세차장),0,0,2,0,0,2,0,0,0,0,0,0,2,25,20230209,20230405,20230725,2023,3760030,건축과,1101,1101,0,,0,0,,0,,0,20230801
경기도 수원시 권선구 평동 23-26번지,41113,12700,0,0023,0026,1084181064,2,집합,1,총괄표제부,1,신대장,경기도 수원시 권선구 매송고색로 875 (평동),수원공구유통타운,,,,0,411133012003,12701,0,875,0,4180,2371.56,56.74,8281.66,4520.64,108.15,20000,자동차관련시설,제2종근린생활시설 외1,150,0,4,0,0,91,0,0,0,0,91,3213.81,0,0,20031230,20040119,20040806,,,,,,0,,0,0,,0,,0,20220909
경기도 수원시 권선구 평동 24-5번지,41113,12700,0,0024,0005,1084181227,1,일반,1,총괄표제부,1,신대장,경기도 수원시 권선구 세화로79번길 31-7 (평동),,,,,0,411134325368,12701,0,31,7,0,79.01,0,79.01,79.01,0,01000,단독주택,단독주택,0,2,2,0,0,0,0,0,0,0,0,0,0,0,,,,,,,,,0,,0,0,,0,,0,20220909
경기도 수원시 권선구 평동 24-10번지,41113,12700,0,0024,0010,1084181228,1,일반,1,총괄표제부,1,신대장,,,,,,0,,,0,,,0,72.75,0,72.75,72.75,0,01000,단독주택,단독주택,0,2,2,0,0,0,0,0,0,0,0,0,0,0,,,,,,,,,0,,0,0,,0,,0,20220909
경기도 수원시 권선구 평동 25-1번지,41113,12700,0,0025,0001,1084180724,2,집합,1,총괄표제부,1,신대장,경기도 수원시 권선구 매송고색로 875-1 (평동),수원공구유통타운,,,,0,411133012003,12701,0,875,1,1027,494.29,48.13,976.28,976.28,95.06,03000,제1종근린생활시설,제1종근린생활시설,22,0,2,0,0,7,0,0,0,0,0,0,7,80.5,20031220,20040117,20040730,,,,,,0,,0,0,,0,,0,20220909
경기도 수원시 권선구 평동 32-9번지,41113,12700,0,0032,0009,1084181231,1,일반,1,총괄표제부,1,신대장,경기도 수원시 권선구 평동로 108 (평동),,,,,0,411133175046,12701,0,108,0,0,66.47,0,66.47,66.47,0,01000,단독주택,단독주택,0,2,2,0,0,0,0,0,0,0,0,0,0,0,,,,,,,,,0,,0,0,,0,,0,20220909
경기도 수원시 권선구 평동 34번지,41113,12700,0,0034,0000,1084181233,1,일반,1,총괄표제부,1,신대장,,,,,,0,,,0,,,0,186.06,0,186.06,186.06,0,01000,단독주택,단독주택,0,6,6,0,0,0,0,0,0,0,0,0,0,0,,,,,,,,,0,,0,0,,0,,0,20220909
경기도 수원시 권선구 평동 37번지,41113,12700,0,0037,0000,1084181238,1,일반,1,총괄표제부,1,신대장,,,,,,0,,,0,,,0,204.96,0,204.96,204.96,0,01000,단독주택,단독주택,0,6,6,0,0,0,0,0,0,0,0,0,0,0,,,,,,,,,0,,0,0,,0,,0,20220909
경기도 수원시 권선구 평동 38번지,41113,12700,0,0038,0000,10841100478160,1,일반,1,총괄표제부,1,신대장,경기도 수원시 권선구 평동로 65 (평동),평동 38 제2종근린생활시설 (임명규),,,,0,411133175046,12701,0,65,,2767,617.03,22.3,748.24,748.24,27.04,04000,제2종근린생활시설,제2종근린생활시설 외2,0,0,2,0,0,5,0,0,0,0,0,0,5,0,,,,,,,,,0,,0,0,,0,,0,20220909
경기도 수원시 권선구 평동 40-21번지,41113,12700,0,0040,0021,1084181244,1,일반,1,총괄표제부,1,신대장,경기도 수원시 권선구 평동로 58-3 (평동),,,,,0,411133175046,12701,0,58,3,0,105.95,0,105.95,105.95,0,01000,단독주택,단독주택,0,2,2,0,0,0,0,0,0,0,0,0,0,0,,,,,,,,,0,,0,0,,0,,0,20220909
경기도 수원시 권선구 평동 42-16번지,41113,12700,0,0042,0016,1084181245,1,일반,1,총괄표제부,1,신대장,,,,,,0,,,0,,,0,0,0,0,0,0,,,,0,0,0,0,0,0,0,0,0,0,0,0,0,0,,,,,,,,,0,,0,0,,0,,0,20220909
경기도 수원시 권선구 평동 43-1번지,41113,12700,0,0043,0001,10841100196547,1,일반,1,총괄표제부,1,신대장,경기도 수원시 권선구 매송고색로825번길 12 (평동),,,,,1,411134325215,12701,0,12,,1055.2,197,18.67,197,197,18.67,04000,제2종근린생활시설,수리점,0,0,2,0,0,2,0,0,0,0,0,0,2,23,20070605,20070615,20080603,2007,3760030,건축과,1101,1101,0,,0,0,,0,,0,20220909
경기도 수원시 권선구 평동 43-5번지,41113,12700,0,0043,0005,1084180892,1,일반,1,총괄표제부,1,신대장,경기도 수원시 권선구 매송고색로 827 (평동),경향주유소,,,,2,411133012003,12701,0,827,,1341,310.05,23.12,502,502,37.43,19000,위험물저장및처리시설,위험물저장및처리시설,0,0,3,0,0,3,0,0,0,0,0,0,3,34.5,20040218,20040405,20061204,2004,3760030,건축과,1101,1101,0,,0,0,,0,,0,20220909
경기도 수원시 권선구 평동 45번지,41113,12700,0,0045,0000,1084181246,1,일반,1,총괄표제부,1,신대장,,,,,,0,,,0,,,0,233.42,0,233.42,233.42,0,01000,단독주택,단독주택,0,6,6,0,0,0,0,0,0,0,0,0,0,0,,,,,,,,,0,,0,0,,0,,0,20220909
경기도 수원시 권선구 평동 45-4번지,41113,12700,0,0045,0004,1084181248,1,일반,1,총괄표제부,1,신대장,,,,,,0,,,0,,,0,79.91,0,79.91,79.91,0,01000,단독주택,단독주택,0,2,2,0,0,0,0,0,0,0,0,0,0,0,,,,,,,,,0,,0,0,,0,,0,20220909
경기도 수원시 권선구 평동 45-13번지,41113,12700,0,0045,0013,1084181251,1,일반,1,총괄표제부,1,신대장,,,,,,67,,,,,,9402,473.68,5.04,464.86,464.86,4.94,01000,단독주택,노인복지시설-경로당,0,1,4,0,0,0,0,0,0,0,0,0,0,0,,,,,,,,,0,,0,0,,0,,0,20240830
경기도 수원시 권선구 평동 47번지,41113,12700,0,0047,0000,1084181252,1,일반,1,총괄표제부,1,신대장,,,,,,0,,,0,,,0,107.3,0,107.3,107.3,0,01000,단독주택,단독주택,0,3,3,0,0,0,0,0,0,0,0,0,0,0,,,,,,,,,0,,0,0,,0,,0,20220909
경기도 수원시 권선구 평동 47-14번지,41113,12700,0,0047,0014,1000000000000001648065,2,집합,1,총괄표제부,1,신대장,경기도 수원시 권선구 평동로58번길 42 (평동),광명주택,,,,0,411134325470,12701,0,42,,797,391.81,49.16,1319.68,1319.68,165.58,02000,공동주택,공동주택(다세대주택),16,0,2,0,0,16,0,0,0,0,0,0,16,192.8,20220512,20220613,20230414,2022,3760030,건축과,1101,1101,0,,0,0,,0,,0,20230424
경기도 수원시 권선구 평동 54번지,41113,12700,0,0054,0000,10841100442771,1,일반,1,총괄표제부,1,신대장,경기도 수원시 권선구 매송고색로 843 (평동),,,,,0,411133012003,12701,0,843,,701,224.19,31.98,331.07,331.07,47.23,19000,위험물저장및처리시설,위험물저장 및 처리시설,0,0,2,0,0,2,0,0,0,0,0,0,2,25,20190820,20190911,20191223,2019,3760030,건축과,1101,1101,0,,0,0,,0,,0,20220909
경기도 수원시 권선구 평동 54-4번지,41113,12700,0,0054,0004,10841100477832,1,일반,1,총괄표제부,1,신대장,,차담자동차랜드,,,,1,,,0,,,2526,884.06,35,1304.5,1304.5,51.64,03000,제1종근린생활시설,제1종근린생활시설,0,4,3,0,0,10,0,0,0,0,0,0,10,129,20210607,20210810,20220104,2021,3760030,건축과,1102,1102,0,,0,0,,0,,0,20220909
경기도 수원시 권선구 평동 55-1번지,41113,12700,0,0055,0001,10841100488571,1,일반,1,총괄표제부,1,신대장,경기도 수원시 권선구 평동로90번길 44-5 (평동),,,,,0,411134325476,12701,0,44,5,742,257.76,34.74,257.76,257.76,34.74,04000,제2종근린생활시설,수리점,0,0,2,0,0,2,0,0,0,0,0,0,2,25,20220404,,20220706,2022,3760030,건축과,1202,1202,0,,0,0,,0,,0,20220909
경기도 수원시 권선구 평동 55-2번지,41113,12700,0,0055,0002,1084180715,1,일반,1,총괄표제부,1,신대장,경기도 수원시 권선구 매송고색로 858 (평동),평동자동차정비공장,,,,0,411133012003,12701,0,858,,2824,556.8,19.72,792,792,28.05,20000,자동차관련시설,자동차관련시설,0,0,3,0,0,10,0,0,0,0,0,0,10,115,,,,,,,,,0,,0,0,,0,,0,20220909
경기도 수원시 권선구 평동 56-1번지,41113,12700,0,0056,0001,1084181184,1,일반,1,총괄표제부,0,구대장,,평동충전소,,,,0,,,0,,,3618,364.2,10.07,364.2,364.2,10.07,19000,위험물저장및처리시설,액화석유가스충전소,0,0,4,0,0,1,0,0,0,0,0,0,1,11.5,,,,,,,,,0,,0,0,,0,,0,20220909
경기도 수원시 권선구 평동 56-24번지,41113,12700,0,0056,0024,1084181185,1,일반,1,총괄표제부,1,신대장,경기도 수원시 권선구 매송고색로 852 (평동),,,,,0,411133012003,12701,0,852,,1636,320.15,19.57,633.86,633.86,38.74,20000,자동차관련시설,"자동차관련시설, 제1종근린생활시설, 제2종근린생활시설",0,0,2,0,0,5,0,0,0,0,0,0,15,177.5,,,,,,,,,0,,0,0,,0,,0,20220909
경기도 수원시 권선구 평동 61-3번지,41113,12700,0,0061,0003,10841100447272,1,일반,1,총괄표제부,1,신대장,경기도 수원시 권선구 세화로 55 (평동),,,,,0,411133175032,12702,0,55,,2963,589.8,19.91,589.8,589.8,19.91,20000,자동차관련시설,"자동차관련시설(세차장,정비공장)",0,0,2,0,0,5,0,0,0,0,5,62.5,0,0,20191212,20191217,20200310,2019,3760030,건축과,1101,1101,0,,0,0,,0,,0,20220909
경기도 수원시 권선구 평동 82번지,41113,12700,0,0082,0000,1084181186,1,일반,1,총괄표제부,0,구대장,경기도 수원시 권선구 매송고색로 828-17 (평동),,,,,0,411133012003,12701,0,828,17,9589,348.88,3.64,582.08,582.08,6.07,20000,자동차관련시설,자동차관련시설,0,0,2,0,0,3,0,0,0,0,0,0,3,34.5,,,,,,,,,0,,0,0,,0,,0,20220909
경기도 수원시 권선구 평동 85번지,41113,12700,0,0085,0000,1084180707,1,일반,1,총괄표제부,1,신대장,경기도 수원시 권선구 매송고색로 828-19 (평동),수원자동차검사정비(주) 평동검사소,,,,1,411133012003,12701,0,828,19,2361,455.72,19.3,568.77,568.77,24.09,20000,자동차관련시설,자동차관련시설,0,0,5,0,0,3,0,0,0,0,0,0,3,34.5,20030731,20030813,20040110,2003,3760002,생활민원과,1101,1101,0,,0,0,,0,,0,20220909
경기도 수원시 권선구 평동 105-1번지,41113,12700,0,0105,0001,10841100429591,1,일반,1,총괄표제부,1,신대장,경기도 수원시 권선구 세화로 50 (평동),,,,,0,411133175032,12702,0,50,,1228,234.6,19.1,327,327,26.63,20000,자동차관련시설,자동차관련시설,0,0,2,0,0,5,0,0,0,0,0,0,5,62.5,20190116,20190219,20190531,2019,3760030,건축과,1101,1101,0,,0,0,,0,,0,20220909
경기도 수원시 권선구 평동 105-29번지,41113,12700,0,0105,0029,10841100445673,1,일반,1,총괄표제부,1,신대장,경기도 수원시 권선구 세화로 56-1 (평동),,,,,2,411133175032,12702,0,56,1,2973,262.4,8.83,262.4,262.4,8.83,20000,자동차관련시설,자동차관련시설(정비공장),0,0,2,0,0,6,0,0,0,0,0,0,6,69,20170207,20170615,20200303,2017,3760030,건축과,1101,1101,0,,0,0,,0,,0,20220909
경기도 수원시 권선구 평동 106번지,41113,12700,0,0106,0000,10841100473651,1,일반,1,총괄표제부,1,신대장,,평동 106 자동차관련시설 (어수갑),,,,0,,,0,,,1499,299.13,19.96,503.88,503.88,33.61,20000,자동차관련시설,자동차관련시설(정비공장),0,0,2,0,0,5,0,0,0,0,0,0,5,62.5,20201110,20210415,20210916,2020,3760030,건축과,1101,1101,0,,0,0,,0,,0,20220909
경기도 수원시 권선구 평동 110-1번지,41113,12700,0,0110,0001,1084181260,1,일반,1,총괄표제부,1,신대장,경기도 수원시 권선구 매송고색로918번길 19 (평동),,,,,0,411134325217,12701,0,19,,0,2960.86,0,3089.86,3089.86,0,13000,운동시설,운동시설,0,0,2,0,0,0,0,0,0,0,0,0,0,0,,,,,,,,,0,,0,0,,0,,0,20220909
경기도 수원시 권선구 평동 110-5번지,41113,12700,0,0110,0005,10841100423210,1,일반,1,총괄표제부,1,신대장,,,,,,0,,,0,0,0,9952,1797.89,18.07,2526.61,2526.61,25.39,20000,자동차관련시설,자동차관련시설(매매장),0,0,2,0,0,13,0,0,0,0,0,0,13,154.5,,,,,,,,,0,,0,0,,0,,0,20220909
경기도 수원시 권선구 평동 116-3번지,41113,12700,0,0116,0003,1084181261,1,일반,1,총괄표제부,1,신대장,경기도 수원시 권선구 매송고색로 916 (평동),,,,,0,411133012003,12701,0,916,,0,0,0,0,0,0,,,,0,0,0,0,0,0,0,0,0,0,0,0,0,0,,,,,,,,,0,,0,0,,0,,0,20220909
경기도 수원시 권선구 평동 133-2번지,41113,12700,0,0133,0002,1084181263,1,일반,1,총괄표제부,1,신대장,경기도 수원시 권선구 매송고색로 903 (평동),,,,,0,411133012003,12701,0,903,,0,253.79,0,270.29,270.29,0,17000,공장,공장,0,0,2,0,0,0,0,0,0,0,0,0,0,0,,,,,,,,,0,,0,0,,0,,0,20220909
경기도 수원시 권선구 평동 151번지,41113,12700,0,0151,0000,1084181189,2,집합,1,총괄표제부,0,구대장,경기도 수원시 권선구 권선로436번길 21 (평동),평동동남아파트,,,,0,411134325095,12701,0,21,,23224,5811.9835,25.03,59831.8973,55353.1986,238.34,02000,공동주택,"공동주택(아파트), 생활편익시설",489,0,13,9,16548.2467,638,0,0,0,0,422,15627.9718,216,15627.98,,,,,,,,,0,,0,0,,0,,0,20220909
경기도 수원시 권선구 평동 183번지,41113,12700,0,0183,0000,10841100463911,1,일반,1,총괄표제부,1,신대장,경기도 수원시 권선구 평동로77번길 14-9 (평동),선경직물 본관 재현건물,,,,0,411134325473,12701,0,14,9,2678.3,193.52,7.23,302.62,302.62,11.3,03000,제1종근린생활시설,제1종근린생활시설,0,0,2,0,0,3,0,0,0,0,0,0,3,37.5,,,,,,,,,0,,0,0,,0,,0,20220909
경기도 수원시 권선구 고색동 5번지,41113,12800,0,0005,0000,10841100447851,1,일반,1,총괄표제부,1,신대장,경기도 수원시 권선구 서둔로 22 (고색동),,,,,0,411133175024,12801,0,22,0,689,270.65,39.28,425.11,425.11,61.69,04000,제2종근린생활시설,"제2종근린생활시설(수리점,사무소)",0,0,2,0,0,3,0,0,0,0,0,0,3,34.5,,,,,,,,,0,,0,0,,0,,0,20220909
경기도 수원시 권선구 고색동 5-4번지,41113,12800,0,0005,0004,1084181283,2,집합,1,총괄표제부,0,구대장,경기도 수원시 권선구 매송고색로 751-17 (고색동),상우아파트,,,,0,411133012003,12802,0,751,17,8291,2699.08,32.55,26861.75,17975.8,216.81,02000,공동주택,공동주택(아파트),200,0,3,3,7687.95,202,0,0,0,0,176,7444.12,26,314.5,,,,,,,,,0,,0,0,,0,,0,20220909
경기도 수원시 권선구 고색동 6-2번지,41113,12800,0,0006,0002,10841100284623,1,일반,1,총괄표제부,1,신대장,,,,,,1,,,0,,,1014,234,23.08,468,468,46.15,04000,제2종근린생활시설,제조업소,0,0,2,0,0,4,0,0,0,0,0,0,4,47,20110506,20120606,20130913,2012,3760030,건축과,1101,1101,0,,0,0,,0,,0,20230428
경기도 수원시 권선구 고색동 7번지,41113,12800,0,0007,0000,1084181290,1,일반,1,총괄표제부,1,신대장,,,,,,0,,,0,,,0,49.12,0,49.12,49.12,0,01000,단독주택,단독주택,0,3,3,0,0,0,0,0,0,0,0,0,0,0,,,,,,,,,0,,0,0,,0,,0,20220909
경기도 수원시 권선구 고색동 7-3번지,41113,12800,0,0007,0003,1084181291,1,일반,1,총괄표제부,1,신대장,,,,,,0,,,0,,,0,959.95,0,1264.42,959.95,0,21000,동물및식물관련시설,제1종근린생활시설,0,2,4,0,0,0,0,0,0,0,0,0,0,0,,,,,,,,,0,,0,0,,0,,0,20220909
경기도 수원시 권선구 고색동 7-8번지,41113,12800,0,0007,0008,10841100385788,1,일반,1,총괄표제부,1,신대장,,,,,,0,,,0,0,0,1099,219,19.93,428.2,428.2,38.96,20000,자동차관련시설,"자동차관련시설, 제1,2종근린생활시설",0,0,2,0,0,3,0,0,0,0,0,0,3,34.5,20170626,20170905,20171204,2017,3760030,건축과,1101,1101,0,,0,0,,0,,0,20220909
경기도 수원시 권선구 고색동 7-48번지,41113,12800,0,0007,0048,1084181292,1,일반,1,총괄표제부,1,신대장,경기도 수원시 권선구 평동로9번길 40 (고색동),,,,,0,411134325477,12801,0,40,,0,90.28,14.28,90.28,90.28,14.28,18000,창고시설,창고시설,0,1,2,0,0,0,0,0,0,0,0,0,0,0,,,,,,,,,0,,0,0,,0,,0,20220909
경기도 수원시 권선구 고색동 7-57번지,41113,12800,0,0007,0057,1084181293,1,일반,1,총괄표제부,1,신대장,경기도 수원시 권선구 평동로 25-36 (고색동),,,,,0,411133175046,12802,0,25,36,0,98.25,9.49,98.25,98.25,9.49,01000,단독주택,단독주택,0,2,2,0,0,0,0,0,0,0,0,0,0,0,,,,,,,,,0,,0,0,,0,,0,20220909
경기도 수원시 권선구 고색동 7-75번지,41113,12800,0,0007,0075,1084181294,1,일반,1,총괄표제부,1,신대장,,,,,,0,,,0,,,0,145.02,0,143.83,145.02,0,01000,단독주택,단독주택,0,3,3,0,0,0,0,0,0,0,0,0,0,0,,,,,,,,,0,,0,0,,0,,0,20220909
경기도 수원시 권선구 고색동 7-78번지,41113,12800,0,0007,0078,1084181295,1,일반,1,총괄표제부,1,신대장,경기도 수원시 권선구 평동로9번길 16 (고색동),,,,,0,411134325477,12801,0,16,,0,79.56,0,85.31,79.56,0,03000,제1종근린생활시설,단독주택,0,2,2,0,0,0,0,0,0,0,0,0,0,0,,,,,,,,,0,,0,0,,0,,0,20220909
경기도 수원시 권선구 고색동 7-111번지,41113,12800,0,0007,0111,10841100312634,1,일반,1,총괄표제부,1,신대장,,,,,,1,,,0,,,1143,457.05,39.98,904.58,904.58,79.14,17000,공장,공장,0,0,2,0,0,7,0,0,0,0,0,0,7,80.5,20131223,20140320,20141105,2013,3760030,건축과,1102,1102,0,,0,0,,0,,0,20220909
경기도 수원시 권선구 고색동 7-114번지,41113,12800,0,0007,0114,1084181284,2,집합,1,총괄표제부,0,구대장,경기도 수원시 권선구 서둔로 12 (고색동),연안아파트,,,,0,411133175024,12801,0,12,,0,1945.52,0,11699.04,9727.6,0,02000,공동주택,아파트,190,0,3,1,25.96,0,0,0,0,0,0,0,0,0,,,,,,,,,0,,0,0,,0,,0,20220909
경기도 수원시 권선구 고색동 7-118번지,41113,12800,0,0007,0118,10841100336898,1,일반,1,총괄표제부,1,신대장,,,,,,0,,,0,0,0,388,174.89,45.07,337.45,337.45,86.97,01000,단독주택,단독주택,0,4,2,0,0,5,0,0,0,0,5,57.5,0,0,20150127,20150521,20151105,2015,3760030,건축과,1102,1102,0,,0,0,,0,,0,20220909
경기도 수원시 권선구 고색동 10번지,41113,12800,0,0010,0000,1084181297,1,일반,1,총괄표제부,1,신대장,,,,,,0,,,0,,,0,191.73,0,191.73,191.73,0,01000,단독주택,단독주택,0,4,4,0,0,0,0,0,0,0,0,0,0,0,,,,,,,,,0,,0,0,,0,,0,20220909
경기도 수원시 권선구 고색동 12-2번지,41113,12800,0,0012,0002,1084181267,1,일반,1,총괄표제부,0,구대장,경기도 수원시 권선구 평동로 21 (고색동),,,,,8,411133175046,12802,0,21,,9784,1358.03,13.88,2347.55,2347.55,23.99,20000,자동차관련시설,자동차관련시설 외 1용도,0,0,2,0,0,13,0,0,0,0,0,0,13,149.5,,,,,,,,,0,,0,0,,0,,0,20220909
경기도 수원시 권선구 고색동 14-31번지,41113,12800,0,0014,0031,1000000000000004810372,1,일반,1,총괄표제부,1,신대장,,,,,,1,,,0,,,902,175.89,19.5,175.89,175.89,19.5,04000,제2종근린생활시설,수리점,0,0,2,0,0,1,0,0,0,0,0,0,1,12.5,20240711,20241031,20241210,2024,3760030,건축과,1202,1202,0,,0,0,,0,,0,20241216
경기도 수원시 권선구 고색동 14-33번지,41113,12800,0,0014,0033,10841100173415,1,일반,1,총괄표제부,1,신대장,경기도 수원시 권선구 권선로 334 (고색동),,,,,0,411133175010,12803,0,334,,1330,222.18,16.71,222.18,222.18,16.71,19000,위험물저장및처리시설,위험물저장및처리시설,0,0,2,0,0,3,0,0,0,0,0,0,5,38,20061120,20061207,20071128,2006,3760030,건축과,1101,1101,0,,0,0,,0,,0,20220909
경기도 수원시 권선구 고색동 14-34번지,41113,12800,0,0014,0034,10841100173416,1,일반,1,총괄표제부,1,신대장,,고색동 14-34 자동차관련시설 (이태협),,,,0,,,,,,3489,518.65,14.87,643.29,643.29,18.44,20000,자동차관련시설,세차장,0,0,3,0,0,3,0,0,0,0,0,0,3,37.5,20061120,20061207,20071128,2006,3760030,건축과,1101,1101,0,,0,0,,0,,0,20221024
경기도 수원시 권선구 고색동 14-48번지,41113,12800,0,0014,0048,1000000000000001208171,1,일반,1,총괄표제부,1,신대장,,,,,,0,,,,,,1920,382.59,19.93,631.02,631.02,32.87,20000,자동차관련시설,자동차관련시설(정비공장),0,0,2,0,0,3,0,0,0,0,0,0,3,37.5,20220311,20220523,20230117,2022,3760030,건축과,1101,1101,0,,0,0,,0,,0,20230516
경기도 수원시 권선구 고색동 21-1번지,41113,12800,0,0021,0001,1084181268,1,일반,1,총괄표제부,0,구대장,경기도 수원시 권선구 평동로 16 (고색동),,,,,0,411133175046,12802,0,16,,661,124.75,18.87,177.25,177.25,26.81,20000,자동차관련시설,자동차관련시설,0,0,2,0,0,1,0,0,0,0,0,0,1,11.5,,,,,,,,,0,,0,0,,0,,0,20220909
경기도 수원시 권선구 고색동 29번지,41113,12800,0,0029,0000,1084181299,1,일반,1,총괄표제부,1,신대장,,,,,,0,,,0,,,0,119,0,119,119,0,04000,제2종근린생활시설,제1종근린생활시설,0,1,2,0,0,0,0,0,0,0,0,0,0,0,,,,,,,,,0,,0,0,,0,,0,20220909
경기도 수원시 권선구 고색동 30번지,41113,12800,0,0030,0000,1084181300,1,일반,1,총괄표제부,1,신대장,,,,,,0,,,0,,,0,150.11,0,150.11,150.11,0,01000,단독주택,단독주택,0,4,4,0,0,0,0,0,0,0,0,0,0,0,,,,,,,,,0,,0,0,,0,,0,20220909
경기도 수원시 권선구 고색동 30-1번지,41113,12800,0,0030,0001,1084181301,1,일반,1,총괄표제부,1,신대장,,,,,,0,,,0,,,0,197.69,0,197.69,197.69,0,04000,제2종근린생활시설,판매시설,0,0,2,0,0,0,0,0,0,0,0,0,0,0,,,,,,,,,0,,0,0,,0,,0,20220909
경기도 수원시 권선구 고색동 32번지,41113,12800,0,0032,0000,1084181303,1,일반,1,총괄표제부,1,신대장,,,,,,0,,,0,,,0,234.71,0,234.71,234.71,0,01000,단독주택,단독주택,0,3,3,0,0,0,0,0,0,0,0,0,0,0,,,,,,,,,0,,0,0,,0,,0,20220909
경기도 수원시 권선구 고색동 39번지,41113,12800,0,0039,0000,1084181304,1,일반,1,총괄표제부,1,신대장,,,,,,0,,,0,,,0,57.06,0,57.06,57.06,0,01000,단독주택,단독주택,0,3,3,0,0,0,0,0,0,0,0,0,0,0,,,,,,,,,0,,0,0,,0,,0,20220909
경기도 수원시 권선구 고색동 39-12번지,41113,12800,0,0039,0012,10841100333772,1,일반,1,총괄표제부,1,신대장,,,,,,0,,,0,,,695,330.16,47.51,330.16,330.16,47.51,03000,제1종근린생활시설,제1종근린생활시설,0,0,2,0,0,2,0,0,0,0,0,0,2,23,20140917,20141017,20150901,2014,3760030,건축과,1102,1102,0,,0,0,,0,,0,20220909
경기도 수원시 권선구 고색동 56번지,41113,12800,0,0056,0000,1084181307,1,일반,1,총괄표제부,1,신대장,,,,,,0,,,0,,,0,307.42,0,307.42,307.42,0,01000,단독주택,단독주택,0,8,8,0,0,0,0,0,0,0,0,0,0,0,,,,,,,,,0,,0,0,,0,,0,20220909
경기도 수원시 권선구 고색동 58-1번지,41113,12800,0,0058,0001,1084181308,1,일반,1,총괄표제부,1,신대장,경기도 수원시 권선구 매송고색로 698 (고색동),,,,,0,411133012003,12802,0,698,,0,382.45,0,911.21,646.14,0,03000,제1종근린생활시설,제1종근린생활시설,0,0,2,0,0,0,0,0,0,0,0,0,0,0,,,,,,,,,0,,0,0,,0,,0,20220909
경기도 수원시 권선구 고색동 60-2번지,41113,12800,0,0060,0002,1084181309,1,일반,1,총괄표제부,1,신대장,경기도 수원시 권선구 고색로 43 (고색동),,,,,0,411133175003,12801,0,43,,0,0,0,0,0,0,,,,0,0,0,0,0,0,0,0,0,0,0,0,0,0,,,,,,,,,0,,0,0,,0,,0,20220909
경기도 수원시 권선구 고색동 65-13번지,41113,12800,0,0065,0013,10841100209848,1,일반,1,총괄표제부,1,신대장,경기도 수원시 권선구 고산로27번길 18 (고색동),,,,,0,411134325041,12801,0,18,0,410,191.28,46.65,206.58,191.28,46.65,01000,단독주택,단독주택,0,0,2,1,1,0,0,0,0,0,0,0,0,0,,,,,,,,,0,,0,0,,0,,0,20220909
경기도 수원시 권선구 고색동 68번지,41113,12800,0,0068,0000,1084181312,1,일반,1,총괄표제부,1,신대장,,,,,,0,,,0,,,0,191.74,0,191.74,191.74,0,01000,단독주택,단독주택,0,0,5,0,0,0,0,0,0,0,0,0,0,0,,,,,,,,,0,,0,0,,0,,0,20220909
경기도 수원시 권선구 고색동 68-3번지,41113,12800,0,0068,0003,1084181313,1,일반,1,총괄표제부,1,신대장,경기도 수원시 권선구 고산로 34 (고색동),,,,,0,411133175002,12801,0,34,0,0,163.44,0,179.64,163.44,0,01000,단독주택,단독주택,0,2,2,0,0,0,0,0,0,0,0,0,0,0,,,,,,,,,0,,0,0,,0,,0,20220909
경기도 수원시 권선구 고색동 69-3번지,41113,12800,0,0069,0003,1084181314,1,일반,1,총괄표제부,1,신대장,,,,,,0,,,0,,,0,171.24,0,160.06,171.24,0,01000,단독주택,단독주택,0,2,2,0,0,0,0,0,0,0,0,0,0,0,,,,,,,,,0,,0,0,,0,,0,20220909
경기도 수원시 권선구 고색동 71번지,41113,12800,0,0071,0000,1084181315,1,일반,1,총괄표제부,1,신대장,,,,,,0,,,0,,,0,36.37,0,36.37,36.37,0,01000,단독주택,단독주택,0,2,2,0,0,0,0,0,0,0,0,0,0,0,,,,,,,,,0,,0,0,,0,,0,20220909
경기도 수원시 권선구 고색동 73번지,41113,12800,0,0073,0000,1084181316,1,일반,1,총괄표제부,1,신대장,,,,,,0,,,0,,,0,128.87,0,128.87,128.87,0,01000,단독주택,단독주택,0,4,4,0,0,0,0,0,0,0,0,0,0,0,,,,,,,,,0,,0,0,,0,,0,20220909
경기도 수원시 권선구 고색동 73-5번지,41113,12800,0,0073,0005,10841100466091,2,집합,1,총괄표제부,1,신대장,,,,,,0,,,0,,,882,417.82,47.37,1317.82,1317.82,149.41,02000,공동주택,공동주택(도시형생활주택-단지형다세대),23,0,2,0,0,23,0,0,0,0,0,0,23,279.4,20200507,20200824,20210429,2020,3760030,건축과,1101,1101,0,,0,0,,0,,0,20220909
경기도 수원시 권선구 고색동 74번지,41113,12800,0,0074,0000,1084181318,1,일반,1,총괄표제부,1,신대장,,,,,,0,,,0,,,0,79.75,0,79.75,79.75,0,01000,단독주택,단독주택,0,5,5,0,0,0,0,0,0,0,0,0,0,0,,,,,,,,,0,,0,0,,0,,0,20220909
경기도 수원시 권선구 고색동 74-6번지,41113,12800,0,0074,0006,1084181270,1,일반,1,총괄표제부,0,구대장,경기도 수원시 권선구 고산로 17 (고색동),"가,나동",,,,0,411133175002,12801,0,17,,190,9.88,5.2,9.88,9.88,5.2,19000,위험물저장및처리시설,위험물저장및 처리시설,0,0,2,0,0,0,0,0,0,0,0,0,0,0,,,,,,,,,0,,0,0,,0,,0,20220909
경기도 수원시 권선구 고색동 75-4번지,41113,12800,0,0075,0004,1084181319,1,일반,1,총괄표제부,1,신대장,경기도 수원시 권선구 고산로24번길 4-7 (고색동),,,,,0,411134325040,12801,0,4,7,0,150.69,0,175.26,150.69,0,01000,단독주택,단독주택,0,2,2,0,0,0,0,0,0,0,0,0,0,0,,,,,,,,,0,,0,0,,0,,0,20220909
경기도 수원시 권선구 고색동 81-16번지,41113,12800,0,0081,0016,1084181271,1,일반,1,총괄표제부,0,구대장,경기도 수원시 권선구 고색로66번길 28-1 (고색동),"1동,2동",,,,0,411134325052,12801,0,28,1,339,202.86,59.84,533.23,485.83,141.31,03000,제1종근린생활시설,"근린생활시설, 주택",0,3,2,0,0,2,0,0,2,23,0,0,2,23,,,,,,,,,0,,0,0,,0,,0,20220909
경기도 수원시 권선구 고색동 88-6번지,41113,12800,0,0088,0006,10841100477354,1,일반,1,총괄표제부,1,신대장,경기도 수원시 권선구 고현로25번길 36-9 (고색동),,,,,1,411134325057,12801,0,36,9,396,202.03,51,221.45,202.03,51,01000,단독주택,"주택,탁구장",0,0,2,0,0,0,0,0,0,0,0,0,0,0,,,,,,,,,0,,0,0,,0,,0,20220909
경기도 수원시 권선구 고색동 89번지,41113,12800,0,0089,0000,1084181320,1,일반,1,총괄표제부,1,신대장,,,,,,0,,,0,,,0,89.76,0,89.76,89.76,0,01000,단독주택,단독주택,0,3,3,0,0,0,0,0,0,0,0,0,0,0,,,,,,,,,0,,0,0,,0,,0,20220909
경기도 수원시 권선구 고색동 102-1번지,41113,12800,0,0102,0001,10841100410109,2,집합,1,총괄표제부,1,신대장,,오피뉴빌,,,,0,,,0,0,0,758,374.32,49.38,1313.61,1313.61,173.3,02000,공동주택,도시형생활주택(단지형다세대),16,0,2,0,0,16,0,0,0,0,16,184.7,0,0,20171019,20171123,20180709,2017,3760030,건축과,1101,1101,0,,0,0,,0,,0,20220909
경기도 수원시 권선구 고색동 117-2번지,41113,12800,0,0117,0002,10841100339137,1,일반,1,총괄표제부,1,신대장,,,,,,0,,,0,,,989,192,19.41,384,384,38.83,03000,제1종근린생활시설,제2종근린생활시설,0,0,2,0,0,3,0,0,0,0,0,0,3,34.5,20140624,20160623,20151222,2014,3760030,건축과,1101,1101,0,,0,0,,0,,0,20220909
경기도 수원시 권선구 고색동 152-1번지,41113,12800,0,0152,0001,10841100399926,1,일반,1,총괄표제부,1,신대장,,,,,,0,,,0,,,1355,226.12,16.69,330.23,330.23,24.37,20000,자동차관련시설,자동차관련시설,0,0,2,0,0,2,0,0,0,0,0,0,2,23,20170814,20170922,20180306,2017,3760030,건축과,1101,1101,0,,0,0,,0,,0,20220909
경기도 수원시 권선구 고색동 165번지,41113,12800,0,0165,0000,1084181272,1,일반,1,총괄표제부,1,신대장,경기도 수원시 권선구 매송고색로 787 (고색동),평동주유소,,,,1,411133012003,12802,0,787,,2153,429.4,19.94,535.9,466.2,21.65,20000,자동차관련시설,"위험물저장및처리시설, 자동차관련시설",0,0,3,0,0,8,0,0,0,0,0,0,8,92,,,,,,,,,0,,0,0,,0,,0,20220909
경기도 수원시 권선구 고색동 167-2번지,41113,12800,0,0167,0002,10841100323677,1,일반,1,총괄표제부,1,신대장,경기도 수원시 권선구 매송고색로 800 (고색동),,,,,0,411133012003,12802,0,800,,1231,243.8,19.81,679.98,679.98,55.24,03000,제1종근린생활시설,제1종근린생활시설,0,0,2,0,0,5,0,0,0,0,0,0,5,57.5,20110422,20110503,20111006,2011,3760030,건축과,1101,1101,0,,0,0,,0,,0,20220909
경기도 수원시 권선구 고색동 168-2번지,41113,12800,0,0168,0002,1000000000000004192547,1,일반,1,총괄표제부,1,신대장,경기도 수원시 권선구 매송고색로793번길 16 (고색동),,,,,0,411134854912,12801,0,16,,1750,349.76,19.99,588.11,588.11,33.61,20000,자동차관련시설,정비공장,0,0,4,0,0,4,0,0,0,0,0,0,4,50,20230629,20231115,20240813,2023,3760030,건축과,1102,1102,0,,0,0,,0,,0,20240912
경기도 수원시 권선구 고색동 173-2번지,41113,12800,0,0173,0002,1084180805,1,일반,1,총괄표제부,1,신대장,경기도 수원시 권선구 평동로 31 (고색동),수일가스충전소,,,,0,411133175046,12802,0,31,,1640,198.57,12.11,240.57,220.57,13.45,19000,위험물저장및처리시설,위험물저장및처리시설외1,0,0,3,0,0,1,0,0,0,0,0,0,1,11.5,,,,,,,,,0,,0,0,,0,,0,20220909
경기도 수원시 권선구 고색동 176-4번지,41113,12800,0,0176,0004,10841100370608,1,일반,1,총괄표제부,1,신대장,,,,,,1,,,0,,,2402,479.4,19.96,995.26,995.26,41.43,20000,자동차관련시설,자동차관련시설,0,0,2,0,0,5,0,0,0,0,0,0,5,57.5,,,,,,,,,0,,0,0,,0,,0,20220909
경기도 수원시 권선구 고색동 176-8번지,41113,12800,0,0176,0008,10841100481311,1,일반,1,총괄표제부,1,신대장,,,,,,0,,,0,,,959,97.675,10.19,97.675,97.675,10.19,20000,자동차관련시설,,0,0,2,0,0,0,0,0,0,0,0,0,0,0,20211122,20211127,20220228,2021,3760030,건축과,1201,1201,0,,0,0,,0,,0,20220909
경기도 수원시 권선구 고색동 177-8번지,41113,12800,0,0177,0008,1084181273,1,일반,1,총괄표제부,0,구대장,경기도 수원시 권선구 평동로 47 (고색동),,,,,0,411133175046,12802,0,47,,1873,340.8,18.2,463,463,24.72,20000,자동차관련시설,"자동차관련시설, 제2종근린생활시설",0,0,3,0,0,2,0,0,0,0,0,0,2,23,,,,,,,,,0,,0,0,,0,,0,20220909
경기도 수원시 권선구 고색동 180번지,41113,12800,0,0180,0000,1084181323,1,일반,1,총괄표제부,1,신대장,,,,,,0,,,0,,,0,57.59,0,57.59,57.59,0,01000,단독주택,단독주택,0,2,2,0,0,0,0,0,0,0,0,0,0,0,,,,,,,,,0,,0,0,,0,,0,20220909
경기도 수원시 권선구 고색동 180-1번지,41113,12800,0,0180,0001,1084181324,1,일반,1,총괄표제부,1,신대장,경기도 수원시 권선구 평동로 52-1 (고색동),,,,,0,411133175046,12802,0,52,1,0,0,0,0,0,0,,,,0,0,0,0,0,0,0,0,0,0,0,0,0,0,,,,,,,,,0,,0,0,,0,,0,20220909
경기도 수원시 권선구 고색동 184-2번지,41113,12800,0,0184,0002,1084180810,1,일반,1,총괄표제부,1,신대장,경기도 수원시 권선구 매송고색로 818 (고색동),유성카센타,,,,0,411133012003,12802,0,818,0,485,95.86,19.77,123.51,123.51,25.47,01000,단독주택,제2종근린생활시설외2,0,1,2,0,0,2,0,0,0,0,0,0,2,23,20050622,20050704,20051018,2005,3760030,건축과,1101,1101,0,,0,0,,0,,0,20220909
경기도 수원시 권선구 고색동 186-29번지,41113,12800,0,0186,0029,1084180811,1,일반,1,총괄표제부,1,신대장,경기도 수원시 권선구 매송고색로 808-1 (고색동),고색동제조장,,,,1,411133012003,12802,0,808,1,2146,417.18,19.44,417.18,417.18,19.44,20000,자동차관련시설,자동차관련시설,0,0,2,0,0,3,0,0,0,0,0,0,3,34.5,20050816,20050928,20051118,2005,3760030,건축과,1101,1101,0,,0,0,,0,,0,20220909
경기도 수원시 권선구 고색동 197번지,41113,12800,0,0197,0000,1084181325,1,일반,1,총괄표제부,1,신대장,,,,,,0,,,0,,,0,62.81,0,62.81,62.81,0,01000,단독주택,단독주택,0,2,2,0,0,0,0,0,0,0,0,0,0,0,,,,,,,,,0,,0,0,,0,,0,20220909
경기도 수원시 권선구 고색동 197-1번지,41113,12800,0,0197,0001,1084180711,1,일반,1,총괄표제부,1,신대장,경기도 수원시 권선구 매송고색로 814-16 (고색동),고색동 근생시설,,,,0,411133012003,12802,0,814,16,2546,281.58,11.06,438.48,409.3,16.07,04000,제2종근린생활시설,"제2종근린생활시설,제조업소",0,1,1,0,0,0,0,0,0,0,0,0,0,0,20031217,20040213,20040310,2003,3760030,건축과,1102,1102,0,,0,0,,0,,0,20260106
경기도 수원시 권선구 고색동 202번지,41113,12800,0,0202,0000,1084181326,1,일반,1,총괄표제부,1,신대장,,,,,,0,,,0,,,0,61.9,0,61.9,61.9,0,01000,단독주택,단독주택,0,2,2,0,0,0,0,0,0,0,0,0,0,0,,,,,,,,,0,,0,0,,0,,0,20220909
경기도 수원시 권선구 고색동 205-2번지,41113,12800,0,0205,0002,1084181274,1,일반,1,총괄표제부,0,구대장,경기도 수원시 권선구 매송고색로804번길 49-63 (고색동),"1,2동",,,,0,411134325214,12801,0,49,63,612,192.62,31.47,192.62,192.62,31.47,01000,단독주택,단독주택,0,2,2,0,0,1,0,0,0,0,0,0,1,11.5,,,,,,,,,0,,0,0,,0,,0,20220909
경기도 수원시 권선구 고색동 213-4번지,41113,12800,0,0213,0004,1000000000000004977067,1,일반,1,총괄표제부,1,신대장,경기도 수원시 권선구 매송고색로804번길 49-49 (고색동),,,,,0,411134325214,12801,0,49,49,1726,388.68,22.52,388.68,388.68,22.52,20000,자동차관련시설,세차장 / 제2종근린생활시설(수리점),0,0,2,0,0,4,0,0,0,0,0,0,4,50,20240326,20240415,20250120,2024,3760030,건축과,1101,1101,0,,0,0,,0,,0,20250121
경기도 수원시 권선구 고색동 216번지,41113,12800,0,0216,0000,1084181327,1,일반,1,총괄표제부,1,신대장,,,,,,0,,,0,,,0,153.54,0,153.54,153.54,0,01000,단독주택,단독주택,0,4,1,0,0,0,0,0,0,0,0,0,0,0,,,,,,,,,0,,0,0,,0,,0,20220909
경기도 수원시 권선구 고색동 222번지,41113,12800,0,0222,0000,1084180787,1,일반,1,총괄표제부,1,신대장,경기도 수원시 권선구 매송고색로804번길 103-41 (고색동),,,,,1,411134325214,12801,0,103,41,1143,384,33.6,384,384,33.6,04000,제2종근린생활시설,제2종근린생활시설,0,0,2,1,32,2,0,0,0,0,0,0,2,23,20030528,20030625,20030926,2003,3760002,생활민원과,1101,1101,0,,0,0,,0,,0,20220909
경기도 수원시 권선구 고색동 224-1번지,41113,12800,0,0224,0001,1000000000000001085232,1,일반,1,총괄표제부,1,신대장,,,,,,0,,,0,,,2387,674.98,28.28,674.98,674.98,28.28,04000,제2종근린생활시설,"자동차관련시설, 제2종근린생활시설",0,0,4,0,0,14,0,0,0,0,0,0,14,175,20220708,20220805,20230104,2022,3760030,건축과,1102,1102,0,,0,0,,0,,0,20230117
경기도 수원시 권선구 고색동 235-2번지,41113,12800,0,0235,0002,10841100457231,1,일반,1,총괄표제부,1,신대장,,,,,,0,,,0,,,1488,293.54,19.73,780.11,780.11,52.43,04000,제2종근린생활시설,"(사무소,골프연습장),농가창고",0,0,2,0,0,8,0,0,0,0,0,0,8,100,20181115,20200714,20201224,2018,3760030,건축과,1102,1102,0,,0,0,,0,,0,20241118
경기도 수원시 권선구 고색동 273번지,41113,12800,0,0273,0000,10841100215243,1,일반,1,총괄표제부,1,신대장,경기도 수원시 권선구 고현로 34 (고색동),,,,,0,411133175004,12801,0,34,,2665,523.64,19.65,973.83,973.83,36.54,03000,제1종근린생활시설,제1종근린생활시설외1,0,0,2,0,0,0,0,0,0,0,0,0,7,80.5,,,,,,,,,0,,0,0,,0,,0,20220909
경기도 수원시 권선구 고색동 274번지,41113,12800,0,0274,0000,10841100355835,1,일반,1,총괄표제부,1,신대장,,,,,,0,,,0,,,4009,787.5,19.64,787.5,787.5,19.64,03000,제1종근린생활시설,제1종근린생활시설(소매점),0,0,2,0,0,6,0,0,0,0,0,0,6,69,20160420,20160805,20161115,2016,3760030,건축과,1101,1101,0,,0,0,,0,,0,20220909
경기도 수원시 권선구 고색동 275-2번지,41113,12800,0,0275,0002,10841100281648,1,일반,1,총괄표제부,1,신대장,,,,,,0,,,0,,,3033,598,19.72,598,598,19.72,,,,0,0,0,0,0,0,0,0,0,0,0,0,5,57.5,20121107,20121120,20130626,,,,,,0,,0,0,,0,,0,20220909
경기도 수원시 권선구 고색동 281-6번지,41113,12800,0,0281,0006,1084180849,1,일반,1,총괄표제부,1,신대장,경기도 수원시 권선구 고색로86번길 75 (고색동),,,,,0,411134325054,12801,0,75,,273,138.63,50.78,192.63,192.63,70.56,04000,제2종근린생활시설,제2종근린생활시설,0,0,2,0,0,2,0,0,0,0,0,0,2,23,20041130,20041206,20050112,2004,3760030,건축과,1101,1101,0,,0,0,,0,,0,20220909
경기도 수원시 권선구 고색동 290-79번지,41113,12800,0,0290,0079,1084181275,1,일반,1,총괄표제부,0,구대장,경기도 수원시 권선구 고산로6번길 40 (고색동),"가,나동",,,,0,411134325045,12801,0,40,0,275,150.33,54.67,231.35,213.72,77.72,01000,단독주택,단독주택및제2종근린생활시설,0,3,2,0,0,0,0,0,0,0,0,0,0,0,,,,,,,,,0,,0,0,,0,,0,20220909
경기도 수원시 권선구 고색동 291번지,41113,12800,0,0291,0000,1084181285,2,집합,1,총괄표제부,0,구대장,경기도 수원시 권선구 고산로6번길 45 (고색동),대원아파트,,,,0,411134325045,12801,0,45,,19095,4528.98,23.72,54812.14,43755.46,229.15,02000,공동주택,공동주택(아파트),474,0,8,5,7979.92,489,0,0,0,0,241,7203.75,248,2928,,,,,,,,,0,,0,0,,0,,0,20220909
경기도 수원시 권선구 고색동 306-1번지,41113,12800,0,0306,0001,1084181286,2,집합,1,총괄표제부,0,구대장,경기도 수원시 권선구 고현로5번길 25 (고색동),거산아파트,,,,1,411134325058,12801,0,25,,10800,3318.56,30.73,37794.78,28787.67,266.55,02000,공동주택,"공동주택(아파트), 생활편익시설",323,0,3,2,129.5,311,0,0,0,0,220,6325.78,91,1046.5,,,,,,,,,0,,0,0,,0,,0,20220909
경기도 수원시 권선구 고색동 368-1번지,41113,12800,0,0368,0001,1084181287,2,집합,1,총괄표제부,0,구대장,경기도 수원시 권선구 서부로 1534 (고색동),대한아파트,,,,8,411133012005,12801,0,1534,,22683,6631.02,29.23,90467.104,74419.73,328.09,02000,공동주택,공동주택(아파트),720,0,13,0,19146.954,767,0,0,0,0,504,5796,242,3024.5,,,,,,,,,0,,0,0,,0,,0,20240404
경기도 수원시 권선구 고색동 373번지,41113,12800,0,0373,0000,1084181330,1,일반,1,총괄표제부,1,신대장,,,,,,0,,,0,,,0,110.26,0,110.26,110.26,0,01000,단독주택,단독주택,0,5,5,0,0,0,0,0,0,0,0,0,0,0,,,,,,,,,0,,0,0,,0,,0,20220909
경기도 수원시 권선구 고색동 374번지,41113,12800,0,0374,0000,1084181331,1,일반,1,총괄표제부,1,신대장,,,,,,0,,,0,,,0,484.08,0,484.08,484.08,0,01000,단독주택,단독주택,0,6,8,0,0,0,0,0,0,0,0,0,0,0,,,,,,,,,0,,0,0,,0,,0,20220909
경기도 수원시 권선구 고색동 375-1번지,41113,12800,0,0375,0001,1084181332,1,일반,1,총괄표제부,1,신대장,경기도 수원시 권선구 고산로27번길 33 (고색동),,,,,0,411134325041,12801,0,33,0,0,204.88,0,397.81,324.28,0,01000,단독주택,단독주택,0,5,2,0,0,0,0,0,0,0,0,0,0,0,,,,,,,,,0,,0,0,,0,,0,20220909
경기도 수원시 권선구 고색동 377번지,41113,12800,0,0377,0000,1084181333,1,일반,1,총괄표제부,1,신대장,,,,,,0,,,0,,,0,85.95,0,85.95,85.95,0,01000,단독주택,단독주택,0,2,2,0,0,0,0,0,0,0,0,0,0,0,,,,,,,,,0,,0,0,,0,,0,20220909
경기도 수원시 권선구 고색동 380-11번지,41113,12800,0,0380,0011,1084181335,1,일반,1,총괄표제부,1,신대장,경기도 수원시 권선구 매송고색로676번길 7-3 (고색동),,,,,0,411134325208,12801,0,7,3,0,81.04,0,83.04,83.04,0,01000,단독주택,단독주택,0,2,2,0,0,0,0,0,0,0,0,0,0,0,,,,,,,,,0,,0,0,,0,,0,20220909
경기도 수원시 권선구 고색동 386-10번지,41113,12800,0,0386,0010,1084181336,1,일반,1,총괄표제부,1,신대장,경기도 수원시 권선구 매송고색로 687 (고색동),,,,,2,411133012003,12802,0,687,0,0,127.12,0,222.52,200.92,0,03000,제1종근린생활시설,단독주택,0,2,2,0,0,0,0,0,0,0,0,0,0,0,,,,,,,,,0,,0,0,,0,,0,20220909
경기도 수원시 권선구 고색동 389번지,41113,12800,0,0389,0000,1084181337,1,일반,1,총괄표제부,1,신대장,,,,,,0,,,0,,,0,57.88,0,57.88,57.88,0,01000,단독주택,단독주택,0,2,2,0,0,0,0,0,0,0,0,0,0,0,,,,,,,,,0,,0,0,,0,,0,20220909
경기도 수원시 권선구 고색동 392-2번지,41113,12800,0,0392,0002,10841100463581,2,집합,1,총괄표제부,1,신대장,경기도 수원시 권선구 고색로 9 (고색동),"ANO예담채 고색2차 A,B",,,,0,411133175003,12801,0,9,,678,403.17,59.46,1317.95,1317.95,194.39,02000,공동주택,공동주택(도시형생활주택 단지형다세대주택),20,0,2,0,0,20,0,0,0,0,0,0,20,185.4,20200814,20200831,20210215,2020,3760030,건축과,1101,1101,0,,0,0,,0,,0,20220909
경기도 수원시 권선구 고색동 397-2번지,41113,12800,0,0397,0002,1084181338,1,일반,1,총괄표제부,1,신대장,경기도 수원시 권선구 고색로18번길 28 (고색동),,,,,0,411134325047,12801,0,28,0,0,202.6,0,266.2,266.2,0,01000,단독주택,단독주택,0,2,2,0,0,0,0,0,0,0,0,0,0,0,,,,,,,,,0,,0,0,,0,,0,20220909
경기도 수원시 권선구 고색동 397-5번지,41113,12800,0,0397,0005,10841100490265,2,집합,1,총괄표제부,1,신대장,,예담채 고색4차,,,,1,,,0,,,531,269.22,50.7,1061.25,1061.25,199.86,02000,공동주택,"도시형생활주택[단지형다세대주택(12세대)-A동(8세대),B동(4세대)]",12,0,2,0,0,12,0,0,0,0,0,0,12,148.2,20220216,20220228,20220819,2022,3760030,건축과,1101,1101,0,,0,0,,0,,0,20220909
경기도 수원시 권선구 고색동 397-6번지,41113,12800,0,0397,0006,1084181277,1,일반,1,총괄표제부,0,구대장,경기도 수원시 권선구 고색로14번길 13 (고색동),,,,,0,411134325046,12801,0,13,0,485,201.87,41.62,660.06,507.33,104.6,01000,단독주택,"다가구주택(11가구), 근린생활시설",0,11,2,0,0,4,0,0,0,0,0,0,4,46,,,,,,,,,0,,0,0,,0,,0,20220909
경기도 수원시 권선구 고색동 408-2번지,41113,12800,0,0408,0002,1084181339,1,일반,1,총괄표제부,1,신대장,,,,,,0,,,0,,,0,265.14,0,265.14,265.14,0,21000,동물및식물관련시설,동.식물관련시설,0,1,5,0,0,0,0,0,0,0,0,0,0,0,,,,,,,,,0,,0,0,,0,,0,20220909
경기도 수원시 권선구 고색동 426-1번지,41113,12800,0,0426,0001,10841100305807,1,일반,1,총괄표제부,1,신대장,,,,,,0,,,0,,,1685,329.6,19.56,329.6,329.6,19.56,03000,제1종근린생활시설,제1종근린생활시설(소매점),0,0,2,0,0,2,0,0,0,0,0,0,2,23,20130702,20140522,20140704,2013,3760030,건축과,1102,1102,0,,0,0,,0,,0,20220909
경기도 수원시 권선구 고색동 464-1번지,41113,12800,0,0464,0001,10841100254854,1,일반,1,총괄표제부,1,신대장,경기도 수원시 권선구 오목천로 153 (고색동),고색동 464-1 제1종근린생활시설 (김미경),,,,1,411133175037,12801,0,153,,948,169.92,17.92,169.92,169.92,17.92,04000,제2종근린생활시설,"제2종근린생활시설(일반음식점),단독주택",0,1,2,1,4.08,4,0,0,0,0,0,0,4,46,20111020,20111020,20120323,2011,3760030,건축과,1101,1101,0,,0,0,,0,,0,20220909
경기도 수원시 권선구 고색동 885-10번지,41113,12800,0,0885,0010,1000000000000004901855,1,일반,1,총괄표제부,1,신대장,,동화플러스,,,,0,,,0,,,2867,566,19.74,633.07,633.07,22.08,04000,제2종근린생활시설,제2종근린생활시설,0,0,2,0,0,4,0,0,0,0,0,0,4,50,20240618,20240805,20241230,2024,3760030,건축과,1101,1101,0,,0,0,,0,,0,20251114
경기도 수원시 권선구 고색동 886-1번지,41113,12800,0,0886,0001,10841100174114,1,일반,1,총괄표제부,1,신대장,경기도 수원시 권선구 서부로 1644 (고색동),고색동886-1근생신축공사,,,,0,411133012005,12801,0,1644,,1985,395.16,19.91,445.12,445.12,22.42,03000,제1종근린생활시설,소매점,0,0,2,0,0,3,0,0,0,0,0,0,3,34.5,20060412,20070328,20071231,2006,3760030,건축과,1101,1101,0,,0,0,,0,,0,20220909
경기도 수원시 권선구 고색동 886-83번지,41113,12800,0,0886,0083,1084181288,2,집합,1,총괄표제부,1,신대장,경기도 수원시 권선구 매송고색로673번길 11 (고색동),고색1차태산아파트,,,,1,411134325207,12801,0,11,,20908,17594.24,84.15,76609.97,55061.7,265.34,02000,공동주택,공동주택(아파트),639,0,8,7,12569.99,651,0,0,0,0,529,0,122,0,,,,,,,,,0,,0,0,,0,,0,20240318
경기도 수원시 권선구 고색동 887-38번지,41113,12800,0,0887,0038,1084181340,1,일반,1,총괄표제부,1,신대장,경기도 수원시 권선구 매송고색로711번길 77 (고색동),,,,,0,411134325211,12801,0,77,,0,383.9,0,383.9,383.9,0,02000,공동주택,공동주택,0,1,2,0,0,0,0,0,0,0,0,0,0,0,,,,,,,,,0,,0,0,,0,,0,20260209
경기도 수원시 권선구 고색동 887-48번지,41113,12800,0,0887,0048,10841100310107,2,집합,1,총괄표제부,1,신대장,,,,,,0,,,0,,,612,353.44,57.75,1211.12,1211.12,197.9,02000,공동주택,공동주택(도시형생활주택 단지형다세대),16,0,2,0,0,16,0,0,0,0,6,69.7,10,115,20140317,20140325,20140903,2014,3760030,건축과,1101,1101,0,,0,0,,0,,0,20220909
경기도 수원시 권선구 고색동 887-56번지,41113,12800,0,0887,0056,1084181289,2,집합,1,총괄표제부,0,구대장,경기도 수원시 권선구 매송고색로691번길 9 (고색동),고색2차태산아파트,,,,0,411134325209,12801,0,9,0,16845,3669.81,21.78,51463.34,38271.58,227.19,02000,공동주택,공동주택(아파트),450,0,8,9,11560.51,465,0,0,0,0,338,0,127,0,,,,,,,,,0,,0,0,,0,,0,20240731
경기도 수원시 권선구 고색동 887-59번지,41113,12800,0,0887,0059,1084181280,1,일반,1,총괄표제부,0,구대장,경기도 수원시 권선구 매송고색로 681 (고색동),고색초등학교,,,,5,411133012003,12802,0,681,,23819,3429.21,14.4,9254.31,9254.31,38.85,10000,교육연구시설,교육연구시설,0,0,2,4,1453.19,0,0,0,0,0,0,0,47,540.5,,,,,,,,,0,,0,0,,0,,0,20220909
경기도 수원시 권선구 고색동 888-33번지,41113,12800,0,0888,0033,1084180791,1,일반,1,총괄표제부,1,신대장,경기도 수원시 권선구 권선로264번길 40 (고색동),,,,,0,411134325094,12801,0,40,,1061,424,39.96,424,424,39.96,04000,제2종근린생활시설,제2종근린생활시설,0,0,2,0,0,3,0,0,0,0,0,0,3,34.5,20040702,20040709,20041018,2004,3760030,건축과,1101,1101,0,,0,0,,0,,0,20220909
경기도 수원시 권선구 고색동 888-89번지,41113,12800,0,0888,0089,1084181281,1,일반,1,총괄표제부,0,구대장,경기도 수원시 권선구 권선로264번길 80 (고색동),"1,2동",,,,0,411134325094,12801,0,80,,780,311.86,39.98,309.98,309.98,39.74,04000,제2종근린생활시설,"제2종근린생활시설,창고시설",0,1,3,0,0,0,0,0,0,0,0,0,3,34.5,,,,,,,,,0,,0,0,,0,,0,20250212
경기도 수원시 권선구 고색동 888-92번지,41113,12800,0,0888,0092,1084180802,1,일반,1,총괄표제부,1,신대장,경기도 수원시 권선구 매송고색로711번길 50 (고색동),고색중학교,,,,1,411134325211,12801,0,50,,13647,2549.25,18.68,7987.92,7411.38,54.31,10000,교육연구시설,교육연구및복지시설,0,0,2,0,0,40,0,0,0,0,0,0,40,470,,,,,,,,,0,,0,0,,0,,0,20220909
경기도 수원시 권선구 고색동 888-164번지,41113,12800,0,0888,0164,10841100218020,1,일반,1,총괄표제부,1,신대장,경기도 수원시 권선구 서둔로 15-10 (고색동),,,,,0,411133175024,12801,0,15,10,265,138.6,52.3,360.18,360.18,135.92,01000,단독주택,단독주택외1,0,3,2,0,0,0,0,0,0,0,0,0,0,0,,,,,,,,,0,,0,0,,0,,0,20220909
경기도 수원시 권선구 고색동 889-2번지,41113,12800,0,0889,0002,10841100211217,1,일반,1,총괄표제부,1,신대장,경기도 수원시 권선구 권선로264번길 41 (고색동),,,,,0,411134325094,12801,0,41,0,941,279.57,29.71,358.27,346.12,36.78,01000,단독주택,단독주택외1,0,0,2,0,0,0,0,0,0,0,0,0,0,0,,,,,,,,,0,,0,0,,0,,0,20220909
경기도 수원시 권선구 고색동 889-59번지,41113,12800,0,0889,0059,1084181343,1,일반,1,총괄표제부,1,신대장,경기도 수원시 권선구 서둔로39번길 12 (고색동),,,,,0,411134325261,12801,0,12,0,0,76.04,0,76.04,76.04,0,01000,단독주택,단독주택,0,2,2,0,0,0,0,0,0,0,0,0,0,0,,,,,,,,,0,,0,0,,0,,0,20220909
경기도 수원시 권선구 고색동 890-15번지,41113,12800,0,0890,0015,10841100423353,1,일반,1,총괄표제부,1,신대장,경기도 수원시 권선구 매송고색로711번길 13-4 (고색동),,,,,0,411134325211,12801,0,13,4,188,109.64,58.31,109.64,109.64,58.31,01000,단독주택,단독주택,0,1,2,0,0,1,0,0,0,0,0,0,1,11.5,,,,,,,,,0,,0,0,,0,,0,20220909
경기도 수원시 권선구 고색동 890-20번지,41113,12800,0,0890,0020,10841100284782,2,집합,1,총괄표제부,1,신대장,,태양해피빌,,,,0,,,0,,,678,369.79,54.54,1154.68,1154.68,170.31,02000,공동주택,공동주택,14,0,2,0,0,14,0,0,0,0,0,0,14,161.7,20130319,20130329,20130923,2013,3760030,건축과,1101,1101,0,,0,0,,0,,0,20220909
경기도 수원시 권선구 고색동 890-53번지,41113,12800,0,0890,0053,1084181282,1,일반,1,총괄표제부,0,구대장,경기도 수원시 권선구 매송고색로711번길 9 (고색동),,,,,0,411134325211,12801,0,9,,272,145.34,53.43,322.52,232.38,85.43,03000,제1종근린생활시설,근린생활시설,0,0,2,0,0,0,0,0,0,0,0,0,0,0,,,,,,,,,0,,0,0,,0,,0,20220909
경기도 수원시 권선구 고색동 890-191번지,41113,12800,0,0890,0191,1084181346,1,일반,1,총괄표제부,1,신대장,경기도 수원시 권선구 매송고색로721번길 26 (고색동),,,,,0,411134325212,12801,0,26,,0,201.43,0,524.7,482.43,0,11000,노유자시설,교육연구시설,0,1,2,0,0,0,0,0,0,0,0,0,0,0,,,,,,,,,0,,0,0,,0,,0,20220909
경기도 수원시 권선구 고색동 894-6번지,41113,12800,0,0894,0006,10841100176589,1,일반,1,총괄표제부,1,신대장,경기도 수원시 권선구 서부로 1652 (고색동),,,,,0,411133012005,12801,0,1652,,3735,664.71,17.8,1568.66,1568.66,42,20000,자동차관련시설,"자동차관련시설, 제1종근린생활시설",0,0,2,0,0,39,0,0,0,0,0,0,39,466,20060711,20061204,20080428,2006,3760030,건축과,1101,1101,0,,0,0,,0,,0,20220909
경기도 수원시 권선구 고색동 896-28번지,41113,12800,0,0896,0028,1084180704,1,일반,1,총괄표제부,1,신대장,,탑동물류창고,,,,5,,,0,,,4352,801.84,18.42,801.84,801.84,18.42,18000,창고시설,창고시설외1,0,0,2,0,0,10,0,0,0,0,0,0,10,115,20030527,20030623,20031217,2003,3760002,생활민원과,1101,1101,0,,0,0,,0,,0,20220909
경기도 수원시 권선구 고색동 897-7번지,41113,12800,0,0897,0007,10841100206534,1,일반,1,총괄표제부,1,신대장,경기도 수원시 권선구 매송고색로 595-42 (고색동),,,,,1,411133012003,12802,0,595,42,5544,404,7.28,404,404,7.28,14000,업무시설,공공업무시설,0,0,2,0,0,10,0,0,0,0,0,0,10,115,19970814,19971015,19980416,1997,3760000,권선구,5100,5100,0,,0,0,,0,,0,20220909
경기도 수원시 권선구 고색동 908번지,41113,12800,0,0908,0000,1000000000000002849701,1,일반,1,총괄표제부,1,신대장,,,,,,0,,,0,,,2048,393.65,19.22,518.3,518.3,25.31,01000,단독주택,다가구주택,0,3,2,0,0,15,0,0,0,0,0,0,15,187.5,20230112,20230227,20231218,2023,3760030,건축과,1101,1101,0,,0,0,,0,,0,20231222
경기도 수원시 권선구 고색동 908-2번지,41113,12800,0,0908,0002,10841100323500,1,일반,1,총괄표제부,1,신대장,,,,,,0,,,0,,,4298,842.5,19.6,1336.54,1336.54,31.1,04000,제2종근린생활시설,제1종근린생활시설,0,0,2,0,0,10,0,0,0,0,0,0,10,120,20140902,20141017,20150612,2014,3760030,건축과,1101,1101,0,,0,0,,0,,0,20220909
경기도 수원시 권선구 고색동 908-4번지,41113,12800,0,0908,0004,10841100473531,1,일반,1,총괄표제부,1,신대장,경기도 수원시 권선구 매송고색로 634-24 (고색동),,,,,0,411133012003,12802,0,634,24,1488,296.64,19.94,296.64,296.64,19.94,03000,제1종근린생활시설,제1종근린생활시설(소매점) 외1,0,0,2,0,0,3,0,0,0,0,0,0,3,45,20210419,20210429,20210913,2021,3760030,건축과,1101,1101,0,,0,0,,0,,0,20220909
경기도 수원시 권선구 고색동 911-4번지,41113,12800,0,0911,0004,1000000000000007097946,1,일반,1,총괄표제부,1,신대장,,고색동 911-4 자동차관련시설 (이화항공여행사주식회사),,,,3,,,0,,,6724,389,5.78,556.88,556.88,8.28,20000,자동차관련시설,차고,0,0,2,0,0,59,0,0,0,0,0,0,59,1936.7,20250425,20250526,20260225,2025,3760030,건축과,1102,1102,0,,0,0,,0,,0,20260304
경기도 수원시 권선구 고색동 912-3번지,41113,12800,0,0912,0003,10841100344320,1,일반,1,총괄표제부,1,신대장,,,,,,0,,,0,,,1820,361,19.84,361,361,19.84,04000,제2종근린생활시설,제2종근신생활시설(사무소),0,0,2,0,0,3,0,0,0,0,0,0,3,34.5,20150917,20151017,20160422,2015,3760030,건축과,1101,1101,0,,0,0,,0,,0,20220909
경기도 수원시 권선구 고색동 914-14번지,41113,12800,0,0914,0014,10841100336637,1,일반,1,총괄표제부,1,신대장,,,,,,0,,,0,,,2283,455,19.93,981.65,981.65,43,03000,제1종근린생활시설,제1종근린생활시설(소매점),0,0,2,0,0,7,0,0,0,0,0,0,7,85.5,20150617,20150626,20151029,2015,3760030,건축과,1101,1101,0,,0,0,,0,,0,20220909
경기도 수원시 권선구 고색동 914-22번지,41113,12800,0,0914,0022,10841100443791,1,일반,1,총괄표제부,1,신대장,,,,,,0,,,0,,,1494,297.6,19.92,358.8,358.8,24.02,03000,제1종근린생활시설,소매점,0,0,2,0,0,3,0,0,0,0,0,0,3,37.5,20190827,20191010,20200116,2019,3760030,건축과,1101,1101,0,,0,0,,0,,0,20220909
경기도 수원시 권선구 고색동 914-38번지,41113,12800,0,0914,0038,10841100389334,1,일반,1,총괄표제부,1,신대장,,,,,,0,,,0,0,0,3114,621.4,19.96,859.85,859.85,27.61,04000,제2종근린생활시설,제2종근린생활시설,0,0,2,0,0,6,0,0,0,0,0,0,6,69,,,,,,,,,0,,0,0,,0,,0,20220909
경기도 수원시 권선구 고색동 914-42번지,41113,12800,0,0914,0042,10841100336297,1,일반,1,총괄표제부,1,신대장,,,,,,0,,,0,,,1679,332,19.77,332,332,19.77,03000,제1종근린생활시설,제1종근린생활시설,0,0,2,0,0,6,0,0,0,0,0,0,6,69,20150501,20150604,20151019,2015,3760030,건축과,1101,1101,0,,0,0,,0,,0,20220909
경기도 수원시 권선구 고색동 915번지,41113,12800,0,0915,0000,1084180809,2,집합,1,총괄표제부,1,신대장,경기도 수원시 권선구 고색로 8 (고색동),우림필유,,,,0,411133175003,12801,0,8,,20913.9,4511.211,21.57,62821.374,51865.297,247.994,02000,공동주택,공동주택외2,488,0,11,4,10972.277,505,0,0,0,0,329,10605.082,176,2104,20030819,20031001,20050930,2003,,,2101,2101,0,,0,0,,0,,0,20220909
경기도 수원시 권선구 고색동 936번지,41113,12800,0,0936,0000,1084181049,1,일반,1,총괄표제부,1,신대장,경기도 수원시 권선구 산업로92번길 67 (고색동),대진정공,,,,0,411134325229,12801,0,67,,2522.1,1462.98,58.01,1648.18,1648.18,65.35,17000,공장,공장,0,0,2,0,0,9,0,0,0,0,0,0,9,103.5,20061110,20061130,20070425,2006,3760030,건축과,1101,1101,0,,0,0,,0,,0,20220909
경기도 수원시 권선구 고색동 964번지,41113,12800,0,0964,0000,10841100200546,1,일반,1,총괄표제부,1,신대장,경기도 수원시 권선구 오목천로132번길 16 (고색동),고색동 964 공장 (주식회사 브리지파워),,,,0,411134325388,12801,0,16,,5395.9,2389.62,44.29,5842.22,5842.22,108.27,17000,공장,,0,0,3,0,0,30,0,0,0,0,0,0,30,363.1,20070806,20080110,20080925,2007,3740058,건축과,1101,1101,0,,0,0,,0,,0,20220909
경기도 수원시 권선구 고색동 965번지,41113,12800,0,0965,0000,10841100230074,1,일반,1,총괄표제부,1,신대장,,커민스필터주식회사,,,,0,,,0,,,5946.1,3713.13,62.44,4963.1,4963.1,83.47,17000,공장,공장,0,0,5,0,0,23,0,0,0,0,0,0,23,273.5,20110222,20110303,20110811,2011,3760030,건축과,1102,1102,0,,0,0,,0,,0,20220909
경기도 수원시 권선구 고색동 977번지,41113,12800,0,0977,0000,10841100200784,1,일반,1,총괄표제부,1,신대장,,(주)세원하이텍,,,,0,,,0,,,3827.6,2776.62,72.54,3544.12,3544.12,92.59,17000,공장,,0,0,3,0,0,15,0,0,0,0,0,0,15,179.5,20071126,20071205,20081010,2007,3740058,건축과,1101,1101,0,,0,0,,0,,0,20220909
경기도 수원시 권선구 고색동 986번지,41113,12800,0,0986,0000,10841100222245,2,집합,1,총괄표제부,1,신대장,경기도 수원시 권선구 권선로 308-18 (고색동),수원종합공구단지,,,,0,411133175010,12803,0,308,18,53173.3,10574.3,19.89,35065.75,23295.08,43.81,07000,판매시설,판매시설외1,0,0,25,3,827,522,0,0,0,0,285,3277.5,237,2725.5,20060324,20060921,20071031,2006,3760030,건축과,1101,1101,0,,0,0,,0,,0,20220909
경기도 수원시 권선구 고색동 987-6번지,41113,12800,0,0987,0006,10841100336121,1,일반,1,총괄표제부,1,신대장,경기도 수원시 권선구 산업로92번길 76 (고색동),,,,,0,411134325229,12801,0,76,0,1888,1022.44,54.15,3197.11,3197.11,169.34,17000,공장,공장,0,0,2,0,0,16,0,0,0,0,0,0,16,0,20150206,20150312,20151012,2015,3760030,건축과,1102,1102,0,,0,0,,0,,0,20220909
경기도 수원시 권선구 고색동 987-8번지,41113,12800,0,0987,0008,10841100225072,1,일반,1,총괄표제부,1,신대장,경기도 수원시 권선구 산업로92번길 88 (고색동),(주)아롱엘텍,,,,0,411134325229,12801,0,88,,1888,820.35,43.45,1633.05,1633.05,86.5,17000,공장,일반공장/구내식당,0,0,2,0,0,21,0,0,0,0,0,0,21,246.5,20100112,20100224,20100913,2010,3760030,건축과,1102,1102,0,,0,0,,0,,0,20220909
경기도 수원시 권선구 고색동 987-14번지,41113,12800,0,0987,0014,10841100488411,1,일반,1,총괄표제부,1,신대장,,,,,,0,,,0,,,2653.5,1658.49,62.5,3737.75,3637.21,137.07,17000,공장,공장,0,0,2,1,52.82,22,0,0,0,0,18,665.09,4,58,20210913,20211004,20220706,2021,3760030,건축과,1102,1102,0,,0,0,,0,,0,20220909
경기도 수원시 권선구 고색동 989-2번지,41113,12800,0,0989,0002,10841100227513,1,일반,1,총괄표제부,1,신대장,경기도 수원시 권선구 서부로 1433-17 (고색동),림스케이블(주) 수원공장,,,,0,411133012005,12801,0,1433,17,3204,2170.3,67.74,4349.44,4335.96,135.33,17000,공장,물품제조시설,0,0,2,0,0,20,0,0,0,0,20,235,0,0,20101228,20101230,20110426,2010,3740194,주택건축과,1102,1102,0,,0,0,,0,,0,20220909
경기도 수원시 권선구 고색동 996번지,41113,12800,0,0996,0000,10841100312820,1,일반,1,총괄표제부,1,신대장,,,,,,0,,,0,,,8682.7,5056.46,58.24,24757.4,17920.54,206.39,17000,공장,공장,0,0,2,1,17.1,134,0,0,0,0,127,0,7,0,20130814,20130924,20141110,2013,3740194,주택건축과,1101,1101,0,,0,0,,0,,0,20220909
경기도 수원시 권선구 고색동 997번지,41113,12800,0,0997,0000,10841100338760,1,일반,1,총괄표제부,1,신대장,,고색동 9970000 공장 (주식회사로보스타),,,,0,,,0,,,7419.9,4033.92,54.37,11630.22,8963.34,120.8,17000,공장,,0,0,2,1,26.84,113,0,0,0,0,59,678.5,54,732.5,20150217,20150309,20151214,2015,3740282,건축과,1101,1101,0,,0,0,,0,,0,20220909
경기도 수원시 권선구 고색동 1008번지,41113,12800,0,1008,0000,10841100320933,1,일반,1,총괄표제부,1,신대장,,(주)래피젠,,,,0,,,0,,,7609.2,2767.34,36.37,10814.86,10814.86,142.13,17000,공장,공장,0,0,2,0,0,49,0,0,0,0,0,0,49,579,20140409,20140513,20150327,2014,3740258,건축과,1101,1101,0,,0,0,,0,,0,20220909
경기도 수원시 권선구 고색동 1010번지,41113,12800,0,1010,0000,10841100286666,1,일반,1,총괄표제부,1,신대장,,엘림광통신(주) 수원공장,,,,0,,,0,,,1999.3,1138.42,56.94,4341.68,4341.68,217.16,17000,공장,,0,0,2,0,0,23,0,0,0,0,0,0,23,0,20130320,20130408,20131101,2013,3740194,주택건축과,1101,1101,0,,0,0,,0,,0,20220909
경기도 수원시 권선구 고색동 1014번지,41113,12800,0,1014,0000,10841100356416,1,일반,1,총괄표제부,1,신대장,,경일산업(주),,,,0,,,0,,,4455.7,2187.61,49.1,7075.75,7075.75,158.8,17000,공장,공장,0,0,2,0,0,34,0,0,0,0,0,0,34,401,,,,,,,,,0,,0,0,,0,,0,20220909
경기도 수원시 권선구 고색동 1016번지,41113,12800,0,1016,0000,10841100433916,1,일반,1,총괄표제부,1,신대장,,수원동희산업공장,,,,0,,,,,,16177.3,6019.8,37.2114,18165.97,17603.03,108.8132,17000,공장,,0,0,2,3,790.2,91,0,0,0,0,0,0,91,1099,20141015,20160201,20190704,2014,3740282,건축과,1101,1101,0,,0,0,,0,,0,20231128
경기도 수원시 권선구 고색동 1020번지,41113,12800,0,1020,0000,1000000000000001456558,1,일반,1,총괄표제부,1,신대장,경기도 수원시 권선구 산업로155번길 110 (고색동),고색동 1020 공장(익스팬테크),,,,0,411134430285,12801,0,110,,2940.4,1657.6,56.37,2317.6,2317.6,78.82,17000,공장,기타공장,0,0,2,0,0,11,0,0,0,0,0,0,11,137.5,,,,,,,,,0,,0,0,,0,,0,20230317
경기도 수원시 권선구 고색동 1024번지,41113,12800,0,1024,0000,1000000000000003673321,1,일반,1,총괄표제부,1,신대장,경기도 수원시 권선구 산업로155번길 228-60 (고색동),엔트리연구소,,,,0,411134430285,12801,0,228,60,3067.1,2120.04,69.121971,5853.36,5853.36,190.84346,17000,공장,,0,0,2,0,0,27,0,0,0,0,0,0,27,329.6,20230116,20230306,20240508,2023,3740282,건축과,1102,1102,0,,0,0,,0,,0,20240509
경기도 수원시 권선구 고색동 1029번지,41113,12800,0,1029,0000,10841100323628,1,일반,1,총괄표제부,1,신대장,,(주)지오닉스,,,,0,,,0,,,2669.3,1021.53,38.27,1988.67,1988.67,74.5,17000,공장,공장,0,0,2,0,0,10,0,0,0,0,0,0,10,120,20141229,20150225,20150617,2014,3760030,건축과,1101,1101,0,,0,0,,0,,0,20220909
경기도 수원시 권선구 고색동 1030번지,41113,12800,0,1030,0000,10841100453451,1,일반,1,총괄표제부,1,신대장,경기도 수원시 권선구 산업로 195-58 (고색동),,,,,0,411133175021,12801,0,195,58,2448.2,1181.87,48.28,2722.38,2722.38,111.2,17000,공장,공장,0,0,2,0,0,13,0,0,0,0,0,0,13,426.57,,,,2020,3740282,건축과,1102,1102,0,,0,0,,0,,0,20220909
경기도 수원시 권선구 고색동 1035번지,41113,12800,0,1035,0000,10841100354880,1,일반,1,총괄표제부,1,신대장,,(주)피앤이솔루션,,,,0,,,0,,,9903.7,5498.3,55.52,16873.14,16873.14,170.37,17000,공장,,0,0,3,0,0,77,0,0,0,0,0,0,77,0,,,,,,,,,0,,0,0,,0,,0,20220909
경기도 수원시 권선구 고색동 1039번지,41113,12800,0,1039,0000,10841100339179,1,일반,1,총괄표제부,1,신대장,,,,,,0,,,0,,,0,0,0,0,0,0,,,,0,0,0,0,0,0,0,0,0,0,0,0,0,0,,,,,,,,,0,,0,0,,0,,0,20220909
경기도 수원시 권선구 고색동 1041번지,41113,12800,0,1041,0000,10841100313727,1,일반,1,총괄표제부,1,신대장,,(주)동아엘텍 수원공장,,,,0,,,0,,,2912,2035.69,69.89,4717.89,4717.89,161.98,17000,공장,공장,0,0,1,1,15.66,21,0,0,0,0,0,0,21,0,20130520,20130805,20141128,2013,3740194,주택건축과,1101,1101,0,,0,0,,0,,0,20220909
경기도 수원시 권선구 고색동 1047번지,41113,12800,0,1047,0000,10841100284463,1,일반,1,총괄표제부,1,신대장,,더좋은생활주식회사,,,,0,,,0,,,3414.3,1550.87,45.42,6375.48,6375.48,186.73,17000,공장,,0,0,2,0,0,34,0,0,0,0,0,0,34,391,20121128,20130113,20130911,2012,3740194,주택건축과,1101,1101,0,,0,0,,0,,0,20220909
경기도 수원시 권선구 고색동 1056번지,41113,12800,0,1056,0000,10841100439205,1,일반,1,총괄표제부,1,신대장,,1,,,,0,,,0,,,16013.9,6749.01,42.14,28854.13,28854.13,180.18,17000,공장,,0,0,2,0,0,180,0,0,0,0,0,0,180,2451.76,20171114,20171127,20191001,2017,3740058,건축과,1101,1101,0,,0,0,,0,,0,20220909
경기도 수원시 권선구 고색동 1059번지,41113,12800,0,1059,0000,10841100421590,1,일반,1,총괄표제부,1,신대장,경기도 수원시 권선구 산업로155번길 199 (고색동),수원 레이몰드(주)공장,,,,0,411134430285,12801,0,199,,8534.5,4278.05,50.13,4845.56,4845.56,56.78,17000,공장,공장,0,0,3,1,21.6,23,0,0,0,0,0,0,23,269.5,,,,,,,,,0,,0,0,,0,,0,20220909
경기도 수원시 권선구 고색동 1064번지,41113,12800,0,1064,0000,10841100312825,1,일반,1,총괄표제부,1,신대장,,(주)파코엔지니어링,,,,0,,,0,,,6600.2,2812.96,42.62,4104.44,4104.44,62.19,17000,공장,공장,0,0,3,0,0,38,0,0,0,0,0,0,38,447,20140507,20140520,20141106,2014,3740258,건축과,1101,1101,0,,0,0,,0,,0,20220909
경기도 수원시 권선구 고색동 1065번지,41113,12800,0,1065,0000,10841100339155,1,일반,1,총괄표제부,1,신대장,,고색동 1065 공장 ((주)베셀),,,,0,,,0,,,6599.8,4091.38,61.99,9722.26,9722.26,147.31,17000,공장,,0,0,2,0,0,57,0,0,0,0,0,0,57,665.5,20150518,20150723,20151230,2015,3740282,건축과,1101,1101,0,,0,0,,0,,0,20220909
경기도 수원시 권선구 고색동 1066번지,41113,12800,0,1066,0000,10841100299727,1,일반,1,총괄표제부,1,신대장,,(주)선익시스템 수원공장,,,,0,,,0,,,7500.2,5233.72,69.78,7203.49,7203.49,96.04,17000,공장,(일반공장),0,0,1,1,42,33,0,0,0,0,0,0,33,0,20130604,20130722,20140303,2013,3740194,주택건축과,1101,1101,0,,0,0,,0,,0,20220909
경기도 수원시 권선구 고색동 1068번지,41113,12800,0,1068,0000,10841100358286,1,일반,1,총괄표제부,1,신대장,,대성 후드텍 수원공장,,,,0,,,0,,,6600.3,3987.8,60.42,6902.74,6902.74,104.58,17000,공장,공장,0,0,2,0,0,32,0,0,0,0,0,0,32,373,,20160617,20161228,2016,3740282,건축과,1102,1102,0,,0,0,,0,,0,20220909
경기도 수원시 권선구 고색동 1070번지,41113,12800,0,1070,0000,10841100294929,1,일반,1,총괄표제부,1,신대장,,(주)신진정밀,,,,0,,,0,,,11527.2,7551.86,65.51,14195.71,14180.89,123.02,17000,공장,공장,0,0,4,0,0,65,0,0,0,0,65,0,0,0,20130108,20130122,20140124,2013,3740194,주택건축과,1101,1101,0,,0,0,,0,,0,20220909
경기도 수원시 권선구 고색동 1073번지,41113,12800,0,1073,0000,10841100313647,1,일반,1,총괄표제부,1,신대장,,,,,,0,,,0,,,5589.1,3679.76,65.84,5762.52,5762.52,103.1,17000,공장,공장,0,0,2,0,0,26,0,0,0,0,0,0,26,309,20131231,20140315,20141126,2013,3740194,주택건축과,1101,1101,0,,0,0,,0,,0,20220909
경기도 수원시 권선구 고색동 1081번지,41113,12800,0,1081,0000,10841100383263,1,일반,1,총괄표제부,1,신대장,,(주)타이닉스,,,,0,,,0,0,0,4068.4,2341.66,57.56,4742.31,4742.31,116.57,17000,공장,공장,0,0,3,1,16.5,53,0,0,0,0,29,354.5,24,295.18,,,,,,,,,0,,0,0,,0,,0,20220909
경기도 수원시 권선구 고색동 1085번지,41113,12800,0,1085,0000,10841100283409,1,일반,1,총괄표제부,1,신대장,,범진아이엔디(주),,,,0,,,0,,,6186.8,4297.05,69.46,6156.55,6156.55,99.51,17000,공장,,0,0,2,2,72,28,0,0,0,0,0,0,28,332,20130312,20130320,20130822,2013,3740194,주택건축과,1101,1101,0,,0,0,,0,,0,20220909
경기도 수원시 권선구 고색동 1086번지,41113,12800,0,1086,0000,10841100417555,1,일반,1,총괄표제부,1,신대장,경기도 수원시 권선구 산업로 174-30 (고색동),(주)디케이텍인더스트리,,,,0,411133175021,12801,0,174,30,5310.5,3385.08,63.74,7373.58,7373.58,138.85,17000,공장,공장,0,0,2,0,0,34,0,0,0,0,0,0,34,612,,,,,,,,,0,,0,0,,0,,0,20220909
경기도 수원시 권선구 고색동 1098번지,41113,12800,0,1098,0000,10841100485131,1,일반,1,총괄표제부,1,신대장,경기도 수원시 권선구 산업로 190 (고색동),,,,,0,411133175021,12801,0,190,,2743.9,1544.65,56.29,4182.45,4182.45,152.43,17000,공장,,0,0,2,0,0,21,0,0,0,0,0,0,21,262.5,20211015,20211126,20220614,2021,3740282,건축과,1101,1101,0,,0,0,,0,,0,20220909
경기도 수원시 권선구 고색동 1101번지,41113,12800,0,1101,0000,10841100342780,1,일반,1,총괄표제부,1,신대장,,,,,,0,,,0,,,1218,610.97,50.16,743.68,743.68,61.06,20000,자동차관련시설,"자동차관련시설(정비공장,검사장)",0,0,3,0,0,8,0,0,0,0,0,0,8,92,20151109,20151119,20160315,2015,3760030,건축과,1101,1101,0,,0,0,,0,,0,20220909
경기도 수원시 권선구 고색동 1129번지,41113,12800,0,1129,0000,10841100305107,1,일반,1,총괄표제부,1,신대장,경기도 수원시 권선구 오목천로 276-1 (고색동),,,,,1,411133175037,12801,0,276,1,138326.5,3805.79,2.7513094,3507.13,3450.88,2.4947352,03000,제1종근린생활시설,제1종근린생활시설 외 1,0,0,5,0,0,49,0,0,0,0,0,0,39,468.5,20121024,20121116,20140124,,,,5100,5100,0,,0,0,,0,,0,20220909
경기도 수원시 권선구 고색동 1131번지,41113,12800,0,1131,0000,10841100349360,1,일반,1,총괄표제부,1,신대장,,신용기전,,,,0,,,0,0,0,5215,3166.52,60.72,3673.73,3673.73,70.45,17000,공장,공장,0,0,4,0,0,17,0,0,0,0,0,0,17,195.5,20160122,20160304,20160818,2016,3740282,건축과,1101,1101,0,,0,0,,0,,0,20220909
경기도 수원시 권선구 고색동 1133번지,41113,12800,0,1133,0000,10841100417026,1,일반,1,총괄표제부,1,신대장,,(주)에이앤아이 제2공장,,,,0,,,0,,,8885,6171.35,69.46,16435.2,15685.6,176.54,17000,공장,공장,0,0,2,0,0,87,0,0,0,0,0,0,87,1054.2,20170807,20170929,20181019,2017,3740282,건축과,1101,1101,0,,0,0,,0,,0,20220909
경기도 수원시 권선구 고색동 1134번지,41113,12800,0,1134,0000,10841100348824,1,일반,1,총괄표제부,1,신대장,,,,,,0,,,0,,,8896,6043.14,67.93,11663.38,11663.38,131.11,17000,공장,공장,0,0,3,0,0,54,0,0,0,0,0,0,54,618.1,20151113,20151211,20160728,2015,3740282,건축과,1101,1101,0,,0,0,,0,,0,20220909
경기도 수원시 권선구 고색동 1138번지,41113,12800,0,1138,0000,10841100355838,1,일반,1,총괄표제부,1,신대장,,,,,,0,,,0,,,5445,2818.51,51.76,7400.74,7400.74,135.92,17000,공장,공장,0,0,2,0,0,64,0,0,0,0,64,746,0,0,20151119,20160125,20161115,2015,3740282,건축과,1101,1101,0,,0,0,,0,,0,20220909
경기도 수원시 권선구 고색동 1139번지,41113,12800,0,1139,0000,10841100348960,1,일반,1,총괄표제부,1,신대장,경기도 수원시 권선구 산업로156번길 88-10 (고색동),,,,,0,411134430286,12801,0,88,10,5625,2924.52,51.99,4445.06,4445.06,79.02,17000,공장,자동차 엔진용 부품 제조업(30310),0,0,3,0,0,28,0,0,0,0,0,0,28,323.75,20151216,20160203,20160805,2015,3740282,건축과,1101,1101,0,,0,0,,0,,0,20220909
경기도 수원시 권선구 고색동 1150번지,41113,12800,0,1150,0000,1000000000000004294300,1,일반,1,총괄표제부,1,신대장,,창영테크팩,,,,0,,,0,,,1959,1435.31,73.2675,5544.98,4644.15,237.0674,17000,공장,,0,0,1,0,0,22,0,0,0,0,17,195.5,5,57.5,20240311,20240510,20240829,2024,3760030,건축과,1102,1102,0,,0,0,,0,,0,20240902
경기도 수원시 권선구 고색동 1175번지,41113,12800,0,1175,0000,1000000000000002366050,2,집합,1,총괄표제부,1,신대장,경기도 수원시 권선구 호매실로 29-9 (고색동),라움,,,,0,411133175048,12801,0,29,9,2226.7,1211.86,54.42,14847.09,11101.73,498.57,14000,업무시설,업무시설(근린생활시설 및 오피스텔),0,0,2,0,0,119,0,0,0,0,112,1288,7,80.5,20210811,20211029,20230830,,3760030,건축과,1101,1101,126,,0,0,,0,,0,20230919
경기도 수원시 권선구 고색동 1199번지,41113,12800,0,1199,0000,10841100361696,1,일반,1,총괄표제부,1,신대장,,수원시 차량등록사업소,,,,1,,,0,,,12970.6,2403.9,18.527167,4291.99,3773.59,29.083545,14000,업무시설,업무시설(차량등록사업소),0,0,3,0,0,159,0,0,0,0,0,0,159,0,,,,,,,,,0,,0,0,,0,,0,20230807
경기도 수원시 권선구 고색동 1220번지,41113,12800,0,1220,0000,1000000000000003266873,2,집합,1,총괄표제부,1,신대장,경기도 수원시 권선구 서부로1670번길 33 (고색동),수원금호리첸시아 퍼스티지 1단지,,,,0,411133354208,12801,0,33,0,15287.9,5436.2423,35.56,83614.1649,57356.5647,375.18,14000,업무시설,"업무시설(오피스텔),근린생활시설",0,0,10,0,0,621,0,0,0,0,621,21174.3055,0,0,20211105,20211214,20240216,2021,3740282,건축과,1101,1101,561,,0,68.89,,0,,0,20240226
경기도 수원시 권선구 고색동 1221번지,41113,12800,0,1221,0000,1000000000000003956970,2,집합,1,총괄표제부,1,신대장,경기도 수원시 권선구 서부로1670번길 55 (고색동),수원금호리첸시아 퍼스티지 2단지,,,,0,411133354208,12801,0,55,0,9784,2998.6269,30.6483,50963.4181,34909.9405,356.8064,14000,업무시설,"업무시설(오피스텔),근린생활시설",0,0,5,0,0,364,0,0,0,0,347,13990.1667,0,0,20211209,20211227,20240627,2021,3740282,건축과,1101,1101,315,,0,68.06,,0,,0,20240927
경기도 수원시 권선구 오목천동 11-2번지,41113,12900,0,0011,0002,1084180790,1,일반,1,총괄표제부,1,신대장,경기도 수원시 권선구 서수원로 327 (오목천동),,,,,0,411133175025,12901,0,327,,1618,226.215,13.981149,362.506,362.506,22.404573,20000,자동차관련시설,"자동차관련시설, 위험물 저장 및 처리시설",0,0,3,0,0,4,0,0,0,0,0,0,4,50,,,,2004,3760030,건축과,1201,1201,0,,0,0,,0,,0,20260320
경기도 수원시 권선구 오목천동 20번지,41113,12900,0,0020,0000,1084181348,1,일반,1,총괄표제부,1,신대장,경기도 수원시 권선구 서수원로 307 (오목천동),,,,,1,411133175025,12901,0,307,,33484,3423.96,10.23,3423.96,3423.96,10.23,07000,판매시설,판매시설,0,0,8,0,0,100,0,0,0,0,0,0,100,1150,,,,,,,,,0,,0,0,,0,,0,20220909
경기도 수원시 권선구 오목천동 29-4번지,41113,12900,0,0029,0004,1084180817,1,일반,1,총괄표제부,1,신대장,,,,,,0,,,0,,,2043,808.8,39.59,1044.6,1044.6,51.13,04000,제2종근린생활시설,제2종근린생활시설,0,0,3,0,0,8,0,0,0,0,0,0,8,92,20050616,20050803,20051216,2005,3760030,건축과,1101,1101,0,,0,0,,0,,0,20220909
경기도 수원시 권선구 오목천동 36-5번지,41113,12900,0,0036,0005,10841100368726,1,일반,1,총괄표제부,1,신대장,,온정마을 경로당,,,,0,,,0,,,476,161,33.82,161,161,33.82,03000,제1종근린생활시설,"교육연구 및 복지시설, 근린생활시설",0,0,2,0,0,0,0,0,0,0,0,0,0,0,,,,,,,,,0,,0,0,,0,,0,20220909
경기도 수원시 권선구 오목천동 37번지,41113,12900,0,0037,0000,1084180716,1,일반,1,총괄표제부,1,신대장,경기도 수원시 권선구 온정로60번길 22 (오목천동),,,,,0,411134325396,12901,0,22,,735.5,271.66,36.94,498.09,498.09,67.72,01000,단독주택,단독주택,0,14,2,1,30,3,0,0,0,0,0,0,3,34.5,19960723,19970729,19971230,599 ,3760030,건축과,1102,1102,0,,0,0,,0,,0,20220909
경기도 수원시 권선구 오목천동 38-5번지,41113,12900,0,0038,0005,10841100199465,1,일반,1,총괄표제부,1,신대장,경기도 수원시 권선구 온정로30번길 37 (오목천동),,,,,0,411134325395,12901,0,37,,2068,622.36,30.09,744.94,744.94,36.02,04000,제2종근린생활시설,,0,0,2,0,0,6,0,0,0,0,0,0,0,0,,,,,,,,,0,,0,0,,0,,0,20220909
경기도 수원시 권선구 오목천동 39-51번지,41113,12900,0,0039,0051,10841100373588,1,일반,1,총괄표제부,1,신대장,,,,,,0,,,0,,,1773,706.8,39.86,706.8,706.8,39.86,03000,제1종근린생활시설,근린생활시설,0,0,2,0,0,6,0,0,0,0,0,0,6,69,,,,,,,,,0,,0,0,,0,,0,20220909
경기도 수원시 권선구 오목천동 44-3번지,41113,12900,0,0044,0003,1084181373,1,일반,1,총괄표제부,1,신대장,경기도 수원시 권선구 온정로 39 (오목천동),국립산림과학원산림유전자원부 연구소,,,,3,411133175038,12901,0,39,,33510.165,6375.07,19.02,14840.08,12816.19,38.25,10000,교육연구시설,교육연구시설(연구소),0,0,9,1,39.34,47,0,0,0,0,47,0,0,0,,,,,,,,,0,,0,0,2,70.82,,0,20241004
경기도 수원시 권선구 오목천동 46-1번지,41113,12900,0,0046,0001,1000000000000003747216,1,일반,1,총괄표제부,1,신대장,,오목천동 46-5 제2종근린생활시설 (이정은),,,,1,,,0,,,1809,355.23,19.636815,544.46,544.46,30.097291,04000,제2종근린생활시설,사무소,0,0,2,0,0,6,0,0,0,0,0,0,6,75,20221129,20230915,20240524,2022,3760030,건축과,1102,1102,0,,0,0,,0,,0,20240524
경기도 수원시 권선구 오목천동 141-12번지,41113,12900,0,0141,0012,1084181374,1,일반,1,총괄표제부,1,신대장,경기도 수원시 권선구 서수원로 198 (오목천동),,,,,0,411133175025,12901,0,198,0,0,216.13,0,216.13,216.13,0,01000,단독주택,단독주택,0,2,3,0,0,0,0,0,0,0,0,0,0,0,,,,,,,,,0,,0,0,,0,,0,20220909
경기도 수원시 권선구 오목천동 225-2번지,41113,12900,0,0225,0002,10841100247794,1,일반,1,총괄표제부,1,신대장,,버블샤인 세차장,,,,0,,,0,,,985,69.55,7.06,69.55,69.55,7.06,20000,자동차관련시설,"근린생활시설, 자동차관련시설",0,0,2,0,0,0,0,0,0,0,0,0,0,0,20111021,20111104,20120106,2011,3760030,건축과,1201,1201,0,,0,0,,0,,0,20220909
경기도 수원시 권선구 오목천동 263-1번지,41113,12900,0,0263,0001,10841100324452,1,일반,1,총괄표제부,1,신대장,,,,,,0,,,0,0,0,1999,263.52,13.18,433.17,433.17,21.67,04000,제2종근린생활시설,제2종근린생활시설,0,0,2,0,0,3,0,0,0,0,0,0,3,34.5,20150323,20150331,20150630,2015,3760030,건축과,1101,1101,0,,0,0,,0,,0,20220909
경기도 수원시 권선구 오목천동 278번지,41113,12900,0,0278,0000,1084181046,1,일반,1,총괄표제부,1,신대장,경기도 수원시 권선구 서수원로 220 (오목천동),오현초등학교,,,,1,411133175025,12901,0,220,,11769.4,2504.94,21.28,9386.17,9386.17,79.75,10000,교육연구시설,교육연구시설,0,0,2,1,1.96,47,0,0,0,0,0,0,47,520,20050809,20050810,20061018,,,,,,0,,0,0,,0,,0,20220909
경기도 수원시 권선구 오목천동 312번지,41113,12900,0,0312,0000,1084181375,1,일반,1,총괄표제부,1,신대장,,,,,,0,,,0,,,0,164.5,0,164.5,164.5,0,01000,단독주택,단독주택,0,3,4,0,0,0,0,0,0,0,0,0,0,0,,,,,,,,,0,,0,0,,0,,0,20220909
경기도 수원시 권선구 오목천동 314-34번지,41113,12900,0,0314,0034,10841100175244,2,집합,1,총괄표제부,1,신대장,경기도 수원시 권선구 삼천병마로1598번길 28-20 (오목천동),,,,,0,411134325235,12901,0,28,20,0,300.63,0,2997.56,2747.57,0,02000,공동주택,공동주택,18,0,1,0,0,0,0,0,0,0,0,0,0,0,,,,,,,,,0,,0,0,,0,,0,20220909
경기도 수원시 권선구 오목천동 315-2번지,41113,12900,0,0315,0002,1000000000000006598429,2,집합,1,총괄표제부,1,신대장,,오목천역 더리브,,,,2,,,,,,6355,3874.69,60.97,38959.0173,25280.3643,397.8,02000,공동주택,"공동주택(아파트),근린생활시설",201,0,4,1,12750.4651,286,0,0,0,0,286,11365.0681,0,0,20220915,20230301,20251021,2022,3740282,건축과,1101,1101,0,,0,0,,0,,0,20251215
경기도 수원시 권선구 오목천동 318번지,41113,12900,0,0318,0000,1084181377,1,일반,1,총괄표제부,1,신대장,,,,,,0,,,0,,,0,90.11,0,90.11,90.11,0,01000,단독주택,단독주택,0,3,3,0,0,0,0,0,0,0,0,0,0,0,,,,,,,,,0,,0,0,,0,,0,20220909
경기도 수원시 권선구 오목천동 318-4번지,41113,12900,0,0318,0004,10841100357035,2,집합,1,총괄표제부,1,신대장,경기도 수원시 권선구 온정로9번길 9-1 (오목천동),계림빌리지 A/B 동,,,,0,411134853976,12901,0,9,1,744,368.16,49.4839,1309.8,1309.8,176.0484,02000,공동주택,공동주택(도시형생활주택-단지형다세대주택),16,0,2,0,0,16,0,0,0,0,0,0,16,189,20160205,20160503,20161207,2016,3760030,건축과,1101,1101,0,,0,0,,0,,0,20220909
경기도 수원시 권선구 오목천동 319번지,41113,12900,0,0319,0000,1084181380,1,일반,1,총괄표제부,1,신대장,,,,,,0,,,0,,,0,155.37,0,155.37,155.37,0,01000,단독주택,단독주택,0,3,4,0,0,0,0,0,0,0,0,0,0,0,,,,,,,,,0,,0,0,,0,,0,20220909
경기도 수원시 권선구 오목천동 321-20번지,41113,12900,0,0321,0020,10841100375729,1,일반,1,총괄표제부,1,신대장,,오목천동,,,,2,,,0,,,2302,560.2,24.34,999.11,999.11,43.4,04000,제2종근린생활시설,일반음식점,0,0,2,0,0,0,0,0,0,0,0,0,0,0,,,,,,,,,0,,0,0,,0,,0,20240715
경기도 수원시 권선구 오목천동 323-2번지,41113,12900,0,0323,0002,1084181365,2,집합,1,총괄표제부,0,구대장,경기도 수원시 권선구 매송고색로533번길 7 (오목천동),태산아파트,,,,2,411134325205,12901,0,7,,8519,1963.14,23.04,25853.84,24461.84,287.14,02000,공동주택,공동주택(아파트),278,0,3,4,6338.21,288,0,0,0,0,195,0,93,0,,,,,,,,,0,,0,0,,0,,0,20220909
경기도 수원시 권선구 오목천동 356-8번지,41113,12900,0,0356,0008,1084180722,1,일반,1,총괄표제부,1,신대장,경기도 수원시 권선구 매송고색로 487 (오목천동),극동산업(주) 광명충전소,,,,0,411133012003,12903,0,487,,968,183.12,18.92,183.12,183.12,18.92,19000,위험물저장및처리시설,위험물저장및처리시설,0,0,3,0,0,1,0,0,0,0,0,0,1,11.5,20040316,20040317,20040806,2004,3760030,건축과,1101,1101,0,,0,0,,0,,0,20220909
경기도 수원시 권선구 오목천동 361-2번지,41113,12900,0,0361,0002,10841100200265,1,일반,1,총괄표제부,1,신대장,경기도 수원시 권선구 매송고색로 513 (오목천동),우성주유소,,,,0,411133012003,12903,0,513,,1383,277.51,20.07,383.41,383.41,27.72,19000,위험물저장및처리시설,주유소,0,0,2,0,0,2,0,0,0,0,0,0,2,23,20070621,20070829,20080916,2007,3760030,건축과,1101,1101,0,,0,0,,0,,0,20220909
경기도 수원시 권선구 오목천동 369번지,41113,12900,0,0369,0000,1084181384,1,일반,1,총괄표제부,1,신대장,,,,,,0,,,0,,,0,69.43,0,69.43,69.43,0,07000,판매시설,단독주택,0,1,2,0,0,0,0,0,0,0,0,0,0,0,,,,,,,,,0,,0,0,,0,,0,20220909
경기도 수원시 권선구 오목천동 375-4번지,41113,12900,0,0375,0004,1084181419,2,집합,1,총괄표제부,1,신대장,경기도 수원시 권선구 삼천병마로 1587-8 (오목천동),,,,,0,411133012004,12901,0,1587,8,0,202.88,0,797.4,797.4,0,02000,공동주택,공동주택,16,0,2,0,0,0,0,0,0,0,0,0,0,0,,,,,,,,,0,,0,0,,0,,0,20220909
경기도 수원시 권선구 오목천동 378-1번지,41113,12900,0,0378,0001,1084181386,1,일반,1,총괄표제부,1,신대장,경기도 수원시 권선구 삼천병마로1597번길 33 (오목천동),,,,,0,411134325234,12901,0,33,0,681,106.05,15.572687,106.05,106.05,15.572687,01000,단독주택,단독주택,0,2,2,0,0,0,0,0,0,0,0,0,0,0,,,,,,,,,0,,0,0,,0,,0,20240718
경기도 수원시 권선구 오목천동 378-4번지,41113,12900,0,0378,0004,1084181387,1,일반,1,총괄표제부,1,신대장,경기도 수원시 권선구 삼천병마로1597번길 45 (오목천동),,,,,0,411134325234,12901,0,45,,0,155.94,0,349.74,249.18,0,03000,제1종근린생활시설,제1종근린생활시설,0,2,2,0,0,0,0,0,0,0,0,0,0,0,,,,,,,,,0,,0,0,,0,,0,20220909
경기도 수원시 권선구 오목천동 379-3번지,41113,12900,0,0379,0003,10841100470151,1,일반,1,총괄표제부,1,신대장,,오목천동 379-3 자동차관련시설 (유영섭),,,,0,,,0,,,1191,233.8,19.63,223.5,223.5,18.77,20000,자동차관련시설,자동차관련시설(세차장),0,0,2,0,0,1,0,0,0,0,0,0,1,11.5,20210414,20210423,20210813,2021,3760030,건축과,1102,1102,0,,0,0,,0,,0,20220909
경기도 수원시 권선구 오목천동 381번지,41113,12900,0,0381,0000,1084181366,2,집합,1,총괄표제부,0,구대장,경기도 수원시 권선구 매송고색로506번길 17 (오목천동),청구2차아파트,,,,6,411134325204,12901,0,17,,22712,4238.74,18.66,62652.48,50839.93,223.85,02000,공동주택,"아파트(공동주택), 근린생활시설",491,0,10,8,9665.08,545,0,0,0,0,288,8884,242,2955.5,,,,,,,,,0,,0,0,,0,,0,20260116
경기도 수원시 권선구 오목천동 386-6번지,41113,12900,0,0386,0006,1084181350,1,일반,1,총괄표제부,0,구대장,경기도 수원시 권선구 매송고색로 490 (오목천동),,,,,6,411133012003,12903,0,490,,11987,537.19,4.48,553.69,553.69,4.62,20000,자동차관련시설,자동차관련시설(운전학원),0,0,3,0,0,8,0,0,0,0,0,0,8,92,,,,,,,,,0,,0,0,,0,,0,20220909
경기도 수원시 권선구 오목천동 388-1번지,41113,12900,0,0388,0001,1084181388,1,일반,1,총괄표제부,1,신대장,경기도 수원시 권선구 매송고색로 498 (오목천동),,,,,0,411133012003,12903,0,498,,0,152.96,0,272.15,245.2,0,19000,위험물저장및처리시설,위험물저장및처리시설,0,1,2,0,0,0,0,0,0,0,0,0,0,0,,,,,,,,,0,,0,0,,0,,0,20220909
경기도 수원시 권선구 오목천동 390-3번지,41113,12900,0,0390,0003,10841100176969,1,일반,1,총괄표제부,1,신대장,경기도 수원시 권선구 매송고색로 490 (오목천동),,,,,3,411133012003,12903,0,490,,9512,1851.2,19.46,2871.2,2649.2,27.85,20000,자동차관련시설,"차고,사무실,정비공장,검사장)",0,0,7,0,0,14,0,0,0,0,0,0,14,161,19890619,,19900528,,,,,,0,,0,0,,0,,0,20220909
경기도 수원시 권선구 오목천동 408번지,41113,12900,0,0408,0000,1084180823,1,일반,1,총괄표제부,1,신대장,경기도 수원시 권선구 효행로 40 (오목천동),,,,,1,411133012007,12901,0,40,,2350,459,19.53,567.29,567.29,24.14,20000,자동차관련시설,자동차관련시설외1,0,0,3,0,0,5,0,0,0,0,0,0,5,57.5,,,,,,,,,0,,0,0,,0,,0,20220909
경기도 수원시 권선구 오목천동 414번지,41113,12900,0,0414,0000,10841100281551,1,일반,1,총괄표제부,1,신대장,,,,,,0,,,0,,,1360,223.68,16.45,351.52,351.52,25.85,19000,위험물저장및처리시설,주유소,0,0,2,0,0,0,0,0,0,0,0,0,2,23,20101014,20121102,20130624,,,,,,0,,0,0,,0,,0,20220909
경기도 수원시 권선구 오목천동 427-6번지,41113,12900,0,0427,0006,1084181352,1,일반,1,총괄표제부,0,구대장,경기도 수원시 권선구 삼천병마로 1524 (오목천동),"1,2동",,,,0,411133012004,12901,0,1524,,602,120.18,19.96,120.18,120.18,19.96,22000,분뇨.쓰레기처리시설,분뇨쓰레기처리시설,0,0,2,0,0,0,0,0,0,0,0,0,0,0,,,,,,,,,0,,0,0,,0,,0,20220909
경기도 수원시 권선구 오목천동 432-4번지,41113,12900,0,0432,0004,10841100208158,1,일반,1,총괄표제부,1,신대장,경기도 수원시 권선구 오목천로 34-1 (오목천동),근.생,,,,0,411133175037,12902,0,34,1,492,96,19.51,144,144,29.27,01000,단독주택,"소매점,단독주택",0,1,2,0,0,2,0,0,0,0,0,0,2,23,20030820,20050819,20090331,2003,3760002,생활민원과,1101,1101,0,,0,0,,0,,0,20220909
경기도 수원시 권선구 오목천동 438-5번지,41113,12900,0,0438,0005,1084180698,1,일반,1,총괄표제부,1,신대장,경기도 수원시 권선구 오목천로 20 (오목천동),"가동,나동",,,,0,411133175037,12902,0,20,,926,177.81,19.2,177.81,177.81,19.2,20000,자동차관련시설,자동차관련시설,0,0,2,0,0,1,0,0,0,0,0,0,1,11.5,,,,,,,,,0,,0,0,,0,,0,20220909
경기도 수원시 권선구 오목천동 438-7번지,41113,12900,0,0438,0007,1084180792,1,일반,1,총괄표제부,1,신대장,경기도 수원시 권선구 오목천로 16 (오목천동),,,,,0,411133175037,12902,0,16,,910,178.5,19.62,178.5,178.5,19.62,04000,제2종근린생활시설,제2종근린생활시설외1,0,0,2,0,0,1,0,0,0,0,0,0,1,11.5,,,,,,,,,0,,0,0,,0,,0,20220909
경기도 수원시 권선구 오목천동 445번지,41113,12900,0,0445,0000,10841100340511,2,집합,1,총괄표제부,1,신대장,,헤렌하우스,,,,0,,,0,,,695,389.18,56,1317.34,1317.34,189.55,02000,공동주택,공동주택(다세대주택 18세대),18,0,2,0,0,18,0,0,0,0,18,207.5,0,0,20150813,20150818,20160201,2015,3760030,건축과,1101,1101,0,,0,0,,0,,0,20220909
경기도 수원시 권선구 오목천동 445-4번지,41113,12900,0,0445,0004,10841100344968,2,집합,1,총괄표제부,1,신대장,,헤렌하우스,,,,2,,,0,,,1048,550.74,52.5515,1932.75,1932.75,184.4227,02000,공동주택,공동주택(다세대주택),24,0,3,0,0,23,0,0,0,0,23,265.5,0,0,20150831,20150901,20160513,2015,3760030,건축과,1101,1101,0,,0,0,,0,,0,20220909
경기도 수원시 권선구 오목천동 463-1번지,41113,12900,0,0463,0001,1084181390,1,일반,1,총괄표제부,1,신대장,경기도 수원시 권선구 매송고색로506번길 37 (오목천동),,,,,0,411134325204,12901,0,37,,0,43.18,0,43.18,43.18,0,21000,동물및식물관련시설,단독주택,0,1,2,0,0,0,0,0,0,0,0,0,0,0,,,,,,,,,0,,0,0,,0,,0,20220909
경기도 수원시 권선구 오목천동 482-4번지,41113,12900,0,0482,0004,1084181367,2,집합,1,총괄표제부,0,구대장,경기도 수원시 권선구 삼천병마로1566번길 21-18 (오목천동),상대빌라,,,,0,411134325230,12901,0,21,18,303.5,150.96,49.74,446.91,297.94,98.17,02000,공동주택,다세대주택,6,0,2,0,0,0,0,0,0,0,0,0,0,0,,,,,,,,,0,,0,0,,0,,0,20220909
경기도 수원시 권선구 오목천동 498-1번지,41113,12900,0,0498,0001,10841100354041,1,일반,1,총괄표제부,1,신대장,,,,,,0,,,0,,,898,418.7,46.63,598.94,598.94,66.7,01000,단독주택,"단독주택(단독주택),제1종근린생활시설(소매점),제2종근린생활시설(사무소)",0,1,2,0,0,5,0,0,0,0,0,0,5,58,20151207,20151229,20161014,2015,3760030,건축과,1101,1101,3,,0,0,,0,,0,20220909
경기도 수원시 권선구 오목천동 499-1번지,41113,12900,0,0499,0001,1084181396,1,일반,1,총괄표제부,1,신대장,,,,,,0,,,0,,,0,45.36,0,45.36,45.36,0,01000,단독주택,단독주택,0,2,2,0,0,0,0,0,0,0,0,0,0,0,,,,,,,,,0,,0,0,,0,,0,20220909
경기도 수원시 권선구 오목천동 524번지,41113,12900,0,0524,0000,1084181398,1,일반,1,총괄표제부,1,신대장,,,,,,0,,,0,,,0,173.98,0,173.98,173.98,0,01000,단독주택,단독주택,0,4,4,0,0,0,0,0,0,0,0,0,0,0,,,,,,,,,0,,0,0,,0,,0,20220909
경기도 수원시 권선구 오목천동 524-1번지,41113,12900,0,0524,0001,10841100297989,2,집합,1,총괄표제부,1,신대장,,,,,,1,,,0,,,724,401.3314,55.43,1380.1434,1380.1434,190.63,02000,공동주택,공동주택,16,0,2,0,0,16,0,0,0,0,0,0,16,184.7,20130813,20131001,20140221,2013,3760030,건축과,1101,1101,0,,0,0,,0,,0,20220909
경기도 수원시 권선구 오목천동 526-4번지,41113,12900,0,0526,0004,10841100366445,2,집합,1,총괄표제부,1,신대장,,현대빌라,,,,0,,,0,,,896,418.23,46.68,1319.32,1319.32,147.25,02000,공동주택,공동주택(도시형생활주택 단지형다세대주택),22,0,2,0,0,22,0,0,0,0,0,0,22,253.7,20151013,20160328,20170404,2015,3760030,건축과,1101,1101,0,,0,0,,0,,0,20220909
경기도 수원시 권선구 오목천동 526-5번지,41113,12900,0,0526,0005,10841100363325,2,집합,1,총괄표제부,1,신대장,,현대빌라,,,,0,,,0,,,843,404.94,48.04,1318.9,1318.9,156.45,02000,공동주택,공동주택(도시형생활주택 단지형다세대주택),22,0,2,0,0,21,0,0,0,0,0,0,21,237.9,20151013,20160329,20170315,2015,3760030,건축과,1101,1101,0,,0,0,,0,,0,20220909
경기도 수원시 권선구 오목천동 531번지,41113,12900,0,0531,0000,1084181399,1,일반,1,총괄표제부,1,신대장,,,,,,0,,,0,,,0,122.31,0,122.31,122.31,0,01000,단독주택,단독주택,0,3,3,0,0,0,0,0,0,0,0,0,0,0,,,,,,,,,0,,0,0,,0,,0,20220909
경기도 수원시 권선구 오목천동 537-1번지,41113,12900,0,0537,0001,1084181354,1,일반,1,총괄표제부,1,신대장,경기도 수원시 권선구 삼천병마로1566번길 30 (오목천동),,,,,11,411134325230,12901,0,30,0,40066,6679.93,16.671966,20943.58,20583.09,51.372959,Z8000,교육연구및복지시설,교육연구및복지시설,0,0,15,1,114,109,0,0,0,0,0,0,109,1269,,,,,,,,,0,,0,0,,0,,0,20260129
경기도 수원시 권선구 오목천동 540-41번지,41113,12900,0,0540,0041,1084181401,1,일반,1,총괄표제부,1,신대장,,,,,,0,,,0,,,0,4539.67,0,7241.23,5952.2,0,10000,교육연구시설,교육연구시설,0,0,2,0,0,0,0,0,0,0,0,0,0,0,,,,,,,,,0,,0,0,,0,,0,20220909
경기도 수원시 권선구 오목천동 542번지,41113,12900,0,0542,0000,1084181368,2,집합,1,총괄표제부,0,구대장,경기도 수원시 권선구 오목천로39번길 8 (오목천동),청구1차 아파트,,,,0,411134325391,12901,0,8,,12301,2469.61,20.08,35308,28020.67,227.79,02000,공동주택,"아파트(공동주택),생활편익시설",314,0,6,4,169.29,319,0,0,0,0,180,5839.95,139,1598.5,,,,,,,,,0,,0,0,,0,,0,20220909
경기도 수원시 권선구 오목천동 545-1번지,41113,12900,0,0545,0001,10841100225815,1,일반,1,총괄표제부,1,신대장,경기도 수원시 권선구 오목천로57번길 36 (오목천동),,,,,0,411134325392,12901,0,36,0,396,150.91,38.11,202.01,188.92,47.71,01000,단독주택,다가구주택,0,5,3,0,0,2,0,0,0,0,0,0,2,23,20100726,20100920,20101129,2010,3760030,건축과,1202,1202,0,,0,0,,0,,0,20220909
경기도 수원시 권선구 오목천동 545-11번지,41113,12900,0,0545,0011,1084181355,1,일반,1,총괄표제부,0,구대장,경기도 수원시 권선구 서수원로 161-18 (오목천동),,,,,0,411133175025,12901,0,161,18,383,148.22,38.7,162.24,148.22,38.7,01000,단독주택,"주택 및 가스판매취급소, 제1종근린생활시설",0,1,2,0,0,0,0,0,0,0,0,0,0,0,,,,,,,,,0,,0,0,,0,,0,20220909
경기도 수원시 권선구 오목천동 545-19번지,41113,12900,0,0545,0019,1084181356,1,일반,1,총괄표제부,0,구대장,경기도 수원시 권선구 오목천로57번길 31 (오목천동),,,,,0,411134325392,12901,0,31,0,358,148.52,41.49,162.17,148.52,41.49,01000,단독주택,주택,0,2,2,0,0,1,0,0,0,0,0,0,1,11.5,,,,,,,,,0,,0,0,,0,,0,20220909
경기도 수원시 권선구 오목천동 551번지,41113,12900,0,0551,0000,1084181402,1,일반,1,총괄표제부,1,신대장,,,,,,0,,,0,,,0,89.28,0,89.28,89.28,0,01000,단독주택,단독주택,0,2,2,0,0,0,0,0,0,0,0,0,0,0,,,,,,,,,0,,0,0,,0,,0,20220909
경기도 수원시 권선구 오목천동 554-6번지,41113,12900,0,0554,0006,1084180794,1,일반,1,총괄표제부,1,신대장,경기도 수원시 권선구 서수원로 135 (오목천동),,,,,0,411133175025,12901,0,135,,3956,783.71,19.81,1417.1,1417.1,35.82,20000,자동차관련시설,자동차관련시설,0,0,2,0,0,21,0,0,0,0,0,0,21,246.5,,,,,,,,,0,,0,0,,0,,0,20220909
경기도 수원시 권선구 오목천동 555-4번지,41113,12900,0,0555,0004,1084181357,1,일반,1,총괄표제부,0,구대장,경기도 수원시 권선구 오목천로 62 (오목천동),"가동,나동,다동",,,,0,411133175037,12902,0,62,,2443,454.55,18.61,725.5,725.5,29.7,20000,자동차관련시설,자동차관련시설,0,0,3,0,0,4,0,0,0,0,0,0,4,46,,,,,,,,,0,,0,0,,0,,0,20220909
경기도 수원시 권선구 오목천동 558-3번지,41113,12900,0,0558,0003,10841100488472,1,일반,1,총괄표제부,1,신대장,,,,,,1,,,0,,,2247,396.7,17.65,1284.9,1284.9,57.18,04000,제2종근린생활시설,제2종근린생활시설,0,0,1,0,0,10,0,0,0,0,0,0,10,125,,,,2022,3760030,건축과,1102,1102,0,,0,0,,0,,0,20231019
경기도 수원시 권선구 오목천동 558-19번지,41113,12900,0,0558,0019,1084181358,1,일반,1,총괄표제부,0,구대장,경기도 수원시 권선구 오목천로 56 (오목천동),,,,,0,411133175037,12902,0,56,,1748,344,19.68,508.8,508.8,29.11,20000,자동차관련시설,자동차관련시설,0,0,2,0,0,3,0,0,0,0,0,0,3,34.5,,,,,,,,,0,,0,0,,0,,0,20220909
경기도 수원시 권선구 오목천동 559-6번지,41113,12900,0,0559,0006,10841100203314,1,일반,1,총괄표제부,1,신대장,경기도 수원시 권선구 오목천로 40 (오목천동),오목천동주유소,,,,0,411133175037,12902,0,40,,1423,279.9,19.67,393.8,393.8,27.67,19000,위험물저장및처리시설,주유소,0,0,3,0,0,2,0,0,0,0,0,0,2,0,20070807,20070827,20090107,2007,3760030,건축과,1101,1101,0,,0,0,,0,,0,20220909
경기도 수원시 권선구 오목천동 562번지,41113,12900,0,0562,0000,1084181359,1,일반,1,총괄표제부,1,신대장,경기도 수원시 권선구 서수원로 143-13 (오목천동),,,,,7,411133175025,12901,0,143,13,265790,21508.67,8.09,30339.43,27557.75,10.37,10000,교육연구시설,교육연구시설,0,0,24,0,0,239,0,0,0,0,0,0,239,2748.5,,,,,,,,,0,,0,0,,0,,0,20220909
경기도 수원시 권선구 오목천동 564번지,41113,12900,0,0564,0000,1084181403,1,일반,1,총괄표제부,1,신대장,경기도 수원시 권선구 서수원로 143-13 (오목천동),,,,,0,411133175025,12901,0,143,13,0,1963.95,0,5342.12,4818.3,0,10000,교육연구시설,교육연구시설,0,0,3,0,0,0,0,0,0,0,0,0,0,0,,,,,,,,,0,,0,0,,0,,0,20220909
경기도 수원시 권선구 오목천동 567-1번지,41113,12900,0,0567,0001,1084181404,1,일반,1,총괄표제부,1,신대장,경기도 수원시 권선구 서수원로 143-13 (오목천동),,,,,0,411133175025,12901,0,143,13,0,1089.71,0,1089.71,300.49,0,18000,창고시설,창고시설,0,0,2,0,0,0,0,0,0,0,0,0,0,0,,,,,,,,,0,,0,0,,0,,0,20220909
경기도 수원시 권선구 오목천동 570번지,41113,12900,0,0570,0000,1084181405,1,일반,1,총괄표제부,1,신대장,경기도 수원시 권선구 서수원로 143-13 (오목천동),,,,,0,411133175025,12901,0,143,13,0,3451.51,0,4253.26,4067.26,0,21000,동물및식물관련시설,동.식물관련시설,0,0,5,0,0,0,0,0,0,0,0,0,0,0,,,,,,,,,0,,0,0,,0,,0,20220909
경기도 수원시 권선구 오목천동 578번지,41113,12900,0,0578,0000,1084181406,1,일반,1,총괄표제부,1,신대장,,,,,,0,,,0,,,0,5850.78,0,5850.78,5850.78,0,21000,동물및식물관련시설,동.식물관련시설,0,0,4,0,0,0,0,0,0,0,0,0,0,0,,,,,,,,,0,,0,0,,0,,0,20220909
경기도 수원시 권선구 오목천동 594-1번지,41113,12900,0,0594,0001,10841100218459,1,일반,1,총괄표제부,1,신대장,경기도 수원시 권선구 산업로 10 (오목천동),,,,,2,411133175021,12902,0,10,,2057,268.01,13.03,460.01,460.01,22.36,04000,제2종근린생활시설,사무소,0,0,2,0,0,4,0,0,0,0,4,46,0,0,20091015,20091116,20100527,2009,3760030,건축과,1102,1102,0,,0,0,,0,,0,20220909
경기도 수원시 권선구 오목천동 648-3번지,41113,12900,0,0648,0003,1084180838,1,일반,1,총괄표제부,1,신대장,경기도 수원시 권선구 산업로 10 (오목천동),,,,,0,411133175021,12902,0,10,,8164,1597.12,19.56,2363.89,2262.03,27.71,20000,자동차관련시설,자동차관련시설,0,0,6,0,0,24,0,0,0,0,0,0,24,281,,,,,,,,,0,,0,0,,0,,0,20220909
경기도 수원시 권선구 오목천동 656-2번지,41113,12900,0,0656,0002,1084180836,1,일반,1,총괄표제부,1,신대장,경기도 수원시 권선구 서수원로63번길 130 (오목천동),,,,,0,411134325275,12901,0,130,,985,193.5,19.64,193.5,193.5,19.64,04000,제2종근린생활시설,제2종근린생활시설,0,0,2,0,0,2,0,0,0,0,0,0,2,23,20050519,20050607,20060511,2005,3760030,건축과,1101,1101,0,,0,0,,0,,0,20220909
경기도 수원시 권선구 오목천동 661-2번지,41113,12900,0,0661,0002,10841100420351,1,일반,1,총괄표제부,1,신대장,경기도 수원시 권선구 서수원로75번길 70-11 (오목천동),,,,,0,411134325276,12901,0,70,11,1498,298.71,19.94,298.71,298.71,19.94,20000,자동차관련시설,자동차관련시설(정비공장),0,0,2,0,0,4,0,0,0,0,0,0,4,46,20180615,20180728,20181213,2018,3760030,건축과,1101,1101,0,,0,0,,0,,0,20220909
경기도 수원시 권선구 오목천동 668-1번지,41113,12900,0,0668,0001,1084181360,1,일반,1,총괄표제부,0,구대장,경기도 수원시 권선구 산업로 60 (오목천동),,,,,0,411133175021,12902,0,60,,1871,242.28,12.95,242.28,242.28,12.95,20000,자동차관련시설,자동차관련시설,0,0,2,0,0,2,0,0,0,0,0,0,2,23,,,,,,,,,0,,0,0,,0,,0,20220909
경기도 수원시 권선구 오목천동 668-2번지,41113,12900,0,0668,0002,1084180883,1,일반,1,총괄표제부,1,신대장,경기도 수원시 권선구 산업로 58 (오목천동),,,,,0,411133175021,12902,0,58,,0,108,0,108,108,0,18000,창고시설,창고시설,0,0,1,0,0,0,0,0,0,0,0,0,0,0,,,,,,,,,0,,0,0,,0,,0,20250319
경기도 수원시 권선구 오목천동 686-4번지,41113,12900,0,0686,0004,10841100296007,1,일반,1,총괄표제부,1,신대장,,,,,,0,,,0,,,1995,396,19.84,594,594,29.77,03000,제1종근린생활시설,제1종근린생활시설,0,0,2,0,0,4,0,0,0,0,0,0,4,46,20130827,20131114,20140204,2013,3760030,건축과,1101,1101,0,,0,0,,0,,0,20220909
경기도 수원시 권선구 오목천동 698번지,41113,12900,0,0698,0000,1000000000000002965149,1,일반,1,총괄표제부,1,신대장,경기도 수원시 권선구 서수원로 66 (오목천동),,,,,0,411133175025,12901,0,66,0,6849,996.48,14.55,996.48,996.48,14.55,04000,제2종근린생활시설,"제2종근린생활시설(휴게음식점,일반음식점)",0,0,2,0,0,58,0,0,0,0,58,732,0,0,20230306,20230315,20240103,2023,3760030,건축과,1101,1101,0,,0,0,,0,,0,20240108
경기도 수원시 권선구 오목천동 735번지,41113,12900,0,0735,0000,10841100465131,1,일반,1,총괄표제부,1,신대장,경기도 수원시 권선구 서수원로 11 (오목천동),,,,,0,411133175025,12901,0,11,,3828,578.12,15.1,838.27,838.27,21.9,20000,자동차관련시설,자동차관련시설(차고),0,0,3,0,0,5,0,0,0,0,0,0,5,62.5,20160913,20161011,20171109,2021,3760030,건축과,1102,1102,0,,0,0,,0,,0,20220909
경기도 수원시 권선구 오목천동 739-3번지,41113,12900,0,0739,0003,10841100280769,1,일반,1,총괄표제부,1,신대장,,,,,,0,,,0,,,4389,480.4,10.95,710.2,0,16.18,,,,0,0,0,0,0,0,0,0,0,0,0,0,29,882.3,20130130,20130201,20130530,,,,,,0,,0,0,,0,,0,20220909
경기도 수원시 권선구 오목천동 739-10번지,41113,12900,0,0739,0010,10841100286006,1,일반,1,총괄표제부,1,신대장,,마니주개발주식회사,,,,0,,,0,0,0,2275,453.6,19.94,567,567,24.92,17000,공장,공장(첨단업종),0,0,2,0,0,4,0,0,0,0,0,0,4,46,20130328,20130408,20131016,2013,3760030,건축과,1101,1101,0,,0,0,,0,,0,20220909
경기도 수원시 권선구 오목천동 740-1번지,41113,12900,0,0740,0001,1084181361,1,일반,1,총괄표제부,0,구대장,경기도 수원시 권선구 서수원로 21 (오목천동),,,,,0,411133175025,12901,0,21,,1629,196.8,12.081031,280.8,280.8,17.237569,19000,위험물저장및처리시설,위험물저장및처리시설,0,0,3,0,0,2,0,0,0,0,0,0,2,23,,,,,,,,,0,,0,0,,0,,0,20240620
경기도 수원시 권선구 오목천동 746-2번지,41113,12900,0,0746,0002,1084181407,1,일반,1,총괄표제부,1,신대장,,,,,,0,,,0,,,0,2416.1,0,2665.2,2416.1,0,14000,업무시설,업무시설,0,0,10,0,0,0,0,0,0,0,0,0,0,0,,,,,,,,,0,,0,0,,0,,0,20220909
경기도 수원시 권선구 오목천동 754번지,41113,12900,0,0754,0000,1084180798,1,일반,1,총괄표제부,0,구대장,경기도 수원시 권선구 서수원로 25 (오목천동),,,,,1,411133175025,12901,0,25,,13182,1398.14,10.61,1918.28,1918.28,14.55,20000,자동차관련시설,자동차관련시설(자동차운수사업법에의한차고),0,0,4,5,205.74,0,0,0,0,0,0,0,283,3254.5,,,,,,,,,0,,0,0,,0,,0,20220909
경기도 수원시 권선구 오목천동 763-3번지,41113,12900,0,0763,0003,1000000000000000256831,1,일반,1,총괄표제부,1,신대장,경기도 수원시 권선구 서부로 1373 (오목천동),,,,,0,411133012005,12902,0,1373,,1969,393.3,19.97,393.3,393.3,19.97,03000,제1종근린생활시설,소매점/ 제2종근린생활시설-일반음식점,0,0,2,0,0,5,0,0,0,0,0,0,5,62.5,20220112,20220408,20220923,2022,3760030,건축과,1102,1102,0,,0,0,,0,,0,20221014
경기도 수원시 권선구 오목천동 781-1번지,41113,12900,0,0781,0001,1084181408,1,일반,1,총괄표제부,1,신대장,,,,,,0,,,0,,,0,202.31,0,202.31,202.31,0,01000,단독주택,단독주택,0,5,3,0,0,0,0,0,0,0,0,0,0,0,,,,,,,,,0,,0,0,,0,,0,20220909
경기도 수원시 권선구 오목천동 784번지,41113,12900,0,0784,0000,1084181409,1,일반,1,총괄표제부,1,신대장,,,,,,0,,,0,,,0,48.67,0,48.67,48.67,0,01000,단독주택,단독주택,0,2,2,0,0,0,0,0,0,0,0,0,0,0,,,,,,,,,0,,0,0,,0,,0,20220909
경기도 수원시 권선구 오목천동 792번지,41113,12900,0,0792,0000,1084181411,1,일반,1,총괄표제부,1,신대장,,,,,,0,,,0,,,0,153.44,0,153.44,153.44,0,01000,단독주택,단독주택,0,5,5,0,0,0,0,0,0,0,0,0,0,0,,,,,,,,,0,,0,0,,0,,0,20220909
경기도 수원시 권선구 오목천동 813번지,41113,12900,0,0813,0000,1084181412,1,일반,1,총괄표제부,1,신대장,,,,,,0,,,0,,,0,95.87,0,95.87,95.87,0,01000,단독주택,단독주택,0,2,2,0,0,0,0,0,0,0,0,0,0,0,,,,,,,,,0,,0,0,,0,,0,20220909
경기도 수원시 권선구 오목천동 816번지,41113,12900,0,0816,0000,1084181413,1,일반,1,총괄표제부,1,신대장,,,,,,0,,,0,,,0,380.16,0,380.16,380.16,0,01000,단독주택,단독주택,0,6,6,0,0,0,0,0,0,0,0,0,0,0,,,,,,,,,0,,0,0,,0,,0,20220909
경기도 수원시 권선구 오목천동 834번지,41113,12900,0,0834,0000,1084181416,1,일반,1,총괄표제부,1,신대장,,,,,,0,,,0,,,0,114.05,0,114.05,114.05,0,21000,동물및식물관련시설,동.식물관련시설,0,0,2,0,0,0,0,0,0,0,0,0,0,0,,,,,,,,,0,,0,0,,0,,0,20220909
경기도 수원시 권선구 오목천동 871-1번지,41113,12900,0,0871,0001,10841100273108,1,일반,1,총괄표제부,1,신대장,,,,,,0,,,0,,,2358,470.4,19.95,604.59,604.59,25.63,04000,제2종근린생활시설,사무실,0,0,2,0,0,5,0,0,0,0,0,0,5,57.5,20130121,20130125,20130228,2013,3760030,건축과,1102,1102,0,,0,0,,0,,0,20220909
경기도 수원시 권선구 오목천동 885번지,41113,12900,0,0885,0000,10841100324939,1,일반,1,총괄표제부,1,신대장,,백상기업(주),,,,0,,,0,,,4715,746.03,15.82,999.74,999.74,21.2,30000,자원순환관련시설,자원순환관련시설,0,0,2,0,0,5,0,0,0,0,0,0,5,57.5,20150123,20150206,20150715,2015,3760030,건축과,1101,1101,0,,0,0,,0,,0,20220909
경기도 수원시 권선구 오목천동 892-3번지,41113,12900,0,0892,0003,1084180885,1,일반,1,총괄표제부,1,신대장,경기도 수원시 권선구 서수원로63번길 169 (오목천동),,,,,3,411134325275,12901,0,169,,8283,1646.24,19.87,2838.94,2838.94,34.27,13000,운동시설,운동시설외3,0,0,2,0,0,24,0,0,0,0,0,0,24,281,,,,,,,,,0,,0,0,,0,,0,20220909
경기도 수원시 권선구 오목천동 946번지,41113,12900,0,0946,0000,1084180813,2,집합,1,총괄표제부,1,신대장,경기도 수원시 권선구 오목천로 15 (오목천동),상송마을주공아파트,,,,0,411133175037,12902,0,15,,36126.6,6767.089,18.73,84216.419,73882.185,204.51,02000,공동주택,공동주택외2,1185,0,14,10,11499.36,963,0,0,0,0,436,9749.482,527,6195.5,20011231,20030619,20051031,,,,,,0,,0,0,,0,,0,20220909
경기도 수원시 권선구 오목천동 951번지,41113,12900,0,0951,0000,1084180820,2,집합,1,총괄표제부,1,신대장,경기도 수원시 권선구 서수원로 219 (오목천동),오목천동 푸르지오 1단지,,,,0,411133175025,12901,0,219,,16335.1,3495.031,21.4,44788.0642,39144.5842,239.63,02000,공동주택,공동주택,380,0,5,7,6166.01,378,0,0,0,0,215,5489.12,163,1874.5,20030630,20031016,20060123,2003,,,2101,2101,0,,0,0,,0,,0,20220909
경기도 수원시 권선구 오목천동 956번지,41113,12900,0,0956,0000,1084180821,2,집합,1,총괄표제부,1,신대장,경기도 수원시 권선구 서수원로183번길 2 (오목천동),오목천동 푸르지오 2단지,,,,0,411134325269,12901,0,2,,17860.6,3795.86,21.25,49748.34,42693.59,239.04,02000,공동주택,공동주택,413,0,4,9,7588.1717,395,0,0,0,0,245,6757.15,150,1725,20030630,20031016,20060123,2003,,,2101,2101,0,,0,0,,0,,0,20220909
경기도 수원시 권선구 오목천동 960번지,41113,12900,0,0960,0000,1084180901,2,집합,1,총괄표제부,1,신대장,경기도 수원시 권선구 서수원로 161-12 (오목천동),영조아름다운나날2단지,,,,0,411133175025,12901,0,161,12,9896.4,2090.21,21.12,27714.27,22282.54,225.15,02000,공동주택,공동주택,194,0,3,3,5634.352,212,0,0,0,0,159,5199.606,53,612.5,20030618,20040422,20061215,2003,,,2101,2101,0,,0,0,,0,,0,20220909
경기도 수원시 권선구 오목천동 961번지,41113,12900,0,0961,0000,1084180900,2,집합,1,총괄표제부,1,신대장,경기도 수원시 권선구 서수원로 161-11 (오목천동),영조아름다운나날1단지,,,,0,411133175025,12901,0,161,11,8755.2,1964.88,22.44,24475.03,19798.71,226.14,02000,공동주택,공동주택외2,178,0,3,3,4752.693,183,0,0,0,0,125,4284.873,58,680.5,20030618,20040422,20061215,2003,3760030,건축과,2101,2101,0,,0,0,,0,,0,20220909
경기도 수원시 권선구 오목천동 962번지,41113,12900,0,0962,0000,1084181070,2,집합,1,총괄표제부,1,신대장,경기도 수원시 권선구 삼천병마로1598번길 28-16 (오목천동),남광하우스토리,,,,0,411134325235,12901,0,28,16,16228.3,3255.53,20.06,45174.7,37290.05,229.78,02000,공동주택,공동주택(아파트),363,0,6,3,7957.54,359,0,0,0,0,240,7268.64,111,1889,20040702,20050708,20070829,2004,3760030,건축과,2101,2101,0,,0,0,,0,,0,20260325
경기도 수원시 권선구 오목천동 964번지,41113,12900,0,0964,0000,10841100271947,1,일반,1,총괄표제부,1,신대장,,,,,,0,,,0,,,169704,291.3,1.74,473.9,382.6,2.29,,,,0,0,0,0,0,0,0,0,0,0,0,0,0,0,,,,,,,,,0,,0,0,,0,,0,20220909
경기도 수원시 권선구 오목천동 967번지,41113,12900,0,0967,0000,1084181792,1,일반,1,총괄표제부,1,신대장,,임업연구원,,,,0,,,0,,,0,0,0,0,0,0,10000,교육연구시설,교육연구및복지시설,0,0,3,0,0,0,0,0,0,0,0,0,0,0,,,,,,,,,0,,0,0,,0,,0,20220909
경기도 수원시 권선구 오목천동 1021번지,41113,12900,0,1021,0000,1084181872,1,일반,1,총괄표제부,1,신대장,경기도 수원시 권선구 매송고색로533번길 122-22 (오목천동),,,,,0,411134325205,12901,0,122,22,0,582.52,0,590.06,572.42,0,21000,동물및식물관련시설,동.식물관련시설,0,2,2,2,9.4,0,0,0,0,0,0,0,0,0,,,,,,,,,0,,0,0,,0,,0,20220909
경기도 수원시 권선구 오목천동 1072번지,41113,12900,0,1072,0000,1084180730,1,일반,1,총괄표제부,1,신대장,경기도 수원시 권선구 매송고색로533번길 148-8 (오목천동),,,,,0,411134325205,12901,0,148,8,0,175.6,0,244.95,244.95,0,01000,단독주택,단독주택,0,3,3,0,0,0,0,0,0,0,0,0,0,0,,,,,,,,,0,,0,0,,0,,0,20220909
경기도 수원시 권선구 오목천동 1081번지,41113,12900,0,1081,0000,10841100464411,1,일반,1,총괄표제부,1,신대장,경기도 수원시 권선구 매송고색로503번길 94 (오목천동),오목천동 1081 단독주택 (이준석),,,,0,411134325203,12901,0,94,,595,151.73,25.5,232.83,232.83,39.13,01000,단독주택,"단독주택, 제1종근린생활시설",0,1,2,0,0,2,0,0,0,0,0,0,2,25,20200909,20200930,20210319,2020,3760030,건축과,1101,1101,0,,0,0,,0,,0,20220909
경기도 수원시 권선구 오목천동 1125번지,41113,12900,0,1125,0000,10841100215182,1,일반,1,총괄표제부,1,신대장,경기도 수원시 권선구 매송고색로503번길 32-21 (오목천동),,,,,0,411134325203,12901,0,32,21,0,0,0,0,0,0,,,,0,0,0,0,0,0,0,0,0,0,0,0,0,0,,,,,,,,,0,,0,0,,0,,0,20220909
경기도 수원시 권선구 오목천동 1160번지,41113,12900,0,1160,0000,1084180728,1,일반,1,총괄표제부,1,신대장,경기도 수원시 권선구 매송고색로503번길 36-3 (오목천동),,,,,0,411134325203,12901,0,36,3,0,37.46,0,37.46,37.46,0,01000,단독주택,단독주택,0,2,2,0,0,0,0,0,0,0,0,0,0,0,,,,,,,,,0,,0,0,,0,,0,20220909
경기도 수원시 권선구 오목천동 1163번지,41113,12900,0,1163,0000,1084180727,1,일반,1,총괄표제부,1,신대장,경기도 수원시 권선구 매송고색로503번길 36-7 (오목천동),,,,,0,411134325203,12901,0,36,7,0,141.48,0,141.48,141.48,0,01000,단독주택,단독주택,0,3,3,2,6.48,0,0,0,0,0,0,0,0,0,,,,,,,,,0,,0,0,,0,,0,20220909
경기도 수원시 권선구 오목천동 1170번지,41113,12900,0,1170,0000,10841100359005,2,집합,1,총괄표제부,1,신대장,경기도 수원시 권선구 온정로9번길 36 (오목천동),오목천역 서희스타힐스 아파트,,,,3,411134853976,12901,0,36,,43251,7158.8019,16.55,119231.2148,86449.9439,199.88,02000,공동주택,아파트,844,0,14,7,32807.2509,919,0,0,0,0,912,30414.9323,7,0,20130115,20130705,20161228,2013,3740194,주택건축과,2101,2101,11,,0,65,,0,,0,20220909
경기도 수원시 권선구 오목천동 1180번지,41113,12900,0,1180,0000,10841100397349,2,집합,1,총괄표제부,1,신대장,경기도 수원시 권선구 서수원로 99 (오목천동),수원권선 꿈에그린 아파트,,,,0,411133175025,12901,0,99,,125113.9,25647.7213,20.5,366859.7726,262733.6027,210,02000,공동주택,공동주택(아파트),2400,0,33,22,105794.4248,2700,0,0,0,0,2700,96380.6011,0,80.36,20110426,20150818,20180228,2011,3740194,주택건축과,2101,2101,0,1,0,0,4,52.35,,0,20240325
경기도 수원시 권선구 오목천동 1192번지,41113,12900,0,1192,0000,1000000000000002915199,2,집합,1,총괄표제부,1,신대장,경기도 수원시 권선구 삼천병마로1566번길 17 (오목천동),쌍용더플래티넘오목천역,,,,1,411134325230,12901,0,17,0,35362.3,8158.77,23.07,140591.89,86715.19,245.22,02000,공동주택,공동주택(아파트),930,0,10,18,53943.65,1261,0,0,0,0,1261,49692.92,0,0,20171207,20191212,20231130,2017,3740000,수원시,5810,5810,0,,0,0,,0,,0,20240319
경기도 수원시 권선구 오목천동 1193번지,41113,12900,0,1193,0000,1000000000000002919391,2,집합,1,총괄표제부,1,신대장,,플래티넘프라자,,,,0,,,0,,,1837.1,1043.94,56.83,7563.87,3496.91,190.35,04000,제2종근린생활시설,근린생활시설,0,0,1,2,3445.63,52,0,0,0,0,52,2956.83,0,0,20171207,20191212,20231130,2017,3740000,수원시,5810,5810,0,,0,0,,0,,0,20240412
경기도 수원시 권선구 오목천동 산1-5번지,41113,12900,1,0001,0005,1084181418,1,일반,1,총괄표제부,1,신대장,,,,,,0,,,0,,,0,119.15,0,119.15,119.15,0,03000,제1종근린생활시설,단독주택,0,2,2,0,0,0,0,0,0,0,0,0,0,0,,,,,,,,,0,,0,0,,0,,0,20220909
경기도 수원시 권선구 오목천동 산1-6번지,41113,12900,1,0001,0006,1084181369,1,일반,1,총괄표제부,1,신대장,,학교법인수원인제학원,,,,8,,,0,,,28607,5377.95,18.8,37247.19,28591.21,99.95,10000,교육연구시설,교육연구 및 복지시설,0,0,6,0,0,249,0,0,0,0,122,4304.32,127,1495.5,,,,,,,,,0,,0,0,,0,,0,20230302
경기도 수원시 권선구 오목천동 산61번지,41113,12900,1,0061,0000,1084180736,1,일반,1,총괄표제부,1,신대장,경기도 수원시 권선구 매송고색로503번길 178 (오목천동),,,,,0,411134325203,12901,0,178,,0,77.35,0,77.35,77.35,0,01000,단독주택,단독주택,0,2,2,1,14.21,0,0,0,0,0,0,0,0,0,,,,,,,,,0,,0,0,,0,,0,20220909
경기도 수원시 권선구 평리동 203-2번지,41113,13000,0,0203,0002,1084181421,1,일반,1,총괄표제부,0,구대장,경기도 수원시 권선구 매송고색로804번길 252-22 (평리동),"가동,나동",,,,0,411134325214,13002,0,252,22,918,365.76,39.84,453.9,453.9,49.44,04000,제2종근린생활시설,"제2종근린생활시설, 경량철골구조",0,0,2,0,0,3,0,0,0,0,0,0,3,35,,,,,,,,,0,,0,0,,0,,0,20220909
경기도 수원시 권선구 평리동 204-5번지,41113,13000,0,0204,0005,1084180898,1,일반,1,총괄표제부,1,신대장,경기도 수원시 권선구 매송고색로804번길 252-16 (평리동),,,,,1,411134325214,13002,0,252,16,1670,663.2,39.71,1224.92,1224.92,73.35,03000,제1종근린생활시설,제1종근린생활시설외1,0,0,3,0,0,9,0,0,0,0,0,0,9,103.5,20060630,20060824,20061226,2006,3760030,건축과,1101,1101,0,,0,0,,0,,0,20220909
경기도 수원시 권선구 평리동 215-4번지,41113,13000,0,0215,0004,10841100374828,1,일반,1,총괄표제부,1,신대장,,,,,,0,,,0,,,772,300.98,38.99,788.34,758.34,98.23,04000,제2종근린생활시설,"제2종근린생활시설, 다가구주택",0,3,2,0,0,8,0,0,0,0,0,0,8,92,,,,,,,,,0,,0,0,,0,,0,20220909
경기도 수원시 권선구 서둔동 1-2번지,41113,13100,0,0001,0002,10841100312718,1,일반,1,총괄표제부,1,신대장,,,,,,0,,,0,,,32969,5951.22,18.05,8199.22,7416.22,22.49,21000,동물및식물관련시설,동.식물관련시설(연구소),0,0,10,1,19.3,0,0,0,0,0,0,0,0,0,20140728,20140822,20141021,,,,,,0,,0,0,,0,,0,20220909
경기도 수원시 권선구 서둔동 5-2번지,41113,13100,0,0005,0002,1084181444,1,일반,1,총괄표제부,1,신대장,,서울대학교 수원 농장 유리온실,,,,0,,,,,,60804,4437.09,7.2974,5347.06,5347.06,8.7939,10000,교육연구시설,"연구소, 동물및식물관련시설(온실)",0,0,7,0,0,13,0,0,0,0,0,0,13,167.5,,,,,,,,,0,,0,0,,0,,0,20250218
경기도 수원시 권선구 서둔동 8-22번지,41113,13100,0,0008,0022,10841100336177,1,일반,1,총괄표제부,1,신대장,,,,,,2,,,0,,,1735,342.63,19.75,461.23,427.63,24.65,19000,위험물저장및처리시설,위험물저장및처리시설,0,0,2,0,0,0,0,0,0,0,0,0,0,0,,,,,,,,,0,,0,0,,0,,0,20220909
경기도 수원시 권선구 서둔동 9-3번지,41113,13100,0,0009,0003,1084180822,1,일반,1,총괄표제부,1,신대장,경기도 수원시 권선구 세화로 222 (서둔동),수원중소유통공동도매물류센타,,,,0,411133175032,13103,0,222,,4621,922.12,19.95,1144.69,1144.69,24.77,07000,판매시설,판매및영업시설,0,0,2,0,0,12,0,0,0,0,0,0,12,138,20050620,20050720,20060119,2005,3760030,건축과,1101,1101,0,,0,0,,0,,0,20220909
경기도 수원시 권선구 서둔동 9-13번지,41113,13100,0,0009,0013,10841100214072,1,일반,1,총괄표제부,1,신대장,,서둔동 9-13   경진여객 차고지,,,,0,,,0,,,5886,1069.69,18.173462,1720.28,1717.36,29.17703,20000,자동차관련시설,제1종근린생활시설,0,0,7,0,0,9,0,0,0,0,0,0,9,103.5,20071019,20080514,20090708,2007,3760030,건축과,1101,1101,0,,0,0,,0,,0,20240425
경기도 수원시 권선구 서둔동 9-17번지,41113,13100,0,0009,0017,1084181423,1,일반,1,총괄표제부,1,신대장,경기도 수원시 권선구 수인로 34 (서둔동),L.P.G충전소,,,,1,411133000064,13101,0,34,,3885,651.99,16.78,828.31,743.95,19.15,19000,위험물저장및처리시설,위험물저장및처리시설외1,0,0,5,0,0,10,0,0,0,0,0,0,10,120,,,,,,,,,0,,0,0,,0,,0,20220909
경기도 수원시 권선구 서둔동 9-19번지,41113,13100,0,0009,0019,1084180848,1,일반,1,총괄표제부,1,신대장,,서수원자동차검사소,,,,0,,,0,0,0,6162,1231.52,19.99,2142.37,2142.37,34.77,20000,자동차관련시설,"자동차관련시설,제1종근린생활시설",0,0,3,0,0,11,0,0,0,0,0,0,10,115,20040130,20040416,20050105,2004,3760030,건축과,1101,1101,0,,0,0,,0,,0,20220909
경기도 수원시 권선구 서둔동 9-30번지,41113,13100,0,0009,0030,10841100389349,1,일반,1,총괄표제부,1,신대장,,,,,,0,,,0,,,443,88.35,19.94,88.35,88.35,19.94,04000,제2종근린생활시설,제2종근린생활시설(수리점),0,0,2,0,0,1,0,0,0,0,0,0,1,11.5,20171025,20171103,20171221,2017,3760030,건축과,1202,1202,0,,0,0,,0,,0,20220909
경기도 수원시 권선구 서둔동 14-2번지,41113,13100,0,0014,0002,1084181424,1,일반,1,총괄표제부,0,구대장,경기도 수원시 권선구 수인로 43-22 (서둔동),,,,,0,411133000064,13101,0,43,22,1491,281.81,18.9,364.73,339.35,22.76,01000,단독주택,"근린생활시설, 주택",0,2,3,0,0,0,0,0,0,0,0,0,0,0,,,,,,,,,0,,0,0,,0,,0,20220909
경기도 수원시 권선구 서둔동 14-15번지,41113,13100,0,0014,0015,10841100348062,1,일반,1,총괄표제부,1,신대장,경기도 수원시 권선구 서호동로 33 (서둔동),,,,,0,411133175026,13101,0,33,,1859,347.94,18.72,340.14,340.14,18.3,20000,자동차관련시설,자동차관련시설,0,0,4,0,0,10,0,0,0,0,0,0,10,115,20160616,,20160715,2016,3760030,건축과,1202,1202,0,,0,0,,0,,0,20220909
경기도 수원시 권선구 서둔동 14-47번지,41113,13100,0,0014,0047,1084181446,1,일반,1,총괄표제부,1,신대장,경기도 수원시 권선구 수인로 43-8 (서둔동),,,,,0,411133000064,13101,0,43,8,0,0,0,0,0,0,,,,0,0,0,0,0,0,0,0,0,0,0,0,0,0,,,,,,,,,0,,0,0,,0,,0,20220909
경기도 수원시 권선구 서둔동 17-22번지,41113,13100,0,0017,0022,1084181448,1,일반,1,총괄표제부,1,신대장,경기도 수원시 권선구 세화로151번길 12 (서둔동),,,,,0,411134325362,13101,0,12,0,0,89.67,0,145.47,131.97,0,01000,단독주택,단독주택,0,2,2,0,0,0,0,0,0,0,0,0,0,0,,,,,,,,,0,,0,0,,0,,0,20220909
경기도 수원시 권선구 서둔동 17-25번지,41113,13100,0,0017,0025,1084180893,1,일반,1,총괄표제부,1,신대장,경기도 수원시 권선구 세화로 181 (서둔동),,,,,0,411133175032,13103,0,181,,985,246.36,25.01,246.36,246.36,25.01,04000,제2종근린생활시설,제2종근린생활시설,0,0,2,0,0,2,0,0,0,0,0,0,2,23,20060803,20060817,20061205,2006,3760030,건축과,1101,1101,0,,0,0,,0,,0,20220909
경기도 수원시 권선구 서둔동 17-29번지,41113,13100,0,0017,0029,1084181059,1,일반,1,총괄표제부,0,구대장,경기도 수원시 권선구 서호동로 36-1 (서둔동),,,,,1,411133175026,13101,0,36,1,476,261.39,54.91,341.14,341.14,71.67,01000,단독주택,단독주택,1,2,3,1,0.99,2,0,0,0,0,0,0,2,23,,,,,,,,,0,,0,0,,0,,0,20220909
경기도 수원시 권선구 서둔동 17-44번지,41113,13100,0,0017,0044,1084181537,2,집합,1,총괄표제부,1,신대장,경기도 수원시 권선구 벌터로 34-3 (서둔동),,,,,0,411133175020,13101,0,34,3,0,926.34,0,2096.94,1852.68,0,02000,공동주택,공동주택,36,0,3,0,0,0,0,0,0,0,0,0,0,0,,,,,,,,,0,,0,0,,0,,0,20220909
경기도 수원시 권선구 서둔동 17-74번지,41113,13100,0,0017,0074,1084181538,2,집합,1,총괄표제부,1,신대장,경기도 수원시 권선구 세화로151번길 19 (서둔동),,,,,0,411134325362,13101,0,19,,0,554.34,0,1108.68,1108.68,0,02000,공동주택,공동주택,22,0,2,0,0,0,0,0,0,0,0,0,0,0,,,,,,,,,0,,0,0,,0,,0,20220909
경기도 수원시 권선구 서둔동 17-88번지,41113,13100,0,0017,0088,10841100490291,2,집합,1,총괄표제부,1,신대장,경기도 수원시 권선구 서호동로 38-1 (서둔동),보현아트빌,,,,0,411133175026,13101,0,38,1,654.7,382.72,58.46,1309.1,1309.1,199.95,02000,공동주택,공동주택,16,0,2,0,0,16,0,0,0,0,0,0,16,190.7,20210901,20211020,20220819,2021,3760030,건축과,1101,1101,0,,0,0,,0,,0,20220909
경기도 수원시 권선구 서둔동 17-110번지,41113,13100,0,0017,0110,1084181451,1,일반,1,총괄표제부,1,신대장,경기도 수원시 권선구 벌터로 17 (서둔동),,,,,0,411133175020,13101,0,17,,0,91.3,0,131.65,131.65,0,03000,제1종근린생활시설,단독주택,0,2,2,0,0,0,0,0,0,0,0,0,0,0,,,,,,,,,0,,0,0,,0,,0,20220909
경기도 수원시 권선구 서둔동 17-359번지,41113,13100,0,0017,0359,1084181452,1,일반,1,총괄표제부,1,신대장,경기도 수원시 권선구 세화로161번길 26-10 (서둔동),,,,,0,411134325363,13101,0,26,10,0,86.35,0,100.39,86.35,0,01000,단독주택,단독주택,0,1,2,0,0,0,0,0,0,0,0,0,0,0,,,,,,,,,0,,0,0,,0,,0,20220909
경기도 수원시 권선구 서둔동 17-416번지,41113,13100,0,0017,0416,10841100360757,1,일반,1,총괄표제부,1,신대장,,,,,,0,,,0,0,0,340,203.41,59.83,386.38,367.18,107.99,01000,단독주택,"단독주택(다가구주택), 근린생활시설",0,5,2,0,0,3,0,0,0,0,0,0,3,35,,,,,,,,,0,,0,0,,0,,0,20220909
경기도 수원시 권선구 서둔동 17-596번지,41113,13100,0,0017,0596,10841100340340,2,집합,1,총괄표제부,1,신대장,,우진빌리지,,,,0,,,0,,,796,396.35,49.792713,1318.76,1318.76,165.67,02000,공동주택,공동주택,24,0,2,0,0,23,0,0,0,0,0,0,23,260.9,20150427,20150511,20160120,2015,3760030,건축과,1101,1101,0,,0,0,,0,,0,20220909
경기도 수원시 권선구 서둔동 17-597번지,41113,13100,0,0017,0597,1084180832,1,일반,1,총괄표제부,1,신대장,경기도 수원시 권선구 세화로 169 (서둔동),,,,,0,411133175032,13103,0,169,,905,498.72,55.11,498.72,498.72,55.11,03000,제1종근린생활시설,제1종근린생활시설외1,0,0,3,0,0,3,0,0,0,0,3,47.46,0,0,20051202,20051213,20060419,2005,3760030,건축과,1101,1101,0,,0,0,,0,,0,20220909
경기도 수원시 권선구 서둔동 17-674번지,41113,13100,0,0017,0674,10841100340040,2,집합,1,총괄표제부,1,신대장,,우진빌리지,,,,0,,,0,,,807,386.08,47.84,1313.01,1313.01,162.7,02000,공동주택,단지형다세대,24,0,2,0,0,23,0,0,0,0,0,0,23,257.9,20150501,20150511,20160120,2015,3760030,건축과,1101,1101,0,,0,0,,0,,0,20220909
경기도 수원시 권선구 서둔동 27-17번지,41113,13100,0,0027,0017,1084181456,1,일반,1,총괄표제부,1,신대장,경기도 수원시 권선구 세화로151번길 92-20 (서둔동),,,,,0,411134325362,13101,0,92,20,0,198,0,238.95,198,0,02000,공동주택,공동주택,0,3,3,0,0,0,0,0,0,0,0,0,0,0,,,,,,,,,0,,0,0,,0,,0,20220909
경기도 수원시 권선구 서둔동 27-62번지,41113,13100,0,0027,0062,10841100433831,2,집합,1,총괄표제부,1,신대장,경기도 수원시 권선구 서호동로14번길 52-41 (서둔동),삼익리베리움,,,,0,411134325277,13101,0,52,41,1238,485.24,39.2,1406.88,1406.88,113.64,02000,공동주택,"공동주택, 제1종근린생활시설",32,0,2,0,0,33,0,0,0,0,0,0,33,367.1,20160805,20161020,20190701,2016,3760030,건축과,1101,1101,0,,0,0,,0,,0,20220909
경기도 수원시 권선구 서둔동 27-63번지,41113,13100,0,0027,0063,10841100324259,2,집합,1,총괄표제부,1,신대장,,"삼익마에스트로(101동,102동)",,,,0,,,0,,,947,446.43,47.14,1316.92,1316.92,139.06,02000,공동주택,공동주택,24,0,2,0,0,23,0,0,0,0,0,0,23,265.2,20141212,20150204,20150630,2014,3760030,건축과,1101,1101,0,,0,0,,0,,0,20220909
경기도 수원시 권선구 서둔동 27-65번지,41113,13100,0,0027,0065,10841100310227,2,집합,1,총괄표제부,1,신대장,,,,,,0,,,0,,,922,434.26,47.1,1317.94,1317.94,142.94,02000,공동주택,공동주택(도시형생활주택-다세대주택),24,0,2,0,0,23,0,0,0,0,13,145.9,10,115,20140501,20140508,20140902,2014,3760030,건축과,1101,1101,0,,0,0,,0,,0,20220909
경기도 수원시 권선구 서둔동 27-123번지,41113,13100,0,0027,0123,10841100335717,2,집합,1,총괄표제부,1,신대장,,"삼익마에스트로(103동,104동)",,,,0,,,0,,,1050,443.31,42.22,1319.16,1319.16,125.63,02000,공동주택,도시형생활주택,21,0,2,0,0,20,0,0,0,0,0,0,20,230.7,20150521,20150601,20151006,2015,3760030,건축과,1101,1101,0,,0,0,,0,,0,20220909
경기도 수원시 권선구 서둔동 27-127번지,41113,13100,0,0027,0127,10841100336457,2,집합,1,총괄표제부,1,신대장,,"삼익마에스트로(105동,106동)",,,,0,,,0,,,935,457.5,48.93,1318.06,1318.06,140.97,02000,공동주택,공동주택,20,0,2,0,0,19,0,0,0,0,0,0,19,223.5,20150402,20150421,20151023,2015,3760030,건축과,1101,1101,0,,0,0,,0,,0,20220909
경기도 수원시 권선구 서둔동 27-131번지,41113,13100,0,0027,0131,10841100347460,2,집합,1,총괄표제부,1,신대장,,삼익리베리움,,,,0,,,0,,,916,410.9,44.86,1317.44,1317.44,143.83,02000,공동주택,공동주택(도시형생활주택-단지형다세대주택),24,0,2,0,0,24,0,0,0,0,0,0,24,274,20160204,20160205,20160629,2016,3760030,건축과,1101,1101,0,,0,0,,0,,0,20220909
경기도 수원시 권선구 서둔동 27-132번지,41113,13100,0,0027,0132,10841100354180,2,집합,1,총괄표제부,1,신대장,,삼익리베리움,,,,0,,,0,,,1387,644.02,46.43,1975.72,1975.72,142.45,02000,공동주택,공동주택(도시형생활주택-단지형다세대주택),34,0,3,0,0,32,0,0,0,0,0,0,32,360.6,20160215,20160412,20161013,2016,3760030,건축과,1101,1101,0,,0,0,,0,,0,20220909
경기도 수원시 권선구 서둔동 27-137번지,41113,13100,0,0027,0137,10841100418752,2,집합,1,총괄표제부,1,신대장,경기도 수원시 권선구 서호동로14번길 76-18 (서둔동),삼익리베리움,,,,0,411134325277,13101,0,76,18,1230,485.24,39.45,1406.88,1406.88,114.38,02000,공동주택,도시형생활주택,32,0,2,0,0,33,0,0,0,0,0,0,33,371.6,20160812,20161015,20181130,2016,3760030,건축과,1101,1101,1,,0,0,,0,,0,20220909
경기도 수원시 권선구 서둔동 27-138번지,41113,13100,0,0027,0138,10841100369573,2,집합,1,총괄표제부,1,신대장,,삼익리베리움,,,,0,,,0,0,0,765,425.9,55.67,1385.21,1385.21,181.07,02000,공동주택,공동주택(도시형생활주택-단지형다세대주택),23,0,2,0,0,22,0,0,0,0,0,0,22,233.4,20160808,20160831,20170508,2016,3760030,건축과,1101,1101,1,,0,0,,0,,0,20220909
경기도 수원시 권선구 서둔동 27-139번지,41113,13100,0,0027,0139,10841100363645,2,집합,1,총괄표제부,1,신대장,,삼익리베리움,,,,0,,,0,0,0,1332,652.26,48.97,1975.67,1975.67,148.32,02000,공동주택,공동주택(도시형생활주택 단지형다세대주택),32,0,3,0,0,33,0,0,0,0,0,0,33,371.6,20160805,20160831,20170327,2016,3760030,건축과,1101,1101,0,,0,0,,0,,0,20220909
경기도 수원시 권선구 서둔동 27-140번지,41113,13100,0,0027,0140,10841100356584,2,집합,1,총괄표제부,1,신대장,경기도 수원시 권선구 서호동로14번길 52-45 (서둔동),삼익리베리움,,,,0,411134325277,13101,0,52,45,1332,649.98,48.8,1961.63,1961.63,147.27,02000,공동주택,공동주택(도시형생활주택-단지형다세대주택),33,0,3,0,0,31,0,0,0,0,0,0,31,349.5,20160706,20160720,20161207,2016,3760030,건축과,1101,1101,0,,0,0,,0,,0,20220909
경기도 수원시 권선구 서둔동 27-141번지,41113,13100,0,0027,0141,10841100363762,2,집합,1,총괄표제부,1,신대장,,삼익리베리움,,,,0,,,0,,,785,426.5,54.33,1318.74,1318.74,167.99,02000,공동주택,공동주택(도시형생활주택 단지형다세대주택),23,0,2,0,0,22,0,0,0,0,0,0,22,244.9,20160706,20160713,20170329,2016,3760030,건축과,1101,1101,0,,0,0,,0,,0,20220909
경기도 수원시 권선구 서둔동 27-142번지,41113,13100,0,0027,0142,10841100424151,2,집합,1,총괄표제부,1,신대장,,삼익리베리움,,,,0,,,0,,,856,478.61,55.91,1365.27,1365.27,159.49,02000,공동주택,"공동주택,제2종근린생활시설",28,0,2,0,0,28,0,0,0,0,0,0,28,318.4,20160805,20161020,20190308,2016,3760030,건축과,1101,1101,1,,0,0,,0,,0,20220909
경기도 수원시 권선구 서둔동 27-143번지,41113,13100,0,0027,0143,10841100409529,2,집합,1,총괄표제부,1,신대장,경기도 수원시 권선구 서호동로14번길 76-12 (서둔동),삼익리베리움,,,,0,411134325277,13101,0,76,12,802,478.97,59.72,1319.12,1319.12,164.48,02000,공동주택,도시형생활주택(단지형다세대),28,0,2,0,0,28,0,0,0,0,0,0,28,323.4,20160805,20161015,20180629,2016,3760030,건축과,1101,1101,0,,0,0,,0,,0,20220909
경기도 수원시 권선구 서둔동 39-7번지,41113,13100,0,0039,0007,1084181463,1,일반,1,총괄표제부,1,신대장,경기도 수원시 권선구 69-27 (서둔동),,,,,3,411154328314,,0,69,27,15608,2708.4,17.35,7162.59,7032.99,45.27,10000,교육연구시설,교육연구시설,0,0,3,5,99.09,0,0,0,0,0,0,0,0,0,,,,,,,,,0,,0,0,,0,,0,20241205
경기도 수원시 권선구 서둔동 39-32번지,41113,13100,0,0039,0032,1084181539,2,집합,1,총괄표제부,1,신대장,경기도 수원시 권선구 세화로169번길 45 (서둔동),,,,,0,411134325366,13101,0,45,,0,1611.9,0,1723.11,1611.9,0,02000,공동주택,공동주택,30,0,2,0,0,0,0,0,0,0,0,0,0,0,,,,,,,,,0,,0,0,,0,,0,20220909
경기도 수원시 권선구 서둔동 45-44번지,41113,13100,0,0045,0044,1084181465,1,일반,1,총괄표제부,1,신대장,경기도 수원시 권선구 서호동로26번길 27-10 (서둔동),,,,,0,411134325279,13101,0,27,10,0,94.81,0,94.81,94.81,0,01000,단독주택,단독주택,0,2,2,0,0,0,0,0,0,0,0,0,0,0,,,,,,,,,0,,0,0,,0,,0,20220909
경기도 수원시 권선구 서둔동 45-74번지,41113,13100,0,0045,0074,1084181466,1,일반,1,총괄표제부,1,신대장,,,,,,0,,,0,,,0,860.67,0,860.67,860.67,0,17000,공장,단독주택,0,1,2,0,0,0,0,0,0,0,0,0,0,0,,,,,,,,,0,,0,0,,0,,0,20220909
경기도 수원시 권선구 서둔동 45-92번지,41113,13100,0,0045,0092,1084181427,1,일반,1,총괄표제부,0,구대장,경기도 수원시 권선구 서호동로20번길 9-9 (서둔동),,,,,0,411134325278,13101,0,9,9,308,182.52,59.25,182.52,182.52,59.25,01000,단독주택,"근린생활시설, 주택",0,1,2,0,0,0,0,0,0,0,0,0,0,0,,,,,,,,,0,,0,0,,0,,0,20220909
경기도 수원시 권선구 서둔동 45-163번지,41113,13100,0,0045,0163,10841100209851,1,일반,1,총괄표제부,1,신대장,경기도 수원시 권선구 서호동로26번길 6 (서둔동),,,,,1,411134325279,13101,0,6,,734,210.3,28.65,210.3,210.3,28.65,03000,제1종근린생활시설,제1종근린생활시설외1,0,0,2,2,15,0,0,0,0,0,0,0,0,0,,,,,,,,,0,,0,0,,0,,0,20220909
경기도 수원시 권선구 서둔동 46-4번지,41113,13100,0,0046,0004,1084181468,1,일반,1,총괄표제부,1,신대장,경기도 수원시 권선구 서호동로 26 (서둔동),,,,,0,411133175026,13101,0,26,,0,121.91,0,121.91,121.91,0,03000,제1종근린생활시설,단독주택,0,2,2,0,0,0,0,0,0,0,0,0,0,0,,,,,,,,,0,,0,0,,0,,0,20220909
경기도 수원시 권선구 서둔동 51-2번지,41113,13100,0,0051,0002,1084181469,1,일반,1,총괄표제부,1,신대장,경기도 수원시 권선구 서호동로 8 (서둔동),,,,,0,411133175026,13101,0,8,,0,427.41,0,1161.79,772.83,0,03000,제1종근린생활시설,제1종근린생활시설,0,0,2,0,0,0,0,0,0,0,0,0,0,0,,,,,,,,,0,,0,0,,0,,0,20220909
경기도 수원시 권선구 서둔동 51-4번지,41113,13100,0,0051,0004,1084181470,1,일반,1,총괄표제부,1,신대장,경기도 수원시 권선구 서호동로14번길 11 (서둔동),,,,,0,411134325277,13101,0,11,0,0,154.05,0,154.05,154.05,0,01000,단독주택,단독주택,0,2,2,0,0,0,0,0,0,0,0,0,0,0,,,,,,,,,0,,0,0,,0,,0,20220909
경기도 수원시 권선구 서둔동 54번지,41113,13100,0,0054,0000,1084181471,1,일반,1,총괄표제부,1,신대장,경기도 수원시 권선구 78 (서둔동),,,,,0,411154328315,,0,78,0,0,140.17,0,140.17,140.17,0,01000,단독주택,단독주택,0,0,2,0,0,0,0,0,0,0,0,0,0,0,,,,,,,,,0,,0,0,,0,,0,20220909
경기도 수원시 권선구 서둔동 61-2번지,41113,13100,0,0061,0002,1084181472,1,일반,1,총괄표제부,1,신대장,경기도 수원시 권선구 서호로 54 (서둔동),,,,,8,411133175027,13101,0,54,,54599,7963.51,14.59,12821.4,11145.77,20.41,21000,동물및식물관련시설,"동.식물관련시설, 창고시설",0,0,11,1,76.26,78,0,0,0,0,0,0,0,0,,,,,,,,,0,,0,0,,0,,0,20220909
경기도 수원시 권선구 서둔동 79-1번지,41113,13100,0,0079,0001,10841100225182,1,일반,1,총괄표제부,1,신대장,경기도 수원시 권선구 서호로 32 (서둔동),수원유스호스텔,,,,6,411133175027,13101,0,32,0,26136,3032.4,11.6,5584.44,4946.07,18.92,12000,수련시설,수련시설,0,0,6,0,0,81,0,0,0,0,0,0,0,0,,,,,,,,,0,,0,0,,0,,0,20220909
경기도 수원시 권선구 서둔동 79-12번지,41113,13100,0,0079,0012,10841100199428,1,일반,1,총괄표제부,1,신대장,,서둔동 79-12 위험물저장및처리시설 (김정애),,,,0,,,0,,,2148,427.24,19.89,524.06,524.06,24.4,19000,위험물저장및처리시설,주유소,0,0,2,0,0,7,0,0,0,0,0,0,7,85.5,20060421,20070405,20080801,2006,3760030,건축과,1101,1101,0,,0,0,,0,,0,20220909
경기도 수원시 권선구 서둔동 79-30번지,41113,13100,0,0079,0030,10841100199431,1,일반,1,총괄표제부,1,신대장,경기도 수원시 권선구 권선로 337 (서둔동),서둔동충전소,,,,1,411133175010,13104,0,337,,1498,273.01,18.23,273.01,273.01,18.23,19000,위험물저장및처리시설,가스충전소,0,0,3,0,0,4,0,0,0,0,0,0,4,46,20071204,20080327,20080801,2007,3760030,건축과,1101,1101,0,,0,0,,0,,0,20220909
경기도 수원시 권선구 서둔동 92-6번지,41113,13100,0,0092,0006,10841100488862,1,일반,1,총괄표제부,1,신대장,,서울대 수원수목원,,,,0,,,0,,,49284,2401.92,4.87,6284.25,5745.6,11.66,10000,교육연구시설,학교,0,0,5,0,0,31,0,0,0,0,0,0,31,356.5,,,,,,,,,0,,0,0,,0,,0,20260306
경기도 수원시 권선구 서둔동 95-36번지,41113,13100,0,0095,0036,1084181474,1,일반,1,총괄표제부,1,신대장,경기도 수원시 권선구 서호서로7번길 9-6 (서둔동),,,,,0,411134325286,13101,0,9,6,0,397.57,0,411.61,397.57,0,21000,동물및식물관련시설,단독주택,0,2,2,0,0,0,0,0,0,0,0,0,0,0,,,,,,,,,0,,0,0,,0,,0,20220909
경기도 수원시 권선구 서둔동 97-31번지,41113,13100,0,0097,0031,1084181475,1,일반,1,총괄표제부,1,신대장,,,,,,0,,,0,,,0,112.09,0,122.54,112.09,0,04000,제2종근린생활시설,제2종근린생활시설,0,1,2,0,0,0,0,0,0,0,0,0,0,0,,,,,,,,,0,,0,0,,0,,0,20220909
경기도 수원시 권선구 서둔동 98-2번지,41113,13100,0,0098,0002,1084180804,1,일반,1,총괄표제부,1,신대장,경기도 수원시 권선구 서호서로15번길 11 (서둔동),,,,,1,411134325282,13101,0,11,0,642,212.33,33.07,284.48,284.48,44.31,01000,단독주택,단독주택외1,0,1,2,0,0,2,0,0,0,0,0,0,2,23,,,,,,,,,0,,0,0,,0,,0,20220909
경기도 수원시 권선구 서둔동 103-2번지,41113,13100,0,0103,0002,10841100321027,1,일반,1,총괄표제부,1,신대장,,,,,,0,,,0,,,129745,19158.73,14.77,40918.62,39431.9,30.39,10000,교육연구시설,,0,0,27,0,0,0,0,0,0,0,0,0,0,0,,,,,,,,,0,,0,0,,0,,0,20220909
경기도 수원시 권선구 서둔동 103-25번지,41113,13100,0,0103,0025,10841100324865,1,일반,1,총괄표제부,1,신대장,경기도 수원시 권선구 서둔로 166 (서둔동),,,,,0,411133175024,13102,0,166,,151349,13483.1,8.8663773,24607.68,23453.54,15.422857,10000,교육연구시설,교육연구시설,0,0,13,0,0,153,0,0,0,0,0,0,0,0,,,,,,,,,0,,0,0,,0,,0,20250429
경기도 수원시 권선구 서둔동 107-11번지,41113,13100,0,0107,0011,1084181540,2,집합,1,총괄표제부,1,신대장,경기도 수원시 권선구 서호로115번길 20-14 (서둔동),,,,,0,411134325281,13101,0,20,14,0,229.42,0,677.16,225.72,0,02000,공동주택,공동주택,6,0,2,0,0,0,0,0,0,0,0,0,0,0,,,,,,,,,0,,0,0,,0,,0,20220909
경기도 수원시 권선구 서둔동 108번지,41113,13100,0,0108,0000,1084181479,1,일반,1,총괄표제부,1,신대장,,,,,,0,,,0,,,0,114.45,0,154.12,154.12,0,01000,단독주택,단독주택,0,4,4,0,0,0,0,0,0,0,0,0,0,0,,,,,,,,,0,,0,0,,0,,0,20220909
경기도 수원시 권선구 서둔동 109번지,41113,13100,0,0109,0000,1084181480,1,일반,1,총괄표제부,1,신대장,,,,,,0,,,0,,,0,11.5,0,11.5,11.5,0,07000,판매시설,판매시설,0,0,2,0,0,0,0,0,0,0,0,0,0,0,,,,,,,,,0,,0,0,,0,,0,20220909
경기도 수원시 권선구 서둔동 116-2번지,41113,13100,0,0116,0002,10841100457412,1,일반,1,총괄표제부,1,신대장,경기도 수원시 권선구 서호서로 33 (서둔동),주식회사제이에스알푸드,,,,1,411133175028,13101,0,33,,461,234.9,50.95,489.79,436.87,94.77,04000,제2종근린생활시설,제2종근린생활시설,0,0,2,0,0,3,0,0,0,0,0,0,3,37.5,,,,,,,,,0,,0,0,,0,,0,20220909
경기도 수원시 권선구 서둔동 123번지,41113,13100,0,0123,0000,1084181484,1,일반,1,총괄표제부,1,신대장,경기도 수원시 권선구 서호서로33번길 6 (서둔동),,,,,0,411134325284,13101,0,6,0,0,150.12,0,150.12,150.12,0,01000,단독주택,단독주택,0,3,3,0,0,0,0,0,0,0,0,0,0,0,,,,,,,,,0,,0,0,,0,,0,20220909
경기도 수원시 권선구 서둔동 126-1번지,41113,13100,0,0126,0001,10841100414609,2,집합,1,총괄표제부,1,신대장,경기도 수원시 권선구 서호서로21번길 18-10 (서둔동),,,,,0,411134325283,13101,0,18,10,700,361.79,51.68,1318.52,1318.52,188.36,02000,공동주택,도시형생활주택(단지형다세대),16,0,2,0,0,16,0,0,0,0,0,0,16,184.7,20180308,20180328,20181004,2018,3760030,건축과,1101,1101,0,,0,0,,0,,0,20220909
경기도 수원시 권선구 서둔동 128번지,41113,13100,0,0128,0000,1084181485,1,일반,1,총괄표제부,1,신대장,,,,,,0,,,0,,,0,60.83,0,60.83,60.83,0,01000,단독주택,단독주택,0,2,2,0,0,0,0,0,0,0,0,0,0,0,,,,,,,,,0,,0,0,,0,,0,20220909
경기도 수원시 권선구 서둔동 144-6번지,41113,13100,0,0144,0006,1084181486,1,일반,1,총괄표제부,1,신대장,경기도 수원시 권선구 서호서로39번길 39 (서둔동),,,,,0,411134325285,13101,0,39,0,0,118.38,0,167.16,167.16,0,01000,단독주택,단독주택,0,1,2,0,0,0,0,0,0,0,0,0,0,0,,,,,,,,,0,,0,0,,0,,0,20220909
경기도 수원시 권선구 서둔동 145-1번지,41113,13100,0,0145,0001,1084181487,1,일반,1,총괄표제부,1,신대장,,,,,,0,,,0,,,0,48.53,0,48.53,48.53,0,07000,판매시설,판매시설,0,1,2,0,0,0,0,0,0,0,0,0,0,0,,,,,,,,,0,,0,0,,0,,0,20220909
경기도 수원시 권선구 서둔동 146-2번지,41113,13100,0,0146,0002,1084181488,1,일반,1,총괄표제부,1,신대장,경기도 수원시 권선구 서호서로33번길 37-3 (서둔동),,,,,0,411134325284,13101,0,37,3,0,79.46,0,79.46,79.46,0,01000,단독주택,단독주택,0,2,2,0,0,0,0,0,0,0,0,0,0,0,,,,,,,,,0,,0,0,,0,,0,20220909
경기도 수원시 권선구 서둔동 146-7번지,41113,13100,0,0146,0007,1084181490,1,일반,1,총괄표제부,1,신대장,경기도 수원시 권선구 서호서로33번길 31-6 (서둔동),,,,,0,411134325284,13101,0,31,6,0,42.81,0,42.81,42.81,0,01000,단독주택,단독주택,0,1,2,0,0,0,0,0,0,0,0,0,0,0,,,,,,,,,0,,0,0,,0,,0,20220909
경기도 수원시 권선구 서둔동 146-9번지,41113,13100,0,0146,0009,1084181491,1,일반,1,총괄표제부,1,신대장,경기도 수원시 권선구 서호서로33번길 23-16 (서둔동),,,,,0,411134325284,13101,0,23,16,0,100.49,0,100.49,100.49,0,01000,단독주택,단독주택,0,3,3,0,0,0,0,0,0,0,0,0,0,0,,,,,,,,,0,,0,0,,0,,0,20220909
경기도 수원시 권선구 서둔동 147-2번지,41113,13100,0,0147,0002,1084181492,1,일반,1,총괄표제부,1,신대장,경기도 수원시 권선구 서호서로33번길 37-13 (서둔동),,,,,0,411134325284,13101,0,37,13,0,55.3,0,55.3,55.3,0,01000,단독주택,단독주택,0,2,2,0,0,0,0,0,0,0,0,0,0,0,,,,,,,,,0,,0,0,,0,,0,20220909
경기도 수원시 권선구 서둔동 149-17번지,41113,13100,0,0149,0017,1084181493,1,일반,1,총괄표제부,1,신대장,경기도 수원시 권선구 서호서로21번길 43 (서둔동),,,,,0,411134325283,13101,0,43,,0,118.47,0,195.37,195.37,0,03000,제1종근린생활시설,제1종근린생활시설,0,2,2,0,0,0,0,0,0,0,0,0,0,0,,,,,,,,,0,,0,0,,0,,0,20220909
경기도 수원시 권선구 서둔동 150-12번지,41113,13100,0,0150,0012,1084181541,2,집합,1,총괄표제부,1,신대장,경기도 수원시 권선구 서호서로21번길 39 (서둔동),,,,,0,411134325283,13101,0,39,,0,989.64,0,3947.76,2961.72,0,02000,공동주택,공동주택,66,0,4,1,3.6,0,0,0,0,0,0,0,0,0,,,,,,,,,0,,0,0,,0,,0,20220909
경기도 수원시 권선구 서둔동 150-46번지,41113,13100,0,0150,0046,1084180814,1,일반,1,총괄표제부,1,신대장,경기도 수원시 권선구 서호서로21번길 32 (서둔동),서둔동성당복자유치원,,,,0,411134325283,13101,0,32,,1063,394.06,37.07,867.39,867.39,81.6,10000,교육연구시설,교육연구및복지시설외2,0,1,2,0,0,4,0,0,0,0,0,0,4,46,,,,,,,,,0,,0,0,,0,,0,20220909
경기도 수원시 권선구 서둔동 155번지,41113,13100,0,0155,0000,1084181496,1,일반,1,총괄표제부,1,신대장,,,,,,0,,,0,,,0,121.69,0,121.69,121.69,0,01000,단독주택,단독주택,0,3,3,0,0,0,0,0,0,0,0,0,0,0,,,,,,,,,0,,0,0,,0,,0,20220909
경기도 수원시 권선구 서둔동 156번지,41113,13100,0,0156,0000,1084181497,1,일반,1,총괄표제부,1,신대장,,,,,,0,,,0,,,0,67.57,0,67.57,67.57,0,01000,단독주택,단독주택,0,3,3,0,0,0,0,0,0,0,0,0,0,0,,,,,,,,,0,,0,0,,0,,0,20220909
경기도 수원시 권선구 서둔동 156-1번지,41113,13100,0,0156,0001,1084181498,1,일반,1,총괄표제부,1,신대장,경기도 수원시 권선구 서둔로200번길 26-2 (서둔동),,,,,0,411134325252,13101,0,26,2,0,38.77,0,38.77,38.77,0,01000,단독주택,단독주택,0,1,2,0,0,0,0,0,0,0,0,0,0,0,,,,,,,,,0,,0,0,,0,,0,20220909
경기도 수원시 권선구 서둔동 158번지,41113,13100,0,0158,0000,1084181500,1,일반,1,총괄표제부,1,신대장,,,,,,0,,,0,,,0,68.99,0,68.99,68.99,0,01000,단독주택,단독주택,0,2,2,0,0,0,0,0,0,0,0,0,0,0,,,,,,,,,0,,0,0,,0,,0,20220909
경기도 수원시 권선구 서둔동 158-1번지,41113,13100,0,0158,0001,1084181501,1,일반,1,총괄표제부,1,신대장,,,,,,0,,,0,,,0,116.59,0,208.13,116.59,0,03000,제1종근린생활시설,단독주택,0,2,2,0,0,0,0,0,0,0,0,0,0,0,,,,,,,,,0,,0,0,,0,,0,20220909
경기도 수원시 권선구 서둔동 163-2번지,41113,13100,0,0163,0002,1084181502,1,일반,1,총괄표제부,1,신대장,경기도 수원시 권선구 서둔로200번길 19 (서둔동),,,,,0,411134325252,13101,0,19,0,0,87.59,0,152.19,84.7,0,01000,단독주택,단독주택,0,3,3,0,0,0,0,0,0,0,0,0,0,0,,,,,,,,,0,,0,0,,0,,0,20220909
경기도 수원시 권선구 서둔동 172번지,41113,13100,0,0172,0000,1084181504,1,일반,1,총괄표제부,1,신대장,,,,,,0,,,0,,,0,42.67,0,42.67,42.67,0,01000,단독주택,단독주택,0,2,2,0,0,0,0,0,0,0,0,0,0,0,,,,,,,,,0,,0,0,,0,,0,20220909
경기도 수원시 권선구 서둔동 179번지,41113,13100,0,0179,0000,1084181505,1,일반,1,총괄표제부,1,신대장,,,,,,0,,,0,,,0,245.84,0,258.8,258.8,0,01000,단독주택,단독주택,0,8,8,1,12.96,0,0,0,0,0,0,0,0,0,,,,,,,,,0,,0,0,,0,,0,20220909
경기도 수원시 권선구 서둔동 179-2번지,41113,13100,0,0179,0002,1084181506,1,일반,1,총괄표제부,1,신대장,경기도 수원시 권선구 상탑로 88-4 (서둔동),,,,,0,411133175022,13101,0,88,4,0,98.32,0,98.32,98.32,0,01000,단독주택,단독주택,0,2,2,0,0,0,0,0,0,0,0,0,0,0,,,,,,,,,0,,0,0,,0,,0,20220909
경기도 수원시 권선구 서둔동 180번지,41113,13100,0,0180,0000,1084181507,1,일반,1,총괄표제부,1,신대장,,,,,,0,,,0,,,0,91.77,0,91.77,91.77,0,01000,단독주택,단독주택,0,2,2,0,0,0,0,0,0,0,0,0,0,0,,,,,,,,,0,,0,0,,0,,0,20220909
경기도 수원시 권선구 서둔동 185-1번지,41113,13100,0,0185,0001,1084181429,1,일반,1,총괄표제부,0,구대장,경기도 수원시 권선구 상탑로 102 (서둔동),,,,,0,411133175022,13101,0,102,,0,229.89,0,311.68,311.68,0,03000,제1종근린생활시설,제1종근린생활시설,0,1,2,0,0,0,0,0,0,0,0,0,0,0,,,,,,,,,0,,0,0,,0,,0,20220909
경기도 수원시 권선구 서둔동 188-2번지,41113,13100,0,0188,0002,1084181542,2,집합,1,총괄표제부,1,신대장,경기도 수원시 권선구 수인로135번길 43 (서둔동),,,,,0,411134325371,13101,0,43,,0,5075.83,0,20057.32,15063.49,0,02000,공동주택,공동주택,222,0,13,0,0,0,0,0,0,0,0,0,0,0,,,,,,,,,0,,0,0,,0,,0,20220909
경기도 수원시 권선구 서둔동 200-11번지,41113,13100,0,0200,0011,1084181509,1,일반,1,총괄표제부,1,신대장,경기도 수원시 권선구 서호서로33번길 37-17 (서둔동),,,,,0,411134325284,13101,0,37,17,0,78.21,0,78.21,78.21,0,01000,단독주택,단독주택,0,2,2,0,0,0,0,0,0,0,0,0,0,0,,,,,,,,,0,,0,0,,0,,0,20220909
경기도 수원시 권선구 서둔동 200-39번지,41113,13100,0,0200,0039,1084181510,1,일반,1,총괄표제부,1,신대장,경기도 수원시 권선구 상탑로 118 (서둔동),,,,,0,411133175022,13101,0,118,,0,239.87,0,239.87,239.87,0,17000,공장,공장,0,1,2,0,0,0,0,0,0,0,0,0,0,0,,,,,,,,,0,,0,0,,0,,0,20220909
경기도 수원시 권선구 서둔동 207-8번지,41113,13100,0,0207,0008,1084180793,1,일반,1,총괄표제부,0,구대장,경기도 수원시 권선구 서호로 131 (서둔동),,,,,0,411133175027,13101,0,131,,426,210.11,49.32,263.03,263.03,61.74,04000,제2종근린생활시설,"근린생활시설, 창고시설",0,0,2,0,0,0,0,0,0,0,0,0,0,0,,,,,,,,,0,,0,0,,0,,0,20220909
경기도 수원시 권선구 서둔동 207-13번지,41113,13100,0,0207,0013,1084181431,1,일반,1,총괄표제부,0,구대장,경기도 수원시 권선구 서호로 146 (서둔동),서둔동 행정복지센터,,,,1,411133175027,13101,0,146,,1705,422.74,24.79,1060.79,1006.01,59,03000,제1종근린생활시설,제1종근린생활시설,0,0,2,0,0,14,0,0,0,0,0,0,14,0,,,,,,,,,0,,0,0,,0,,0,20220909
경기도 수원시 권선구 서둔동 207-15번지,41113,13100,0,0207,0015,1084181511,1,일반,1,총괄표제부,1,신대장,경기도 수원시 권선구 서호로 135-7 (서둔동),,,,,0,411133175027,13101,0,135,7,0,106.81,0,212.63,191.04,0,04000,제2종근린생활시설,제2종근린생활시설,0,1,2,0,0,0,0,0,0,0,0,0,0,0,,,,,,,,,0,,0,0,,0,,0,20220909
경기도 수원시 권선구 서둔동 211-1번지,41113,13100,0,0211,0001,1084181513,1,일반,1,총괄표제부,1,신대장,경기도 수원시 권선구 수인로135번길 22 (서둔동),,,,,0,411134325371,13101,0,22,,0,561.03,0,621.03,561.03,0,18000,창고시설,창고시설,0,0,2,0,0,0,0,0,0,0,0,0,0,0,,,,,,,,,0,,0,0,,0,,0,20220909
경기도 수원시 권선구 서둔동 212-1번지,41113,13100,0,0212,0001,1084181514,1,일반,1,총괄표제부,1,신대장,경기도 수원시 권선구 수인로135번길 22 (서둔동),,,,,0,411134325371,13101,0,22,,0,890.22,0,919.01,919.01,0,21000,동물및식물관련시설,동.식물관련시설,0,0,2,0,0,0,0,0,0,0,0,0,0,0,,,,,,,,,0,,0,0,,0,,0,20220909
경기도 수원시 권선구 서둔동 243번지,41113,13100,0,0243,0000,1084181518,1,일반,1,총괄표제부,1,신대장,,,,,,0,,,0,,,0,132.12,0,132.12,132.12,0,01000,단독주택,단독주택,0,4,4,0,0,0,0,0,0,0,0,0,0,0,,,,,,,,,0,,0,0,,0,,0,20220909
경기도 수원시 권선구 서둔동 243-10번지,41113,13100,0,0243,0010,1084181439,2,집합,1,총괄표제부,1,신대장,경기도 수원시 권선구 여기산로16번길 24 (서둔동),,,,,0,411134325384,13101,0,24,0,431,168.06,38.99,604.98,436.92,101.37,02000,공동주택,공동주택,11,0,2,0,0,0,0,0,0,0,0,0,0,0,,,,,,,,,0,,0,0,,0,,0,20220909
경기도 수원시 권선구 서둔동 243-12번지,41113,13100,0,0243,0012,1084181520,1,일반,1,총괄표제부,1,신대장,경기도 수원시 권선구 여기산로10번길 27-5 (서둔동),,,,,0,411134325383,13101,0,27,5,0,78.28,0,78.28,78.28,0,01000,단독주택,단독주택,0,2,2,0,0,0,0,0,0,0,0,0,0,0,,,,,,,,,0,,0,0,,0,,0,20220909
경기도 수원시 권선구 서둔동 243-74번지,41113,13100,0,0243,0074,1084181440,2,집합,1,총괄표제부,0,구대장,경기도 수원시 권선구 수인로196번길 10 (서둔동),삼현빌라,,,,0,411134325374,13101,0,10,,426.5,175.51,41.15,729.5,557.9,130.8,02000,공동주택,다세대주택,13,0,2,0,0,5,0,0,0,0,0,0,5,57.5,,,,,,,,,0,,0,0,,0,,0,20220909
경기도 수원시 권선구 서둔동 247번지,41113,13100,0,0247,0000,1084181524,1,일반,1,총괄표제부,1,신대장,,,,,,0,,,0,,,0,60.72,0,60.72,60.72,0,01000,단독주택,단독주택,0,5,5,0,0,0,0,0,0,0,0,0,0,0,,,,,,,,,0,,0,0,,0,,0,20220909
경기도 수원시 권선구 서둔동 247-2번지,41113,13100,0,0247,0002,1084181525,1,일반,1,총괄표제부,1,신대장,,,,,,0,,,0,,,0,0,0,0,0,0,,,,0,0,0,0,0,0,0,0,0,0,0,0,0,0,,,,,,,,,0,,0,0,,0,,0,20220909
경기도 수원시 권선구 서둔동 249-7번지,41113,13100,0,0249,0007,10841100481051,1,일반,1,총괄표제부,1,신대장,경기도 수원시 권선구 수인로 154 (서둔동),국립농업박물관,,,,0,411133000064,13101,0,154,,63908,10821.19,16.93,17954.68,6043.2,9.45,05000,문화및집회시설,"문화및집회시설(전시장,식물원),제2종근린생활시설",0,0,2,2,168.38,233,0,0,0,0,0,0,233,6302.11,20181219,20200120,20220218,2018,3740058,건축과,5100,5100,0,,0,0,,0,,0,20220909
경기도 수원시 권선구 서둔동 251번지,41113,13100,0,0251,0000,1084181527,1,일반,1,총괄표제부,1,신대장,경기도 수원시 권선구 수인로 126 (서둔동),,,,,0,411133000064,13101,0,126,0,0,17318.82,0,24615.75,23440.77,0,10000,교육연구시설,교육연구시설,0,0,4,0,0,207,0,0,0,0,0,0,0,0,,,,,,,,,0,,0,0,,0,,0,20220909
경기도 수원시 권선구 서둔동 256번지,41113,13100,0,0256,0000,1084181438,1,일반,1,총괄표제부,0,구대장,경기도 수원시 권선구 여기산로26번길 30 (서둔동),,,,,0,411134325386,13101,0,30,,16505,3255.84,19.73,3371.04,3371.04,20.42,13000,운동시설,운동시설,0,0,2,0,0,264,0,0,0,0,0,0,264,12810,,,,,,,,,0,,0,0,,0,,0,20220909
경기도 수원시 권선구 서둔동 260-36번지,41113,13100,0,0260,0036,1084180720,1,일반,1,총괄표제부,1,신대장,경기도 수원시 권선구 여기산로10번길 5 (서둔동),,,,,0,411134325383,13101,0,5,,237,84.4,35.61,84.4,84.4,35.61,04000,제2종근린생활시설,제2종근린생활시설외1,0,0,2,0,0,1,0,0,0,0,0,0,1,11.5,,,,,,,,,0,,0,0,,0,,0,20220909
경기도 수원시 권선구 서둔동 292-6번지,41113,13100,0,0292,0006,10841100453472,2,집합,1,총괄표제부,1,신대장,경기도 수원시 권선구 세화로190번길 45 (서둔동),골든파크뷰,,,,0,411134325367,13101,0,45,,702,410.47,58.47,1319.3,1319.3,187.93,02000,공동주택,공동주택(도시형생활주택(단지형다세대주택)),22,0,2,0,0,22,0,0,0,0,22,260.9,0,0,20200218,20200226,20201007,2020,3760030,건축과,1101,1101,0,,0,0,,0,,0,20220909
경기도 수원시 권선구 서둔동 292-7번지,41113,13100,0,0292,0007,10841100449051,2,집합,1,총괄표제부,1,신대장,경기도 수원시 권선구 세화로190번길 49 (서둔동),아크빌,,,,1,411134325367,13101,0,49,,747,421.18,56.38,1319.15,1319.15,176.59,02000,공동주택,공동주택(도시형생활주택 단지형다세대 24세대),24,0,2,0,0,24,0,0,0,0,0,0,24,287.9,20191024,20191104,20200522,2019,3760030,건축과,1101,1101,0,,0,0,,0,,0,20220909
경기도 수원시 권선구 서둔동 292-8번지,41113,13100,0,0292,0008,10841100448371,2,집합,1,총괄표제부,1,신대장,경기도 수원시 권선구 세화로190번길 51 (서둔동),I vill,,,,1,411134325367,13101,0,51,,721,427.78,59.33,1319.5,1319.5,183.01,02000,공동주택,공동주택(도시형생활주택 단지형다세대 22세대),22,0,2,0,0,22,0,0,0,0,0,0,22,262.9,20191024,20191107,20200501,2019,3760030,건축과,1101,1101,0,,0,0,,0,,0,20220909
경기도 수원시 권선구 서둔동 292-9번지,41113,13100,0,0292,0009,10841100455311,2,집합,1,총괄표제부,1,신대장,경기도 수원시 권선구 세화로190번길 43 (서둔동),골든파크뷰,,,,0,411134325367,13101,0,43,,754,443.76,58.85,1318.8,1318.8,174.90716,02000,공동주택,공동주택(도시형생활주택 단지형다세대 24세대),24,0,2,0,0,24,0,0,0,0,24,288.9,0,0,20200218,20200226,20201110,2020,3760030,건축과,1101,1101,0,,0,0,,0,,0,20220909
경기도 수원시 권선구 서둔동 294-3번지,41113,13100,0,0294,0003,1084180829,1,일반,1,총괄표제부,1,신대장,경기도 수원시 권선구 수인로9번길 52 (서둔동),서평초등학교,,,,0,411134328484,13101,0,52,,10500.3,2074.63,19.76,8007.51,8007.51,76.26,10000,교육연구시설,교육연구및복지시설,0,0,2,1,31.2,42,0,0,0,0,0,0,42,483,20050328,20050404,20060309,,,,,,0,,0,0,,0,,0,20220909
경기도 수원시 권선구 서둔동 323번지,41113,13100,0,0323,0000,1084181530,1,일반,1,총괄표제부,1,신대장,,,,,,0,,,0,,,0,87.97,0,87.97,87.97,0,01000,단독주택,단독주택,0,4,4,0,0,0,0,0,0,0,0,0,0,0,,,,,,,,,0,,0,0,,0,,0,20220909
경기도 수원시 권선구 서둔동 323-64번지,41113,13100,0,0323,0064,1084181531,1,일반,1,총괄표제부,1,신대장,경기도 수원시 권선구 세화로128번길 29 (서둔동),,,,,0,411134325360,13101,0,29,,0,0,0,0,0,0,,,,0,0,0,0,0,0,0,0,0,0,0,0,0,0,,,,,,,,,0,,0,0,,0,,0,20220909
경기도 수원시 권선구 서둔동 323-90번지,41113,13100,0,0323,0090,1084181533,1,일반,1,총괄표제부,1,신대장,경기도 수원시 권선구 벌터로18번길 8 (서둔동),,,,,0,411134325226,13101,0,8,0,0,169.91,0,269.19,269.19,0,01000,단독주택,단독주택,0,2,2,4,7.63,0,0,0,0,0,0,0,0,0,,,,,,,,,0,,0,0,,0,,0,20220909
경기도 수원시 권선구 서둔동 333-11번지,41113,13100,0,0333,0011,1084181219,1,일반,1,총괄표제부,1,신대장,경기도 수원시 권선구 벌터로14번길 6 (서둔동),,,,,0,411134325224,13101,0,6,0,0,113.28,0,209.73,209.73,0,01000,단독주택,단독주택,0,4,2,0,0,0,0,0,0,0,0,0,0,0,,,,,,,,,0,,0,0,,0,,0,20220909
경기도 수원시 권선구 서둔동 333-19번지,41113,13100,0,0333,0019,1084181188,2,집합,1,총괄표제부,0,구대장,경기도 수원시 권선구 벌터로 10 (서둔동),광림상아빌라,,,,0,411133175020,13101,0,10,,554,225.31,40.67,817.48,734.95,132.66,02000,공동주택,공동주택,17,0,2,0,0,0,0,0,0,0,0,0,0,0,,,,,,,,,0,,0,0,,0,,0,20220909
경기도 수원시 권선구 서둔동 333-19번지,41113,13100,0,0333,0019,1084181216,1,일반,1,총괄표제부,1,신대장,경기도 수원시 권선구 벌터로 10 (서둔동),,,,,0,411133175020,13101,0,10,0,0,59.67,0,59.67,59.67,0,01000,단독주택,단독주택,0,2,2,1,0.99,0,0,0,0,0,0,0,0,0,,,,,,,,,0,,0,0,,0,,0,20220909
경기도 수원시 권선구 서둔동 333-36번지,41113,13100,0,0333,0036,1084181214,1,일반,1,총괄표제부,1,신대장,경기도 수원시 권선구 세화로121번길 25 (서둔동),,,,,0,411134325359,13101,0,25,,0,1309.13,0,1859.21,1780.01,0,17000,공장,공장,0,5,5,1,18,0,0,0,0,0,0,0,0,0,,,,,,,,,0,,0,0,,0,,0,20220909
경기도 수원시 권선구 서둔동 361번지,41113,13100,0,0361,0000,1084181441,2,집합,1,총괄표제부,0,구대장,경기도 수원시 권선구 여기산로 54 (서둔동),동남아파트,,,,0,411133175036,13101,0,54,,16525.1,4559.92,27.59,23614.58,21523.92,130.24,02000,공동주택,아파트,380,0,9,1,90,63,0,0,0,0,0,0,63,945,,,,,,,,,0,,0,0,,0,,0,20220909
경기도 수원시 권선구 서둔동 361-1번지,41113,13100,0,0361,0001,1084181442,2,집합,1,총괄표제부,0,구대장,경기도 수원시 권선구 여기산로 42 (서둔동),성일아파트,,,,0,411133175036,13101,0,42,,16524.8,4345.71,26.29,22723.98,20546.98,12.34,02000,공동주택,아파트,370,0,8,1,64,60,0,0,0,0,0,0,60,900,,,,,,,,,0,,0,0,,0,,0,20220909
경기도 수원시 권선구 서둔동 365번지,41113,13100,0,0365,0000,10841100349781,1,일반,1,총괄표제부,1,신대장,,,,,,1,,,0,,,6720,609.62,9.07,591.52,591.52,8.8,27000,관광휴게시설,관광휴게시설,0,0,2,0,0,5,0,0,0,0,0,0,5,57.5,,,,,,,,,0,,0,0,,0,,0,20220909
경기도 수원시 권선구 서둔동 371번지,41113,13100,0,0371,0000,1084180815,2,집합,1,총괄표제부,1,신대장,경기도 수원시 권선구 세화로168번길 15 (서둔동),센트라우스,,,,0,411134325365,13101,0,15,0,49574,9977.5382,20.13,143716.565,113519.8174,228.99,02000,공동주택,공동주택외2,1094,0,18,11,30586.5876,1123,0,0,0,0,721,29501.8776,402,4804,20030909,20031017,20051124,2003,3760030,건축과,2101,2101,0,,0,0,,0,,0,20231011
경기도 수원시 권선구 서둔동 374번지,41113,13100,0,0374,0000,1084180824,2,집합,1,총괄표제부,1,신대장,경기도 수원시 권선구 상탑로 121 (서둔동),희성연인아파트,,,,0,411133175022,13101,0,121,,4903,1238.9538,25.27,14561.6334,11054.3934,225.46,02000,공동주택,공동주택외2,105,0,2,1,196,107,0,0,0,0,90,3338.08,17,215.5,20030618,20040323,20060127,2003,,,2101,2101,0,,0,0,,0,,0,20220909
경기도 수원시 권선구 서둔동 375번지,41113,13100,0,0375,0000,10841100206765,2,집합,1,총괄표제부,1,신대장,경기도 수원시 권선구 서둔로 270-19 (서둔동),서수원 울트라참누리파크,,,,0,411133175024,13102,0,270,19,6027.2,1804.8716,29.95,17878.5995,13990.42,232.12,02000,공동주택,아파트,119,0,3,4,4370.89,122,0,0,0,0,122,3888.183,0,0,20041103,20061101,20090223,2004,3740058,건축과,2101,2101,0,,0,0,,0,,0,20220909
경기도 수원시 권선구 서둔동 377번지,41113,13100,0,0377,0000,10841100206607,2,집합,1,총괄표제부,1,신대장,경기도 수원시 권선구 서둔로 270-6 (서둔동),서수원 울트라참누리파크,,,,0,411133175024,13102,0,270,6,6875.1,1880.6355,27.35,19780.9194,15511.17,225.61,02000,공동주택,,132,0,4,4,4314.47,138,0,0,0,0,134,4076.104,4,0,20061106,20061101,20090226,2005,3740058,건축과,2101,2101,0,,0,0,,0,,0,20250812
경기도 수원시 권선구 서둔동 388번지,41113,13100,0,0388,0000,1000000000000004134698,1,일반,1,총괄표제부,1,신대장,경기도 수원시 권선구 세화로 124 (서둔동),,,,,0,411133175032,13103,0,124,,20525.4,8423.86,41.04,4356.73,3017.73,14.7,04000,제2종근린생활시설,"제2종근린생활시설, 운동시설",0,0,2,0,0,679,0,0,0,0,679,1339,0,0,20220607,20230530,20240801,2022,3740282,건축과,1102,1102,0,,0,0,,0,,0,20241022
경기도 수원시 권선구 서둔동 389번지,41113,13100,0,0389,0000,1000000000000003990694,1,일반,1,총괄표제부,1,신대장,,9블럭 웨딩컨벤션동,,,,0,,,,,,12767,5992.84,46.94,7973.63,7973.63,62.46,05000,문화및집회시설,"(집회장-예식장), 제1,2종 근린생활시설",0,0,2,0,0,268,0,0,0,0,268,5156.02,0,0,20220210,20230428,20240626,2022,3740282,건축과,1102,1102,0,,0,0,,0,,0,20240816
경기도 수원시 권선구 서둔동 418번지,41113,13100,0,0418,0000,10841100468051,2,집합,1,총괄표제부,1,신대장,경기도 수원시 권선구 세화로154번길 7-10 (서둔동),수원역 한라비발디 퍼스트,,,,0,411134859721,13101,0,7,10,5932.6,2700.0191,45.58,47409.0315,29611.4341,499.93,02000,공동주택,공동주택(아파트) 외 2,288,0,3,0,0,526,118,1896.8094,0,0,408,15057.3888,0,0,20190110,20190225,20210617,2019,3740282,건축과,1101,1101,261,,0,67.9,,0,,0,20220909
경기도 수원시 권선구 서둔동 458번지,41113,13100,0,0458,0000,10841100485171,1,일반,1,총괄표제부,1,신대장,경기도 수원시 권선구 세화로134번길 31 (서둔동),KCC몰,,,,1,411134857716,13101,0,31,,48730,16966.76,34.82,19383.08,17828.61,36.59,05000,문화및집회시설,문화및집회시설,0,0,3,0,0,435,0,0,0,0,0,0,426,0,20150511,20150528,20220525,2015,3740282,건축과,1101,1101,0,,0,0,,0,,0,20250210
경기도 수원시 권선구 서둔동 459번지,41113,13100,0,0459,0000,1000000000000001837992,2,집합,1,총괄표제부,1,신대장,경기도 수원시 권선구 금호로 285 (서둔동),힐스테이트 수원 테라스,,,,0,411133175012,13105,0,285,0,27489.8,10652.2773,38.75,47400.1805,24695.9002,89.84,02000,공동주택,공동주택(연립주택),257,0,14,12,18160.435,382,0,0,0,0,382,15889.7563,0,0,,,,,,,,,22,1+,112.9,0,4,50.87,,0,20230525
경기도 수원시 권선구 서둔동 460번지,41113,13100,0,0460,0000,1084180887,1,일반,1,총괄표제부,1,신대장,경기도 수원시 권선구 서호로 34 (서둔동),국립농업유전자원센터,,,,0,411133175027,13101,0,34,,34246.7,5979.61,17.46,12413.31,10626.55,31.03,10000,교육연구시설,교육연구시설,0,0,8,0,0,60,0,0,0,0,0,0,60,991.6,20040910,20041021,20060928,,,,,,0,,0,0,,0,,0,20251029
경기도 수원시 권선구 서둔동 465번지,41113,13100,0,0465,0000,1000000000000004916131,2,집합,1,총괄표제부,1,신대장,경기도 수원시 권선구 수인로151번길 12 (서둔동),힐스테이트 수원파크포레,,,,0,411134864242,13101,0,12,0,30691.2,7448.2125,24.27,87201.3158,61215.9492,199.46,02000,공동주택,"공동주택(아파트),근린생활시설",482,0,11,11,26422.024,696,0,0,0,0,661,24436.2214,0,0,20220502,20220809,20241230,2022,3760030,건축과,2101,2101,5,1,144.9,0,,0,,0,20250103
경기도 수원시 권선구 서둔동 산1번지,41113,13100,1,0001,0000,1084181535,1,일반,1,총괄표제부,1,신대장,,,,,,0,,,0,,,0,2734.03,0,5177.77,5177.77,0,10000,교육연구시설,교육연구시설,0,0,5,0,0,0,0,0,0,0,0,0,0,0,,,,,,,,,0,,0,0,,0,,0,20220909
경기도 수원시 권선구 서둔동 산8번지,41113,13100,1,0008,0000,1084181536,1,일반,1,총괄표제부,1,신대장,,,,,,0,,,0,,,0,174.67,0,174.67,174.67,0,01000,단독주택,단독주택,0,6,6,0,0,0,0,0,0,0,0,0,0,0,,,,,,,,,0,,0,0,,0,,0,20220909
경기도 수원시 권선구 구운동 27-2번지,41113,13200,0,0027,0002,1084181553,1,일반,1,총괄표제부,1,신대장,,,,,,0,,,0,,,0,0,0,0,0,0,,,,0,0,0,0,0,0,0,0,0,0,0,0,0,0,,,,,,,,,0,,0,0,,0,,0,20220909
경기도 수원시 권선구 구운동 134-4번지,41113,13200,0,0134,0004,1084181555,1,일반,1,총괄표제부,1,신대장,,,,,,0,,,0,,,0,186.21,0,209.58,186.21,0,01000,단독주택,단독주택,0,2,2,0,0,0,0,0,0,0,0,0,0,0,,,,,,,,,0,,0,0,,0,,0,20220909
경기도 수원시 권선구 구운동 139번지,41113,13200,0,0139,0000,1084181556,1,일반,1,총괄표제부,1,신대장,,,,,,0,,,0,,,0,40.85,0,40.85,40.85,0,01000,단독주택,단독주택,0,2,2,0,0,0,0,0,0,0,0,0,0,0,,,,,,,,,0,,0,0,,0,,0,20220909
경기도 수원시 권선구 구운동 139-12번지,41113,13200,0,0139,0012,1084181573,2,집합,1,총괄표제부,1,신대장,경기도 수원시 권선구 49-8 (구운동),,,,,0,411134325143,13201,0,49,8,0,193.56,0,799.8,580.68,0,02000,공동주택,공동주택,16,0,2,0,0,0,0,0,0,0,0,0,0,0,,,,,,,,,0,,0,0,,0,,0,20220909
경기도 수원시 권선구 구운동 139-41번지,41113,13200,0,0139,0041,10841100221383,1,일반,1,총괄표제부,1,신대장,경기도 수원시 권선구 금호로 205 (구운동),1,,,,0,411133175012,13201,0,205,,838,238.86,28.5,238.86,238.86,28.5,03000,제1종근린생활시설,제1종근린생활시설외1,0,0,2,0,0,2,0,0,0,0,0,0,2,23,20090511,20090520,20100722,2009,3760030,건축과,1202,1202,0,,0,0,,0,,0,20220909
경기도 수원시 권선구 구운동 139-85번지,41113,13200,0,0139,0085,1084181543,1,일반,1,총괄표제부,0,구대장,경기도 수원시 권선구 금호로 237 (구운동),,,,,0,411133175012,13201,0,237,,498,223.68,44.92,223.68,223.68,44.92,04000,제2종근린생활시설,제2종근린생활시설,0,0,2,0,0,0,0,0,0,0,0,0,1,11.5,,,,,,,,,0,,0,0,,0,,0,20220909
경기도 수원시 권선구 구운동 217-6번지,41113,13200,0,0217,0006,10841100216977,1,일반,1,총괄표제부,1,신대장,경기도 수원시 권선구 수인로 317 (구운동),,,,,0,411133000064,13202,0,317,,761,142.35,18.71,353.15,353.15,46.41,04000,제2종근린생활시설,제2종근린생활시설외2,0,0,2,0,0,0,0,0,0,0,0,0,0,0,,,,,,,,,0,,0,0,,0,,0,20220909
경기도 수원시 권선구 구운동 225-7번지,41113,13200,0,0225,0007,1084180897,1,일반,1,총괄표제부,1,신대장,경기도 수원시 권선구 수인로 331-8 (구운동),,,,,0,411133000064,13202,0,331,8,1947,526.24,27.03,696.56,696.56,35.78,18000,창고시설,제2종근린생활시설외1,0,0,4,0,0,3,0,0,0,0,0,0,3,34.5,,,,,,,,,0,,0,0,,0,,0,20220909
경기도 수원시 권선구 구운동 235-1번지,41113,13200,0,0235,0001,10841100230615,1,일반,1,총괄표제부,1,신대장,경기도 수원시 권선구 수인로331번길 28-11 (구운동),,,,,0,411134325376,13201,0,28,11,2218,360.59,16.26,359.71,359.71,16.22,01000,단독주택,"단독주택,제1종근린생활시설",0,1,2,0,0,3,0,0,0,0,0,0,3,35.5,20070522,20070702,20110603,2007,3760030,건축과,1101,1101,0,,0,0,,0,,0,20220909
경기도 수원시 권선구 구운동 285번지,41113,13200,0,0285,0000,1084181562,1,일반,1,총괄표제부,1,신대장,,,,,,0,,,0,,,0,26.83,0,26.83,26.83,0,01000,단독주택,단독주택,0,2,2,0,0,0,0,0,0,0,0,0,0,0,,,,,,,,,0,,0,0,,0,,0,20220909
경기도 수원시 권선구 구운동 288번지,41113,13200,0,0288,0000,1084181563,1,일반,1,총괄표제부,1,신대장,,,,,,0,,,0,,,0,0,0,0,0,0,,,,0,0,0,0,0,0,0,0,0,0,0,0,0,0,,,,,,,,,0,,0,0,,0,,0,20220909
경기도 수원시 권선구 구운동 299번지,41113,13200,0,0299,0000,1084181635,2,집합,1,총괄표제부,1,신대장,경기도 수원시 권선구 서부로1880번길 15 (구운동),,,,,0,411134325266,13201,0,15,,0,496.04,0,2373.22,940.69,0,02000,공동주택,공동주택,19,0,2,0,0,0,0,0,0,0,0,0,0,0,,,,,,,,,0,,0,0,,0,,0,20220909
경기도 수원시 권선구 구운동 303번지,41113,13200,0,0303,0000,1084181546,2,집합,1,총괄표제부,0,구대장,경기도 수원시 권선구 금호로185번길 28 (구운동),동명빌라,,,,0,411134325142,13201,0,28,,491,187.2,38.12,748.8,561.6,114.37,02000,공동주택,공동주택,16,0,2,0,0,0,0,0,0,0,0,0,0,0,,,,,,,,,0,,0,0,,0,,0,20220909
경기도 수원시 권선구 구운동 312-5번지,41113,13200,0,0312,0005,1084181544,1,일반,1,총괄표제부,0,구대장,경기도 수원시 권선구 금호로183번길 7 (구운동),,,,,1,411134325141,13201,0,7,,679,167.89,24.73,167.89,167.89,24.73,04000,제2종근린생활시설,"주택, 자동차관련시설, 제2종근린생활시설",0,1,2,0,0,1,0,0,0,0,0,0,1,11.5,,,,,,,,,0,,0,0,,0,,0,20220909
경기도 수원시 권선구 구운동 314번지,41113,13200,0,0314,0000,1084181566,1,일반,1,총괄표제부,1,신대장,,,,,,0,,,0,,,0,128.09,0,128.09,128.09,0,01000,단독주택,단독주택,0,3,3,0,0,0,0,0,0,0,0,0,0,0,,,,,,,,,0,,0,0,,0,,0,20220909
경기도 수원시 권선구 구운동 462번지,41113,13200,0,0462,0000,1084180789,2,집합,1,총괄표제부,1,신대장,경기도 수원시 권선구 수성로 47 (구운동),삼환아파트,,,,0,411133175034,13201,0,47,,67751.5,12652.08,18.67,167985.03,155027.85,228.82,02000,공동주택,아파트,1680,0,17,4,1897.68,931,0,0,0,0,0,0,931,12954.25,19891019,19891024,19920327,1989,,,,,0,,0,0,,0,,0,20250307
경기도 수원시 권선구 구운동 463번지,41113,13200,0,0463,0000,1084181547,2,집합,1,총괄표제부,0,구대장,경기도 수원시 권선구 수성로 18 (구운동),강남아파트,,,,0,411133175034,13201,0,18,,24946.6,4853.02,19.45,56072.31,51616.11,206.91,02000,공동주택,아파트,552,0,8,12,612.81,260,0,0,0,0,0,0,260,4161.72,,,,,,,,,26,,0,0,,0,,0,20220909
경기도 수원시 권선구 구운동 466번지,41113,13200,0,0466,0000,1084181636,2,집합,1,총괄표제부,1,신대장,경기도 수원시 권선구 여기산로 19 (구운동),,,,,0,411133175036,13202,0,19,,0,3025.46,0,30417.93,27495.4,0,02000,공동주택,공동주택,260,0,5,13,71.82,0,0,0,0,0,0,0,0,0,,,,,,,,,0,,0,0,,0,,0,20260311
경기도 수원시 권선구 구운동 496-3번지,41113,13200,0,0496,0003,10841100370653,2,집합,1,총괄표제부,1,신대장,,다온빌,,,,0,,,0,,,697.5,403.255,57.81,1289.935,1289.935,184.94,02000,공동주택,공동주택(도시형생활주택-단지형다세대주택),24,0,2,0,0,23,0,0,0,0,17,189,6,64.7,20160913,20161102,20170524,2016,3760030,건축과,1101,1101,0,,0,0,,0,,0,20220909
경기도 수원시 권선구 구운동 501번지,41113,13200,0,0501,0000,1084181568,1,일반,1,총괄표제부,1,신대장,경기도 수원시 권선구 구운로4번길 34 (구운동),,,,,2,411134325069,13201,0,34,,52586,1907.1,3.63,5276.56,3361.92,6.39,13000,운동시설,운동시설,0,0,3,1,420.19,69,0,0,0,0,8,179.82,61,721.5,,,,,,,,,0,,0,0,,0,,0,20220909
경기도 수원시 권선구 구운동 507-1번지,41113,13200,0,0507,0001,1084180788,1,일반,1,총괄표제부,1,신대장,경기도 수원시 권선구 수인로 193 (구운동),에이동.비동,,,,0,411133000064,13202,0,193,,394,245.69,62.36,717.87,657.03,166.76,03000,제1종근린생활시설,제1종근린생활시설 외1,0,2,2,0,0,0,0,0,0,0,0,0,0,0,,,,,,,,,0,,0,0,,0,,0,20220909
경기도 수원시 권선구 구운동 507-21번지,41113,13200,0,0507,0021,1084181523,1,일반,1,총괄표제부,1,신대장,경기도 수원시 권선구 수인로 187 (구운동),,,,,0,411133000064,13202,0,187,,0,147.17,0,793.08,644.73,0,04000,제2종근린생활시설,제2종근린생활시설,0,2,0,0,0,0,0,0,0,0,0,0,0,0,,,,,,,,,0,,0,0,,0,,0,20220909
경기도 수원시 권선구 구운동 590번지,41113,13200,0,0590,0000,1084181570,1,일반,1,총괄표제부,1,신대장,경기도 수원시 권선구 금호로 111 (구운동),,,,,0,411133175012,13201,0,111,,0,668,0,668,668,0,18000,창고시설,창고시설,0,0,2,0,0,0,0,0,0,0,0,0,0,0,,,,,,,,,0,,0,0,,0,,0,20220909
경기도 수원시 권선구 구운동 597번지,41113,13200,0,0597,0000,1084181571,1,일반,1,총괄표제부,1,신대장,경기도 수원시 권선구 금호로 115 (구운동),,,,,0,411133175012,13201,0,115,,0,210.31,0,210.31,210.31,0,04000,제2종근린생활시설,제2종근린생활시설,0,1,2,0,0,0,0,0,0,0,0,0,0,0,,,,,,,,,0,,0,0,,0,,0,20220909
경기도 수원시 권선구 구운동 680-1번지,41113,13200,0,0680,0001,1000000000000001036759,1,일반,1,총괄표제부,1,신대장,경기도 수원시 권선구 수인로 377 (구운동),,,,,0,411133000064,13202,0,377,,2213,423.68,19.15,521.74,521.74,23.58,19000,위험물저장및처리시설,위험물저장및처리시설,0,0,3,1,126.24,5,0,0,0,0,0,0,5,57.5,,,,,,,,,0,,0,0,,0,,0,20230810
경기도 수원시 권선구 구운동 889번지,41113,13200,0,0889,0000,1084181548,2,집합,1,총괄표제부,0,구대장,경기도 수원시 권선구 수성로35번길 60 (구운동),일월 청구 아파트,,,,0,411134325369,13201,0,60,0,24482,4648.27,18.99,73735.295,58904.645,240.6,02000,공동주택,"공동주택(아파트),근린생활시설",524,0,10,4,12354.36,650,0,0,0,0,385,11328.75,252,3047.5,,,,,,,,,0,,0,0,,0,,0,20260129
경기도 수원시 권선구 구운동 890번지,41113,13200,0,0890,0000,1084181549,2,집합,1,총괄표제부,0,구대장,경기도 수원시 권선구 일월천로16번길 39 (구운동),코오롱하늘채아파트,,,,0,411134325402,13201,0,39,,30381,9096.01,20.07,98025.62,76337.39,251.27,02000,공동주택,공동주택(아파트),676,0,9,13,18361.93,880,0,0,0,0,602,17058.88,278,0,,,,,,,,,0,,0,0,,0,,0,20220909
경기도 수원시 권선구 구운동 893번지,41113,13200,0,0893,0000,1084181550,2,집합,1,총괄표제부,0,구대장,경기도 수원시 권선구 일월천로4번길 74 (구운동),성원아파트,,,,0,411134325403,13201,0,74,,20860,4884.23,23.41,67558.45,52048.67,249.51,02000,공동주택,공동주택(아파트),458,0,8,8,13847.08,632,0,0,0,0,463,13037.9,169,1053.5,,,,,,,,,0,,0,0,,0,,0,20220909
경기도 수원시 권선구 구운동 903-6번지,41113,13200,0,0903,0006,10841100334968,2,집합,1,총괄표제부,1,신대장,,로뎀하우스,,,,0,,,0,,,754.7,432.31,57.28,1406.29,1406.29,186.34,02000,공동주택,공동주택,24,0,2,0,0,24,0,0,0,0,7,85.5,17,186.9,20150501,20150508,20150917,2015,3760030,건축과,1101,1101,1,,0,0,,0,,0,20220909
경기도 수원시 권선구 구운동 912-2번지,41113,13200,0,0912,0002,1084181572,1,일반,1,총괄표제부,1,신대장,경기도 수원시 권선구 일월천로4번길 67 (구운동),,,,,0,411134325403,13201,0,67,,0,166.62,0,531.92,531.92,0,03000,제1종근린생활시설,제1종근린생활시설,0,2,2,0,0,0,0,0,0,0,0,0,0,0,,,,,,,,,0,,0,0,,0,,0,20220909
경기도 수원시 권선구 구운동 914-7번지,41113,13200,0,0914,0007,10841100321886,2,집합,1,총괄표제부,1,신대장,,더갤러리,,,,0,,,0,0,0,699.3,417.7,59.73,1383.83,1383.83,197.89,02000,공동주택,공동주택,24,0,2,0,0,23,0,0,0,0,11,106.4,12,143,20141028,20141030,20150421,2014,3760030,건축과,1101,1101,1,,0,0,,0,,0,20220909
경기도 수원시 권선구 구운동 935-6번지,41113,13200,0,0935,0006,10841100345220,2,집합,1,총괄표제부,1,신대장,,"해피하우스(3,4동)",,,,0,,,0,,,911.3,417.06,45.77,1393.3,1393.3,152.89,02000,공동주택,공동주택(다세대),24,0,2,0,0,24,0,0,0,0,14,161,10,115,20151029,20151102,20160512,2015,3760030,건축과,1101,1101,1,,0,0,,0,,0,20220909
경기도 수원시 권선구 구운동 935-27번지,41113,13200,0,0935,0027,10841100345056,2,집합,1,총괄표제부,1,신대장,,,,,,0,,,0,0,0,882.3,413.2,46.83,1418.8,1418.8,160.81,02000,공동주택,공동주택(도시형생활주택-단지형다세대),24,0,2,0,0,24,0,0,0,0,0,0,24,272.4,20151105,20151109,20160512,2015,3760030,건축과,1101,1101,1,,0,0,,0,,0,20220909
경기도 수원시 권선구 구운동 949-9번지,41113,13200,0,0949,0009,10841100226323,2,집합,1,총괄표제부,1,신대장,경기도 수원시 권선구 구운로47번길 30-4 (구운동),해피하우스,,,,1,411134325068,13201,0,30,4,559.1,311.98,55.8,1218.54,1218.54,217.95,02000,공동주택,"다세대주택, 제2종근린생활시설",12,0,2,0,0,13,0,0,0,0,5,62.5,8,92,20100114,20100126,20101229,2010,3760030,건축과,1101,1101,0,,0,0,,0,,0,20220909
경기도 수원시 권선구 구운동 950-2번지,41113,13200,0,0950,0002,10841100434111,2,집합,1,총괄표제부,1,신대장,,어반시아,,,,0,,,0,,,783.5,441.24,56.31,1371.95,1371.95,175.1,02000,공동주택,"공동주택, 제2종근린생활시설",24,0,2,0,0,24,0,0,0,0,24,281.7,0,0,20190102,20190121,20190710,2019,3760030,건축과,1101,1101,1,,0,0,,0,,0,20220909
경기도 수원시 권선구 구운동 950-6번지,41113,13200,0,0950,0006,10841100457651,2,집합,1,총괄표제부,1,신대장,경기도 수원시 권선구 구운로47번길 30-3 (구운동),구운하이츠,,,,0,411134325068,13201,0,30,3,588.2,350.485,59.59,1318.055,1318.055,224.08,02000,공동주택,다세대주택,16,0,2,0,0,16,0,0,0,0,12,145.15,4,54,20200610,20200701,20210114,2020,3760030,건축과,1101,1101,0,,0,0,,0,,0,20220909
경기도 수원시 권선구 구운동 953-1번지,41113,13200,0,0953,0001,10841100344161,2,집합,1,총괄표제부,1,신대장,,탑캐슬,,,,0,,,0,,,698.3,418.62,59.95,1348.77,1348.77,193.15,02000,공동주택,"공동주택(단지형다세대주택), 제1종근린생활시설(소매점)",24,0,2,0,0,23,0,0,0,0,23,260.9,0,0,20150813,20150930,20160415,2015,3760030,건축과,1101,1101,0,,0,0,,0,,0,20220909
경기도 수원시 권선구 구운동 965번지,41113,13200,0,0965,0000,1084180818,1,일반,1,총괄표제부,1,신대장,경기도 수원시 권선구 구운로47번길 57-33 (구운동),구운동 행정복지센터,,,,1,411134325068,13201,0,57,33,2398.4,604.05,25.19,1514.1,1288.37,53.72,03000,제1종근린생활시설,근린공공시설,0,0,3,0,0,22,0,0,0,0,0,0,22,257.5,,,,,,,,,0,,0,0,,0,,0,20240214
경기도 수원시 권선구 구운동 971번지,41113,13200,0,0971,0000,1084180899,2,집합,1,총괄표제부,1,신대장,경기도 수원시 권선구 서부로1880번길 20 (구운동),아이엘오페라하우스,,,,1,411134325266,13201,0,20,,4011.4,1059.915,26.42,16756.511,12117.957,302.09,02000,공동주택,공동주택외1,129,0,2,5,4507.6,132,0,0,0,0,104,4284.84,28,323,19940727,19940803,20061227,1994,,,2101,2101,0,,0,0,,0,,0,20220909
경기도 수원시 권선구 구운동 973번지,41113,13200,0,0973,0000,10841100272630,2,집합,1,총괄표제부,1,신대장,경기도 수원시 권선구 구운로47번길 59 (구운동),서수원 엠코타운 르본느,,,,0,411134325068,13201,0,59,,9829.4,2344.396,23.8509,26350.4751,21381.4029,217.525,02000,공동주택,공동주택(아파트),204,0,5,5,5048.8812,207,0,0,0,0,143,4697.4317,64,0,20051206,20071119,20130208,2005,3740058,건축과,2101,2101,0,,0,0,,0,,0,20240227
경기도 수원시 권선구 탑동 2-4번지,41113,13300,0,0002,0004,1084181652,1,일반,1,총괄표제부,1,신대장,경기도 수원시 권선구 금호로250번길 14 (탑동),,,,,0,411134325151,13301,0,14,,0,116.62,0,275.02,194.83,0,03000,제1종근린생활시설,단독주택,0,2,2,0,0,0,0,0,0,0,0,0,0,0,,,,,,,,,0,,0,0,,0,,0,20220909
경기도 수원시 권선구 탑동 2-28번지,41113,13300,0,0002,0028,10841100297847,2,집합,1,총괄표제부,1,신대장,,가림빌라,,,,2,,,0,,,588,327.94,55.77,1303.67,1303.67,221.71,02000,공동주택,공동주택,16,0,2,0,0,16,0,0,0,0,14,166,2,18.7,20130702,20130704,20140217,2013,3760030,건축과,1101,1101,0,,0,0,,0,,0,20220909
경기도 수원시 권선구 탑동 3-1번지,41113,13300,0,0003,0001,1084181642,2,집합,1,총괄표제부,0,구대장,경기도 수원시 권선구 금호로246번길 31 (탑동),삼경노송빌라,,,,0,411134325149,13301,0,31,0,0,1765.8,0,7063.2,5297.4,0,02000,공동주택,연립주택,90,0,3,1,18.9,0,0,0,0,0,0,0,0,0,,,,,,,,,0,,0,0,,0,,0,20220909
경기도 수원시 권선구 탑동 3-4번지,41113,13300,0,0003,0004,1084181653,1,일반,1,총괄표제부,1,신대장,경기도 수원시 권선구 금호로246번길 22 (탑동),,,,,0,411134325149,13301,0,22,0,0,0,0,0,0,0,,,,0,0,0,0,0,0,0,0,0,0,0,0,0,0,,,,,,,,,0,,0,0,,0,,0,20220909
경기도 수원시 권선구 탑동 14-1번지,41113,13300,0,0014,0001,1084181643,2,집합,1,총괄표제부,0,구대장,경기도 수원시 권선구 금호로246번길 26 (탑동),삼원빌라,,,,0,411134325149,13301,0,26,0,0,1125.18,0,4500.72,3375.54,0,02000,공동주택,공동주택,54,0,2,0,0,0,0,0,0,0,0,0,0,0,,,,,,,,,0,,0,0,,0,,0,20220909
경기도 수원시 권선구 탑동 23-7번지,41113,13300,0,0023,0007,10841100418471,2,집합,1,총괄표제부,1,신대장,경기도 수원시 권선구 서둔로 231-3 (탑동),네오빌,,,,0,411133175024,13303,0,231,3,685,403.35,58.88,1295.67,1295.67,189.14,02000,공동주택,공동주택(도시형생활주택-단지형다세대 22세대),22,0,2,0,0,22,0,0,0,0,0,0,22,249.4,20180313,20180430,20181119,2018,3760030,건축과,1101,1101,0,,0,0,,0,,0,20220909
경기도 수원시 권선구 탑동 23-9번지,41113,13300,0,0023,0009,10841100300747,2,집합,1,총괄표제부,1,신대장,,,,,,1,,,0,,,555,313.94,56.57,1082.13,1082.13,194.98,02000,공동주택,다세대주택,17,0,2,0,0,16,0,0,0,0,0,0,16,0,20130819,20130821,20140325,2013,3760030,건축과,1101,1101,0,,0,0,,0,,0,20220909
경기도 수원시 권선구 탑동 30-5번지,41113,13300,0,0030,0005,1084181654,1,일반,1,총괄표제부,1,신대장,경기도 수원시 권선구 서둔로251번길 25-2 (탑동),,,,,0,411134325258,13301,0,25,2,0,89.58,0,89.58,89.58,0,01000,단독주택,단독주택,0,2,2,0,0,0,0,0,0,0,0,0,0,0,,,,,,,,,0,,0,0,,0,,0,20220909
경기도 수원시 권선구 탑동 80번지,41113,13300,0,0080,0000,1084181655,1,일반,1,총괄표제부,1,신대장,,,,,,0,,,0,,,0,76.19,0,76.19,76.19,0,01000,단독주택,단독주택,0,2,2,0,0,0,0,0,0,0,0,0,0,0,,,,,,,,,0,,0,0,,0,,0,20220909
경기도 수원시 권선구 탑동 86번지,41113,13300,0,0086,0000,1084181657,1,일반,1,총괄표제부,1,신대장,,,,,,0,,,0,,,0,158.88,0,158.88,158.88,0,01000,단독주택,단독주택,0,3,3,0,0,0,0,0,0,0,0,0,0,0,,,,,,,,,0,,0,0,,0,,0,20220909
경기도 수원시 권선구 탑동 87번지,41113,13300,0,0087,0000,1084181658,1,일반,1,총괄표제부,1,신대장,,,,,,0,,,0,,,0,136.13,0,136.13,136.13,0,01000,단독주택,단독주택,0,3,3,0,0,0,0,0,0,0,0,0,0,0,,,,,,,,,0,,0,0,,0,,0,20220909
경기도 수원시 권선구 탑동 98번지,41113,13300,0,0098,0000,1084181659,1,일반,1,총괄표제부,1,신대장,,,,,,0,,,0,,,0,51.67,0,51.67,51.67,0,01000,단독주택,단독주택,0,2,2,0,0,0,0,0,0,0,0,0,0,0,,,,,,,,,0,,0,0,,0,,0,20220909
경기도 수원시 권선구 탑동 103번지,41113,13300,0,0103,0000,1084181660,1,일반,1,총괄표제부,1,신대장,,,,,,0,,,0,,,0,37.76,0,37.76,37.76,0,01000,단독주택,단독주택,0,2,2,0,0,0,0,0,0,0,0,0,0,0,,,,,,,,,0,,0,0,,0,,0,20220909
경기도 수원시 권선구 탑동 104번지,41113,13300,0,0104,0000,1084181661,1,일반,1,총괄표제부,1,신대장,,,,,,0,,,0,,,0,69.81,0,69.81,69.81,0,01000,단독주택,단독주택,0,2,2,0,0,0,0,0,0,0,0,0,0,0,,,,,,,,,0,,0,0,,0,,0,20220909
경기도 수원시 권선구 탑동 308번지,41113,13300,0,0308,0000,1084181662,1,일반,1,총괄표제부,1,신대장,,,,,,0,,,0,,,0,88.76,0,88.76,88.76,0,01000,단독주택,단독주택,0,2,2,0,0,0,0,0,0,0,0,0,0,0,,,,,,,,,0,,0,0,,0,,0,20220909
경기도 수원시 권선구 탑동 309번지,41113,13300,0,0309,0000,1084181663,1,일반,1,총괄표제부,1,신대장,,,,,,0,,,0,,,0,0,0,0,0,0,,,,0,0,0,0,0,0,0,0,0,0,0,0,0,0,,,,,,,,,0,,0,0,,0,,0,20220909
경기도 수원시 권선구 탑동 311-6번지,41113,13300,0,0311,0006,1084181664,1,일반,1,총괄표제부,1,신대장,경기도 수원시 권선구 서둔로 211-11 (탑동),,,,,0,411133175024,13303,0,211,11,0,118.52,0,191.88,176.67,0,01000,단독주택,단독주택,0,2,2,0,0,0,0,0,0,0,0,0,0,0,,,,,,,,,0,,0,0,,0,,0,20220909
경기도 수원시 권선구 탑동 337-6번지,41113,13300,0,0337,0006,1084181665,1,일반,1,총괄표제부,1,신대장,경기도 수원시 권선구 효탑로16번길 68 (탑동),,,,,0,411134325496,13301,0,68,0,0,53.42,0,53.42,53.42,0,01000,단독주택,단독주택,0,2,2,0,0,0,0,0,0,0,0,0,0,0,,,,,,,,,0,,0,0,,0,,0,20220909
경기도 수원시 권선구 탑동 342번지,41113,13300,0,0342,0000,1084181666,1,일반,1,총괄표제부,1,신대장,,,,,,0,,,0,,,0,115.93,0,115.93,115.93,0,01000,단독주택,단독주택,0,2,2,0,0,0,0,0,0,0,0,0,0,0,,,,,,,,,0,,0,0,,0,,0,20220909
경기도 수원시 권선구 탑동 346번지,41113,13300,0,0346,0000,1084181667,1,일반,1,총괄표제부,1,신대장,,,,,,0,,,0,,,0,59.59,0,59.59,59.59,0,01000,단독주택,단독주택,0,3,3,0,0,0,0,0,0,0,0,0,0,0,,,,,,,,,0,,0,0,,0,,0,20220909
경기도 수원시 권선구 탑동 346-1번지,41113,13300,0,0346,0001,1084181668,1,일반,1,총괄표제부,1,신대장,,,,,,0,,,0,,,0,26.5,0,26.5,26.5,0,01000,단독주택,단독주택,0,2,2,0,0,0,0,0,0,0,0,0,0,0,,,,,,,,,0,,0,0,,0,,0,20220909
경기도 수원시 권선구 탑동 352-4번지,41113,13300,0,0352,0004,1084181669,1,일반,1,총괄표제부,1,신대장,,,,,,0,,,0,,,0,0,0,0,0,0,,,,0,0,0,0,0,0,0,0,0,0,0,0,0,0,,,,,,,,,0,,0,0,,0,,0,20220909
경기도 수원시 권선구 탑동 354번지,41113,13300,0,0354,0000,1084181670,1,일반,1,총괄표제부,1,신대장,,,,,,0,,,0,,,0,59.5,0,59.5,59.5,0,01000,단독주택,단독주택,0,2,2,0,0,0,0,0,0,0,0,0,0,0,,,,,,,,,0,,0,0,,0,,0,20220909
경기도 수원시 권선구 탑동 359번지,41113,13300,0,0359,0000,1084181671,1,일반,1,총괄표제부,1,신대장,,,,,,0,,,0,,,0,74.34,0,74.34,74.34,0,01000,단독주택,단독주택,0,3,3,0,0,0,0,0,0,0,0,0,0,0,,,,,,,,,0,,0,0,,0,,0,20220909
경기도 수원시 권선구 탑동 428-2번지,41113,13300,0,0428,0002,10841100202834,1,일반,1,총괄표제부,1,신대장,경기도 수원시 권선구 서부로 1782 (탑동),(박숙자),,,,0,411133012005,13304,0,1782,0,1302,219.02,16.82,284.36,284.36,21.84,19000,위험물저장및처리시설,위험물저장및처리시설,0,0,2,0,0,1,0,0,0,0,0,0,1,11.5,20080108,20080617,20081208,2008,3760030,건축과,1101,1101,0,,0,0,,0,,0,20220909
경기도 수원시 권선구 탑동 435-3번지,41113,13300,0,0435,0003,1084181063,1,일반,1,총괄표제부,1,신대장,경기도 수원시 권선구 서부로 1774 (탑동),탑주유소,,,,0,411133012005,13304,0,1774,0,954,184.2,19.31,244.2,244.2,25.6,19000,위험물저장및처리시설,위험물저장및처리시설,0,0,2,0,0,1,0,0,0,0,0,0,1,11.5,20061123,20070212,20070719,2006,3760030,건축과,1101,1101,0,,0,0,,0,,0,20220909
경기도 수원시 권선구 탑동 457-2번지,41113,13300,0,0457,0002,1000000000000006707598,1,일반,1,총괄표제부,1,신대장,,탑동 근린생활시설,,,,1,,,,,,2132,232.5,10.91,232.5,232.5,10.91,03000,제1종근린생활시설,"제1종근린생활시설(소매점),제2종근린생활시설(사무소)",0,0,2,0,0,6,0,0,0,0,0,0,6,75,,,,,,,,,0,,0,0,,0,,0,20251113
경기도 수원시 권선구 탑동 503-2번지,41113,13300,0,0503,0002,1084181638,1,일반,1,총괄표제부,0,구대장,경기도 수원시 권선구 서둔로167번길 45 (탑동),,,,,0,411134325248,13301,0,45,0,1585,313.1,19.75,313.1,313.1,19.75,20000,자동차관련시설,자동차관련시설,0,0,3,0,0,2,0,0,0,0,0,0,2,24,,,,,,,,,0,,0,0,,0,,0,20220909
경기도 수원시 권선구 탑동 503-7번지,41113,13300,0,0503,0007,1084180896,1,일반,1,총괄표제부,1,신대장,,,,,,0,,,0,,,1966,393.03,19.99,431.26,431.26,21.94,04000,제2종근린생활시설,제2종근린생활시설,0,0,2,0,0,3,0,0,0,0,0,0,3,34.5,,,,,,,,,0,,0,0,,0,,0,20220909
경기도 수원시 권선구 탑동 505번지,41113,13300,0,0505,0000,1084180800,1,일반,1,총괄표제부,1,신대장,경기도 수원시 권선구 수봉로 59 (탑동),,,,,1,411133175033,13301,0,59,0,30240,1431.09,4.73,3372.91,3297.46,10.9,13000,운동시설,"운동시설,대중음식점",0,0,2,1,51,159,0,0,0,0,0,0,159,0,,,,,,,,,0,,0,0,,0,,0,20220909
경기도 수원시 권선구 탑동 508-6번지,41113,13300,0,0508,0006,1084181639,1,일반,1,총괄표제부,0,구대장,경기도 수원시 권선구 수봉로 47 (탑동),자혜학교,,,,1,411133175033,13301,0,47,,10631,2112.56,19.87,5872.93,5547.73,52.18,10000,교육연구시설,교육연구시설,0,0,4,0,0,28,0,0,0,0,0,0,28,322,,,,,,,,,0,,0,0,,0,,0,20220909
경기도 수원시 권선구 탑동 517-4번지,41113,13300,0,0517,0004,10841100362845,1,일반,1,총괄표제부,1,신대장,,,,,,0,,,0,,,1589,560.008,35.24,790.748,790.748,49.76,04000,제2종근린생활시설,근린생활시설,0,0,2,0,0,7,0,0,0,0,0,0,6,75,20160826,20160831,20170223,2016,3760030,건축과,1101,1101,0,,0,0,,0,,0,20220909
경기도 수원시 권선구 탑동 540번지,41113,13300,0,0540,0000,1084181672,1,일반,1,총괄표제부,1,신대장,,,,,,0,,,0,,,0,994.08,0,1065.55,1065.55,0,01000,단독주택,단독주택,0,12,12,0,0,0,0,0,0,0,0,0,0,0,,,,,,,,,0,,0,0,,0,,0,20220909
경기도 수원시 권선구 탑동 614번지,41113,13300,0,0614,0000,10841100485031,1,일반,1,총괄표제부,1,신대장,경기도 수원시 권선구 호매실로 46-93 (탑동),한봄고등학교,,,,0,411133175048,13302,0,46,93,11885,3487.54,29.34,10334.73,10240.83,86.17,10000,교육연구시설,교육연구시설(고등학교),0,0,5,0,0,55,0,0,0,0,0,0,55,649,,,,,,,,,0,,0,0,,0,,0,20250418
경기도 수원시 권선구 탑동 746-1번지,41113,13300,0,0746,0001,10841100482213,1,일반,1,총괄표제부,1,신대장,경기도 수원시 권선구 탑동로57번길 35 (탑동),,,,,0,411134325467,13301,0,35,,14574.3,1284.61,8.81,4617.29,3336.84,22.9,10000,교육연구시설,"교육연구시설, 제1종근린생활시설",0,0,2,0,0,0,0,0,0,0,0,0,24,485,,,,,,,,,0,,0,0,,0,,0,20220909
경기도 수원시 권선구 탑동 750-3번지,41113,13300,0,0750,0003,10841100225869,2,집합,1,총괄표제부,1,신대장,경기도 수원시 권선구 탑동로57번길 6-5 (탑동),대건 로얄팰리스,,,,0,411134325467,13301,0,6,5,740,408.74,55.24,1697.93,1697.93,229.45,02000,공동주택,"다세대주택, 제2종근린생활시설",16,0,2,0,0,20,0,0,0,0,13,154.5,7,80.5,20100226,20100401,20101210,2010,3740146,도시경관과,1101,1101,0,,0,0,,0,,0,20230711
경기도 수원시 권선구 탑동 761-1번지,41113,13300,0,0761,0001,1084181649,2,집합,1,총괄표제부,0,구대장,경기도 수원시 권선구 금호로246번길 18-15 (탑동),,,,,2,411134325149,13301,0,18,15,705.4,267.48,37.92,1187.36,942,133.54,02000,공동주택,공동주택,19,0,2,0,0,12,0,0,0,0,0,0,12,138,,,,,,,,,0,,0,0,,0,,0,20220909
경기도 수원시 권선구 탑동 763번지,41113,13300,0,0763,0000,1084181648,2,집합,1,총괄표제부,0,구대장,경기도 수원시 권선구 탑동로58번길 8 (탑동),삼성아파트,,,,0,411134325468,13301,0,8,,15791.8,3725.075,23.58,39912.865,33010.44,209,02000,공동주택,공동주택(아파트),299,0,3,5,4006.855,393,0,0,0,0,155,3689.915,238,2737,,,,,,,,,0,,0,0,,0,,0,20220909
경기도 수원시 권선구 탑동 774-2번지,41113,13300,0,0774,0002,10841100284483,2,집합,1,총괄표제부,1,신대장,,성은그린빌,,,,1,,,0,,,627.4,362.16,57.72,1319.44,1319.44,210.3,02000,공동주택,다세대주택,16,0,2,0,0,16,0,0,0,0,12,143,4,41.7,20130515,20130520,20130912,2013,3760030,건축과,1101,1101,0,,0,0,,0,,0,20220909
경기도 수원시 권선구 탑동 779-7번지,41113,13300,0,0779,0007,1084180844,1,일반,1,총괄표제부,1,신대장,경기도 수원시 권선구 탑동로39번길 30 (탑동),,,,,0,411134325463,13301,0,30,0,483.2,284.58,58.89,817.31,817.31,169.15,01000,단독주택,단독주택외1,0,15,2,0,0,6,0,0,0,0,0,0,6,69,,,,,,,,,0,,0,0,,0,,0,20220909
경기도 수원시 권선구 탑동 791-7번지,41113,13300,0,0791,0007,1084181646,2,집합,1,총괄표제부,1,신대장,경기도 수원시 권선구 상탑로39번길 17 (탑동),,,,,0,411134325237,13301,0,17,0,734,297.96,40.59,1298.4,1038.72,141.52,02000,공동주택,다세대주택,18,0,2,0,0,12,7,80.5,5,57.5,0,0,0,0,19950419,19950509,19960614,1995,3760030,건축과,1101,1101,0,,0,0,,0,,0,20220909
경기도 수원시 권선구 탑동 823-6번지,41113,13300,0,0823,0006,1084180702,2,집합,1,총괄표제부,1,신대장,경기도 수원시 권선구 탑동로11번길 36-3 (탑동),주영홈타운,,,,2,411134325458,13301,0,36,3,434.8,244.7,56.28,848.77,848.77,195.21,02000,공동주택,공동주택,14,0,2,0,0,8,0,0,0,0,3,42.32,5,57.5,,,,,,,,,0,,0,0,,0,,0,20220909
경기도 수원시 권선구 탑동 828-2번지,41113,13300,0,0828,0002,1084180703,2,집합,1,총괄표제부,0,구대장,경기도 수원시 권선구 하탑로21번길 29 (탑동),우진맨션,,,,2,411134325478,13301,0,29,0,699.1,293.96,42.05,1198.98,1076.4,153.97,02000,공동주택,공동주택,18,0,2,0,0,12,0,0,0,0,0,0,12,138,,,,,,,,,0,,0,0,,0,,0,20220909
경기도 수원시 권선구 탑동 828-5번지,41113,13300,0,0828,0005,1084181645,2,집합,1,총괄표제부,0,구대장,경기도 수원시 권선구 탑동로11번길 36-6 (탑동),동보아트빌,,,,2,411134325458,13301,0,36,6,691,300.01,43.42,1271.04,1080.69,156.4,02000,공동주택,공동주택,19,0,2,0,0,13,0,0,0,0,4,48.57,9,103.5,,,,,,,,,0,,0,0,,0,,0,20220909
경기도 수원시 권선구 탑동 860번지,41113,13300,0,0860,0000,1084181647,2,집합,1,총괄표제부,0,구대장,경기도 수원시 권선구 효탑로 50 (탑동),수원탑동우방파크타운,,,,0,411133175049,13301,0,50,,23727,5662.308,23.86,61320.044,46575.428,196.3,02000,공동주택,공동주택(아파트),458,0,10,12,14809.166,533,0,0,0,0,377,10066.721,156,1794,,,,,,,,,0,,0,0,,0,,0,20220909
경기도 수원시 권선구 탑동 863-6번지,41113,13300,0,0863,0006,1084180840,1,일반,1,총괄표제부,1,신대장,경기도 수원시 권선구 하탑로50번길 2 (탑동),카페이스 셀프세차장,,,,1,411134325482,13301,0,2,0,654.6,133.87,20.45,167.32,167.32,25.56,04000,제2종근린생활시설,자동차관련시설,0,0,2,1,17.4,0,0,0,0,0,0,0,0,0,,,,,,,,,0,,0,0,,0,,0,20220909
경기도 수원시 권선구 탑동 867-3번지,41113,13300,0,0867,0003,10841100314707,2,집합,1,총괄표제부,1,신대장,,써니하우스,,,,0,,,0,,,695.3,395.49,56.88,1596.622,1596.622,229.63,02000,공동주택,공동주택,16,0,2,0,0,19,0,0,0,0,7,85.5,12,138,20140402,20140410,20141219,2014,3760030,건축과,1101,1101,0,,0,0,,0,,0,20220909
경기도 수원시 권선구 탑동 874-2번지,41113,13300,0,0874,0002,1084180700,2,집합,1,총괄표제부,1,신대장,경기도 수원시 권선구 효탑로30번길 40 (탑동),풍림빌라,,,,1,411134325497,13301,0,40,0,420.5,205.02,48.75,812.57,708.97,168.6,02000,공동주택,공동주택,14,0,2,0,0,8,0,0,0,0,0,0,8,92,,,,,,,,,0,,0,0,,0,,0,20220909
경기도 수원시 권선구 탑동 874-3번지,41113,13300,0,0874,0003,1084181650,2,집합,1,총괄표제부,0,구대장,경기도 수원시 권선구 효탑로30번길 42 (탑동),성림리젠시빌,,,,1,411134325497,13301,0,42,0,358.2,191.21,53.38,780.29,688.53,192.21,02000,공동주택,공동주택,17,0,2,0,0,8,0,0,0,0,2,24,6,69,,,,,,,,,0,,0,0,,0,,0,20220909
경기도 수원시 권선구 탑동 885-13번지,41113,13300,0,0885,0013,1084180710,1,일반,1,총괄표제부,1,신대장,경기도 수원시 권선구 서둔로199번길 36 (탑동),,,,,0,411134325251,13301,0,36,0,0,90.82,0,90.82,90.82,0,01000,단독주택,단독주택,0,2,2,0,0,0,0,0,0,0,0,0,0,0,,,,,,,,,0,,0,0,,0,,0,20220909
경기도 수원시 권선구 탑동 888-2번지,41113,13300,0,0888,0002,1084180706,1,일반,1,총괄표제부,0,구대장,경기도 수원시 권선구 하탑로 64 (탑동),,,,,1,411133175047,13301,0,64,0,682.2,399,58.48,399,399,58.48,04000,제2종근린생활시설,제2종근린생활시설,0,0,2,0,0,2,0,0,0,0,0,0,2,23,,,,,,,,,0,,0,0,,0,,0,20220909
경기도 수원시 권선구 탑동 896번지,41113,13300,0,0896,0000,1084180816,2,집합,1,총괄표제부,1,신대장,경기도 수원시 권선구 서둔로239번길 19-9 (탑동),수원탑동세양청마루아파트,,,,0,411134325257,13301,0,19,9,5785.5,1417.8,24.51,15703.628,13356.505,230.86,02000,공동주택,공동주택,124,0,2,5,2395.373,125,0,0,0,0,67,2148.903,58,667,20030618,20030715,20051230,2003,,,2101,2101,0,,0,0,,0,,0,20220909
경기도 수원시 권선구 탑동 900번지,41113,13300,0,0900,0000,1084180905,1,일반,1,총괄표제부,1,신대장,경기도 수원시 권선구 호매실로 12 (탑동),,,,,0,411133175048,13302,0,12,0,26536,4139.89,15.6,9278.4,9126.1,34.39,14000,업무시설,업무시설외1,0,0,2,0,0,250,0,0,0,0,0,0,250,2837.01,,,,,,,,,0,,0,0,,0,,0,20230621
경기도 수원시 권선구 탑동 902-4번지,41113,13300,0,0902,0004,1000000000000005593886,1,일반,1,총괄표제부,1,신대장,경기도 수원시 권선구 호매실로 26 (탑동),하이넷 수원권선 수소충전소,,,,0,411133175048,13302,0,26,0,2809.4,410.86,14.62,442.66,442.66,15.76,19000,위험물저장및처리시설,고압가스 충전소 및 저장시설,0,0,1,2,0,2,0,0,0,0,0,0,0,0,20230620,20240115,20250425,2023,3760030,건축과,1101,1101,0,,0,0,,0,,0,20250428
경기도 수원시 권선구 탑동 911번지,41113,13300,0,0911,0000,10841100173205,1,일반,1,총괄표제부,1,신대장,경기도 수원시 권선구 서부로 1673 (탑동),수원권선경찰서,,,,0,411133012005,13304,0,1673,,14924,2984.67,19.99,9882.97,8836.79,59.2,14000,업무시설,,0,0,3,3,126.24,164,0,0,0,0,0,0,164,2044,20060309,20060320,20071106,,,,,,0,,0,60.4,,0,,0,20230802
경기도 수원시 권선구 탑동 920번지,41113,13300,0,0920,0000,10841100217240,2,집합,1,총괄표제부,1,신대장,경기도 수원시 권선구 상탑로 70 (탑동),,,,,0,411133175022,13302,0,70,0,0,0,0,0,0,0,,,,0,0,0,0,0,0,0,0,0,0,0,0,0,0,,,,,,,,,0,,0,0,,0,,0,20220909
경기도 수원시 권선구 금곡동 66번지,41113,13400,0,0066,0000,1084181752,2,집합,1,총괄표제부,0,구대장,경기도 수원시 권선구 서수원로 607 (금곡동),강남아파트,,,,8,411133175025,13402,0,607,,26460,5759.149,21.77,94231.485,76176.6,287.89,02000,공동주택,아파트(공동),794,0,9,6,0,819,0,0,0,0,492,0,327,0,,,,,,,,,0,,0,0,,0,,0,20240325
경기도 수원시 권선구 금곡동 73-3번지,41113,13400,0,0073,0003,1084181762,1,일반,1,총괄표제부,1,신대장,,,,,,0,,,0,,,0,0,0,0,0,0,,,,0,0,0,0,0,0,0,0,0,0,0,0,0,0,,,,,,,,,0,,0,0,,0,,0,20220909
경기도 수원시 권선구 금곡동 77번지,41113,13400,0,0077,0000,1084181763,1,일반,1,총괄표제부,1,신대장,,,,,,0,,,0,,,0,0,0,0,0,0,,,,0,0,0,0,0,0,0,0,0,0,0,0,0,0,,,,,,,,,0,,0,0,,0,,0,20220909
경기도 수원시 권선구 금곡동 79번지,41113,13400,0,0079,0000,1084181782,2,집합,1,총괄표제부,1,신대장,경기도 수원시 권선구 서수원로 589 (금곡동),삼익3차아파트,,,,0,411133175025,13402,0,589,,26890,5216.13,19.4,83848.07,66472.65,247.2,02000,공동주택,공동주택(아파트),712,0,8,7,13275.53,712,0,0,0,0,398,12388.9,314,3611,,,,,,,,,0,,0,0,,0,,0,20220909
경기도 수원시 권선구 금곡동 81번지,41113,13400,0,0081,0000,1084181764,1,일반,1,총괄표제부,1,신대장,,,,,,0,,,0,,,0,54.22,0,54.22,54.22,0,01000,단독주택,단독주택,0,2,2,0,0,0,0,0,0,0,0,0,0,0,,,,,,,,,0,,0,0,,0,,0,20220909
경기도 수원시 권선구 금곡동 81-1번지,41113,13400,0,0081,0001,1084181753,2,집합,1,총괄표제부,0,구대장,경기도 수원시 권선구 서수원로591번길 33 (금곡동),우림하이츠,,,,0,411134325272,13401,0,33,,841,313.96,37.33,1218.72,1218.72,144.91,02000,공동주택,공동주택,16,0,2,0,0,13,0,0,0,0,9,139.14,4,46,,,,,,,,,0,,0,0,,0,,0,20220909
경기도 수원시 권선구 금곡동 83번지,41113,13400,0,0083,0000,1084181765,1,일반,1,총괄표제부,1,신대장,,,,,,0,,,0,,,0,279.99,0,279.99,279.99,0,01000,단독주택,단독주택,0,4,4,0,0,0,0,0,0,0,0,0,0,0,,,,,,,,,0,,0,0,,0,,0,20220909
경기도 수원시 권선구 금곡동 83-2번지,41113,13400,0,0083,0002,1084181766,1,일반,1,총괄표제부,1,신대장,,,,,,0,,,0,,,0,246.28,0,246.28,246.28,0,01000,단독주택,단독주택,0,2,2,0,0,0,0,0,0,0,0,0,0,0,,,,,,,,,0,,0,0,,0,,0,20220909
경기도 수원시 권선구 금곡동 104-3번지,41113,13400,0,0104,0003,1084181754,2,집합,1,총괄표제부,0,구대장,경기도 수원시 권선구 서수원로591번길 43 (금곡동),거산아파트,,,,0,411134325272,13401,0,43,0,8789,6626.79,75.4,22933.2,21254.64,241.83,02000,공동주택,공동주택(아파트),237,0,3,5,3281.55,239,0,0,0,0,92,0,141,0,,,,,,,,,0,,0,0,,0,,0,20240507
경기도 수원시 권선구 금곡동 241번지,41113,13400,0,0241,0000,1084181783,2,집합,1,총괄표제부,1,신대장,경기도 수원시 권선구 금호로 45 (금곡동),,,,,0,411133175012,13403,0,45,,0,15460.15,0,40096.56,37800.92,0,02000,공동주택,공동주택,405,0,5,0,0,0,0,0,0,0,0,0,0,0,,,,,,,,,0,,0,0,,0,,0,20220909
경기도 수원시 권선구 금곡동 242번지,41113,13400,0,0242,0000,1084181769,1,일반,1,총괄표제부,1,신대장,,,,,,0,,,0,,,0,123.31,0,144.13,144.13,0,01000,단독주택,단독주택,0,2,2,0,0,0,0,0,0,0,0,0,0,0,,,,,,,,,0,,0,0,,0,,0,20220909
경기도 수원시 권선구 금곡동 243번지,41113,13400,0,0243,0000,1084181755,2,집합,1,총괄표제부,0,구대장,경기도 수원시 권선구 매곡로 100 (금곡동),동성아파트,,,,0,411133175017,13401,0,100,,9015,1682.41,18.662,27087.09,20189.87,223.96,02000,공동주택,공동주택(아파트),219,0,4,4,5766.42,220,0,0,0,0,138,4639.62,82,943,,,,,,,,,0,,0,0,,0,,0,20220909
경기도 수원시 권선구 금곡동 243-1번지,41113,13400,0,0243,0001,1084181756,2,집합,1,총괄표제부,0,구대장,경기도 수원시 권선구 매곡로 110 (금곡동),공작아파트,,,,0,411133175017,13401,0,110,,2642,687.78,26.03,3936.54,3438.9,130.16,02000,공동주택,아파트,80,0,3,0,0,10,0,0,0,0,0,0,10,150,,,,,,,,,0,,0,0,,0,,0,20220909
경기도 수원시 권선구 금곡동 245-2번지,41113,13400,0,0245,0002,1084181748,1,일반,1,총괄표제부,1,신대장,경기도 수원시 권선구 금호로37번길 15 (금곡동),칠보초등학교,,,,1,411134325153,13401,0,15,0,13897,3888.17,27.978484,12093.05,11753.44,84.575375,10000,교육연구시설,교육연구시설,0,0,3,2,123,60,0,0,0,0,0,0,60,345,,,,,,,,,0,,0,0,,0,,0,20260324
경기도 수원시 권선구 금곡동 252번지,41113,13400,0,0252,0000,1084181758,2,집합,1,총괄표제부,0,구대장,경기도 수원시 권선구 매곡로 68 (금곡동),일신건영아파트,,,,0,411133175017,13401,0,68,0,8847,2271.39,25.67,31093.7,22964.29,259.57,02000,공동주택,"공동주택(아파트,생활편익시설)",237,0,3,6,6318.3,241,0,0,0,0,192,5928.73,49,563.5,,,,,,,,,0,,0,0,,0,,0,20220909
경기도 수원시 권선구 금곡동 262-10번지,41113,13400,0,0262,0010,1084181759,2,집합,1,총괄표제부,0,구대장,경기도 수원시 권선구 금호로15번길 15 (금곡동),신미주아파트,,,,3,411134325140,13401,0,15,,16829,4539.8,26.98,97127.53,84324.88,501.07,02000,공동주택,"아파트, 구매 및 생활시설, 교육연구및복지시설",646,0,6,7,0,454,0,0,0,0,236,7577.36,218,2607.05,,,,,,,,,0,,0,0,,0,,0,20220909
경기도 수원시 권선구 금곡동 363번지,41113,13400,0,0363,0000,1084181771,1,일반,1,총괄표제부,1,신대장,,,,,,0,,,0,,,0,0,0,0,0,0,,,,0,0,0,0,0,0,0,0,0,0,0,0,0,0,,,,,,,,,0,,0,0,,0,,0,20220909
경기도 수원시 권선구 금곡동 397번지,41113,13400,0,0397,0000,1084181773,1,일반,1,총괄표제부,1,신대장,,,,,,0,,,0,,,0,144.12,0,144.12,144.12,0,01000,단독주택,단독주택,0,3,3,0,0,0,0,0,0,0,0,0,0,0,,,,,,,,,0,,0,0,,0,,0,20220909
경기도 수원시 권선구 금곡동 405-2번지,41113,13400,0,0405,0002,1084181775,1,일반,1,총괄표제부,1,신대장,,,,,,0,,,0,,,0,0,0,0,0,0,,,,0,0,0,0,0,0,0,0,0,0,0,0,0,0,,,,,,,,,0,,0,0,,0,,0,20220909
경기도 수원시 권선구 금곡동 420-3번지,41113,13400,0,0420,0003,1084181760,2,집합,1,총괄표제부,0,구대장,,"가,나,다동",,,,0,,,0,,,1614,643.02,39.84,658.09,658.09,40.77,,,"단독주택, 동물및식물관련시설",1,0,3,0,0,3,0,0,0,0,0,0,3,34.5,,,,,,,,,0,,0,0,,0,,0,20220909
경기도 수원시 권선구 금곡동 505번지,41113,13400,0,0505,0000,1084181778,1,일반,1,총괄표제부,1,신대장,,,,,,0,,,0,,,0,301.15,0,301.15,301.15,0,01000,단독주택,단독주택,0,2,2,1,16.2,0,0,0,0,0,0,0,0,0,,,,,,,,,0,,0,0,,0,,0,20220909
경기도 수원시 권선구 금곡동 520번지,41113,13400,0,0520,0000,1084181761,2,집합,1,총괄표제부,0,구대장,경기도 수원시 권선구 금곡로73번길 71 (금곡동),금곡엘지아파트,,,,2,411134325139,13401,0,71,,161139,25691.807,15.94,444459.042,347977.088,215.95,02000,공동주택,공동주택(아파트) 및 상가,998,0,14,20,79435.393,4056,0,0,0,0,2632,76118.9,1424,16376,,,,,,,,,0,,0,0,,0,,0,20220909
경기도 수원시 권선구 금곡동 521번지,41113,13400,0,0521,0000,1084181779,1,일반,1,총괄표제부,1,신대장,,,,,,0,,,0,,,0,0,0,0,0,0,,,,0,0,0,0,0,0,0,0,0,0,0,0,0,0,,,,,,,,,0,,0,0,,0,,0,20220909
경기도 수원시 권선구 금곡동 530번지,41113,13400,0,0530,0000,1084181784,2,집합,1,총괄표제부,1,신대장,경기도 수원시 권선구 금곡로 45 (금곡동),,,,,0,411133175011,13401,0,45,0,0,13182.898,0,207385.202,197409.712,0,02000,공동주택,공동주택,1916,0,22,0,0,0,0,0,0,0,0,0,0,0,,,,,,,,,0,,0,0,,0,,0,20220909
경기도 수원시 권선구 금곡동 531번지,41113,13400,0,0531,0000,1084181780,1,일반,1,총괄표제부,1,신대장,,,,,,0,,,0,,,0,195.1,0,195.1,195.1,0,01000,단독주택,단독주택,0,4,4,0,0,0,0,0,0,0,0,0,0,0,,,,,,,,,0,,0,0,,0,,0,20220909
경기도 수원시 권선구 금곡동 648번지,41113,13400,0,0648,0000,1084181785,2,집합,1,총괄표제부,1,신대장,경기도 수원시 권선구 금곡로31번길 7 (금곡동),,,,,0,411134325138,13401,0,7,,0,3376.626,0,54677.63,52134.776,0,02000,공동주택,공동주택,320,0,5,0,0,0,0,0,0,0,0,0,0,0,,,,,,,,,0,,0,0,,0,,0,20220909
경기도 수원시 권선구 금곡동 699번지,41113,13400,0,0699,0000,10841100421074,1,일반,1,총괄표제부,1,신대장,경기도 수원시 권선구 금곡로31번길 92 (금곡동),상촌초등학교,,,,0,411134325138,13401,0,92,0,11183,2471.62,22.1,9630.99,9043.81,80.87,10000,교육연구시설,교육연구및복지시설,0,0,2,0,0,48,0,0,0,0,0,0,48,0,,,,,,,,,0,,0,0,,0,,0,20220909
경기도 수원시 권선구 금곡동 746-15번지,41113,13400,0,0746,0015,10841100297787,1,일반,1,총괄표제부,1,신대장,,,,,,4,,,0,,,14099,2447.3,17.36,5061.07,4782.08,33.92,10000,교육연구시설,교육연구시설,0,0,6,2,0,34,0,0,0,0,0,0,32,6368,,,,,,,,,0,,0,0,,0,,0,20240229
경기도 수원시 권선구 금곡동 756-5번지,41113,13400,0,0756,0005,1084181751,1,일반,1,총괄표제부,1,신대장,경기도 수원시 권선구 금곡로 23 (금곡동),,,,,0,411133175011,13401,0,23,0,1190,522.65,43.92,1317.56,1234.33,103.73,04000,제2종근린생활시설,근린생활시설,0,1,2,0,0,9,0,0,0,0,0,0,9,103.5,,,,,,,,,0,,0,0,,0,,0,20220909
경기도 수원시 권선구 금곡동 781-2번지,41113,13400,0,0781,0002,10841100297807,1,일반,1,총괄표제부,1,신대장,,,,,,3,,,0,,,0,2174.7,0,3570.22,3570.22,0,14000,업무시설,업무시설(공공업무시설),0,0,2,0,0,28,0,0,0,0,4,211.2,24,264,,,,,,,,,0,,0,0,,0,,0,20250411
경기도 수원시 권선구 금곡동 861번지,41113,13400,0,0861,0000,1000000000000003663222,2,집합,1,총괄표제부,1,신대장,경기도 수원시 권선구 당수1로 15 (금곡동),LH 수원당수2단지,,,,0,411133354273,13401,0,15,0,27993,6122.12,21.87,78329.4,60172.12,214.95,02000,공동주택,공동주택(아파트),1150,0,7,15,20846.32,817,0,0,0,0,652,16991.81,165,0,20171227,20211018,20240215,,,,,,8,1++,81.7,0,4,50.74,,0,20240507
경기도 수원시 권선구 금곡동 1057번지,41113,13400,0,1057,0000,10841100247915,1,일반,1,총괄표제부,1,신대장,,상촌중학교,,,,0,,,0,,,15189.9,2949.16,19.42,10746.52,10363.27,68.22,10000,교육연구시설,교육연구시설(중학교),0,0,2,0,0,40,0,0,0,0,0,0,0,0,,,,,,,,,0,,0,0,,0,,0,20220909
경기도 수원시 권선구 금곡동 1063-2번지,41113,13400,0,1063,0002,10841100325293,1,일반,1,총괄표제부,1,신대장,,,,,,0,,,0,0,0,275,107.32,39.03,200.39,200.39,72.87,01000,단독주택,단독주택,0,2,2,0,0,2,0,0,0,0,2,23,0,0,20140117,20140228,20150724,2014,3760030,건축과,1101,1101,0,,0,0,,0,,0,20220909
경기도 수원시 권선구 금곡동 1063-7번지,41113,13400,0,1063,0007,10841100309927,1,일반,1,총괄표제부,1,신대장,,,,,,0,,,0,0,0,272.9,108.76,39.85,189.41,189.41,69.41,01000,단독주택,단독주택(단독주택),0,2,2,0,0,2,0,0,0,0,0,0,2,23,20140527,20140530,20140901,2014,3760030,건축과,1101,1101,0,,0,0,,0,,0,20220909
경기도 수원시 권선구 금곡동 1064-3번지,41113,13400,0,1064,0003,10841100316267,1,일반,1,총괄표제부,1,신대장,,,,,,0,,,0,0,0,259.7,103.64,39.91,171.54,171.54,66.05,01000,단독주택,단독주택(단독주택),2,0,2,0,0,2,0,0,0,0,0,0,2,23,20140117,20140304,20150202,2014,3760030,건축과,1101,1101,0,,0,0,,0,,0,20220909
경기도 수원시 권선구 금곡동 1064-4번지,41113,13400,0,1064,0004,10841100323497,1,일반,1,총괄표제부,1,신대장,,,,,,0,,,0,0,0,259.7,103.64,39.91,165.06,165.06,63.56,01000,단독주택,단독주택,0,2,2,0,0,2,0,0,0,0,0,0,2,23,20140117,20140228,20150615,2014,3760030,건축과,1101,1101,0,,0,0,,0,,0,20220909
경기도 수원시 권선구 금곡동 1072번지,41113,13400,0,1072,0000,10841100228922,2,집합,1,총괄표제부,1,신대장,,수원호매실휴먼시아4단지 아파트,,,,0,,,0,0,0,33494.8,6550.53,19.56,75053.07,59203.96,176.76,02000,공동주택,공동주택(아파트),980,0,10,13,16123.19,849,0,0,0,0,544,14431.32,305,3647.5,20061220,20090601,20110719,,,,,,5,2,30.04,0,,0,,0,20220909
경기도 수원시 권선구 금곡동 1074번지,41113,13400,0,1074,0000,10841100360777,1,일반,1,총괄표제부,1,신대장,,,,,,0,,,0,0,0,13056.4,1647.89,12.62,2353.98,2346.56,17.97,05000,문화및집회시설,"문화및 집회시설, 수련시설",0,0,2,1,329.79,10,0,0,0,0,10,234.89,0,0,,,,,,,,,0,,0,0,,0,,0,20220909
경기도 수원시 권선구 금곡동 1076번지,41113,13400,0,1076,0000,10841100304487,2,집합,1,총괄표제부,1,신대장,,호매실 더 센트라고,,,,0,,,0,0,0,27802.5,5677.207,20.42,65678.39,47233.27,169.89,02000,공동주택,공동주택(아파트),450,0,9,10,17847.8,522,0,0,0,0,509,16311.29,13,204.5,20081128,20111220,20140610,,,,,,5,1,43.48,0,,0,,0,20220909
경기도 수원시 권선구 금곡동 1077번지,41113,13400,0,1077,0000,10841100380865,2,집합,1,총괄표제부,1,신대장,경기도 수원시 권선구 서수원로577번길 305 (금곡동),수원모아미래도센트럴타운2단지,,,,0,411134325271,13401,0,305,,48110.5,6535.1973,13.58,125217.9025,91358.0533,189.89,02000,공동주택,공동주택(아파트),772,0,8,9,31074.1752,995,0,0,0,0,976,28263.1557,0,0,20150423,20150629,20170908,2015,3740281,주택과,2101,2101,46,,0,65.69,4,55.85,,0,20260210
경기도 수원시 권선구 금곡동 1078번지,41113,13400,0,1078,0000,10841100380137,2,집합,1,총괄표제부,1,신대장,경기도 수원시 권선구 서수원로577번길 341 (금곡동),수원모아미래도센트럴타운1단지,,,,0,411134325271,13401,0,341,,46828.6,5383.4222,11.5,118730.7923,85429.7371,182.43,02000,공동주택,공동주택(아파트),680,0,8,9,31125.0784,960,0,0,0,0,960,29032.2219,0,0,20150423,20150629,20170908,2015,3740281,주택과,2101,2101,30,,0,65.75,4,55.25,,0,20220909
경기도 수원시 권선구 금곡동 1081번지,41113,13400,0,1081,0000,10841100240674,2,집합,1,총괄표제부,1,신대장,,호매실역 서희 스타힐스,,,,0,,,0,,,81022.6,15440.15,19.06,203382.15,145767.21,179.91,02000,공동주택,공동주택(아파트),1318,0,27,16,54532.85,1720,0,0,0,0,1714,51643.18,6,69,20071231,20080930,20111118,,,,,,14,2,27.33,0,,0,,0,20220909
경기도 수원시 권선구 금곡동 1084번지,41113,13400,0,1084,0000,10841100336517,1,일반,1,총괄표제부,1,신대장,,하늘유치원,,,,0,,,0,0,0,1834.7,1283.85,69.98,6874.95,5464.91,297.86,10000,교육연구시설,교육연구시설,0,0,2,0,0,36,0,0,0,0,32,371.45,4,50,20150216,20150311,20151022,2015,3740282,건축과,1101,1101,0,,0,0,,0,,0,20220909
경기도 수원시 권선구 금곡동 1095번지,41113,13400,0,1095,0000,10841100233819,2,집합,1,총괄표제부,1,신대장,,수원호매실휴먼시아8단지아파트,,,,0,,,0,,,42712.4,8803.02,20.61,96441.89,75440.64,176.62,02000,공동주택,공동주택(아파트),1270,0,12,16,21332.85,1104,0,0,0,0,721,18843.11,383,4579.5,20061220,20090601,20111010,,,,,,16,2,33.01,0,,0,,0,20220909
경기도 수원시 권선구 금곡동 1100번지,41113,13400,0,1100,0000,10841100307587,2,집합,1,총괄표제부,1,신대장,,Y CITY(와이시티),,,,0,,,0,0,0,38679.4,6457.22,16.69,96545.89,72506.1,187.45,02000,공동주택,공동주택(아파트),660,0,11,9,23523.98,763,0,0,0,0,761,21662.55,2,23,20071231,20111130,20140811,,,,,,4,1,41.32,0,,0,,0,20220909
경기도 수원시 권선구 금곡동 1146번지,41113,13400,0,1146,0000,10841100366545,2,집합,1,총괄표제부,1,신대장,,호반써밋 수원,,,,0,,,0,0,0,31995.8,5229.2361,16.34,866681095,63754.2871,199.26,02000,공동주택,공동주택(아파트),567,0,9,12,22710.6139,658,0,0,0,0,656,19667.99,2,0,20140729,20141202,20170403,2014,3740257,주택과,2101,2101,6,1,136,69.2,4,56.4,,0,20250221
경기도 수원시 권선구 금곡동 1147번지,41113,13400,0,1147,0000,10841100371999,2,집합,1,총괄표제부,1,신대장,,호반베르디움 더 센트럴,,,,0,,,0,,,62665.3,9865.0238,15.74,168235.9986,124695.0637,198.99,02000,공동주택,공동주택(아파트),1100,0,15,10,42942.922,1325,0,0,0,0,1312,38662.978,13,0,20140729,20150202,20170616,2014,3740257,주택과,2101,2101,27,1,142.2,69,4,54.55,,0,20220909
경기도 수원시 권선구 호매실동 ,41113,13500,0,0000,0000,1084181807,1,일반,1,총괄표제부,1,신대장,,,,,,0,,,0,,,0,228.14,0,228.14,228.14,0,01000,단독주택,단독주택,0,0,10,1,11.4,0,0,0,0,0,0,0,0,0,,,,,,,,,0,,0,0,,0,,0,20220909
경기도 수원시 권선구 호매실동 18-7번지,41113,13500,0,0018,0007,1084181786,1,일반,1,총괄표제부,0,구대장,경기도 수원시 권선구 서수원로 510-12 (호매실동),,,,,0,411133175025,13503,0,510,12,757,382.6,49.88,377.56,377.56,49.88,21000,동물및식물관련시설,"축사, 주택",0,1,2,0,0,0,0,0,0,0,0,0,0,0,,,,,,,,,0,,0,0,,0,,0,20220909
경기도 수원시 권선구 호매실동 22-5번지,41113,13500,0,0022,0005,1084181808,1,일반,1,총괄표제부,1,신대장,경기도 수원시 권선구 금호로 104-12 (호매실동),,,,,0,411133175012,13504,0,104,12,0,329.85,0,329.85,329.85,0,21000,동물및식물관련시설,단독주택,0,2,2,3,35.93,0,0,0,0,0,0,0,0,0,,,,,,,,,0,,0,0,,0,,0,20220909
경기도 수원시 권선구 호매실동 78번지,41113,13500,0,0078,0000,1084181810,1,일반,1,총괄표제부,1,신대장,,,,,,0,,,0,,,0,263.12,0,263.12,263.12,0,01000,단독주택,단독주택,0,4,4,1,11.9,0,0,0,0,0,0,0,0,0,,,,,,,,,0,,0,0,,0,,0,20220909
경기도 수원시 권선구 호매실동 79번지,41113,13500,0,0079,0000,1084181811,1,일반,1,총괄표제부,1,신대장,,,,,,0,,,0,,,0,135.22,0,135.22,135.22,0,01000,단독주택,단독주택,0,4,4,1,1.5,0,0,0,0,0,0,0,0,0,,,,,,,,,0,,0,0,,0,,0,20220909
경기도 수원시 권선구 호매실동 79-11번지,41113,13500,0,0079,0011,1084181793,2,집합,1,총괄표제부,0,구대장,경기도 수원시 권선구 칠보로241번길 7 (호매실동),청운맨션,,,,0,411134325456,13501,0,7,,616,244.92,39.76,1159.02,972.8,157.92,02000,공동주택,다세대주택,19,0,2,0,0,8,0,0,0,0,0,0,8,92,,,,,,,,,0,,0,0,,0,,0,20220909
경기도 수원시 권선구 호매실동 80번지,41113,13500,0,0080,0000,1084181812,1,일반,1,총괄표제부,1,신대장,,,,,,0,,,0,,,0,124.5,0,124.5,124.5,0,01000,단독주택,단독주택,0,2,2,2,21.08,0,0,0,0,0,0,0,0,0,,,,,,,,,0,,0,0,,0,,0,20220909
경기도 수원시 권선구 호매실동 82번지,41113,13500,0,0082,0000,1084181813,1,일반,1,총괄표제부,1,신대장,,,,,,0,,,0,,,0,193.24,0,193.24,193.24,0,01000,단독주택,단독주택,0,3,3,0,0,0,0,0,0,0,0,0,0,0,,,,,,,,,0,,0,0,,0,,0,20220909
경기도 수원시 권선구 호매실동 82-5번지,41113,13500,0,0082,0005,1084181794,2,집합,1,총괄표제부,0,구대장,경기도 수원시 권선구 매실로 61 (호매실동),삼익2차아파트,,,,0,411133175018,13501,0,61,,10814,2401.33,22.21,42382.25,31440.68,290.74,02000,공동주택,공동주택(아파트),354,0,8,5,8033.58,358,0,0,0,0,237,7118.18,121,1391.56,,,,,,,,,0,,0,0,,0,,0,20220909
경기도 수원시 권선구 호매실동 83번지,41113,13500,0,0083,0000,1084181814,1,일반,1,총괄표제부,1,신대장,,,,,,0,,,0,,,0,70.54,0,75.34,70.54,0,01000,단독주택,단독주택,0,2,2,0,0,0,0,0,0,0,0,0,0,0,,,,,,,,,0,,0,0,,0,,0,20220909
경기도 수원시 권선구 호매실동 84-2번지,41113,13500,0,0084,0002,10841100400250,1,일반,1,총괄표제부,1,신대장,경기도 수원시 권선구 칠보로235번길 29 (호매실동),,,,,0,411134325455,13501,0,29,,556,244.46,43.97,244.46,244.46,43.97,01000,단독주택,"단독주택, 제1종근린생활시설",0,0,4,1,17.53,1,0,0,0,0,0,0,1,11.5,,,,,,,,,0,,0,0,,0,,0,20220909
경기도 수원시 권선구 호매실동 94번지,41113,13500,0,0094,0000,1084181816,1,일반,1,총괄표제부,1,신대장,,,,,,0,,,0,,,0,0,0,0,0,0,,,,0,0,0,0,0,0,0,0,0,0,0,0,0,0,,,,,,,,,0,,0,0,,0,,0,20220909
경기도 수원시 권선구 호매실동 96번지,41113,13500,0,0096,0000,1084181817,1,일반,1,총괄표제부,1,신대장,,,,,,0,,,0,,,0,57.9,0,62.8,62.8,0,01000,단독주택,단독주택,0,2,2,1,4.9,0,0,0,0,0,0,0,0,0,,,,,,,,,0,,0,0,,0,,0,20220909
경기도 수원시 권선구 호매실동 100번지,41113,13500,0,0100,0000,1084181818,1,일반,1,총괄표제부,1,신대장,,,,,,0,,,0,,,0,131.12,0,131.12,131.12,0,01000,단독주택,단독주택,0,2,2,1,9.58,0,0,0,0,0,0,0,0,0,,,,,,,,,0,,0,0,,0,,0,20220909
경기도 수원시 권선구 호매실동 205번지,41113,13500,0,0205,0000,1000000000000005515109,1,일반,1,총괄표제부,1,신대장,경기도 수원시 권선구 권선로 137 (호매실동),,,,,75,411133175010,13506,0,137,0,77705,1718.71,2.21,2501.09,2171.56,2.79,30000,자원순환관련시설,"자원순환관련시설, 제2종근린생활시설",0,0,2,2,281.04,70,0,0,0,0,0,0,70,0,20200709,20220708,20250326,2020,3760030,건축과,5310,5310,0,,0,0,,0,,0,20250428
경기도 수원시 권선구 호매실동 242번지,41113,13500,0,0242,0000,1084181819,1,일반,1,총괄표제부,1,신대장,,,,,,0,,,0,,,0,0,0,0,0,0,,,,0,0,0,0,0,0,0,0,0,0,0,0,0,0,,,,,,,,,0,,0,0,,0,,0,20220909
경기도 수원시 권선구 호매실동 376번지,41113,13500,0,0376,0000,1084181821,1,일반,1,총괄표제부,1,신대장,,,,,,0,,,0,,,0,39.3,0,39.3,39.3,0,01000,단독주택,단독주택,0,3,3,1,5.4,0,0,0,0,0,0,0,0,0,,,,,,,,,0,,0,0,,0,,0,20220909
경기도 수원시 권선구 호매실동 377번지,41113,13500,0,0377,0000,1084181795,2,집합,1,총괄표제부,0,구대장,경기도 수원시 권선구 매실로 70 (호매실동),호매실GS아파트,,,,5,411133175018,13501,0,70,0,61282,12185.265,19.88,219470.9585,171473.7988,279.81,02000,공동주택,공동주택(아파트),1754,1,18,29,40017.0246,1848,0,0,0,0,1374,38224.394,436,5140.5,,,,,,,,,0,,0,0,,0,,0,20260304
경기도 수원시 권선구 호매실동 384-1번지,41113,13500,0,0384,0001,1084181788,1,일반,1,총괄표제부,0,구대장,경기도 수원시 권선구 칠보로183번길 41 (호매실동),,,,,0,411134325453,13501,0,41,0,519,277.3,53.42,1008.31,1008.31,194.27,04000,제2종근린생활시설,근린생활시설,0,0,2,0,0,6,0,0,0,0,0,0,6,69,,,,,,,,,0,,0,0,,0,,0,20251226
경기도 수원시 권선구 호매실동 395-2번지,41113,13500,0,0395,0002,1084181822,1,일반,1,총괄표제부,1,신대장,경기도 수원시 권선구 금호로 28 (호매실동),,,,,0,411133175012,13504,0,28,0,0,642.1,0,2435.65,1959.75,0,03000,제1종근린생활시설,제1종근린생활시설,0,0,2,0,0,0,0,0,0,0,0,0,0,0,,,,,,,,,0,,0,0,,0,,0,20220909
경기도 수원시 권선구 호매실동 395-27번지,41113,13500,0,0395,0027,10841100464772,1,일반,1,총괄표제부,1,신대장,경기도 수원시 권선구 금호로 32 (호매실동),호매실중학교,,,,0,411133175012,13504,0,32,0,10879,2646.11,24.3,9149.48,8888.93,81.7,10000,교육연구시설,교육연구시설,0,0,2,0,0,0,0,0,0,0,0,0,0,0,,,,,,,,,0,,0,0,,0,,0,20220909
경기도 수원시 권선구 호매실동 396번지,41113,13500,0,0396,0000,1084181823,1,일반,1,총괄표제부,1,신대장,경기도 수원시 권선구 노림로 74-3 (호매실동),,,,,0,411133175013,13501,0,74,3,0,503.57,0,1003.56,843.41,0,04000,제2종근린생활시설,단독주택,0,5,6,0,0,0,0,0,0,0,0,0,0,0,,,,,,,,,0,,0,0,,0,,0,20220909
경기도 수원시 권선구 호매실동 398번지,41113,13500,0,0398,0000,1084181824,1,일반,1,총괄표제부,1,신대장,,,,,,0,,,0,,,0,0,0,0,0,0,,,,0,0,0,0,0,0,0,0,0,0,0,0,0,0,,,,,,,,,0,,0,0,,0,,0,20220909
경기도 수원시 권선구 호매실동 402-2번지,41113,13500,0,0402,0002,1084181825,1,일반,1,총괄표제부,1,신대장,경기도 수원시 권선구 금호로 14-3 (호매실동),,,,,0,411133175012,13504,0,14,3,0,322.64,0,1312.16,1018.44,0,04000,제2종근린생활시설,제2종근린생활시설,0,0,2,0,0,0,0,0,0,0,0,0,0,0,,,,,,,,,0,,0,0,,0,,0,20220909
경기도 수원시 권선구 호매실동 402-21번지,41113,13500,0,0402,0021,1084180891,1,일반,1,총괄표제부,1,신대장,경기도 수원시 권선구 금호로 16-5 (호매실동),,,,,0,411133175012,13504,0,16,5,341,112.57,33.01,179.53,134.95,39.57,01000,단독주택,단독주택외1,0,1,2,0,0,0,0,0,0,0,0,0,0,0,,,,,,,,,0,,0,0,,0,,0,20220909
경기도 수원시 권선구 호매실동 403번지,41113,13500,0,0403,0000,1084181826,1,일반,1,총괄표제부,1,신대장,,,,,,0,,,0,,,0,94.38,0,94.38,94.38,0,01000,단독주택,단독주택,0,3,3,0,0,0,0,0,0,0,0,0,0,0,,,,,,,,,0,,0,0,,0,,0,20220909
경기도 수원시 권선구 호매실동 406번지,41113,13500,0,0406,0000,1084181827,1,일반,1,총괄표제부,1,신대장,,,,,,0,,,0,,,0,93.9,0,93.9,93.9,0,01000,단독주택,단독주택,0,2,2,0,0,0,0,0,0,0,0,0,0,0,,,,,,,,,0,,0,0,,0,,0,20220909
경기도 수원시 권선구 호매실동 407번지,41113,13500,0,0407,0000,1084181828,1,일반,1,총괄표제부,1,신대장,경기도 수원시 권선구 20-4 (호매실동),,,,,0,411134325157,13501,0,20,4,0,133.91,0,133.91,133.91,0,01000,단독주택,단독주택,8,2,2,0,0,0,0,0,0,0,0,0,0,0,,,,,,,,,0,,0,0,,0,,0,20220909
경기도 수원시 권선구 호매실동 408번지,41113,13500,0,0408,0000,1084181829,1,일반,1,총괄표제부,1,신대장,경기도 수원시 권선구 노림로 58-9 (호매실동),,,,,0,411133175013,13501,0,58,9,0,257.56,0,509.21,509.21,0,01000,단독주택,단독주택,0,0,2,0,0,0,0,0,0,0,0,0,0,0,,,,,,,,,0,,0,0,,0,,0,20220909
경기도 수원시 권선구 호매실동 411번지,41113,13500,0,0411,0000,1084181830,1,일반,1,총괄표제부,1,신대장,,,,,,0,,,0,,,0,438.34,0,445.54,445.54,0,01000,단독주택,단독주택,0,6,6,1,7.2,0,0,0,0,0,0,0,0,0,,,,,,,,,0,,0,0,,0,,0,20220909
경기도 수원시 권선구 호매실동 412번지,41113,13500,0,0412,0000,1084181831,1,일반,1,총괄표제부,1,신대장,,,,,,0,,,0,,,0,244.72,0,244.72,244.72,0,01000,단독주택,단독주택,0,6,6,0,0,0,0,0,0,0,0,0,0,0,,,,,,,,,0,,0,0,,0,,0,20220909
경기도 수원시 권선구 호매실동 415-1번지,41113,13500,0,0415,0001,1084181832,1,일반,1,총괄표제부,1,신대장,,,,,,0,,,0,,,0,180.4,0,180.4,180.4,0,01000,단독주택,단독주택,0,3,3,0,0,0,0,0,0,0,0,0,0,0,,,,,,,,,0,,0,0,,0,,0,20220909
경기도 수원시 권선구 호매실동 439-6번지,41113,13500,0,0439,0006,1084181796,2,집합,1,총괄표제부,0,구대장,경기도 수원시 권선구 6 (호매실동),신라궁전타운,,,,0,411134325155,13501,0,6,,475,242.66,51.09,901.8,708.48,149.15,02000,공동주택,공동주택,19,0,3,0,0,0,0,0,0,0,0,0,0,0,,,,,,,,,0,,0,0,,0,,0,20220909
경기도 수원시 권선구 호매실동 439-7번지,41113,13500,0,0439,0007,1084181797,2,집합,1,총괄표제부,0,구대장,경기도 수원시 권선구 8 (호매실동),신라궁전타운,,,,0,411134325155,13501,0,8,,472,242.66,51.41,901.8,708.48,150.1,02000,공동주택,공동주택,19,0,3,0,0,0,0,0,0,0,0,0,0,0,,,,,,,,,0,,0,0,,0,,0,20220909
경기도 수원시 권선구 호매실동 439-8번지,41113,13500,0,0439,0008,1084181798,2,집합,1,총괄표제부,0,구대장,경기도 수원시 권선구 12 (호매실동),신라궁전타운,,,,0,411134325155,13501,0,12,,468,242.66,51.85,901.8,708.48,151.38,02000,공동주택,공동주택,19,0,3,0,0,0,0,0,0,0,0,0,0,0,,,,,,,,,0,,0,0,,0,,0,20220909
경기도 수원시 권선구 호매실동 439-9번지,41113,13500,0,0439,0009,1084181799,2,집합,1,총괄표제부,0,구대장,경기도 수원시 권선구 노림로6번길 14 (호매실동),신라궁전타운,,,,0,411134331211,13501,0,14,,353,182.92,51.82,704.64,528.48,149.71,02000,공동주택,공동주택,16,0,2,0,0,0,0,0,0,0,0,0,0,0,,,,,,,,,0,,0,0,,0,,0,20220909
경기도 수원시 권선구 호매실동 439-15번지,41113,13500,0,0439,0015,1084181800,2,집합,1,총괄표제부,0,구대장,경기도 수원시 권선구 노림로6번길 4 (호매실동),신라궁전타운,,,,0,411134331211,13501,0,4,,465,190.08,40.88,714.24,535.68,115.2,02000,공동주택,다세대주택,16,0,2,0,0,5,0,0,0,0,0,0,5,57.5,,,,,,,,,0,,0,0,,0,,0,20220909
경기도 수원시 권선구 호매실동 439-19번지,41113,13500,0,0439,0019,1084181833,1,일반,1,총괄표제부,1,신대장,경기도 수원시 권선구 칠보로 149-2 (호매실동),,,,,0,411133175044,13501,0,149,2,0,86.2,0,202.73,202.73,0,01000,단독주택,단독주택,0,2,2,0,0,0,0,0,0,0,0,0,0,0,,,,,,,,,0,,0,0,,0,,0,20220909
경기도 수원시 권선구 호매실동 443-1번지,41113,13500,0,0443,0001,1084181801,2,집합,1,총괄표제부,0,구대장,경기도 수원시 권선구 노림로 51-6 (호매실동),부강빌라,,,,0,411133175013,13501,0,51,6,751,321.1,42.76,1065.37,1065.37,141.86,02000,공동주택,다세대주택,19,0,2,0,0,11,0,0,0,0,0,0,11,126.5,,,,,,,,,0,,0,0,,0,,0,20220909
경기도 수원시 권선구 호매실동 444번지,41113,13500,0,0444,0000,1084181834,1,일반,1,총괄표제부,1,신대장,경기도 수원시 권선구 노림로 55-5 (호매실동),,,,,0,411133175013,13501,0,55,5,0,250.43,0,250.43,250.43,0,01000,단독주택,단독주택,10,3,3,0,0,0,0,0,0,0,0,0,0,0,,,,,,,,,0,,0,0,,0,,0,20220909
경기도 수원시 권선구 호매실동 452번지,41113,13500,0,0452,0000,1084181802,2,집합,1,총괄표제부,0,구대장,경기도 수원시 권선구 금호로 14-8 (호매실동),신미주아파트,,,,1,411133175012,13504,0,14,8,4833,1575.87,32.6,21260.39,15600.19,322.78,02000,공동주택,"아파트, 구매및 생활시설(상가)",178,0,2,3,53.98,111,0,0,0,0,99,0,12,0,,,,,,,,,0,,0,0,,0,,0,20220909
경기도 수원시 권선구 호매실동 453-6번지,41113,13500,0,0453,0006,1084181803,2,집합,1,총괄표제부,0,구대장,,쌍용아파트,,,,6,,,0,,,10736,2427.67,22.61,36186.021,28941.979,269.57,02000,공동주택,아파트,0,294,6,6,6262.086,324,0,0,0,0,187,5713.54,137,1575.5,19960515,19960614,19980729,1996,3740058,건축과,1101,1101,0,,0,0,,0,,0,20250522
경기도 수원시 권선구 호매실동 453-14번지,41113,13500,0,0453,0014,1084181804,2,집합,1,총괄표제부,0,구대장,경기도 수원시 권선구 19 (호매실동),풍림빌라,,,,0,411134325156,13501,0,19,0,513,242.4,47.25,1187.3,956.08,181.11,02000,공동주택,다세대주택,19,0,2,0,0,8,0,0,0,0,2,70.47,6,69,,,,,,,,,0,,0,0,,0,,0,20220909
경기도 수원시 권선구 호매실동 453-16번지,41113,13500,0,0453,0016,1084180737,2,집합,1,총괄표제부,1,신대장,경기도 수원시 권선구 칠보로129번길 20 (호매실동),,,,,0,411134325450,13501,0,20,0,0,0,0,0,0,0,,,,0,0,0,0,0,0,0,0,0,0,0,0,0,0,,,,,,,,,0,,0,0,,0,,0,20220909
경기도 수원시 권선구 호매실동 456-3번지,41113,13500,0,0456,0003,1084180738,2,집합,1,총괄표제부,1,신대장,경기도 수원시 권선구 31 (호매실동),,,,,0,411134325156,13501,0,31,,0,357.84,0,744.69,616.65,0,02000,공동주택,공동주택,18,0,2,0,0,0,0,0,0,0,0,0,0,0,,,,,,,,,0,,0,0,,0,,0,20220909
경기도 수원시 권선구 호매실동 642번지,41113,13500,0,0642,0000,1084181837,1,일반,1,총괄표제부,1,신대장,,,,,,0,,,0,,,0,110.18,0,123.28,123.28,0,01000,단독주택,단독주택,0,2,2,1,13.1,0,0,0,0,0,0,0,0,0,,,,,,,,,0,,0,0,,0,,0,20220909
경기도 수원시 권선구 호매실동 672-1번지,41113,13500,0,0672,0001,1084181789,1,일반,1,총괄표제부,0,구대장,,,,,,0,,,0,,,330,149.88,45.42,198.89,198.89,60.27,01000,단독주택,단독주택 외2,0,0,2,0,0,0,0,0,0,0,0,0,0,0,,,,,,,,,0,,0,0,,0,,0,20220909
경기도 수원시 권선구 호매실동 687-2번지,41113,13500,0,0687,0002,1084181805,2,집합,1,총괄표제부,0,구대장,경기도 수원시 권선구 칠보로125번길 17 (호매실동),다라주택,,,,0,411134325449,13501,0,17,,395,218.04,55.2,938.55,786.69,199.16,02000,공동주택,다세대주택,18,0,2,0,0,0,3,41.73,3,34.5,0,0,0,0,,,,,,,,,0,,0,0,,0,,0,20220909
경기도 수원시 권선구 호매실동 687-3번지,41113,13500,0,0687,0003,1084181806,2,집합,1,총괄표제부,0,구대장,경기도 수원시 권선구 칠보로125번길 15 (호매실동),다라주택,,,,0,411134325449,13501,0,15,,358,208.395,58.21,917.49,766.62,214.14,02000,공동주택,다세대주택,18,0,2,0,0,0,3,36.87,3,34.5,0,0,0,0,,,,,,,,,0,,0,0,,0,,0,20220909
경기도 수원시 권선구 호매실동 827번지,41113,13500,0,0827,0000,1084181840,1,일반,1,총괄표제부,1,신대장,경기도 수원시 권선구 칠보로88번길 155-3 (호매실동),,,,,0,411134325457,13501,0,155,3,0,0,0,0,0,0,01000,단독주택,단독주택,0,0,5,0,0,0,0,0,0,0,0,0,0,0,,,,,,,,,0,,0,0,,0,,0,20220909
경기도 수원시 권선구 호매실동 829번지,41113,13500,0,0829,0000,1084181841,1,일반,1,총괄표제부,1,신대장,,,,,,0,,,0,,,0,79.11,0,79.11,79.11,0,01000,단독주택,단독주택,0,2,2,0,0,0,0,0,0,0,0,0,0,0,,,,,,,,,0,,0,0,,0,,0,20220909
경기도 수원시 권선구 호매실동 829-1번지,41113,13500,0,0829,0001,1084181842,1,일반,1,총괄표제부,1,신대장,경기도 수원시 권선구 칠보로14번길 126 (호매실동),,,,,0,411134325451,13501,0,126,0,0,0,0,0,0,0,,,,0,0,0,0,0,0,0,0,0,0,0,0,0,0,,,,,,,,,0,,0,0,,0,,0,20220909
경기도 수원시 권선구 호매실동 829-5번지,41113,13500,0,0829,0005,1084181844,1,일반,1,총괄표제부,1,신대장,경기도 수원시 권선구 칠보로14번길 134-10 (호매실동),,,,,0,411134325451,13501,0,134,10,0,145.94,0,145.94,145.94,0,04000,제2종근린생활시설,제2종근린생활시설,0,1,2,0,0,0,0,0,0,0,0,0,0,0,,,,,,,,,0,,0,0,,0,,0,20220909
경기도 수원시 권선구 호매실동 834번지,41113,13500,0,0834,0000,1084181846,1,일반,1,총괄표제부,1,신대장,경기도 수원시 권선구 칠보로88번길 158 (호매실동),,,,,0,411134325457,13501,0,158,0,0,130.46,0,130.46,130.46,0,01000,단독주택,단독주택,0,2,20,0,0,0,0,0,0,0,0,0,0,0,,,,,,,,,0,,0,0,,0,,0,20220909
경기도 수원시 권선구 호매실동 840-3번지,41113,13500,0,0840,0003,10841100206273,1,일반,1,총괄표제부,1,신대장,경기도 수원시 권선구 칠보로88번길 122 (호매실동),,,,,0,411134325457,13501,0,122,,1300,377.72,29.06,560.72,446.03,34.31,03000,제1종근린생활시설,제1종근린생활시설,0,1,2,1,25.26,4,0,0,0,0,0,0,0,0,,,,,,,,,0,,0,0,,0,,0,20220909
경기도 수원시 권선구 호매실동 847-1번지,41113,13500,0,0847,0001,1084181052,1,일반,1,총괄표제부,1,신대장,경기도 수원시 권선구 칠보로14번길 100 (호매실동),,,,,0,411134325451,13501,0,100,,505,189.67,37.56,183.64,183.64,36.36,01000,단독주택,단독주택,1,2,2,0,0,0,0,0,0,0,0,0,0,0,19961212,19970429,20070502,1996,3760030,건축과,5310,5310,0,,0,0,,0,,0,20220909
경기도 수원시 권선구 호매실동 863번지,41113,13500,0,0863,0000,1084181848,1,일반,1,총괄표제부,1,신대장,경기도 수원시 권선구 칠보로14번길 48 (호매실동),,,,,0,411134325451,13501,0,48,0,0,0,0,0,0,0,,,,0,0,0,0,0,0,0,0,0,0,0,0,0,0,,,,,,,,,0,,0,0,,0,,0,20220909
경기도 수원시 권선구 호매실동 907-1번지,41113,13500,0,0907,0001,1084181851,1,일반,1,총괄표제부,1,신대장,경기도 수원시 권선구 칠보로88번길 155-18 (호매실동),,,,,0,411134325457,13501,0,155,18,0,147.11,0,158.05,141.81,0,01000,단독주택,단독주택,0,2,2,0,0,0,0,0,0,0,0,0,0,0,,,,,,,,,0,,0,0,,0,,0,20220909
경기도 수원시 권선구 호매실동 917번지,41113,13500,0,0917,0000,1084181854,1,일반,1,총괄표제부,1,신대장,경기도 수원시 권선구 칠보로88번길 155-15 (호매실동),,,,,0,411134325457,13501,0,155,15,0,190.37,0,172.7,172.7,0,01000,단독주택,단독주택,0,3,3,1,12.42,0,0,0,0,0,0,0,0,0,,,,,,,,,0,,0,0,,0,,0,20220909
경기도 수원시 권선구 호매실동 926번지,41113,13500,0,0926,0000,1084181855,1,일반,1,총괄표제부,1,신대장,,,,,,0,,,0,,,0,60.34,0,60.34,60.34,0,01000,단독주택,단독주택,0,2,2,0,0,0,0,0,0,0,0,0,0,0,,,,,,,,,0,,0,0,,0,,0,20220909
경기도 수원시 권선구 호매실동 984-3번지,41113,13500,0,0984,0003,1084181856,1,일반,1,총괄표제부,1,신대장,경기도 수원시 권선구 온정로91번길 323 (호매실동),,,,,0,411134325397,13501,0,323,0,0,322.84,0,322.84,322.84,0,01000,단독주택,단독주택,0,1,2,2,43.24,0,0,0,0,0,0,0,0,0,,,,,,,,,0,,0,0,,0,,0,20220909
경기도 수원시 권선구 호매실동 1066번지,41113,13500,0,1066,0000,1084181858,1,일반,1,총괄표제부,1,신대장,,,,,,0,,,0,,,0,126.63,0,126.63,126.63,0,01000,단독주택,단독주택,0,2,2,1,15.27,0,0,0,0,0,0,0,0,0,,,,,,,,,0,,0,0,,0,,0,20220909
경기도 수원시 권선구 호매실동 1131번지,41113,13500,0,1131,0000,1084181861,1,일반,1,총괄표제부,1,신대장,,,,,,0,,,0,,,0,80.17,0,80.17,80.17,0,01000,단독주택,단독주택,0,4,4,0,0,0,0,0,0,0,0,0,0,0,,,,,,,,,0,,0,0,,0,,0,20220909
경기도 수원시 권선구 호매실동 1134번지,41113,13500,0,1134,0000,1084181864,1,일반,1,총괄표제부,1,신대장,,,,,,0,,,0,,,0,580.87,0,580.87,580.87,0,01000,단독주택,단독주택,0,13,14,5,65.19,0,0,0,0,0,0,0,0,0,,,,,,,,,0,,0,0,,0,,0,20220909
경기도 수원시 권선구 호매실동 1151번지,41113,13500,0,1151,0000,1084181867,1,일반,1,총괄표제부,1,신대장,,,,,,0,,,0,,,0,185.38,0,185.38,185.38,0,01000,단독주택,단독주택,0,2,2,1,33,0,0,0,0,0,0,0,0,0,,,,,,,,,0,,0,0,,0,,0,20220909
경기도 수원시 권선구 호매실동 1163번지,41113,13500,0,1163,0000,1084181870,1,일반,1,총괄표제부,1,신대장,,,,,,0,,,0,,,0,215.79,0,215.79,215.79,0,01000,단독주택,단독주택,0,2,2,2,26.02,0,0,0,0,0,0,0,0,0,,,,,,,,,0,,0,0,,0,,0,20220909
경기도 수원시 권선구 호매실동 1180-7번지,41113,13500,0,1180,0007,1084181791,1,일반,1,총괄표제부,0,구대장,,,,,,0,,,0,,,603,174.55,28.95,195.16,174.55,28.95,04000,제2종근린생활시설,"제2종근린생활시설, 동물및식물관련시설(축사)",0,0,3,1,11.2,0,0,0,0,0,0,0,0,0,,,,,,,,,0,,0,0,,0,,0,20220909
경기도 수원시 권선구 호매실동 1255번지,41113,13500,0,1255,0000,1084180725,1,일반,1,총괄표제부,1,신대장,,,,,,0,,,0,,,0,497.6,0,497.6,497.6,0,01000,단독주택,단독주택,0,8,9,3,32.78,0,0,0,0,0,0,0,0,0,,,,,,,,,0,,0,0,,0,,0,20220909
경기도 수원시 권선구 호매실동 1292번지,41113,13500,0,1292,0000,1084180732,1,일반,1,총괄표제부,1,신대장,,,,,,0,,,0,,,0,167.83,0,167.83,167.83,0,01000,단독주택,단독주택,0,0,6,0,0,0,0,0,0,0,0,0,0,0,,,,,,,,,0,,0,0,,0,,0,20220909
경기도 수원시 권선구 호매실동 1340번지,41113,13500,0,1340,0000,10841100235134,2,집합,1,총괄표제부,1,신대장,,수원호매실휴먼시아7단지아파트,,,,0,,,0,,,36701.3,6791.08,18.5,80768.46,64707.56,176.31,02000,공동주택,공동주택(아파트),980,0,11,14,16349.03,865,0,0,0,0,557,14915.44,308,3672,20061228,20090601,20111010,,,,,,5,2,31.83,0,,0,,0,20220909
경기도 수원시 권선구 호매실동 1352번지,41113,13500,0,1352,0000,10841100386008,2,집합,1,총괄표제부,1,신대장,,극동스타클래스,,,,0,,,0,0,0,58292.3,9078.89,15.57,148158.7,111419.61,191.14,02000,공동주택,공동주택(아파트),999,0,14,9,35700.84,1159,0,0,0,0,1150,33406.62,9,113.5,20071231,20151006,20171121,,,,,,9,,0,76.3,4,52.65,,0,20220909
경기도 수원시 권선구 호매실동 1361번지,41113,13500,0,1361,0000,10841100406031,2,집합,1,총괄표제부,1,신대장,경기도 수원시 권선구 칠보로 102 (호매실동),한양수자인파크원,,,,0,411133175044,13501,0,102,,93039.8,11722.8641,12.6,224532.0534,167461.9812,179.99,02000,공동주택,공동주택(아파트),1394,0,17,9,57294.342,1732,0,0,0,0,1721,53124.2981,11,131.5,20151103,20160425,20180531,2015,3740281,주택과,2101,2101,16,1,129.4,0,3,60.4,,0,20220909
경기도 수원시 권선구 호매실동 1363-1번지,41113,13500,0,1363,0001,10841100306147,1,일반,1,총괄표제부,1,신대장,,,,,,0,,,0,0,0,975.2,350.31,35.92,511.39,511.39,52.44,04000,제2종근린생활시설,"제2종근린생활시설(일반음식점, 사무소)",0,0,1,1,19.6,5,0,0,0,0,0,0,5,57.5,,,,,,,,,0,,0,0,,0,,0,20220909
경기도 수원시 권선구 호매실동 1371번지,41113,13500,0,1371,0000,10841100316707,2,집합,1,총괄표제부,1,신대장,,호매실마을13단지,,,,0,,,0,,,58814.2,9716.39,16.52,165714.29,122487.32,208.26,02000,공동주택,공동주택(아파트),1428,0,16,10,42197.35,1432,0,0,0,0,1428,39866.36,4,51,20061220,20120928,20150205,,,,,,5,2,31.53,0,,0,,0,20220909
경기도 수원시 권선구 호매실동 1374-1번지,41113,13500,0,1374,0001,10841100441511,1,일반,1,총괄표제부,1,신대장,경기도 수원시 권선구 서수원로 453 (호매실동),SK호매실주유소,,,,0,411133175025,13503,0,453,,2409.9,746.74,30.99,1208.96,1174.44,48.73,19000,위험물저장및처리시설,"주유소,휴게음식점,소매점",0,0,2,0,0,7,0,0,0,0,0,0,7,87,20190514,20190520,20191129,2019,3760030,건축과,1101,1101,0,,0,0,,0,,0,20220909
경기도 수원시 권선구 호매실동 1378번지,41113,13500,0,1378,0000,10841100324975,1,일반,1,총괄표제부,1,신대장,,"호매실 문화센터, 어린이집",,,,0,,,0,,,6066.1,832.01,13.72,1499.99,1463.97,24.13,11000,노유자시설,노유자시설,0,0,2,0,0,13,0,0,0,0,0,0,13,322.35,20140422,20140704,20150302,,,,,,0,,0,0,,0,,0,20220909
경기도 수원시 권선구 호매실동 1380번지,41113,13500,0,1380,0000,10841100389708,2,집합,1,총괄표제부,1,신대장,경기도 수원시 권선구 호매실로218번길 22 (호매실동),벨섬시티,,,,0,411134331221,13501,0,22,,75672.5,11021.43,14.56,187313.1,144799.1,191.35,02000,공동주택,공동주택(아파트),1300,0,15,11,42537.56,1536,0,0,0,0,1359,39583.87,146,1899,20150625,20160106,20171207,,,,,,12,1,128.7,70.7,4,53.7,,0,20250514
경기도 수원시 권선구 호매실동 1388번지,41113,13500,0,1388,0000,10841100242048,2,집합,1,총괄표제부,1,신대장,,호매실경남아너스빌,,,,0,,,0,,,63104.1,12107.798,19.19,163854.61,113674.39,180.14,02000,공동주택,공동주택(아파트),1029,0,21,16,47266.85,1359,0,0,0,0,1353,44757.43,6,79,20071231,20080930,20111118,,,,,,13,2,27.67,0,,0,,0,20220909
경기도 수원시 권선구 호매실동 1389번지,41113,13500,0,1389,0000,10841100251634,2,집합,1,총괄표제부,1,신대장,,수원호매실휴먼시아16단지아파트,,,,0,,,0,,,35746.1,7345.53,20.54,75485.14,61295.22,171.39,02000,공동주택,공동주택(아파트),880,0,12,15,14554.37,791,0,0,0,0,505,12703.49,286,3414,20061220,20090930,20120215,,,,,,7,2,29.39,0,,0,,0,20220909
경기도 수원시 권선구 호매실동 1391번지,41113,13500,0,1391,0000,10841100254614,1,일반,1,총괄표제부,1,신대장,,능실초등학교,,,,0,,,0,,,15609.6,3953.27,25.33,13845.28,13845.28,88.7,10000,교육연구시설,초등학교,0,0,2,1,26.64,0,0,0,0,0,0,0,70,823,20110222,20110327,20120229,,,,,,0,,0,0,,0,,0,20220909
경기도 수원시 권선구 호매실동 1393번지,41113,13500,0,1393,0000,10841100418830,2,집합,1,총괄표제부,1,신대장,경기도 수원시 권선구 호매실로166번길 33 (호매실동),힐스테이트 호매실,,,,0,411134331220,13501,0,33,,58232.2,7772.61,13.35,126653.88,93034.78,159.77,02000,공동주택,공동주택(아파트),800,0,10,18,34828.65,1084,0,0,0,0,1079,31483.6,5,0,20160831,20161031,20181130,2016,3740281,주택과,2101,2101,16,2,171.4,0,4,51.55,,0,20220909
경기도 수원시 권선구 호매실동 1394번지,41113,13500,0,1394,0000,10841100308272,2,집합,1,총괄표제부,1,신대장,,호매실스위첸,,,,0,,,0,,,46979.4,7253.77,15.44,124209.78,89660.12,190.85,02000,공동주택,공동주택(아파트),1050,0,12,15,33701.31,1055,0,0,0,0,1050,31682.43,5,57.5,20061220,20111230,20140811,,,,,,8,1,40.27,0,,0,,0,20220909
경기도 수원시 권선구 호매실동 1407번지,41113,13500,0,1407,0000,10841100215244,1,일반,1,총괄표제부,1,신대장,,수원서부차고지,,,,0,,,0,0,0,8971.2,1664.7,18.56,3156.37,1686.87,18.8,20000,자동차관련시설,공영차고지,0,0,8,1,100.63,53,0,0,0,0,48,1469.5,5,57.5,,,,,,,,,0,,0,0,,0,,0,20240607
경기도 수원시 권선구 호매실동 1408번지,41113,13500,0,1408,0000,10841100402250,2,집합,1,총괄표제부,1,신대장,경기도 수원시 권선구 호매실로 103 (호매실동),호매실 스타힐스,,,,0,411133175048,13503,0,103,,50558.3,7599.86,15.03,107378.2,79576.62,157.4,02000,공동주택,공동주택(아파트),1100,0,11,12,28270.12,1004,0,0,0,0,912,26187.13,92,1088,20141218,20160318,20180405,,,,,,10,1,149.8,79.9,4,53.1,,0,20220909
경기도 수원시 권선구 호매실동 1414번지,41113,13500,0,1414,0000,10841100360846,2,집합,1,총괄표제부,1,신대장,,호매실 엔루체(N'LUCE),,,,0,,,0,,,27431.2,4153.2,15.14,63877.54,48529.22,176.91,02000,공동주택,공동주택(아파트),430,0,5,9,15210.09,497,0,0,0,0,495,13815.17,2,23,20121228,20141106,20161230,,,,,,3,2,151.9,74.8,4,50.3,,0,20220909
경기도 수원시 권선구 호매실동 1415번지,41113,13500,0,1415,0000,10841100340771,2,집합,1,총괄표제부,1,신대장,,호매실능실마을22단지,,,,0,,,0,0,0,19605.7,3457.63,17.63,36509.11,27916.06,142.39,02000,공동주택,공동주택(아파트),712,0,4,8,8844.91,310,0,0,0,0,191,5604.79,119,1418.5,20101229,20131212,20160129,,,,,,3,2,36.38,74.5,,0,,0,20220909
경기도 수원시 권선구 호매실동 1420번지,41113,13500,0,1420,0000,10841100435332,2,집합,1,총괄표제부,1,신대장,경기도 수원시 권선구 호매실로165번길 71 (호매실동),호매실 금호어울림 에듀포레,,,,0,411134331219,13501,0,71,,31969.3,5071.7971,15.86,72867.8186,54504.4035,170.49,02000,공동주택,공동주택(아파트),532,0,10,3,18408.4538,674,0,0,0,0,669,16712.4344,5,0,20151228,20170622,20190814,2015,3740281,주택과,2101,2101,9,,0,0,,0,,0,20220909
경기도 수원시 권선구 호매실동 산18번지,41113,13500,1,0018,0000,1084180735,1,일반,1,총괄표제부,1,신대장,,,,,,0,,,0,,,0,31.28,0,31.28,31.28,0,01000,단독주택,단독주택,0,3,3,0,0,0,0,0,0,0,0,0,0,0,,,,,,,,,0,,0,0,,0,,0,20220909
경기도 수원시 권선구 곡반정동 19번지,41113,13600,0,0019,0000,1084181627,1,일반,1,총괄표제부,1,신대장,,,,,,0,,,0,,,0,125.62,0,125.62,125.62,0,01000,단독주택,단독주택,0,2,2,0,0,0,0,0,0,0,0,0,0,0,,,,,,,,,0,,0,0,,0,,0,20220909
경기도 수원시 권선구 곡반정동 56번지,41113,13600,0,0056,0000,1084181628,1,일반,1,총괄표제부,1,신대장,,,,,,0,,,0,,,0,69.2,0,69.2,69.2,0,01000,단독주택,단독주택,0,2,2,0,0,0,0,0,0,0,0,0,0,0,,,,,,,,,0,,0,0,,0,,0,20220909
경기도 수원시 권선구 곡반정동 63번지,41113,13600,0,0063,0000,1084181687,1,일반,1,총괄표제부,1,신대장,,,,,,0,,,0,,,0,16,0,16,16,0,01000,단독주택,단독주택,0,2,2,0,0,0,0,0,0,0,0,0,0,0,,,,,,,,,0,,0,0,,0,,0,20220909
경기도 수원시 권선구 곡반정동 88-12번지,41113,13600,0,0088,0012,1000000000000000294895,1,일반,1,총괄표제부,1,신대장,,곡반정동 88-12,,,,16,,,,,,20445.4,2757.13,13.49,4605.31,3237.08,15.83,20000,자동차관련시설,공영차고지,0,0,3,7,1563.64,159,0,0,0,0,30,1168.8,129,4534.5,20120515,20140812,20150811,2012,3740194,주택건축과,5200,5200,0,,0,0,,0,,0,20241118
경기도 수원시 권선구 곡반정동 88-12번지,41113,13600,0,0088,0012,10841100329717,1,일반,1,총괄표제부,1,신대장,경기도 수원시 권선구 덕영대로1368번길 2 (곡반정동),수원남부권버스공영차고지,,,,12,411134430283,13601,0,2,0,20445.4,1507.08,7.37,3355.26,1987.03,9.72,20000,자동차관련시설,자동차관련시설(차고),0,0,3,3,313.59,158,0,0,0,0,30,1164.8,128,4495.5,20120515,20140812,20150811,2012,3740194,주택건축과,5200,5200,0,,0,0,,0,,0,20221020
경기도 수원시 권선구 곡반정동 272-3번지,41113,13600,0,0272,0003,10841100474771,1,일반,1,총괄표제부,1,신대장,경기도 수원시 권선구 곡반정로 112-8 (곡반정동),,,,,0,411133175005,13601,0,112,8,1920,278.33,14.5,278.33,278.33,14.5,03000,제1종근린생활시설,소매점,0,0,2,0,0,3,0,0,0,0,0,0,3,0,20210324,20210427,20211020,2021,3760030,건축과,1102,1102,0,,0,0,,0,,0,20220909
경기도 수원시 권선구 곡반정동 350-5번지,41113,13600,0,0350,0005,1000000000000006769744,1,일반,1,총괄표제부,1,신대장,,곡반정동 350-5,,,,1,,,,,,1225,176,14.36,176,176,14.36,03000,제1종근린생활시설,소매점,0,0,2,0,0,2,0,0,0,0,0,0,2,25,20201116,20231115,20251128,2020,3760030,건축과,1101,1101,0,,0,0,,0,,0,20251201
경기도 수원시 권선구 곡반정동 401-2번지,41113,13600,0,0401,0002,10841100225220,1,일반,1,총괄표제부,1,신대장,경기도 수원시 권선구 곡반정로 8 (곡반정동),곡반정동 401-2 제1종근린생활시설 (정희선),,,,0,411133175005,13601,0,8,,1469,280,19.06,560,560,38.12,03000,제1종근린생활시설,,0,0,2,0,0,4,0,0,0,0,0,0,4,46,20100309,20100421,20100927,2010,3760030,건축과,1101,1101,0,,0,0,,0,,0,20220909
경기도 수원시 권선구 곡반정동 416번지,41113,13600,0,0416,0000,1084181676,1,일반,1,총괄표제부,1,신대장,,,,,,0,,,0,,,0,68,0,68,68,0,01000,단독주택,단독주택,0,4,4,0,0,0,0,0,0,0,0,0,0,0,,,,,,,,,0,,0,0,,0,,0,20220909
경기도 수원시 권선구 곡반정동 418번지,41113,13600,0,0418,0000,1084181677,1,일반,1,총괄표제부,1,신대장,,,,,,0,,,0,,,0,252.96,0,252.96,252.96,0,01000,단독주택,단독주택,0,6,6,0,0,0,0,0,0,0,0,0,0,0,,,,,,,,,0,,0,0,,0,,0,20220909
경기도 수원시 권선구 곡반정동 422번지,41113,13600,0,0422,0000,1084181678,1,일반,1,총괄표제부,1,신대장,,,,,,0,,,0,,,0,18,0,18,18,0,01000,단독주택,단독주택,0,2,2,0,0,0,0,0,0,0,0,0,0,0,,,,,,,,,0,,0,0,,0,,0,20220909
경기도 수원시 권선구 곡반정동 423번지,41113,13600,0,0423,0000,1084181679,1,일반,1,총괄표제부,1,신대장,,,,,,0,,,0,,,0,62.2,0,62.2,62.2,0,01000,단독주택,단독주택,0,2,2,0,0,0,0,0,0,0,0,0,0,0,,,,,,,,,0,,0,0,,0,,0,20220909
경기도 수원시 권선구 곡반정동 423-7번지,41113,13600,0,0423,0007,1084181680,1,일반,1,총괄표제부,1,신대장,,,,,,0,,,0,,,0,76.12,0,76.12,76.12,0,01000,단독주택,단독주택,0,2,2,0,0,0,0,0,0,0,0,0,0,0,,,,,,,,,0,,0,0,,0,,0,20220909
경기도 수원시 권선구 곡반정동 548번지,41113,13600,0,0548,0000,10841100275567,2,집합,1,총괄표제부,1,신대장,,권선신일유토빌,,,,0,,,0,,,9540.8,2210.9286,23.17,27716.2049,20253.2349,212.28,02000,공동주택,공동주택,243,0,7,5,6977.46,229,0,0,0,0,215,6458.89,14,0,20060622,20110719,20130412,2006,3740058,건축과,2101,2101,0,,0,0,,0,,0,20220909
경기도 수원시 권선구 곡반정동 549-1번지,41113,13600,0,0549,0001,1000000000000001363588,1,일반,1,총괄표제부,1,신대장,,곡반정동 549-1 노유자시설 (성태진),,,,1,,,,,,526.2,308.82,58.69,1287.5,1287.5,244.67,11000,노유자시설,,0,0,1,0,0,6,0,0,0,0,0,0,6,75,20220128,20220331,20230221,2022,3760030,건축과,1107,1107,0,,0,0,,0,,0,20230227
경기도 수원시 권선구 곡반정동 578번지,41113,13600,0,0578,0000,1084181624,2,집합,1,총괄표제부,0,구대장,경기도 수원시 권선구 곡선로50번길 48 (곡반정동),곡반정 현대 아이파크,,,,0,411134325066,13601,0,48,,25859.5,5408.349,20.91,54919.776,51003.969,197.23,02000,공동주택,"공동주택(아파트), 생활편익시설",484,0,10,8,9589.055,577,0,0,0,0,318,8867.6,246,2998,,,,,,,,,0,,0,0,,0,,0,20241223
경기도 수원시 권선구 곡반정동 579번지,41113,13600,0,0579,0000,1084181625,2,집합,1,총괄표제부,0,구대장,경기도 수원시 권선구 동수원로58번길 21 (곡반정동),한솔아파트,,,,0,411134325198,13601,0,21,,20032.7,4439.826,22.16,45466.737,42568.592,212.49,02000,공동주택,공동주택(아파트),404,0,9,6,7662.887,453,0,0,0,0,220,7096.282,233,2754,,,,,,,,,0,,0,0,,0,,0,20220909
경기도 수원시 권선구 곡반정동 580번지,41113,13600,0,0580,0000,1084181626,2,집합,1,총괄표제부,0,구대장,경기도 수원시 권선구 곡선로50번길 73 (곡반정동),삼성 아파트,,,,0,411134325066,13601,0,73,,19414.8,4163.513,21.44,48387.984,45720.9122,235.49,02000,공동주택,공동주택(아파트),442,0,6,6,8682.7412,487,0,0,0,0,293,7879.2212,194,2231,,,,,,,,,0,,0,0,,0,,0,20220909
경기도 수원시 권선구 곡반정동 603-6번지,41113,13600,0,0603,0006,1084180903,1,일반,1,총괄표제부,1,신대장,경기도 수원시 권선구 경수대로54번길 49 (곡반정동),,,,,0,411134325034,13601,0,49,0,475.3,227.84,47.94,284.8,284.8,59.92,04000,제2종근린생활시설,창고시설외1,0,0,2,0,0,0,0,0,0,0,0,0,2,23,,,,,,,,,0,,0,0,,0,,0,20220909
경기도 수원시 권선구 곡반정동 605-8번지,41113,13600,0,0605,0008,1084180902,1,일반,1,총괄표제부,1,신대장,경기도 수원시 권선구 경수대로54번길 42-3 (곡반정동),,,,,1,411134325034,13601,0,42,3,558.6,319.25,57.15,848.86,848.86,151.96,04000,제2종근린생활시설,제2종근린생활시설외2,0,1,2,0,0,6,0,0,0,0,0,0,0,0,,,,,,,,,0,,0,0,,0,,0,20220909
경기도 수원시 권선구 곡반정동 606번지,41113,13600,0,0606,0000,10841100482492,1,일반,1,총괄표제부,1,신대장,경기도 수원시 권선구 곡반정로33번길 21 (곡반정동),,,,,0,411134325061,13601,0,21,,13023.1,3293.45,25.29,10883.94,10712.16,82.26,10000,교육연구시설,교육연구시설,0,0,2,0,0,53,0,0,0,0,0,0,53,0,,,,,,,,,0,,0,0,,0,,0,20220909
경기도 수원시 권선구 곡반정동 652번지,41113,13600,0,0652,0000,10841100486265,2,집합,1,총괄표제부,1,신대장,경기도 수원시 권선구 망포로 13 (곡반정동),수원 하늘채 더퍼스트 1단지,,,,0,411133353906,13601,0,13,,71720.3,16145.67,22.51,212352.62,141946.01,197.92,02000,공동주택,공동주택(아파트),1403,0,21,13,66954.51,1842,0,0,0,0,1748,62477.93,4,46,20180731,20190801,20220613,2018,3740373,공동주택관리과,2101,2101,8,1+,92.6,0,4,55.63,,0,20260203
경기도 수원시 권선구 곡반정동 654번지,41113,13600,0,0654,0000,10841100490531,2,집합,1,총괄표제부,1,신대장,경기도 수원시 권선구 망포로 14 (곡반정동),수원 하늘채 더퍼스트 2단지,,,,0,411133353906,13601,0,14,,92176,20294.94,22.02,277348.85,181978.34,197.42,02000,공동주택,공동주택(아파트),1833,0,29,14,90705.13,2388,0,0,0,0,2384,85463.42,4,46,20180731,20190801,20220613,2018,3740373,공동주택관리과,2101,2101,8,1+,93.3,0,4,54.38,,0,20231101
경기도 수원시 권선구 권선동 3-2번지,41113,13700,0,0003,0002,1084181682,1,일반,1,총괄표제부,0,구대장,,성모승천대성당,,,,0,,,0,,,9315,2319.15,24.9,8714.61,5731.35,61.53,06000,종교시설,종교시설,0,0,3,0,0,82,0,0,0,0,0,0,82,0,,,,,,,,,0,,0,0,,0,,0,20220909
경기도 수원시 권선구 권선동 15번지,41113,13700,0,0015,0000,1084181699,1,일반,1,총괄표제부,1,신대장,,,,,,0,,,0,,,0,161.97,0,161.97,161.97,0,01000,단독주택,단독주택,0,4,4,0,0,0,0,0,0,0,0,0,0,0,,,,,,,,,0,,0,0,,0,,0,20220909
경기도 수원시 권선구 권선동 151-5번지,41113,13700,0,0151,0005,1084181700,1,일반,1,총괄표제부,1,신대장,,,,,,0,,,0,,,0,187.59,0,204.68,187.59,0,01000,단독주택,단독주택,0,2,2,0,0,0,0,0,0,0,0,0,0,0,,,,,,,,,0,,0,0,,0,,0,20220909
경기도 수원시 권선구 권선동 162-4번지,41113,13700,0,0162,0004,10841100270869,1,일반,1,총괄표제부,1,신대장,,수원명성교회,,,,4,,,0,,,5096,2210.85,59.2,12996.79,7292.31,179.15,06000,종교시설,,0,0,1,0,0,149,0,0,0,0,128,5040.38,21,268.5,,,,,,,,,0,,0,0,,0,,0,20240426
경기도 수원시 권선구 권선동 220-40번지,41113,13700,0,0220,0040,10841100301827,2,집합,1,총괄표제부,1,신대장,,수원 SK행복마을,,,,0,,,0,,,4755,1172.67,24.66,3212.202,3212.202,67.55,02000,공동주택,공동주택,60,0,7,0,0,60,0,0,0,0,0,0,60,1525.19,20051130,20060120,20070403,2013,3740194,주택건축과,2101,2101,0,,0,0,,0,,0,20220909
경기도 수원시 권선구 권선동 226번지,41113,13700,0,0226,0000,1084181702,1,일반,1,총괄표제부,1,신대장,,,,,,0,,,0,,,0,59.7,0,59.7,59.7,0,01000,단독주택,단독주택,0,3,3,0,0,0,0,0,0,0,0,0,0,0,,,,,,,,,0,,0,0,,0,,0,20220909
경기도 수원시 권선구 권선동 234번지,41113,13700,0,0234,0000,1084181707,1,일반,1,총괄표제부,1,신대장,,,,,,0,,,0,,,0,220.98,0,220.98,220.98,0,01000,단독주택,단독주택,0,1,2,0,0,0,0,0,0,0,0,0,0,0,,,,,,,,,0,,0,0,,0,,0,20220909
경기도 수원시 권선구 권선동 236번지,41113,13700,0,0236,0000,1084181708,1,일반,1,총괄표제부,1,신대장,,,,,,0,,,0,,,0,132.27,0,307.37,307.37,0,01000,단독주택,단독주택,0,1,2,0,0,0,0,0,0,0,0,0,0,0,,,,,,,,,0,,0,0,,0,,0,20220909
경기도 수원시 권선구 권선동 236-4번지,41113,13700,0,0236,0004,1084181709,1,일반,1,총괄표제부,1,신대장,,,,,,0,,,0,,,0,436.86,0,1231.77,1231.77,0,01000,단독주택,단독주택,0,2,3,0,0,0,0,0,0,0,0,0,0,0,,,,,,,,,0,,0,0,,0,,0,20220909
경기도 수원시 권선구 권선동 304번지,41113,13700,0,0304,0000,1084181710,1,일반,1,총괄표제부,1,신대장,,,,,,0,,,0,,,0,106.31,0,106.31,106.31,0,01000,단독주택,단독주택,0,3,3,0,0,0,0,0,0,0,0,0,0,0,,,,,,,,,0,,0,0,,0,,0,20220909
경기도 수원시 권선구 권선동 313번지,41113,13700,0,0313,0000,1084181711,1,일반,1,총괄표제부,1,신대장,,,,,,0,,,0,,,0,206.97,0,206.97,206.97,0,01000,단독주택,단독주택,0,5,5,0,0,0,0,0,0,0,0,0,0,0,,,,,,,,,0,,0,0,,0,,0,20220909
경기도 수원시 권선구 권선동 315번지,41113,13700,0,0315,0000,1084181712,1,일반,1,총괄표제부,1,신대장,,,,,,0,,,0,,,0,85.95,0,85.95,85.95,0,01000,단독주택,단독주택,0,2,2,0,0,0,0,0,0,0,0,0,0,0,,,,,,,,,0,,0,0,,0,,0,20220909
경기도 수원시 권선구 권선동 347-3번지,41113,13700,0,0347,0003,1084181713,1,일반,1,총괄표제부,1,신대장,,,,,,0,,,0,,,0,89.44,0,89.44,89.44,0,23000,교정및군사시설,교정및군사시설,0,0,2,0,0,0,0,0,0,0,0,0,0,0,,,,,,,,,0,,0,0,,0,,0,20220909
경기도 수원시 권선구 권선동 518번지,41113,13700,0,0518,0000,1084181714,1,일반,1,총괄표제부,1,신대장,,,,,,0,,,0,,,0,176.09,0,176.09,176.09,0,01000,단독주택,단독주택,0,6,6,0,0,0,0,0,0,0,0,0,0,0,,,,,,,,,0,,0,0,,0,,0,20220909
경기도 수원시 권선구 권선동 550번지,41113,13700,0,0550,0000,1084181715,1,일반,1,총괄표제부,1,신대장,,,,,,0,,,0,,,0,57.75,0,57.75,57.75,0,01000,단독주택,단독주택,0,3,3,0,0,0,0,0,0,0,0,0,0,0,,,,,,,,,0,,0,0,,0,,0,20220909
경기도 수원시 권선구 권선동 552번지,41113,13700,0,0552,0000,1084181716,1,일반,1,총괄표제부,1,신대장,,,,,,0,,,0,,,0,14,0,14,14,0,01000,단독주택,단독주택,0,2,2,0,0,0,0,0,0,0,0,0,0,0,,,,,,,,,0,,0,0,,0,,0,20220909
경기도 수원시 권선구 권선동 556번지,41113,13700,0,0556,0000,1084181717,1,일반,1,총괄표제부,1,신대장,,,,,,0,,,0,,,0,19,0,19,19,0,01000,단독주택,단독주택,0,2,2,0,0,0,0,0,0,0,0,0,0,0,,,,,,,,,0,,0,0,,0,,0,20220909
경기도 수원시 권선구 권선동 557-5번지,41113,13700,0,0557,0005,1084181718,1,일반,1,총괄표제부,1,신대장,,,,,,0,,,0,,,0,34.22,0,34.22,34.22,0,01000,단독주택,단독주택,0,3,3,0,0,0,0,0,0,0,0,0,0,0,,,,,,,,,0,,0,0,,0,,0,20220909
경기도 수원시 권선구 권선동 567-2번지,41113,13700,0,0567,0002,1084181719,1,일반,1,총괄표제부,1,신대장,,,,,,0,,,0,,,0,120.39,0,120.39,120.39,0,01000,단독주택,단독주택,0,2,2,0,0,0,0,0,0,0,0,0,0,0,,,,,,,,,0,,0,0,,0,,0,20220909
경기도 수원시 권선구 권선동 576번지,41113,13700,0,0576,0000,1084181720,1,일반,1,총괄표제부,1,신대장,,,,,,0,,,0,,,0,70.4,0,127.58,112.4,0,01000,단독주택,단독주택,0,4,3,0,0,0,0,0,0,0,0,0,0,0,,,,,,,,,0,,0,0,,0,,0,20220909
경기도 수원시 권선구 권선동 583번지,41113,13700,0,0583,0000,1084181721,1,일반,1,총괄표제부,1,신대장,,,,,,0,,,0,,,0,125.98,0,125.98,125.98,0,01000,단독주택,단독주택,0,4,4,0,0,0,0,0,0,0,0,0,0,0,,,,,,,,,0,,0,0,,0,,0,20220909
경기도 수원시 권선구 권선동 596-6번지,41113,13700,0,0596,0006,1084181722,1,일반,1,총괄표제부,1,신대장,,,,,,0,,,0,,,0,76.1,0,76.1,76.1,0,01000,단독주택,단독주택,0,2,2,0,0,0,0,0,0,0,0,0,0,0,,,,,,,,,0,,0,0,,0,,0,20220909
경기도 수원시 권선구 권선동 844번지,41113,13700,0,0844,0000,1084181723,1,일반,1,총괄표제부,1,신대장,,,,,,0,,,0,,,0,86.01,0,86.01,86.01,0,01000,단독주택,단독주택,0,2,2,0,0,0,0,0,0,0,0,0,0,0,,,,,,,,,0,,0,0,,0,,0,20220909
경기도 수원시 권선구 권선동 862-3번지,41113,13700,0,0862,0003,1084181724,1,일반,1,총괄표제부,1,신대장,,,,,,0,,,0,,,0,76.04,0,76.04,76.04,0,01000,단독주택,단독주택,0,2,2,0,0,0,0,0,0,0,0,0,0,0,,,,,,,,,0,,0,0,,0,,0,20220909
경기도 수원시 권선구 권선동 868번지,41113,13700,0,0868,0000,1084181725,1,일반,1,총괄표제부,1,신대장,,,,,,0,,,0,,,0,135.54,0,135.54,135.54,0,01000,단독주택,단독주택,0,3,3,0,0,0,0,0,0,0,0,0,0,0,,,,,,,,,0,,0,0,,0,,0,20220909
경기도 수원시 권선구 권선동 901-1번지,41113,13700,0,0901,0001,10841100466117,1,일반,1,총괄표제부,1,신대장,,,,,,0,,,0,,,1610,316.02,19.63,436.24,436.24,27.09,20000,자동차관련시설,정비공장,0,0,2,0,0,5,0,0,0,0,0,0,5,62.5,20210120,20210128,20210429,2021,3760030,건축과,1101,1101,0,,0,0,,0,,0,20220909
경기도 수원시 권선구 권선동 944-13번지,41113,13700,0,0944,0013,1084181694,2,집합,1,총괄표제부,0,구대장,경기도 수원시 권선구 장다리로 146 (권선동),문영아파트,,,,2,411133175043,13702,0,146,0,1694.3,686.61,40.52,2495.25,2301.39,135.83,02000,공동주택,공동주택(아파트),34,0,2,0,0,0,0,0,0,0,0,0,7,105,,,,,,,,,0,,0,0,,0,,0,20220909
경기도 수원시 권선구 권선동 948번지,41113,13700,0,0948,0000,1084181688,1,일반,1,총괄표제부,0,구대장,경기도 수원시 권선구 세지로126번길 27 (권선동),권선초등학교,,,,0,411134325340,13701,0,27,0,13549.8,3381.03,24.952619,9466.83,9417.33,69.767302,Z8000,교육연구및복지시설,교육연구시설,0,0,3,4,132.3,0,0,0,0,0,0,0,0,0,,,,,,,,,0,,0,0,,0,,0,20240321
경기도 수원시 권선구 권선동 951-9번지,41113,13700,0,0951,0009,1084181726,1,일반,1,총괄표제부,1,신대장,경기도 수원시 권선구 세지로 120 (권선동),,,,,0,411133175031,13702,0,120,0,0,149.19,0,425.75,278.78,0,01000,단독주택,단독주택,0,2,2,0,0,0,0,0,0,0,0,0,0,0,,,,,,,,,0,,0,0,,0,,0,20220909
경기도 수원시 권선구 권선동 964-13번지,41113,13700,0,0964,0013,1084181728,1,일반,1,총괄표제부,1,신대장,경기도 수원시 권선구 권선로 637 (권선동),,,,,0,411133175010,13707,0,637,,0,537.48,0,1631.18,1112.73,0,03000,제1종근린생활시설,제1종근린생활시설,0,0,2,0,0,0,0,0,0,0,0,0,0,0,,,,,,,,,0,,0,0,,0,,0,20220909
경기도 수원시 권선구 권선동 967-1번지,41113,13700,0,0967,0001,1084180889,1,일반,1,총괄표제부,1,신대장,경기도 수원시 권선구 권선로 654 (권선동),중앙병원,,,,3,411133175010,13707,0,654,,3205.6,1790.78,55.86,12935.6,11049.16,344.68,09000,의료시설,의료시설외1,0,0,2,0,0,83,0,0,0,0,72,2469.68,11,126.5,,,,,,,,,0,,0,0,,0,,0,20220909
경기도 수원시 권선구 권선동 992-10번지,41113,13700,0,0992,0010,10841100488932,2,집합,1,총괄표제부,1,신대장,,더행복주택,,,,0,,,0,,,616.4,350.82,56.91,1250.07,1250.07,202.8,02000,공동주택,"도시형생활주택(단지형다세대주택(2동-15세대)) A동 8세대, B동 7세대",15,0,2,0,0,15,0,0,0,0,0,0,15,186.2,20211124,20211216,20220725,2021,3760030,건축과,1101,1101,0,,0,0,,0,,0,20220909
경기도 수원시 권선구 권선동 993-14번지,41113,13700,0,0993,0014,1084181729,1,일반,1,총괄표제부,1,신대장,경기도 수원시 권선구 장다리로 81-1 (권선동),,,,,0,411133175043,13702,0,81,1,0,723.86,0,3373.79,2160.73,0,06000,종교시설,종교시설,0,3,2,0,0,0,0,0,0,0,0,0,0,0,,,,,,,,,0,,0,0,,0,,0,20220909
경기도 수원시 권선구 권선동 995-15번지,41113,13700,0,0995,0015,1084181735,2,집합,1,총괄표제부,1,신대장,경기도 수원시 권선구 세지로66번길 33-20 (권선동),,,,,0,411134325353,13701,0,33,20,0,301.36,0,1317.3,1203.84,0,02000,공동주택,공동주택,16,0,2,0,0,0,0,0,0,0,0,0,0,0,,,,,,,,,0,,0,0,,0,,0,20220909
경기도 수원시 권선구 권선동 996-5번지,41113,13700,0,0996,0005,1084181736,2,집합,1,총괄표제부,1,신대장,경기도 수원시 권선구 세지로66번길 25-8 (권선동),,,,,0,411134325353,13701,0,25,8,0,274.32,0,858.42,568.08,0,02000,공동주택,공동주택,18,0,3,0,0,0,0,0,0,0,0,0,0,0,,,,,,,,,0,,0,0,,0,,0,20220909
경기도 수원시 권선구 권선동 1012번지,41113,13700,0,1012,0000,1084181730,1,일반,1,총괄표제부,1,신대장,경기도 수원시 권선구 권선로669번길 24-23 (권선동),,,,,0,411134325119,13701,0,24,23,58454.1,322.62,0.55,482.84,482.84,0.83,03000,제1종근린생활시설,교육연구및복지시설외1,0,0,4,0,0,8,0,0,0,0,0,0,8,97,,,,,,,,,0,,0,0,,0,,0,20220909
경기도 수원시 권선구 권선동 1013-3번지,41113,13700,0,1013,0003,10841100174552,1,일반,1,총괄표제부,1,신대장,경기도 수원시 권선구 효원로256번길 23 (권선동),,,,,0,411134328500,13701,0,23,0,1439.7,737.98,51.26,1635.98,1537.7,106.81,04000,제2종근린생활시설,제2종근린생활시설,0,0,2,0,0,0,0,0,0,0,0,0,19,223.5,,,,,,,,,0,,0,0,,0,,0,20220909
경기도 수원시 권선구 권선동 1015-2번지,41113,13700,0,1015,0002,1084180834,1,일반,1,총괄표제부,1,신대장,경기도 수원시 권선구 권선로713번길 20 (권선동),,,,,0,411134325124,13701,0,20,0,620.9,345.2,55.6,345.2,345.2,55.6,04000,제2종근린생활시설,제2종근린생활시설,0,0,2,0,0,2,0,0,0,0,0,0,2,23,20001213,20001220,20060501,2000,3760002,생활민원과,1101,1101,0,,0,0,,0,,0,20220909
경기도 수원시 권선구 권선동 1033-17번지,41113,13700,0,1033,0017,1084181695,2,집합,1,총괄표제부,0,구대장,경기도 수원시 권선구 권선로668번길 35-19 (권선동),크로바빌라,,,,0,411134325118,13701,0,35,19,435,205.4,47.21,932.31,787.6,181.05,02000,공동주택,다세대주택,14,0,2,0,0,7,0,0,0,0,0,0,7,80.5,,,,,,,,,0,,0,0,,0,,0,20220909
경기도 수원시 권선구 권선동 1035번지,41113,13700,0,1035,0000,1084181737,2,집합,1,총괄표제부,1,신대장,경기도 수원시 권선구 권선로694번길 26 (권선동),수원시청역 SK VIEW,,,,1,411134325122,13701,0,26,,55910.9,12808.33,22.91,170361.53,128238.28,229.36,02000,공동주택,공동주택,1018,0,26,9,42820.27,1436,0,0,0,0,0,0,0,0,,,,,,,,,0,,0,0,,0,,0,20220909
경기도 수원시 권선구 권선동 1043-10번지,41113,13700,0,1043,0010,1084181692,1,일반,1,총괄표제부,0,구대장,경기도 수원시 권선구 세권로 217 (권선동),,,,,0,411133175029,13702,0,217,0,378.4,191.5,50.61,308.02,308.02,81.4,04000,제2종근린생활시설,"자동차관련시설, 제2종근린생활시설",0,0,2,0,0,0,0,0,0,0,0,0,0,0,,,,,,,,,0,,0,0,,0,,0,20220909
경기도 수원시 권선구 권선동 1044번지,41113,13700,0,1044,0000,1084181731,1,일반,1,총괄표제부,1,신대장,경기도 수원시 권선구 세권로207번길 32 (권선동),세곡초등학교,,,,0,411134325298,13701,0,32,,10987.8,2726.53,24.81,8429.9,8142.16,74.1,10000,교육연구시설,교육연구시설(초등학교),0,0,3,3,129.27,0,0,0,0,0,0,0,0,0,,,,,,,,,0,,0,0,,0,,0,20240925
경기도 수원시 권선구 권선동 1044-1번지,41113,13700,0,1044,0001,1084181574,2,집합,1,총괄표제부,0,구대장,경기도 수원시 권선구 세권로207번길 16 (권선동),금성아파트,,,,0,411134325298,13701,0,16,,5403.6,2119.9,39.23,9702.08,8655.54,160.18,02000,공동주택,공동주택(아파트),138,0,4,1,20,40,0,0,0,0,1,20,39,536.25,,,,,,,,,0,,0,0,,0,,0,20220909
경기도 수원시 권선구 권선동 1046-2번지,41113,13700,0,1046,0002,10841100232555,2,집합,1,총괄표제부,1,신대장,,,,,,0,,,0,,,321.8,192.53,59.83,681.11,681.11,211.66,02000,공동주택,공동주택[다세대(도시형생활주택 원룸형)],28,0,1,0,0,7,0,0,0,0,0,0,0,0,,,,,,,,,0,,0,0,,0,,0,20220909
경기도 수원시 권선구 권선동 1050번지,41113,13700,0,1050,0000,1084181738,2,집합,1,총괄표제부,1,신대장,경기도 수원시 권선구 세권로195번길 13 (권선동),,,,,0,411134325296,13701,0,13,0,0,6280.92,0,38445.6,28848.46,0,02000,공동주택,공동주택,91,0,2,0,0,0,0,0,0,0,0,0,0,0,,,,,,,,,0,,0,0,,0,,0,20220909
경기도 수원시 권선구 권선동 1051번지,41113,13700,0,1051,0000,1084181575,2,집합,1,총괄표제부,0,구대장,경기도 수원시 권선구 세권로 185 (권선동),,,,,0,411133175029,13702,0,185,,0,2586.62,0,2913.02,2586.62,0,07000,판매시설,"시장,판매시설(시장)",0,0,2,0,0,0,0,0,0,0,0,0,0,0,,,,,,,,,0,,0,0,,0,,0,20220909
경기도 수원시 권선구 권선동 1055번지,41113,13700,0,1055,0000,1084181693,1,일반,1,총괄표제부,0,구대장,경기도 수원시 권선구 세권로165번길 30-2 (권선동),"1,2동",,,,0,411134325293,13701,0,30,2,376.6,168.76,44.81,267.84,242.64,64.42,01000,단독주택,"단독주택, 제1종근린생활시설",0,1,2,0,0,0,0,0,0,0,0,0,0,0,,,,,,,,,0,,0,0,,0,,0,20220909
경기도 수원시 권선구 권선동 1056-5번지,41113,13700,0,1056,0005,1084181732,1,일반,1,총괄표제부,1,신대장,경기도 수원시 권선구 세권로165번길 20-20 (권선동),,,,,0,411134325293,13701,0,20,20,0,218.48,0,628.16,500.84,0,01000,단독주택,단독주택,0,1,2,0,0,0,0,0,0,0,0,0,0,0,,,,,,,,,0,,0,0,,0,,0,20220909
경기도 수원시 권선구 권선동 1056-12번지,41113,13700,0,1056,0012,1084181733,1,일반,1,총괄표제부,1,신대장,경기도 수원시 권선구 경수대로338번길 17 (권선동),,,,,0,411134325024,13701,0,17,0,0,423.36,0,1693.44,1270.08,0,04000,제2종근린생활시설,제2종근린생활시설,0,4,4,0,0,0,0,0,0,0,0,0,0,0,,,,,,,,,0,,0,0,,0,,0,20220909
경기도 수원시 권선구 권선동 1059-6번지,41113,13700,0,1059,0006,1084181576,2,집합,1,총괄표제부,0,구대장,경기도 수원시 권선구 세권로166번길 21 (권선동),전원아파트,,,,3,411134325294,13701,0,21,0,1882,732.62,38.92,3529.71,2880.3,153.04,02000,공동주택,"공동주택(아파트), 근린생활시설, 판매시설",50,0,2,0,0,0,0,0,0,0,0,0,13,178.75,,,,,,,,,0,,0,0,,0,,0,20220909
경기도 수원시 권선구 권선동 1063번지,41113,13700,0,1063,0000,1084180910,1,일반,1,총괄표제부,1,신대장,경기도 수원시 권선구 경수대로312번길 23-10 (권선동),곡선중학교,,,,0,411134325021,13701,0,23,10,13006.2,2901.41,22.3,9135.64,9068.14,69.72,10000,교육연구시설,교육연구시설,0,0,2,0,0,0,0,0,0,0,0,0,0,0,,,,,,,,,0,,0,0,,0,,0,20260310
경기도 수원시 권선구 권선동 1063-1번지,41113,13700,0,1063,0001,1084181577,2,집합,1,총괄표제부,0,구대장,경기도 수원시 권선구 세권로196번길 22 (권선동),한효아파트,,,,0,411134325297,13701,0,22,0,0,2274.55,0,24932.67,22594.57,0,02000,공동주택,아파트,240,0,3,2,103.5,0,0,0,0,0,0,0,0,0,,,,,,,,,0,,0,0,,0,,0,20220909
경기도 수원시 권선구 권선동 1063-2번지,41113,13700,0,1063,0002,1084181739,2,집합,1,총괄표제부,1,신대장,경기도 수원시 권선구 세권로196번길 10-19 (권선동),,,,,0,411134325297,13701,0,10,19,0,779.82,0,3159.99,2347.17,0,02000,공동주택,공동주택,9,4,4,0,0,0,0,0,0,0,0,0,0,0,,,,,,,,,0,,0,0,,0,,0,20220909
경기도 수원시 권선구 권선동 1066-5번지,41113,13700,0,1066,0005,10841100435990,1,일반,1,총괄표제부,1,신대장,경기도 수원시 권선구 권광로 62 (권선동),,,,,1,411133175009,13701,0,62,,1133,477.24,42.12,1838.94,1655.16,146.09,03000,제1종근린생활시설,"근린생활시설, 단독주택",0,0,2,0,0,14,0,0,0,0,0,0,14,161.5,,,,2019,3760030,건축과,1102,1102,0,,0,0,,0,,0,20220909
경기도 수원시 권선구 권선동 1185번지,41113,13700,0,1185,0000,1084181578,2,집합,1,총괄표제부,0,구대장,경기도 수원시 권선구 경수대로302번길 7 (권선동),신명아파트,,,,0,411134325019,13701,0,7,,6623.1,1693.23,25.61,16762.92,13974.7,253.1,02000,공동주택,공동주택(아파트),156,0,3,5,0,111,0,0,0,0,48,0,60,0,,,,,,,,,0,,0,0,,0,,0,20250630
경기도 수원시 권선구 권선동 1185-1번지,41113,13700,0,1185,0001,1084181740,2,집합,1,총괄표제부,0,구대장,경기도 수원시 권선구 경수대로302번길 29 (권선동),,,,,0,411134325019,13701,0,29,,0,11056.3,0,93429,96432.94,0,02000,공동주택,공동주택,635,0,0,0,0,0,0,0,0,0,0,0,0,0,,,,,,,,,0,,0,0,,0,,0,20240325
경기도 수원시 권선구 권선동 1186번지,41113,13700,0,1186,0000,1084181579,2,집합,1,총괄표제부,0,구대장,경기도 수원시 권선구 권광로27번길 62 (권선동),삼천리권선1차아파트,,,,0,411134325089,13701,0,62,0,21077.7,5365.203,25.45,52398.754,42743.69,202.79,02000,공동주택,"아파트,상가,보육시설, 근린생활시설",496,0,9,8,0,352,0,0,0,0,155,4581.851,197,2305.67,,,,,,,,,0,,0,0,,0,,0,20240323
경기도 수원시 권선구 권선동 1187-1번지,41113,13700,0,1187,0001,1084181741,2,집합,1,총괄표제부,1,신대장,경기도 수원시 권선구 권광로27번길 22 (권선동),,,,,0,411134325089,13701,0,22,,9349.4,1991.46,21.3,22304.73,19101.8,204.31,02000,공동주택,공동주택,188,0,3,6,1393.45,0,0,0,0,0,0,0,0,0,,,,,,,,,0,,0,0,,0,,0,20220909
경기도 수원시 권선구 권선동 1188번지,41113,13700,0,1188,0000,1084181580,2,집합,1,총괄표제부,0,구대장,경기도 수원시 권선구 경수대로302번길 22 (권선동),권선한양아파트,,,,0,411134325019,13701,0,22,,25850.9,5834,22.61,61341.42,0,198.14,02000,공동주택,"아파트,상가,유치원",664,0,8,6,4681.195,474,0,0,0,0,172,4037.5,302,0,,,,,,,,,0,,0,0,,0,,0,20220909
경기도 수원시 권선구 권선동 1188-1번지,41113,13700,0,1188,0001,1084181581,2,집합,1,총괄표제부,0,구대장,경기도 수원시 권선구 경수대로302번길 32 (권선동),성지아파트,,,,0,411134325019,13701,0,32,,19478.5,4300.74,22.08,48444.07,47018.58,241.39,02000,공동주택,"아파트, 구매및 생활시설, 유치원",650,0,8,4,2645.99,269,0,0,0,0,57,0,212,0,,,,,,,,,0,,0,0,,0,,0,20220909
경기도 수원시 권선구 권선동 1189번지,41113,13700,0,1189,0000,1084180709,2,집합,1,총괄표제부,1,신대장,경기도 수원시 권선구 경수대로 270 (권선동),수원복합빌딩(터미널),,,,0,411132012008,13702,0,270,0,51520.9,26827.703,52.07,94680.613,65097.714,126.35,07000,판매시설,"근린생활시설, 문화및 집회시설",0,0,2,1,4626.04,1376,0,0,0,0,875,25669.99,501,12843.62,,,,,,,,,0,,0,0,,0,,0,20220909
경기도 수원시 권선구 권선동 1199번지,41113,13700,0,1199,0000,10841100408469,1,일반,1,총괄표제부,1,신대장,경기도 수원시 권선구 덕영대로1217번길 36 (권선동),곡선초등학교,,,,0,411134325183,13701,0,36,,11991.1,2702.39,22.54,8661.58,8560.33,71.39,10000,교육연구시설,교육연구시설,0,0,2,0,0,43,0,0,0,0,0,0,43,494.5,,,,,,,,,0,,0,0,,0,,0,20220909
경기도 수원시 권선구 권선동 1199-1번지,41113,13700,0,1199,0001,1084181582,2,집합,1,총괄표제부,0,구대장,경기도 수원시 권선구 덕영대로1217번길 24 (권선동),두산동아아파트,,,,0,411134325183,13701,0,24,,44307.8,10986.82,24.8,115822.57,92560.54,208.9,02000,공동주택,"아파트, 구매,생활,의료시설, 보육시설",714,0,12,9,14307.67,837,0,0,0,0,459,0,378,0,,,,,,,,,0,,0,0,,0,,0,20250225
경기도 수원시 권선구 권선동 1233번지,41113,13700,0,1233,0000,10841100199449,1,일반,1,총괄표제부,1,신대장,경기도 수원시 권선구 동수원로285번길 5 (권선동),효정초등학교,,,,0,411134331018,13701,0,5,,11691.8,2554.73,21.850613,6891.03,6643.98,56.82598,10000,교육연구시설,교육연구시설,0,0,3,1,6,43,0,0,0,0,0,0,0,0,,,,,,,,,0,,0,0,,0,,0,20220909
경기도 수원시 권선구 권선동 1235번지,41113,13700,0,1235,0000,1084181742,2,집합,1,총괄표제부,1,신대장,경기도 수원시 권선구 권중로 31 (권선동),,,,,0,411133176023,13701,0,31,0,0,6851.2,0,78743.12,81325.7,0,02000,공동주택,공동주택,552,0,11,0,0,0,0,0,0,0,0,0,0,0,,,,,,,,,0,,0,0,,0,,0,20251126
경기도 수원시 권선구 권선동 1238번지,41113,13700,0,1238,0000,1084181583,2,집합,1,총괄표제부,0,구대장,경기도 수원시 권선구 매탄로 25 (권선동),삼천리권선2차아파트,,,,0,411133175019,13701,0,25,,21660,4687.8125,21.64,57821.336,42845.66,199.15,02000,공동주택,"아파트,상가",546,0,7,6,13085.32,559,0,0,0,0,369,9860.435,190,2185,,,,,,,,,0,,0,0,,0,,0,20220909
경기도 수원시 권선구 권선동 1240번지,41113,13700,0,1240,0000,1084181743,2,집합,1,총괄표제부,1,신대장,,현대아파트,,,,0,,,0,,,29178.4,5969.03,20.46,91397.11,63867.62,218.89,02000,공동주택,,810,0,11,8,22920.54,836,0,0,0,0,643,0,193,0,19940705,19940705,19960425,,,,,,0,,0,0,,0,,0,20250530
경기도 수원시 권선구 권선동 1263번지,41113,13700,0,1263,0000,1084181744,2,집합,1,총괄표제부,1,신대장,경기도 수원시 권선구 권중로 82 (권선동),,,,,0,411133176023,13701,0,82,,0,4619.94,0,90920.82,52205.68,0,02000,공동주택,공동주택,518,0,11,0,0,0,0,0,0,0,0,0,0,0,,,,,,,,,0,,0,0,,0,,0,20220909
경기도 수원시 권선구 권선동 1265번지,41113,13700,0,1265,0000,1084181745,2,집합,1,총괄표제부,1,신대장,경기도 수원시 권선구 권중로 110 (권선동),"보성,유원아파트",,,,0,411133176023,13701,0,110,,47542,10648.69,22.4,456586.3,0,197.39,02000,공동주택,공동주택,1200,0,19,0,23419.89,1239,0,0,0,0,781,0,458,0,19940707,,19960228,,,,,,0,,0,0,,0,,0,20220909
경기도 수원시 권선구 권선동 1267번지,41113,13700,0,1267,0000,1084181584,2,집합,1,총괄표제부,0,구대장,경기도 수원시 권선구 권중로 99 (권선동),벽산한성아파트,,,,0,411133176023,13701,0,99,0,39467,179492.814,23.95,254090.46,87731.84,194.41,02000,공동주택,공동주택(아파트),562,0,13,0,14231.22,812,0,0,0,0,487,0,325,0,,,,,,,,,0,,0,0,,0,,0,20241223
경기도 수원시 권선구 권선동 1269번지,41113,13700,0,1269,0000,10841100468691,1,일반,1,총괄표제부,1,신대장,,,,,,0,,,0,0,0,26338.3,865.6,3.2864687,896.66,896.66,3.4043958,13000,운동시설,"운동시설,제1종근린생활시설,양수장",0,0,3,0,0,0,0,0,0,0,0,0,0,0,19970620,19970620,19980112,,,,,,0,,0,0,,0,,0,20220909
경기도 수원시 권선구 권선동 1270번지,41113,13700,0,1270,0000,1084181585,2,집합,1,총괄표제부,0,구대장,경기도 수원시 권선구 권중로 158 (권선동),벽산아파트,,,,0,411133176023,13701,0,158,,17027.2,4255.203,24.99,40994.03,37159.76,218.24,02000,공동주택,공동주택(아파트),368,0,5,7,5547.28,385,0,0,0,0,173,4932,204,2438,,,,,,,,,0,,0,0,,0,,0,20260203
경기도 수원시 권선구 권선동 1274번지,41113,13700,0,1274,0000,1084181586,2,집합,1,총괄표제부,0,구대장,경기도 수원시 권선구 권중로 136 (권선동),신동아아파트,,,,0,411133176023,13701,0,136,,40418.708,8432.112,20.86,311888.162,83986.12,207.79,02000,공동주택,아파트,1020,0,16,15,16101.79,1064,0,0,0,0,561,0,482,0,,,,,,,,,0,,0,0,,0,,0,20240325
경기도 수원시 권선구 권선동 1276번지,41113,13700,0,1276,0000,10841100449676,1,일반,1,총괄표제부,1,신대장,경기도 수원시 권선구 권중로120번길 17 (권선동),,,,,0,411134325127,13701,0,17,,11959,3013.8,25.2,9128.27,8881.22,74.26,10000,교육연구시설,교육연구시설,0,0,2,0,0,0,0,0,0,0,0,0,0,0,,,,,,,,,0,,0,0,,0,,0,20220909
경기도 수원시 권선구 권선동 1298번지,41113,13700,0,1298,0000,1084181587,2,집합,1,총괄표제부,0,구대장,경기도 수원시 권선구 세권로304번길 47 (권선동),권선3지구 상록아파트,,,,0,411134325304,13701,0,47,,12346.7,2533.828,20.52,33994.86,25970.397,210.34,02000,공동주택,"공동주택(아파트), 근린생활시설",258,0,6,4,6302.114,257,0,0,0,0,161,5876.673,94,11440,,,,,,,,,0,,0,0,,0,,0,20260311
경기도 수원시 권선구 권선동 1302번지,41113,13700,0,1302,0000,10841100468711,1,일반,1,총괄표제부,1,신대장,경기도 수원시 권선구 세권로 331 (권선동),,,,,0,411133175029,13702,0,331,,15444,3458.28,22.39,14198.12,13616.31,88.16,10000,교육연구시설,교육연구시설(고등학교),0,0,2,1,45.9,0,0,0,0,0,0,0,0,0,,,,,,,,,0,,0,0,,0,,0,20230920
경기도 수원시 권선구 권선동 1303번지,41113,13700,0,1303,0000,1084181629,2,집합,1,총괄표제부,0,구대장,경기도 수원시 권선구 세권로316번길 15 (권선동),권선3단지 상록아파트,,,,0,411134325306,13701,0,15,,16134.9,3309.3,20.51,47280.98,35439.672,219.64,02000,공동주택,"공동주택, 근린생활시설",468,0,6,6,8660.462,472,0,0,0,0,268,7864.292,194,2670,,,,,,,,,0,,0,0,,0,,0,20240627
경기도 수원시 권선구 권선동 1304번지,41113,13700,0,1304,0000,1084181630,2,집합,1,총괄표제부,0,구대장,경기도 수원시 권선구 세권로 334 (권선동),매탄권선역 리버파크,,,,0,411133175029,13702,0,334,,20694.7,3894.172,18.82,56336.165,44997.838,217.44,02000,공동주택,"공동주택(아파트),생활편익시설",582,0,7,5,9412.083,582,0,0,0,0,318,8411.473,264,3060,,,,,,,,,0,,0,0,,0,,0,20220909
경기도 수원시 권선구 권선동 1305번지,41113,13700,0,1305,0000,1084181631,2,집합,1,총괄표제부,0,구대장,경기도 수원시 권선구 동탄원천로813번길 16 (권선동),권선대우아파트,,,,0,411134325201,13701,0,16,,17364,3317.6392,19.11,43176.4394,35375.907,203.73,02000,공동주택,공동주택(아파트),358,0,6,5,5783.84,364,0,0,0,0,168,4976.72,196,4030.94,,,,,,,,,0,,0,0,,0,,0,20241223
경기도 수원시 권선구 권선동 1306번지,41113,13700,0,1306,0000,1084181632,2,집합,1,총괄표제부,0,구대장,경기도 수원시 권선구 세권로316번길 49 (권선동),현대아파트,,,,0,411134325306,13701,0,49,0,12242.5,2800.638,22.87,31271.8036,26556.1368,216.91,02000,공동주택,공동주택(아파트),253,0,4,5,2940.5637,258,0,0,0,0,89,2330.7837,163,1954,,,,,,,,,0,,0,0,,0,,0,20240404
경기도 수원시 권선구 권선동 1309번지,41113,13700,0,1309,0000,1084181588,1,일반,1,총괄표제부,1,신대장,,소망교회,,,,0,,,,,,2148.7,1271.18,59.16,5265.55,3276.2,152.47,06000,종교시설,,0,0,3,0,0,29,0,0,0,0,29,1792.29,0,0,,,,,,,,,0,,0,0,,0,,0,20250106
경기도 수원시 권선구 권선동 1312번지,41113,13700,0,1312,0000,1084181633,2,집합,1,총괄표제부,0,구대장,경기도 수원시 권선구 덕영대로1323번길 25-30 (권선동),권선3지구 주공1단지,,,,1,411134325184,13701,0,25,30,20027.1,1680.756,8.39,17678.396,16100.59,80.39,02000,공동주택,"공동주택, 생활편익시설",156,0,3,0,0,397,0,0,0,0,211,5140.57,186,2199,,,,,,,,,0,,0,0,,0,,0,20220909
경기도 수원시 권선구 권선동 1314번지,41113,13700,0,1314,0000,1084181746,2,집합,1,총괄표제부,1,신대장,경기도 수원시 권선구 덕영대로1323번길 25-8 (권선동),,,,,0,411134325184,13701,0,25,8,0,1914.137,0,19410.77,18106.827,0,02000,공동주택,공동주택,241,0,5,0,0,0,0,0,0,0,0,0,0,0,,,,,,,,,0,,0,0,,0,,0,20220909
경기도 수원시 권선구 권선동 1315번지,41113,13700,0,1315,0000,1084181634,2,집합,1,총괄표제부,0,구대장,경기도 수원시 권선구 덕영대로1323번길 25-33 (권선동),우남아파트,,,,0,411134325184,13701,0,25,33,10829.9,2605.95,24.06,30448.21,22178.29,204.79,02000,공동주택,공동주택(아파트),290,0,6,0,0,294,0,0,0,0,211,5292.94,83,2426.5,,,,,,,,,0,,0,0,,0,,0,20220909
경기도 수원시 권선구 권선동 1320번지,41113,13700,0,1320,0000,1084181696,2,집합,1,총괄표제부,0,구대장,경기도 수원시 권선구 덕영대로1323번길 26-7 (권선동),우남아파트,,,,0,411134325184,13701,0,26,7,10675.8,2254.1513,21.11,29210.657,23388.465,219.07,02000,공동주택,"공동주택(아파트), 생활편익시설",180,0,4,5,4602.64,288,0,0,0,0,151,3891.16,137,1575.5,,,,,,,,,0,,0,0,,0,,0,20220909
경기도 수원시 권선구 권선동 1321번지,41113,13700,0,1321,0000,1084181697,2,집합,1,총괄표제부,0,구대장,경기도 수원시 권선구 덕영대로1323번길 26-31 (권선동),대림아파트,,,,0,411134325184,13701,0,26,31,18901.4,3781.623,20,52636.264,41337.296,218.7,02000,공동주택,공동주택(아파트),322,0,7,5,10452.452,489,0,0,0,0,300,9766.772,189,2283.5,,,,,,,,,0,,0,0,,0,,0,20220909
경기도 수원시 권선구 권선동 1323번지,41113,13700,0,1323,0000,1084181698,2,집합,1,총괄표제부,0,구대장,경기도 수원시 권선구 덕영대로1323번길 26-24 (권선동),권선3지구 써미트빌,,,,0,411134325184,13701,0,26,24,14170.9,3360.404,23.713,41511.753,31357.532,221.281,02000,공동주택,공동주택(아파트),223,0,8,5,10413.18,352,0,0,0,0,303,9583.854,49,563.5,,,,,,,,,0,,0,0,,0,,0,20220909
경기도 수원시 권선구 권선동 1330번지,41113,13700,0,1330,0000,10841100245175,2,집합,1,총괄표제부,1,신대장,,권선자이 이편한세상,,,,1,,,0,,,96058.2,22241.189,23.15,297627.3112,230519.2417,239.97,02000,공동주택,공동주택,1753,0,36,11,69227.6837,2322,0,0,0,0,2206,64470.8537,116,0,20050321,20071031,20110921,2011,3740000,수원시,5809,5809,0,,0,0,,0,,0,20220909
경기도 수원시 권선구 권선동 1337번지,41113,13700,0,1337,0000,10841100349941,2,집합,1,총괄표제부,1,신대장,경기도 수원시 권선구 덕영대로1190번길 100 (권선동),수원아이파크시티7단지,,,,0,411134331212,13701,0,100,,75364.4,16701.78,22.16,217515.35,146859.28,194.87,02000,공동주택,공동주택(아파트),1596,0,25,12,72544.05,1796,0,0,0,0,1776,68159.03,0,0,20140710,20140820,20160822,2014,3740257,주택과,2101,2101,41,1,138.3,66.19,4,55.51,,0,20250205
경기도 수원시 권선구 권선동 1340번지,41113,13700,0,1340,0000,1000000000000004757070,2,집합,1,총괄표제부,1,신대장,경기도 수원시 권선구 경수대로212번길 34 (권선동),수원 아이파크 시티 10단지,,,,0,411134863093,13701,0,34,0,8378.2,2219.8669,26.5,24157.4597,15795.5425,188.53,02000,공동주택,공동주택(아파트),128,0,4,4,9075.0124,188,0,0,0,0,188,7958.8335,0,0,20220419,20220804,20241127,,,,,,6,1+,98.5,69.82,4,50.74,,0,20241202
경기도 수원시 권선구 권선동 1344번지,41113,13700,0,1344,0000,10841100305167,1,일반,1,총괄표제부,1,신대장,,,,,,1,,,0,,,64604.5,58.88,0.09,58.88,58.88,0.09,03000,제1종근린생활시설,제1종근린생활시설(공중화장실(간이화장실)),0,0,2,0,0,0,0,0,0,0,0,0,0,0,20140522,20140529,20140620,2014,3760030,건축과,1201,1201,0,,0,0,,0,,0,20220909
경기도 수원시 권선구 권선동 1351번지,41113,13700,0,1351,0000,10841100323041,1,일반,1,총괄표제부,1,신대장,,권선2동성당,,,,0,,,0,0,0,2853.1,973.9,34.13,973.9,973.9,34.13,06000,종교시설,종교시설,0,0,2,1,0,10,0,0,0,0,0,0,10,115,20141121,20141201,20150601,2014,3760030,건축과,1102,1102,0,,0,0,,0,,0,20220909
경기도 수원시 권선구 권선동 1355번지,41113,13700,0,1355,0000,10841100330398,2,집합,1,총괄표제부,1,신대장,,수원아이파크시티5단지,,,,0,,,0,0,0,37991.6,8772.56,23.09,112503.01,73187.66,192.64,02000,공동주택,공동주택(아파트),704,0,11,13,39054,788,0,0,0,0,788,36234.59,0,0,20101209,20130813,20150825,2010,3740147,주택정책과,2101,2101,0,1,40.88,65.5,,0,,0,20220909
경기도 수원시 권선구 권선동 1356번지,41113,13700,0,1356,0000,10841100331135,2,집합,1,총괄표제부,1,신대장,,수원아이파크시티6단지,,,,0,,,0,0,0,26326,6030.62,22.91,77953.69,46716.32,177.45,02000,공동주택,공동주택(아파트),448,0,11,13,30962.48,513,0,0,0,0,513,28450.1,0,0,20101209,20130813,20150825,2010,3740147,주택정책과,2101,2101,0,1,40.71,65.5,,0,,0,20220909
경기도 수원시 권선구 권선동 1357번지,41113,13700,0,1357,0000,10841100248474,2,집합,1,총괄표제부,1,신대장,,수원아이파크시티4단지,,,,0,,,0,,,60207.1,14169.093,23.53,173133.652,115598.9,192,02000,공동주택,아파트,889,0,20,5,57578.979,1266,0,0,0,0,1266,53970.051,0,0,20091126,20091201,20120120,2009,3740147,주택정책과,2101,2101,0,1,34.4,0,2,67.97,,0,20220909
경기도 수원시 권선구 권선동 1359번지,41113,13700,0,1359,0000,10841100236447,2,집합,1,총괄표제부,1,신대장,경기도 수원시 권선구 동수원로145번길 73 (권선동),수원아이파크시티3단지,,,,0,411134331214,13701,0,73,,55092.7,14101.209,25.595,163481.988,109603.86,198.944,02000,공동주택,,793,0,17,4,51018.68,1204,0,0,0,0,1160,50233.845,0,0,20090325,20090804,20111031,2009,3740147,주택정책과,2101,2101,0,2,29.39,0,2,67.79,,0,20240524
경기도 수원시 권선구 권선동 1360번지,41113,13700,0,1360,0000,10841100237278,2,집합,1,총괄표제부,1,신대장,,수원아이파크시티 1단지,,,,0,,,0,,,43111.4,10859.875,25.19,124755.474,81582.067,189.24,02000,공동주택,아파트,543,0,12,6,43308.788,920,0,0,0,0,920,40113.416,0,0,20090325,20090804,20111029,2009,3740147,주택정책과,2101,2101,0,2,30.06,0,2,69.87,,0,20220909
경기도 수원시 권선구 권선동 1361번지,41113,13700,0,1361,0000,10841100249406,2,집합,1,총괄표제부,1,신대장,경기도 수원시 권선구 동수원로145번길 24 (권선동),수원아이파크시티2단지,,,,0,411134331214,13701,0,24,,83950,18772.711,22.36,234823.256,154558.415,185.83,02000,공동주택,아파트,1135,0,28,5,80321.937,1785,0,0,0,0,1770,75683.886,0,0,20091126,20091201,20120120,2009,3740147,주택정책과,2101,2101,0,1,33.68,0,2,66.5,,0,20260330
경기도 수원시 권선구 권선동 1369번지,41113,13700,0,1369,0000,1000000000000000513814,1,일반,1,총괄표제부,1,신대장,경기도 수원시 권선구 세권로 243 (권선동),수원시 농수산물도매시장,,,,1,411133175029,13702,0,243,0,56168.1,19421.93,34.58,50912.46,24419.16,43.47,07000,판매시설,판매시설,0,0,8,2,61.2,747,0,0,0,0,328,4463.9,436,6296.55,20181101,20190311,20221118,2018,3760030,건축과,5100,5100,0,1++,130.97,95.45,2,70.78,,0,20260130
경기도 수원시 권선구 장지동 1-3번지,41113,13800,0,0001,0003,1084181591,1,일반,1,총괄표제부,1,신대장,,,,,,0,,,0,,,0,411.57,0,411.57,411.57,0,04000,제2종근린생활시설,교정및군사시설,0,0,2,0,0,0,0,0,0,0,0,0,0,0,,,,,,,,,0,,0,0,,0,,0,20220909
경기도 수원시 권선구 장지동 1-4번지,41113,13800,0,0001,0004,1084181592,1,일반,1,총괄표제부,1,신대장,,,,,,0,,,0,,,0,566.37,0,566.37,566.37,0,04000,제2종근린생활시설,제2종근린생활시설,0,0,3,0,0,0,0,0,0,0,0,0,0,0,,,,,,,,,0,,0,0,,0,,0,20220909
경기도 수원시 권선구 장지동 5-2번지,41113,13800,0,0005,0002,1084181589,2,집합,1,총괄표제부,0,구대장,경기도 수원시 권선구 정조로413번길 43 (장지동),,,,,0,411134325417,13802,0,43,0,512,231.3,45.18,797.28,797.28,155.72,02000,공동주택,다세대주택,16,0,2,0,0,8,0,0,0,0,0,0,8,92,,,,,,,,,0,,0,0,,0,,0,20220909
경기도 수원시 권선구 장지동 19번지,41113,13800,0,0019,0000,1084181593,1,일반,1,총괄표제부,1,신대장,,,,,,0,,,0,,,0,168.07,0,168.07,168.07,0,23000,교정및군사시설,교정및군사시설,0,0,2,0,0,0,0,0,0,0,0,0,0,0,,,,,,,,,0,,0,0,,0,,0,20220909
경기도 수원시 권선구 장지동 31번지,41113,13800,0,0031,0000,1084181594,1,일반,1,총괄표제부,1,신대장,,,,,,0,,,0,,,0,372.85,0,372.85,372.85,0,23000,교정및군사시설,교정및군사시설,0,0,2,0,0,0,0,0,0,0,0,0,0,0,,,,,,,,,0,,0,0,,0,,0,20220909
경기도 수원시 권선구 장지동 44-4번지,41113,13800,0,0044,0004,1084181596,1,일반,1,총괄표제부,1,신대장,경기도 수원시 권선구 정조로 387 (장지동),,,,,0,411133012006,13803,0,387,0,0,127.79,0,426.07,314.5,0,03000,제1종근린생활시설,제1종근린생활시설,0,1,2,0,0,0,0,0,0,0,0,0,0,0,,,,,,,,,0,,0,0,,0,,0,20220909
경기도 수원시 권선구 장지동 44-12번지,41113,13800,0,0044,0012,1084181597,1,일반,1,총괄표제부,1,신대장,,,,,,0,,,0,,,0,137.62,0,137.62,137.62,0,03000,제1종근린생활시설,제2종근린생활시설,0,1,2,0,0,0,0,0,0,0,0,0,0,0,,,,,,,,,0,,0,0,,0,,0,20220909
경기도 수원시 권선구 장지동 76번지,41113,13800,0,0076,0000,1084181598,1,일반,1,총괄표제부,1,신대장,,,,,,0,,,0,,,0,101.32,0,101.32,101.32,0,23000,교정및군사시설,교정및군사시설,0,0,2,0,0,0,0,0,0,0,0,0,0,0,,,,,,,,,0,,0,0,,0,,0,20220909
경기도 수원시 권선구 장지동 96번지,41113,13800,0,0096,0000,1084181599,1,일반,1,총괄표제부,1,신대장,,,,,,0,,,0,,,0,122.3,0,122.3,122.3,0,23000,교정및군사시설,교정및군사시설,0,0,2,0,0,0,0,0,0,0,0,0,0,0,,,,,,,,,0,,0,0,,0,,0,20220909
경기도 수원시 권선구 장지동 99번지,41113,13800,0,0099,0000,1000000000000000364431,1,일반,1,총괄표제부,1,신대장,,,,,,0,,,0,,,1384851,26602.15,1.9209395,45414.06,45001.68,3.25,23000,교정및군사시설,교정및군사시설,0,0,2,0,0,0,0,0,0,0,0,0,0,0,,,,,,,,,0,,0,0,,0,,0,20221026
경기도 수원시 권선구 장지동 100번지,41113,13800,0,0100,0000,1084181601,1,일반,1,총괄표제부,1,신대장,,,,,,0,,,0,,,0,953.72,0,953.72,953.72,0,14000,업무시설,업무시설,0,0,2,0,0,0,0,0,0,0,0,0,0,0,,,,,,,,,0,,0,0,,0,,0,20220909
경기도 수원시 권선구 장지동 162번지,41113,13800,0,0162,0000,1084181602,1,일반,1,총괄표제부,1,신대장,,,,,,0,,,0,,,0,158.18,0,158.18,158.18,0,17000,공장,공장,0,0,2,0,0,0,0,0,0,0,0,0,0,0,,,,,,,,,0,,0,0,,0,,0,20220909
경기도 수원시 권선구 장지동 165번지,41113,13800,0,0165,0000,1084181603,1,일반,1,총괄표제부,1,신대장,,,,,,0,,,0,,,0,1000.73,0,1000.73,1000.73,0,23000,교정및군사시설,교정및군사시설,0,0,2,0,0,0,0,0,0,0,0,0,0,0,,,,,,,,,0,,0,0,,0,,0,20220909
경기도 수원시 권선구 장지동 189번지,41113,13800,0,0189,0000,1084181604,1,일반,1,총괄표제부,1,신대장,,,,,,0,,,0,,,0,654.12,0,730.82,730.82,0,23000,교정및군사시설,교정및군사시설,0,0,30,0,0,0,0,0,0,0,0,0,0,0,,,,,,,,,0,,0,0,,0,,0,20220909
경기도 수원시 권선구 장지동 220번지,41113,13800,0,0220,0000,1084181605,1,일반,1,총괄표제부,1,신대장,,,,,,0,,,0,,,0,340.59,0,371.56,371.56,0,23000,교정및군사시설,교정및군사시설,0,0,2,0,0,0,0,0,0,0,0,0,0,0,,,,,,,,,0,,0,0,,0,,0,20220909
경기도 수원시 권선구 장지동 226번지,41113,13800,0,0226,0000,1084181606,1,일반,1,총괄표제부,1,신대장,,,,,,0,,,0,,,0,1113.4,0,1185.47,1185.47,0,23000,교정및군사시설,교정및군사시설,0,0,2,0,0,0,0,0,0,0,0,0,0,0,,,,,,,,,0,,0,0,,0,,0,20220909
경기도 수원시 권선구 장지동 229번지,41113,13800,0,0229,0000,1084181607,1,일반,1,총괄표제부,1,신대장,,,,,,0,,,0,,,0,1355.24,0,1355.24,1355.24,0,23000,교정및군사시설,교정및군사시설,0,0,3,0,0,0,0,0,0,0,0,0,0,0,,,,,,,,,0,,0,0,,0,,0,20220909
경기도 수원시 권선구 장지동 231번지,41113,13800,0,0231,0000,1084181608,1,일반,1,총괄표제부,1,신대장,,,,,,0,,,0,,,0,858.94,0,1012.26,858.94,0,14000,업무시설,업무시설,0,0,2,0,0,0,0,0,0,0,0,0,0,0,,,,,,,,,0,,0,0,,0,,0,20220909
경기도 수원시 권선구 장지동 259-1번지,41113,13800,0,0259,0001,1084181609,1,일반,1,총괄표제부,1,신대장,,,,,,0,,,0,,,0,607.93,0,607.93,607.93,0,23000,교정및군사시설,교정및군사시설,0,0,2,0,0,0,0,0,0,0,0,0,0,0,,,,,,,,,0,,0,0,,0,,0,20220909
경기도 수원시 권선구 장지동 439번지,41113,13800,0,0439,0000,1084181610,1,일반,1,총괄표제부,1,신대장,,,,,,0,,,0,,,0,183.8,0,183.8,183.8,0,17000,공장,교정및군사시설,0,0,2,0,0,0,0,0,0,0,0,0,0,0,,,,,,,,,0,,0,0,,0,,0,20220909
경기도 수원시 권선구 장지동 624번지,41113,13800,0,0624,0000,10841100453673,1,일반,1,총괄표제부,1,신대장,,,,,,0,,,0,0,0,32255,257.41,0.8,249.95,249.95,0.77,23000,교정및군사시설,,0,0,2,0,0,0,0,0,0,0,0,0,0,0,,,,,,,,,0,,0,0,,0,,0,20220909
경기도 수원시 권선구 대황교동 33-7번지,41113,13900,0,0033,0007,1084181047,1,일반,1,총괄표제부,1,신대장,경기도 수원시 권선구 정조로 235 (대황교동),대황교동충전소,,,,0,411133012006,13904,0,235,0,1414,253.24,17.91,403.6,403.6,28.54,19000,위험물저장및처리시설,위험물저장및처리시설,0,0,2,0,0,2,0,0,0,0,0,0,2,23,20050118,20060111,20070302,2005,3760030,건축과,1101,1101,0,,0,0,,0,,0,20220909
경기도 수원시 권선구 대황교동 50-1번지,41113,13900,0,0050,0001,1084181613,1,일반,1,총괄표제부,1,신대장,,,,,,0,,,0,,,0,1728.59,0,1828.53,1828.53,0,18000,창고시설,업무시설,0,2,4,3,677.34,0,0,0,0,0,0,0,0,0,,,,,,,,,0,,0,0,,0,,0,20220909
경기도 수원시 권선구 대황교동 59-1번지,41113,13900,0,0059,0001,10841100361325,1,일반,1,총괄표제부,1,신대장,경기도 수원시 권선구 경수대로 14 (대황교동),,,,,0,411132012008,13903,0,14,,2484,415.86,16.74,551.82,535.86,21.57,19000,위험물저장및처리시설,위험물저장및처리시설(액화석유가스 충전소),0,0,3,0,0,4,0,0,0,0,0,0,4,46,20150102,20160912,20170113,2015,3760030,건축과,1101,1101,0,,0,0,,0,,0,20220909
경기도 수원시 권선구 대황교동 65-9번지,41113,13900,0,0065,0009,10841100213187,1,일반,1,총괄표제부,1,신대장,,(주)동명철강,,,,0,,,0,,,3263,651.13,19.95,1096.2,1096.2,33.59,04000,제2종근린생활시설,"(사무소),(제조장),(일반음식점)",0,0,2,0,0,8,0,0,0,0,0,0,8,92,20080118,20080317,20090807,2008,3760030,건축과,1101,1101,0,,0,0,,0,,0,20220909
경기도 수원시 권선구 대황교동 100-5번지,41113,13900,0,0100,0005,1084180895,1,일반,1,총괄표제부,1,신대장,,병점 LPG충전소,,,,0,,,0,,,1635,304.22,18.61,429.27,429.27,26.26,19000,위험물저장및처리시설,LPG충전소,0,0,3,0,0,8,0,0,0,0,0,0,8,0,20060810,20060810,20061211,2006,3760030,건축과,1101,1101,0,,0,0,,0,,0,20221219
경기도 수원시 권선구 대황교동 207-2번지,41113,13900,0,0207,0002,1084181614,1,일반,1,총괄표제부,1,신대장,,,,,,0,,,0,,,0,32.5,0,32.5,32.5,0,23000,교정및군사시설,교정및군사시설,0,0,2,0,0,0,0,0,0,0,0,0,0,0,,,,,,,,,0,,0,0,,0,,0,20220909
경기도 수원시 권선구 대황교동 242-5번지,41113,13900,0,0242,0005,1084181615,1,일반,1,총괄표제부,1,신대장,경기도 수원시 권선구 정조로 253-70 (대황교동),,,,,0,411133012006,13904,0,253,70,0,485.49,0,485.49,485.49,0,18000,창고시설,창고시설,0,1,2,0,0,0,0,0,0,0,0,0,0,0,,,,,,,,,0,,0,0,,0,,0,20220909
경기도 수원시 권선구 대황교동 245-1번지,41113,13900,0,0245,0001,10841100176798,1,일반,1,총괄표제부,1,신대장,경기도 수원시 권선구 정조로 279 (대황교동),,,,,1,411133012006,13904,0,279,0,2570,66.08,2.57,66.08,66.08,2.57,20000,자동차관련시설,매매장 사무소,0,0,2,0,0,0,0,0,0,0,0,0,0,0,20080221,20080303,20080509,2008,3760030,건축과,1201,1201,0,,0,0,,0,,0,20220909
경기도 수원시 권선구 대황교동 248-27번지,41113,13900,0,0248,0027,1084181616,1,일반,1,총괄표제부,1,신대장,경기도 수원시 권선구 경수대로 89-12 (대황교동),,,,,0,411132012008,13903,0,89,12,0,72.66,0,72.66,72.66,0,01000,단독주택,단독주택,0,2,2,0,0,0,0,0,0,0,0,0,0,0,,,,,,,,,0,,0,0,,0,,0,20220909
경기도 수원시 권선구 대황교동 250번지,41113,13900,0,0250,0000,10841100209873,1,일반,1,총괄표제부,1,신대장,경기도 수원시 권선구 정조로 296 (대황교동),경수주유소,,,,0,411133012006,13904,0,296,,1493,216.36,14.49,216.36,216.36,14.49,19000,위험물저장및처리시설,위험물저장및처리시설,0,0,4,0,0,0,0,0,0,0,0,0,1,11.5,,,,2009,3760030,건축과,1202,1202,0,,0,0,,0,,0,20220909
경기도 수원시 권선구 대황교동 257-1번지,41113,13900,0,0257,0001,1084180826,1,일반,1,총괄표제부,1,신대장,경기도 수원시 권선구 정조로 300 (대황교동),,,,,0,411133012006,13904,0,300,0,1085,163.51,15.07,163.51,163.51,15.07,19000,위험물저장및처리시설,위험물저장및처리시설,0,0,2,0,0,1,0,0,0,0,0,0,1,11.5,20040115,20051008,20060228,2004,3760030,건축과,1101,1101,0,,0,0,,0,,0,20220909
경기도 수원시 권선구 대황교동 259-2번지,41113,13900,0,0259,0002,1084181053,1,일반,1,총괄표제부,1,신대장,경기도 수원시 권선구 정조로 287 (대황교동),대황교동 가스충전소,,,,2,411133012006,13904,0,287,0,1331,259.9,19.53,327.8,327.8,24.63,19000,위험물저장및처리시설,위험물저장및처리시설,0,0,3,0,0,2,0,0,0,0,0,0,2,23,20061019,20061128,20070426,2006,3760030,건축과,1101,1101,0,,0,0,,0,,0,20220909
경기도 수원시 권선구 대황교동 259-5번지,41113,13900,0,0259,0005,1084180907,1,일반,1,총괄표제부,1,신대장,경기도 수원시 권선구 정조로 291 (대황교동),,,,,1,411133012006,13904,0,291,0,899,175.68,19.54,175.68,175.68,19.54,04000,제2종근린생활시설,위험물저장및처리시설외1,0,0,2,0,0,2,0,0,0,0,0,0,2,23,20060317,20060804,20070125,2006,3760030,건축과,1101,1101,0,,0,0,,0,,0,20220909
경기도 수원시 권선구 대황교동 268-3번지,41113,13900,0,0268,0003,10841100200793,1,일반,1,총괄표제부,1,신대장,경기도 수원시 권선구 정조로 305 (대황교동),,,,,0,411133012006,13904,0,305,0,1412,281.4,19.93,274.1,274.1,19.41,04000,제2종근린생활시설,제2종근린생활시설,0,0,2,0,0,0,0,0,0,0,0,0,2,23,,,,,,,,,0,,0,0,,0,,0,20220909
경기도 수원시 권선구 대황교동 269-5번지,41113,13900,0,0269,0005,1000000000000001625067,1,일반,1,총괄표제부,1,신대장,,대황교동 269-5,,,,0,,,0,,,575,108.73,18.91,145.63,145.63,25.33,04000,제2종근린생활시설,"사무소,수리점",0,0,2,0,0,1,0,0,0,0,0,0,1,12.5,20211228,20220711,20230328,2021,3760030,건축과,1202,1202,0,,0,0,,0,,0,20251107
경기도 수원시 권선구 대황교동 383-1번지,41113,13900,0,0383,0001,1084181619,1,일반,1,총괄표제부,1,신대장,,,,,,0,,,0,,,0,618.02,0,729.59,729.59,0,23000,교정및군사시설,교정및군사시설,0,0,4,0,0,0,0,0,0,0,0,0,0,0,,,,,,,,,0,,0,0,,0,,0,20220909
경기도 수원시 권선구 대황교동 423번지,41113,13900,0,0423,0000,1084181620,1,일반,1,총괄표제부,1,신대장,,,,,,0,,,0,,,0,440.3,0,440.3,440.3,0,23000,교정및군사시설,교정및군사시설,0,0,3,0,0,0,0,0,0,0,0,0,0,0,,,,,,,,,0,,0,0,,0,,0,20220909
경기도 수원시 권선구 대황교동 457번지,41113,13900,0,0457,0000,1084181621,1,일반,1,총괄표제부,1,신대장,,,,,,0,,,0,,,0,49.58,0,49.58,49.58,0,01000,단독주택,단독주택,0,2,2,0,0,0,0,0,0,0,0,0,0,0,,,,,,,,,0,,0,0,,0,,0,20220909
경기도 수원시 권선구 대황교동 471번지,41113,13900,0,0471,0000,10841100434059,1,일반,1,총괄표제부,1,신대장,,,,,,0,,,0,,,8906,83.84,0.94,83.84,83.84,0.94,23000,교정및군사시설,"교정및군사시설,공장",0,0,3,0,0,0,0,0,0,0,0,0,0,0,,,19710314,,,,,,0,,0,0,,0,,0,20220909
경기도 수원시 권선구 대황교동 474번지,41113,13900,0,0474,0000,10841100484892,1,일반,1,총괄표제부,1,신대장,,,,,,0,,,0,0,0,9980,814.51,8.16,814.51,814.51,8.16,23000,교정및군사시설,교정및군사시설(국방·군사시설),0,0,2,0,0,2,0,0,0,0,0,0,2,25,,,,,,,,,0,,0,0,,0,,0,20220909
경기도 수원시 권선구 입북동 150-1번지,41113,14000,0,0150,0001,1084180763,2,집합,1,총괄표제부,1,신대장,경기도 수원시 권선구 입북로 65 (입북동),,,,,0,411133175042,14001,0,65,,0,2218.49,0,12311.1,10098.62,0,02000,공동주택,공동주택,183,0,5,0,0,0,0,0,0,0,0,0,0,0,,,,,,,,,0,,0,0,,0,,0,20220909
경기도 수원시 권선구 입북동 236-8번지,41113,14000,0,0236,0008,1084180764,2,집합,1,총괄표제부,1,신대장,경기도 수원시 권선구 입북로26번길 16-2 (입북동),,,,,0,411134325405,14001,0,16,2,0,229.76,0,1093.32,863.56,0,02000,공동주택,공동주택,19,0,2,0,0,0,0,0,0,0,0,0,0,0,,,,,,,,,0,,0,0,,0,,0,20220909
경기도 수원시 권선구 입북동 236-12번지,41113,14000,0,0236,0012,1084180748,2,집합,1,총괄표제부,0,구대장,경기도 수원시 권선구 입북로26번길 16-10 (입북동),그린맨션,,,,0,411134325405,14001,0,16,10,496,249.45,50.29,818.4,818.4,165,02000,공동주택,다세대주택,16,0,2,0,0,6,0,0,0,0,0,0,6,69,,,,,,,,,0,,0,0,,0,,0,20220909
경기도 수원시 권선구 입북동 243번지,41113,14000,0,0243,0000,1084180753,1,일반,1,총괄표제부,1,신대장,,,,,,0,,,0,,,0,82.97,0,82.97,82.97,0,01000,단독주택,단독주택,0,2,2,0,0,0,0,0,0,0,0,0,0,0,,,,,,,,,0,,0,0,,0,,0,20220909
경기도 수원시 권선구 입북동 266번지,41113,14000,0,0266,0000,1084180749,2,집합,1,총괄표제부,0,구대장,경기도 수원시 권선구 입북로 49-8 (입북동),동양빌라,,,,0,411133175042,14001,0,49,8,885,384.78,43.48,1189.38,1189.38,134.39,02000,공동주택,다세대주택,19,0,2,0,0,8,0,0,0,0,0,0,8,92,,,,,,,,,0,,0,0,,0,,0,20220909
경기도 수원시 권선구 입북동 270-1번지,41113,14000,0,0270,0001,10841100228234,1,일반,1,총괄표제부,1,신대장,경기도 수원시 권선구 입북로 57 (입북동),,,,,0,411133175042,14001,0,57,,1016,399.2,39.29,399.2,399.2,39.29,04000,제2종근린생활시설,"제조업소,화장실",0,0,2,1,4.2,3,0,0,0,0,0,0,3,34.5,20101108,20101123,20110706,2010,3760030,건축과,1101,1101,0,,0,0,,0,,0,20220909
경기도 수원시 권선구 입북동 270-3번지,41113,14000,0,0270,0003,10841100227452,1,일반,1,총괄표제부,1,신대장,경기도 수원시 권선구 입북로 59 (입북동),,,,,4,411133175042,14001,0,59,,1333,362.5,27.19,362.5,362.5,27.19,04000,제2종근린생활시설,제2종근린생활시설(제조업소),0,0,2,0,0,3,0,0,0,0,0,0,3,34.5,20101216,20110217,20110419,2010,3760030,건축과,1101,1101,0,,0,0,,0,,0,20220909
경기도 수원시 권선구 입북동 276번지,41113,14000,0,0276,0000,1084180743,1,일반,1,총괄표제부,0,구대장,경기도 수원시 권선구 입북로53번길 15 (입북동),,,,,0,411134325407,14001,0,15,0,786,402.3,51.18,402.3,402.3,51.18,03000,제1종근린생활시설,"제1종근린생활시설, 제2종근린생활시설",0,0,2,0,0,3,0,0,0,0,0,0,3,34.5,,,,,,,,,0,,0,0,,0,,0,20220909
경기도 수원시 권선구 입북동 276-6번지,41113,14000,0,0276,0006,1084180744,1,일반,1,총괄표제부,0,구대장,경기도 수원시 권선구 입북로53번길 15 (입북동),,,,,0,411134325407,14001,0,15,0,786,405.6,51.6,405.6,405.6,51.6,03000,제1종근린생활시설,"제1종근린생활시설, 제2종근린생활시설",0,0,2,0,0,3,0,0,0,0,0,0,3,34.5,,,,,,,,,0,,0,0,,0,,0,20220909
경기도 수원시 권선구 입북동 300-2번지,41113,14000,0,0300,0002,10841100343420,2,집합,1,총괄표제부,1,신대장,,편백나무 타운하우스,,,,0,,,0,,,821,456.238,55.571,1617.886,1319.719,160.745,02000,공동주택,공동주택(도시형생활주택[단지형다세대주택]),21,0,2,0,0,22,0,0,0,0,15,373.545,7,85.5,,,,,,,,,0,,0,0,,0,,0,20220909
경기도 수원시 권선구 입북동 324번지,41113,14000,0,0324,0000,1084180754,1,일반,1,총괄표제부,1,신대장,,,,,,0,,,0,,,0,136.54,0,136.54,136.54,0,01000,단독주택,단독주택,0,2,2,1,27.53,0,0,0,0,0,0,0,0,0,,,,,,,,,0,,0,0,,0,,0,20220909
경기도 수원시 권선구 입북동 415-4번지,41113,14000,0,0415,0004,1084180765,2,집합,1,총괄표제부,1,신대장,경기도 수원시 권선구 입북로 31 (입북동),,,,,0,411133175042,14001,0,31,,0,351.72,0,1304.01,1055.16,0,02000,공동주택,공동주택,24,0,2,0,0,0,0,0,0,0,0,0,0,0,,,,,,,,,0,,0,0,,0,,0,20220909
경기도 수원시 권선구 입북동 416-3번지,41113,14000,0,0416,0003,1084180831,1,일반,1,총괄표제부,1,신대장,경기도 수원시 권선구 수인로 440 (입북동),,,,,6,411133000064,14003,0,440,,2053,1197.37,58.32,1827.4,1602.8,78.07,03000,제1종근린생활시설,제1종근린생활시설외1,0,0,2,0,0,14,0,0,0,0,0,0,14,161,20051108,20051117,20060413,2005,3760030,건축과,1101,1101,0,,0,0,,0,,0,20220909
경기도 수원시 권선구 입북동 428-6번지,41113,14000,0,0428,0006,1084180750,2,집합,1,총괄표제부,0,구대장,경기도 수원시 권선구 입북로 25-21 (입북동),광원9차빌라,,,,0,411133175042,14001,0,25,21,647,227.4,35.09,1049.04,869.76,134.43,02000,공동주택,다세대주택,19,0,2,0,0,7,0,0,0,0,0,0,7,80.5,,,,,,,,,0,,0,0,,0,,0,20220909
경기도 수원시 권선구 입북동 430-32번지,41113,14000,0,0430,0032,1084180830,1,일반,1,총괄표제부,1,신대장,경기도 수원시 권선구 입북로 9 (입북동),,,,,4,411133175042,14001,0,9,,1530,909,59.41,909,909,59.41,03000,제1종근린생활시설,제1종근린생활시설외2,0,0,3,0,0,6,0,0,0,0,0,0,6,69,20060126,20060217,20060414,,,,,,0,,0,0,,0,,0,20220909
경기도 수원시 권선구 입북동 440-1번지,41113,14000,0,0440,0001,1084180708,1,일반,1,총괄표제부,1,신대장,경기도 수원시 권선구 수인로 402 (입북동),,,,,1,411133000064,14003,0,402,,2581,503.61,19.51,629.31,629.31,24.38,19000,위험물저장및처리시설,위험물저장및처리시설,0,0,3,4,0,5,0,0,0,0,0,0,5,57.5,20030620,20030805,20040430,2003,,,,,0,,0,0,,0,,0,20220909
경기도 수원시 권선구 입북동 631-6번지,41113,14000,0,0631,0006,1084180747,1,일반,1,총괄표제부,0,구대장,경기도 수원시 권선구 서수원로594번길 264 (입북동),,,,,0,411134325273,14002,0,264,0,516,232.74,45.05,203.51,203.51,39.44,01000,단독주택,주택 및 창고,0,1,2,0,0,2,0,0,0,0,0,0,2,23,,,,,,,,,0,,0,0,,0,,0,20220909
경기도 수원시 권선구 입북동 633-72번지,41113,14000,0,0633,0072,10841100476231,1,일반,1,총괄표제부,1,신대장,경기도 수원시 권선구 서수원로594번길 200 (입북동),,,,,0,411134325273,14002,0,200,,805,396,49.19,396,396,49.19,03000,제1종근린생활시설,제1종근린생활시설,0,0,2,0,0,4,0,0,0,0,0,0,4,50,20210422,20210531,20211129,2021,3760030,건축과,1101,1101,0,,0,0,,0,,0,20220909
경기도 수원시 권선구 입북동 633-77번지,41113,14000,0,0633,0077,1084181066,1,일반,1,총괄표제부,1,신대장,경기도 수원시 권선구 서수원로594번길 248 (입북동),,,,,3,411134325273,14002,0,248,,1370,658.8,48.09,658.8,658.8,48.09,03000,제1종근린생활시설,제1종근린생활시설,0,0,2,0,0,5,0,0,0,0,0,0,5,57.5,20070521,20070525,20070802,2007,3760030,건축과,1101,1101,0,,0,0,,0,,0,20220909
경기도 수원시 권선구 입북동 633-79번지,41113,14000,0,0633,0079,10841100176793,1,일반,1,총괄표제부,1,신대장,경기도 수원시 권선구 서수원로594번길 234 (입북동),,,,,0,411134325273,14002,0,234,0,432,210.65,48.76,210.65,210.65,48.76,03000,제1종근린생활시설,제1종근린생활시설,0,1,2,0,0,2,0,0,0,0,0,0,2,23,20070917,20071002,20080507,2007,3760030,건축과,1101,1101,0,,0,0,,0,,0,20220909
경기도 수원시 권선구 입북동 633-101번지,41113,14000,0,0633,0101,10841100442811,1,일반,1,총괄표제부,1,신대장,경기도 수원시 권선구 서수원로594번길 251 (입북동),,,,,0,411134325273,14002,0,251,,969.1,484.44,49.99,713.6,713.6,73.64,04000,제2종근린생활시설,"제1,2종근린생활시설, 단독주택",0,0,2,0,0,6,0,0,0,0,0,0,6,69,,,,,,,,,0,,0,0,,0,,0,20220909
경기도 수원시 권선구 입북동 633-169번지,41113,14000,0,0633,0169,10841100440889,1,일반,1,총괄표제부,1,신대장,경기도 수원시 권선구 서수원로594번길 204 (입북동),,,,,0,411134325273,14002,0,204,,805,396,49.19,396,396,49.19,03000,제1종근린생활시설,제1종근린생활시설(소매점),0,0,2,0,0,4,0,0,0,0,0,0,4,50,20190621,20190722,20191107,2019,3760030,건축과,1101,1101,0,,0,0,,0,,0,20220909
경기도 수원시 권선구 입북동 796번지,41113,14000,0,0796,0000,1084180756,1,일반,1,총괄표제부,1,신대장,,,,,,0,,,0,,,0,440.24,0,440.24,440.24,0,01000,단독주택,단독주택,0,3,4,0,0,0,0,0,0,0,0,0,0,0,,,,,,,,,0,,0,0,,0,,0,20220909
경기도 수원시 권선구 입북동 796-1번지,41113,14000,0,0796,0001,1084180757,1,일반,1,총괄표제부,0,구대장,경기도 수원시 권선구 수인로341번길 143 (입북동),,,,,0,411134325377,14002,0,143,0,980,511.43,52.19,511.43,511.43,52.19,03000,제1종근린생활시설,제1종근린생활시설외1,0,2,4,0,0,3,0,0,0,0,0,0,3,34.5,,,,,,,,,0,,0,0,,0,,0,20220909
경기도 수원시 권선구 입북동 796-3번지,41113,14000,0,0796,0003,1084180841,1,일반,1,총괄표제부,1,신대장,경기도 수원시 권선구 서수원로594번길 178 (입북동),,,,,0,411134325273,14002,0,178,0,1160,387.65,33.42,387.65,387.65,33.42,03000,제1종근린생활시설,제1종근린생활시설,0,0,2,0,0,3,0,0,0,0,0,0,3,34.5,20060414,20060420,20060608,2006,3760030,건축과,1101,1101,0,,0,0,,0,,0,20220909
경기도 수원시 권선구 입북동 796-5번지,41113,14000,0,0796,0005,10841100213768,1,일반,1,총괄표제부,1,신대장,경기도 수원시 권선구 서수원로594번길 183 (입북동),,,,,1,411134325273,14002,0,183,0,808,198,24.5,396,396,49.01,03000,제1종근린생활시설,제1종근린생활시설,0,0,2,0,0,0,0,0,0,0,0,0,3,34.5,,,,,,,,,0,,0,0,,0,,0,20220909
경기도 수원시 권선구 입북동 796-14번지,41113,14000,0,0796,0014,10841100313375,1,일반,1,총괄표제부,1,신대장,,,,,,1,,,0,,,731,216.77,29.65,216.77,216.77,29.65,03000,제1종근린생활시설,"제1종근린생활시설(소매점), 단독주택(단독주택)",0,0,2,0,0,2,0,0,0,0,0,0,2,23,20140619,20141006,20141120,2014,3760030,건축과,1102,1102,0,,0,0,,0,,0,20220909
경기도 수원시 권선구 입북동 796-16번지,41113,14000,0,0796,0016,10841100362205,1,일반,1,총괄표제부,1,신대장,,,,,,2,,,0,,,2951,1441.2,48.84,1441.2,1441.2,48.84,03000,제1종근린생활시설,근린생활시설,0,0,2,0,0,12,0,0,0,0,0,0,12,138,20160906,20161104,20170221,2016,3760030,건축과,1101,1101,0,,0,0,,0,,0,20220909
경기도 수원시 권선구 입북동 796-19번지,41113,14000,0,0796,0019,1084181055,1,일반,1,총괄표제부,1,신대장,경기도 수원시 권선구 서수원로594번길 173 (입북동),,,,,0,411134325273,14002,0,173,,848,420.57,49.6,420.57,420.57,49.6,03000,제1종근린생활시설,제1종근린생활시설외1,0,1,2,0,0,2,0,0,0,0,0,0,2,23,,,,,,,,,0,,0,0,,0,,0,20220909
경기도 수원시 권선구 입북동 796-29번지,41113,14000,0,0796,0029,10841100423591,1,일반,1,총괄표제부,1,신대장,경기도 수원시 권선구 서수원로594번길 138 (입북동),,,,,1,411134325273,14002,0,138,,1203.7,496.25,41.23,496.25,496.25,41.23,03000,제1종근린생활시설,제1종근린생활시설,0,0,2,0,0,4,0,0,0,0,0,0,4,46,20180814,20180913,20190218,2018,3760030,건축과,1101,1101,2,,0,0,,0,,0,20220909
경기도 수원시 권선구 입북동 796-32번지,41113,14000,0,0796,0032,1084181058,1,일반,1,총괄표제부,1,신대장,경기도 수원시 권선구 서수원로594번길 180 (입북동),,,,,0,411134325273,14002,0,180,0,1134,453.1,39.96,453.1,453.1,39.96,03000,제1종근린생활시설,제1종근린생활시설외1,0,1,3,0,0,3,0,0,0,0,0,0,3,34.5,,,,,,,,,0,,0,0,,0,,0,20220909
경기도 수원시 권선구 입북동 797번지,41113,14000,0,0797,0000,1084180760,1,일반,1,총괄표제부,1,신대장,,,,,,0,,,0,,,0,658.95,0,658.95,658.95,0,01000,단독주택,단독주택,0,0,2,0,0,0,0,0,0,0,0,0,0,0,,,,,,,,,0,,0,0,,0,,0,20220909
경기도 수원시 권선구 입북동 810번지,41113,14000,0,0810,0000,10841100207042,2,집합,1,총괄표제부,1,신대장,경기도 수원시 권선구 입북로 50 (입북동),서수원 자이아파트,,,,0,411133175042,14001,0,50,,42602.3,8856.0754,20.79,131636.5414,97865.0542,229.72,02000,공동주택,아파트,921,0,18,5,32136.6594,1102,0,0,0,0,921,0,181,0,20051025,20061211,20090226,2005,3740058,건축과,2101,2101,0,,0,0,,0,,0,20240310
경기도 수원시 권선구 입북동 814번지,41113,14000,0,0814,0000,10841100296087,2,집합,1,총괄표제부,1,신대장,경기도 수원시 권선구 입북로77번길 62 (입북동),서수원 레이크 푸르지오 1단지,,,,0,411134325410,14001,0,62,,27026.8,3947.314,14.61,81668.62,60581.47,224.15,02000,공동주택,공동주택,569,0,6,10,21029.71,605,0,0,0,0,605,19168.756,0,0,20080717,20110906,20140204,2008,3740147,주택정책과,2101,2101,10,,0,0,,0,,0,20220909
경기도 수원시 권선구 입북동 815번지,41113,14000,0,0815,0000,10841100296683,2,집합,1,총괄표제부,1,신대장,,서수원 레이크 푸르지오 2단지,,,,0,,,0,,,37384.5,5837.186,15.61,116487.59,85239.16,228.01,02000,공동주택,공동주택,797,0,9,10,31309.255,858,0,0,0,0,821,28768.663,14,0,20080717,20110906,20140204,2008,3740147,주택정책과,2101,2101,17,,0,0,,0,,0,20240323
경기도 수원시 권선구 당수동 ,41113,14100,0,0000,0000,1084180778,1,일반,1,총괄표제부,1,신대장,,,,,,0,,,0,,,0,536.74,0,536.74,536.74,0,01000,단독주택,단독주택,0,10,10,0,0,0,0,0,0,0,0,0,0,0,,,,,,,,,0,,0,0,,0,,0,20220909
경기도 수원시 권선구 당수동 27-12번지,41113,14100,0,0027,0012,1000000000000005715451,1,일반,1,총괄표제부,1,신대장,,,,,,0,,,,,,1227,480.67,39.17,480.67,480.67,39.17,21000,동물및식물관련시설,"우사,창고",0,0,3,0,0,0,0,0,0,0,0,0,0,0,,,,,,,,,0,,0,0,,0,,0,20250523
경기도 수원시 권선구 당수동 134-4번지,41113,14100,0,0134,0004,1084180779,1,일반,1,총괄표제부,1,신대장,경기도 수원시 권선구 수인로598번길 4-13 (당수동),,,,,0,411134325380,14101,0,4,13,0,455.9,0,455.9,455.9,0,18000,창고시설,창고시설,0,0,2,0,0,0,0,0,0,0,0,0,0,0,,,,,,,,,0,,0,0,,0,,0,20220909
경기도 수원시 권선구 당수동 135-13번지,41113,14100,0,0135,0013,1084180847,1,일반,1,총괄표제부,1,신대장,경기도 수원시 권선구 수인로 589-18 (당수동),,,,,0,411133000064,14104,0,589,18,612,158.94,25.97,158.94,158.94,25.97,04000,제2종근린생활시설,단독주택외1,0,1,2,1,3.24,2,0,0,0,0,0,0,2,23,,,,,,,,,0,,0,0,,0,,0,20220909
경기도 수원시 권선구 당수동 140-1번지,41113,14100,0,0140,0001,1000000000000005689374,1,일반,1,총괄표제부,1,신대장,,지온가,,,,0,,,0,,,2207,430.83,19.52,484.03,484.03,21.93,01000,단독주택,주택,0,1,2,0,0,4,0,0,0,0,0,0,4,50,20240806,20240826,20250516,2024,3760030,건축과,1102,1102,0,,0,0,,0,,0,20250724
경기도 수원시 권선구 당수동 158-1번지,41113,14100,0,0158,0001,1084181060,1,일반,1,총괄표제부,0,구대장,경기도 수원시 권선구 당진로15번길 20-6 (당수동),,,,,0,411134325164,14101,0,20,6,727,394.11,54.21,562.8,562.8,77.41,04000,제2종근린생활시설,"제2종근린생활시설,단독주택",0,1,2,0,0,4,0,0,0,0,0,0,4,46,,,,,,,,,0,,0,0,,0,,0,20220909
경기도 수원시 권선구 당수동 158-6번지,41113,14100,0,0158,0006,1084180842,1,일반,1,총괄표제부,1,신대장,경기도 수원시 권선구 당진로 24 (당수동),,,,,5,411133175015,14101,0,24,0,1955,1040.15,53.2,1084.01,1084.01,55.45,03000,제1종근린생활시설,제1종근린생활시설외1,0,0,2,0,0,11,0,0,0,0,0,0,11,126.5,20060328,20060407,20060816,2006,3760030,건축과,1101,1101,0,,0,0,,0,,0,20220909
경기도 수원시 권선구 당수동 159-3번지,41113,14100,0,0159,0003,10841100445432,1,일반,1,총괄표제부,1,신대장,경기도 수원시 권선구 당진로22번길 13 (당수동),,,,,0,411134325165,14101,0,13,0,1294,757.92,58.57,757.92,757.92,58.57,03000,제1종근린생활시설,제1종근린생활시설(소매점),0,0,3,0,0,6,0,0,0,0,0,0,6,69,20180820,20180914,20200225,2018,3760030,건축과,1101,1101,0,,0,0,,0,,0,20220909
경기도 수원시 권선구 당수동 159-6번지,41113,14100,0,0159,0006,10841100281408,1,일반,1,총괄표제부,1,신대장,,,,,,1,,,0,,,703,392.3,55.8,392.3,392.3,55.8,03000,제1종근린생활시설,제1종근린생활시설,0,0,2,0,0,3,0,0,0,0,0,0,3,36,20121130,20130531,20130614,2012,3760030,건축과,1101,1101,0,,0,0,,0,,0,20220909
경기도 수원시 권선구 당수동 167-1번지,41113,14100,0,0167,0001,10841100345320,2,집합,1,총괄표제부,1,신대장,,리치캐슬,,,,0,,,0,0,0,809,381.57,47.17,1319.146,1319.146,163.06,02000,공동주택,공동주택(도시형생활주택 단지형다세대주택),20,0,2,0,0,20,0,0,0,0,12,309.79,8,87.7,20151107,20151123,20160523,2015,3760030,건축과,1101,1101,0,,0,0,,0,,0,20220909
경기도 수원시 권선구 당수동 170-3번지,41113,14100,0,0170,0003,10841100236354,1,일반,1,총괄표제부,1,신대장,,당수동상가주택,,,,0,,,0,0,0,670,390.93,58.34,689.94,689.94,102.98,,,,0,0,2,0,0,6,0,0,0,0,0,0,6,0,,,,,,,,,0,,0,0,,0,,0,20220909
경기도 수원시 권선구 당수동 216번지,41113,14100,0,0216,0000,1084180768,1,일반,1,총괄표제부,0,구대장,경기도 수원시 권선구 당수로 179 (당수동),,,,,0,411133175014,14102,0,179,0,1671,883.783,52.89,883.783,883.783,52.89,04000,제2종근린생활시설,"제2종근린생활시설, 자동차관련시설",0,0,3,1,29.7,8,0,0,0,0,0,0,8,196.26,,,,,,,,,0,,0,0,,0,,0,20220909
경기도 수원시 권선구 당수동 218-1번지,41113,14100,0,0218,0001,1084180775,2,집합,1,총괄표제부,0,구대장,경기도 수원시 권선구 당진로14번길 37 (당수동),삼정아파트,,,,7,411134325163,14101,0,37,,31857,46672,146.5,95741.05,140407.63,440.74,02000,공동주택,"공동주택(아파트), 생활편익시설, 의료시설",898,0,8,6,9515.25,581,0,0,0,0,234,0,347,0,,,,,,,,,0,,0,0,,0,,0,20220909
경기도 수원시 권선구 당수동 240번지,41113,14100,0,0240,0000,10841100360666,2,집합,1,총괄표제부,1,신대장,,리치캐슬,,,,0,,,0,0,0,823,388.29,47.18,1318.73,1318.73,160.23,02000,공동주택,공동주택(도시형생활주택-단지형다세대주택),16,0,2,0,0,17,0,0,0,0,5,62.5,12,133.7,20160615,20160810,20170117,2016,3760030,건축과,1101,1101,0,,0,0,,0,,0,20220909
경기도 수원시 권선구 당수동 242-6번지,41113,14100,0,0242,0006,1084180776,2,집합,1,총괄표제부,0,구대장,경기도 수원시 권선구 당진로15번길 5 (당수동),은광아트빌라,,,,0,411134325164,14101,0,5,,548,493.44,90.04,892.35,761.16,138.89,02000,공동주택,다세대주택(14),14,0,2,0,0,0,0,0,0,0,0,0,0,0,,,,,,,,,0,,0,0,,0,,0,20220909
경기도 수원시 권선구 당수동 242-8번지,41113,14100,0,0242,0008,1084180786,2,집합,1,총괄표제부,1,신대장,경기도 수원시 권선구 당진로15번길 19-3 (당수동),,,,,0,411134325164,14101,0,19,3,0,789.06,0,2487.84,2487.84,0,02000,공동주택,공동주택,16,0,2,0,0,0,0,0,0,0,0,0,0,0,,,,,,,,,0,,0,0,,0,,0,20220909
경기도 수원시 권선구 당수동 287번지,41113,14100,0,0287,0000,1084180777,2,집합,1,총괄표제부,0,구대장,경기도 수원시 권선구 당진로15번길 53 (당수동),인정프린스아파트,,,,0,411134325164,14101,0,53,0,17792,3667.63,20.61,54635.85,43716.69,245.71,02000,공동주택,공동주택(아파트) 및 부대시설,481,0,8,5,8865.42,488,0,0,0,0,248,5573.59,240,2760,,,,,,,,,0,,0,0,,0,,0,20220909
경기도 수원시 권선구 당수동 288번지,41113,14100,0,0288,0000,1084180782,1,일반,1,총괄표제부,1,신대장,,,,,,0,,,0,,,0,84.08,0,84.08,84.08,0,01000,단독주택,단독주택,0,2,2,0,0,0,0,0,0,0,0,0,0,0,,,,,,,,,0,,0,0,,0,,0,20220909
경기도 수원시 권선구 당수동 296-4번지,41113,14100,0,0296,0004,1084180769,1,일반,1,총괄표제부,0,구대장,경기도 수원시 권선구 서수원로 805-8 (당수동),에이동.비동,,,,0,411133175025,14104,0,805,8,1040,528,50.77,528,528,50.77,21000,동물및식물관련시설,동물 및 식물 관련시설,0,0,2,0,0,0,0,0,0,0,0,0,0,0,,,,,,,,,0,,0,0,,0,,0,20220909
경기도 수원시 권선구 당수동 333번지,41113,14100,0,0333,0000,1000000000000002091659,2,집합,1,총괄표제부,1,신대장,경기도 수원시 권선구 당수로129번길 28 (당수동),서수원 한라비발디 3단지,,,,0,411134862440,14101,0,28,0,18855,3466.65,18.385839,52912.11,32014.77,169.79459,02000,공동주택,"공동주택(아파트),근린생활시설",400,0,7,10,20705.47,483,0,0,0,0,481,17579.6,2,29,20191217,20210324,20230525,,,,,,5,,0,0,,0,,0,20230719
경기도 수원시 권선구 당수동 474번지,41113,14100,0,0474,0000,1084180713,1,일반,1,총괄표제부,1,신대장,경기도 수원시 권선구 당수로133번길 50 (당수동),,,,,0,411134325160,14101,0,50,0,533,195.98,36.77,195.98,195.98,36.77,04000,제2종근린생활시설,제2종근린생활시설,0,0,2,0,0,1,0,0,0,0,0,0,1,11.5,20040114,20040128,20040323,2004,3760030,건축과,1101,1101,0,,0,0,,0,,0,20220909
경기도 수원시 권선구 당수동 478-1번지,41113,14100,0,0478,0001,1084180771,1,일반,1,총괄표제부,0,구대장,경기도 수원시 권선구 당수로119번길 66-71 (당수동),,,,,0,411134325158,14101,0,66,71,545,205.29,37.67,304.94,304.94,55.95,04000,제2종근린생활시설,"단독주택, 제2종근린생활시설",0,1,2,0,0,2,0,0,2,23,0,0,0,0,,,,,,,,,0,,0,0,,0,,0,20220909
경기도 수원시 권선구 당수동 500번지,41113,14100,0,0500,0000,1084180772,1,일반,1,총괄표제부,0,구대장,경기도 수원시 권선구 당수로133번길 125-4 (당수동),,,,,0,411134325160,14101,0,125,4,615,115.91,18.84,115.91,115.91,18.84,01000,단독주택,단독주택,0,2,2,1,6,0,0,0,0,0,0,0,0,0,,,,,,,,,0,,0,0,,0,,0,20220909
경기도 수원시 권선구 당수동 515-1번지,41113,14100,0,0515,0001,1084180784,1,일반,1,총괄표제부,1,신대장,경기도 수원시 권선구 당수로119번길 76-19 (당수동),,,,,0,411134325158,14101,0,76,19,0,979.77,0,979.77,979.77,0,21000,동물및식물관련시설,단독주택,0,2,2,0,0,0,0,0,0,0,0,0,0,0,,,,,,,,,0,,0,0,,0,,0,20220909
경기도 수원시 권선구 당수동 519-1번지,41113,14100,0,0519,0001,1084180785,1,일반,1,총괄표제부,1,신대장,경기도 수원시 권선구 당수로119번길 66-61 (당수동),,,,,0,411134325158,14101,0,66,61,0,370.9,0,414.2,414.2,0,21000,동물및식물관련시설,단독주택,0,1,2,0,0,0,0,0,0,0,0,0,0,0,,,,,,,,,0,,0,0,,0,,0,20220909
경기도 수원시 권선구 당수동 524-3번지,41113,14100,0,0524,0003,1084180773,1,일반,1,총괄표제부,0,구대장,경기도 수원시 권선구 당수로119번길 124 (당수동),,,,,0,411134325158,14101,0,124,,329,173.28,52.66,164.88,164.88,50.11,01000,단독주택,주택및 창고,0,1,2,0,0,0,0,0,0,0,0,0,0,0,,,,,,,,,0,,0,0,,0,,0,20220909
경기도 수원시 권선구 당수동 535-4번지,41113,14100,0,0535,0004,1084180774,1,일반,1,총괄표제부,0,구대장,경기도 수원시 권선구 당수로119번길 107 (당수동),,,,,0,411134325158,14101,0,107,0,747,299.04,40.03,282.24,282.24,37.78,21000,동물및식물관련시설,"동물관련시설, 분뇨,스레기처리시설",0,0,2,0,0,0,0,0,0,0,0,0,0,0,,,,,,,,,0,,0,0,,0,,0,20220909
경기도 수원시 권선구 당수동 713-2번지,41113,14100,0,0713,0002,10841100373330,1,일반,1,총괄표제부,1,신대장,,,,,,0,,,0,0,0,940,334.192,35.55,334.192,334.192,35.55,,,,0,0,3,0,0,1,0,0,0,0,0,0,1,11.5,,,,,,,,,0,,0,0,,0,,0,20220909
경기도 수원시 권선구 당수동 742번지,41113,14100,0,0742,0000,1084180846,2,집합,1,총괄표제부,1,신대장,경기도 수원시 권선구 당진로31번길 16 (당수동),한라비발디아파트 2단지,,,,0,411134325166,14101,0,16,0,23304.2,3971.81,17.04,58239.64,50391.8,216.23,02000,공동주택,공동주택외1,499,0,7,7,8185.67,505,0,0,0,0,279,7452.47,226,2426.5,20020713,20020806,20041130,2002,3760030,건축과,2101,2101,0,,0,0,,0,,0,20220909
경기도 수원시 권선구 당수동 743번지,41113,14100,0,0743,0000,1084180845,2,집합,1,총괄표제부,1,신대장,경기도 수원시 권선구 당진로15번길 19-10 (당수동),한라비발디아파트 1단지,,,,0,411134325164,14101,0,19,10,21034.7,3515.5,16.71,55908.28,48248.61,229.38,02000,공동주택,공동주택외1,473,0,7,6,7796.83,476,0,0,0,0,260,7038.53,216,2549,20020713,20020806,20041130,2002,3760030,건축과,2101,2101,0,,0,0,,0,,0,20220909
경기도 수원시 권선구 당수동 744번지,41113,14100,0,0744,0000,1084180808,2,집합,1,총괄표제부,1,신대장,경기도 수원시 권선구 당진로31번길 51-18 (당수동),서수원2차쌍용스윗닷홈,,,,0,411134325166,14101,0,51,18,6587.2,1343.2,20.39,16485.066,14577.23,221.3,02000,공동주택,공동주택,138,0,2,6,1952.4897,136,0,0,0,0,46,1495.2273,90,1060,20030618,20030821,20050922,2003,,,2101,2101,0,,0,0,,0,,0,20220909
경기도 수원시 권선구 당수동 745번지,41113,14100,0,0745,0000,1084180807,2,집합,1,총괄표제부,1,신대장,경기도 수원시 권선구 당진로31번길 51-20 (당수동),서수원1차쌍용스윗닷홈,,,,0,411134325166,14101,0,51,20,13104.6,3095.9702,23.63,38107.707,32146.58,245.31,02000,공동주택,공동주택외2,282,0,5,4,5883.4328,303,0,0,0,0,192,5325.3578,111,1321.5,20030618,20030821,20050922,2003,,,2101,2101,0,,0,0,,0,,0,20220909
경기도 수원시 권선구 당수동 블록,41113,14100,2,0000,0000,1000000000000002008751,2,집합,1,총괄표제부,1,신대장,경기도 수원시 권선구 당수로130번길 13 (당수동),LH 수원당수1단지,수원당수 지구 내,A-1BL,,0,411134862441,14101,0,13,0,36325,8036.6,22.12,103833.49,77875.97,214.39,02000,공동주택,공동주택(아파트),1500,0,9,19,29593.68,1005,0,0,0,0,800,23971.18,205,0,20171222,20210210,20230428,,,,,,10,,0,0,,0,,0,20230704
경기도 수원시 권선구 당수동 블록,41113,14100,2,0000,0000,1000000000000002189507,2,집합,1,총괄표제부,1,신대장,경기도 수원시 권선구 당수로129번길 10 (당수동),라 포리엘,수원당수 공공주택지구 내,A-4BL,,1,411134862440,14101,0,10,0,28788,5389.07,18.72,74541.57,48418.55,168.19,02000,공동주택,공동주택(아파트),610,0,9,17,26372.45,735,0,0,0,0,695,22639.33,3,37.5,20200620,20210329,20230616,,,,,,6,1+,0,0,4,0,,0,20250519
